{"type":"FeatureCollection","features":[{"type":"Feature","properties":{"task_id":"224456451:28:2332784647:2332784634","reason":"追加した回送道路を含めても、公開4社の出発道路ノードから往復可能な経路を確認できない市内区間。"},"geometry":{"type":"LineString","coordinates":[[141.393431,42.957074],[141.393492,42.956932]]}},{"type":"Feature","properties":{"task_id":"224456451:27:2332784634:2332784625","reason":"追加した回送道路を含めても、公開4社の出発道路ノードから往復可能な経路を確認できない市内区間。"},"geometry":{"type":"LineString","coordinates":[[141.393492,42.956932],[141.393553,42.956797]]}},{"type":"Feature","properties":{"task_id":"224456451:26:2332784625:2332784618","reason":"追加した回送道路を含めても、公開4社の出発道路ノードから往復可能な経路を確認できない市内区間。"},"geometry":{"type":"LineString","coordinates":[[141.393553,42.956797],[141.393553,42.956707]]}},{"type":"Feature","properties":{"task_id":"224456451:25:2332784618:2332784613","reason":"追加した回送道路を含めても、公開4社の出発道路ノードから往復可能な経路を確認できない市内区間。"},"geometry":{"type":"LineString","coordinates":[[141.393553,42.956707],[141.3935,42.956629]]}},{"type":"Feature","properties":{"task_id":"224456451:24:2332784613:2332784608","reason":"追加した回送道路を含めても、公開4社の出発道路ノードから往復可能な経路を確認できない市内区間。"},"geometry":{"type":"LineString","coordinates":[[141.3935,42.956629],[141.393347,42.956534]]}},{"type":"Feature","properties":{"task_id":"224456451:23:2332784608:2332784593","reason":"追加した回送道路を含めても、公開4社の出発道路ノードから往復可能な経路を確認できない市内区間。"},"geometry":{"type":"LineString","coordinates":[[141.393347,42.956534],[141.393095,42.956432]]}},{"type":"Feature","properties":{"task_id":"224456451:22:2332784593:2332784586","reason":"追加した回送道路を含めても、公開4社の出発道路ノードから往復可能な経路を確認できない市内区間。"},"geometry":{"type":"LineString","coordinates":[[141.393095,42.956432],[141.392811,42.956376]]}},{"type":"Feature","properties":{"task_id":"224456451:21:2332784586:2332784577","reason":"追加した回送道路を含めても、公開4社の出発道路ノードから往復可能な経路を確認できない市内区間。"},"geometry":{"type":"LineString","coordinates":[[141.392811,42.956376],[141.39275,42.956336]]}},{"type":"Feature","properties":{"task_id":"224456451:20:2332784577:2332784573","reason":"追加した回送道路を含めても、公開4社の出発道路ノードから往復可能な経路を確認できない市内区間。"},"geometry":{"type":"LineString","coordinates":[[141.39275,42.956336],[141.39275,42.956291]]}},{"type":"Feature","properties":{"task_id":"224456451:19:2332784573:2332784541","reason":"追加した回送道路を含めても、公開4社の出発道路ノードから往復可能な経路を確認できない市内区間。"},"geometry":{"type":"LineString","coordinates":[[141.39275,42.956291],[141.392865,42.956111]]}},{"type":"Feature","properties":{"task_id":"224456451:18:2332784541:2332784525","reason":"追加した回送道路を含めても、公開4社の出発道路ノードから往復可能な経路を確認できない市内区間。"},"geometry":{"type":"LineString","coordinates":[[141.392865,42.956111],[141.392873,42.955971]]}},{"type":"Feature","properties":{"task_id":"224456451:17:2332784525:2332784466","reason":"追加した回送道路を含めても、公開4社の出発道路ノードから往復可能な経路を確認できない市内区間。"},"geometry":{"type":"LineString","coordinates":[[141.392873,42.955971],[141.392811,42.955802]]}},{"type":"Feature","properties":{"task_id":"224456451:16:2332784466:2332784456","reason":"追加した回送道路を含めても、公開4社の出発道路ノードから往復可能な経路を確認できない市内区間。"},"geometry":{"type":"LineString","coordinates":[[141.392811,42.955802],[141.392766,42.955706]]}},{"type":"Feature","properties":{"task_id":"224456451:15:2332784456:2332784442","reason":"追加した回送道路を含めても、公開4社の出発道路ノードから往復可能な経路を確認できない市内区間。"},"geometry":{"type":"LineString","coordinates":[[141.392766,42.955706],[141.392689,42.95565]]}},{"type":"Feature","properties":{"task_id":"224456451:14:2332784442:2332784409","reason":"追加した回送道路を含めても、公開4社の出発道路ノードから往復可能な経路を確認できない市内区間。"},"geometry":{"type":"LineString","coordinates":[[141.392689,42.95565],[141.392322,42.955486]]}},{"type":"Feature","properties":{"task_id":"224456451:13:2332784409:2332784378","reason":"追加した回送道路を含めても、公開4社の出発道路ノードから往復可能な経路を確認できない市内区間。"},"geometry":{"type":"LineString","coordinates":[[141.392322,42.955486],[141.392245,42.955419]]}},{"type":"Feature","properties":{"task_id":"224456451:12:2332784378:2332784359","reason":"追加した回送道路を含めても、公開4社の出発道路ノードから往復可能な経路を確認できない市内区間。"},"geometry":{"type":"LineString","coordinates":[[141.392245,42.955419],[141.392245,42.955322]]}},{"type":"Feature","properties":{"task_id":"224456451:11:2332784359:2332784341","reason":"追加した回送道路を含めても、公開4社の出発道路ノードから往復可能な経路を確認できない市内区間。"},"geometry":{"type":"LineString","coordinates":[[141.392245,42.955322],[141.392291,42.955221]]}},{"type":"Feature","properties":{"task_id":"224456451:10:2332784341:2332784329","reason":"追加した回送道路を含めても、公開4社の出発道路ノードから往復可能な経路を確認できない市内区間。"},"geometry":{"type":"LineString","coordinates":[[141.392291,42.955221],[141.392299,42.955125]]}},{"type":"Feature","properties":{"task_id":"224456451:9:2332784329:2332784322","reason":"追加した回送道路を含めても、公開4社の出発道路ノードから往復可能な経路を確認できない市内区間。"},"geometry":{"type":"LineString","coordinates":[[141.392299,42.955125],[141.392268,42.955075]]}},{"type":"Feature","properties":{"task_id":"224456451:8:2332784322:2332784308","reason":"追加した回送道路を含めても、公開4社の出発道路ノードから往復可能な経路を確認できない市内区間。"},"geometry":{"type":"LineString","coordinates":[[141.392268,42.955075],[141.392138,42.954957]]}},{"type":"Feature","properties":{"task_id":"224456451:7:2332784308:2332784292","reason":"追加した回送道路を含めても、公開4社の出発道路ノードから往復可能な経路を確認できない市内区間。"},"geometry":{"type":"LineString","coordinates":[[141.392138,42.954957],[141.391816,42.954771]]}},{"type":"Feature","properties":{"task_id":"224456451:6:2332784292:2332784273","reason":"追加した回送道路を含めても、公開4社の出発道路ノードから往復可能な経路を確認できない市内区間。"},"geometry":{"type":"LineString","coordinates":[[141.391816,42.954771],[141.391633,42.954613]]}},{"type":"Feature","properties":{"task_id":"224456451:5:2332784273:2332784263","reason":"追加した回送道路を含めても、公開4社の出発道路ノードから往復可能な経路を確認できない市内区間。"},"geometry":{"type":"LineString","coordinates":[[141.391633,42.954613],[141.391594,42.954529]]}},{"type":"Feature","properties":{"task_id":"224456451:4:2332784263:2332784252","reason":"追加した回送道路を含めても、公開4社の出発道路ノードから往復可能な経路を確認できない市内区間。"},"geometry":{"type":"LineString","coordinates":[[141.391594,42.954529],[141.391586,42.954444]]}},{"type":"Feature","properties":{"task_id":"224456451:3:2332784252:2332784243","reason":"追加した回送道路を含めても、公開4社の出発道路ノードから往復可能な経路を確認できない市内区間。"},"geometry":{"type":"LineString","coordinates":[[141.391586,42.954444],[141.391609,42.954326]]}},{"type":"Feature","properties":{"task_id":"224456451:2:2332784243:2332784226","reason":"追加した回送道路を含めても、公開4社の出発道路ノードから往復可能な経路を確認できない市内区間。"},"geometry":{"type":"LineString","coordinates":[[141.391609,42.954326],[141.391609,42.954152]]}},{"type":"Feature","properties":{"task_id":"224456451:1:2332784226:2332784215","reason":"追加した回送道路を含めても、公開4社の出発道路ノードから往復可能な経路を確認できない市内区間。"},"geometry":{"type":"LineString","coordinates":[[141.391609,42.954152],[141.391579,42.954073]]}},{"type":"Feature","properties":{"task_id":"224456451:0:2332784215:2332784199","reason":"追加した回送道路を含めても、公開4社の出発道路ノードから往復可能な経路を確認できない市内区間。"},"geometry":{"type":"LineString","coordinates":[[141.391579,42.954073],[141.391525,42.954017]]}},{"type":"Feature","properties":{"task_id":"224456451:0:2332784199:2332784215","reason":"追加した回送道路を含めても、公開4社の出発道路ノードから往復可能な経路を確認できない市内区間。"},"geometry":{"type":"LineString","coordinates":[[141.391525,42.954017],[141.391579,42.954073]]}},{"type":"Feature","properties":{"task_id":"224456451:1:2332784215:2332784226","reason":"追加した回送道路を含めても、公開4社の出発道路ノードから往復可能な経路を確認できない市内区間。"},"geometry":{"type":"LineString","coordinates":[[141.391579,42.954073],[141.391609,42.954152]]}},{"type":"Feature","properties":{"task_id":"224456451:2:2332784226:2332784243","reason":"追加した回送道路を含めても、公開4社の出発道路ノードから往復可能な経路を確認できない市内区間。"},"geometry":{"type":"LineString","coordinates":[[141.391609,42.954152],[141.391609,42.954326]]}},{"type":"Feature","properties":{"task_id":"224456451:3:2332784243:2332784252","reason":"追加した回送道路を含めても、公開4社の出発道路ノードから往復可能な経路を確認できない市内区間。"},"geometry":{"type":"LineString","coordinates":[[141.391609,42.954326],[141.391586,42.954444]]}},{"type":"Feature","properties":{"task_id":"224456451:4:2332784252:2332784263","reason":"追加した回送道路を含めても、公開4社の出発道路ノードから往復可能な経路を確認できない市内区間。"},"geometry":{"type":"LineString","coordinates":[[141.391586,42.954444],[141.391594,42.954529]]}},{"type":"Feature","properties":{"task_id":"224456451:5:2332784263:2332784273","reason":"追加した回送道路を含めても、公開4社の出発道路ノードから往復可能な経路を確認できない市内区間。"},"geometry":{"type":"LineString","coordinates":[[141.391594,42.954529],[141.391633,42.954613]]}},{"type":"Feature","properties":{"task_id":"224456451:6:2332784273:2332784292","reason":"追加した回送道路を含めても、公開4社の出発道路ノードから往復可能な経路を確認できない市内区間。"},"geometry":{"type":"LineString","coordinates":[[141.391633,42.954613],[141.391816,42.954771]]}},{"type":"Feature","properties":{"task_id":"224456451:7:2332784292:2332784308","reason":"追加した回送道路を含めても、公開4社の出発道路ノードから往復可能な経路を確認できない市内区間。"},"geometry":{"type":"LineString","coordinates":[[141.391816,42.954771],[141.392138,42.954957]]}},{"type":"Feature","properties":{"task_id":"224456451:8:2332784308:2332784322","reason":"追加した回送道路を含めても、公開4社の出発道路ノードから往復可能な経路を確認できない市内区間。"},"geometry":{"type":"LineString","coordinates":[[141.392138,42.954957],[141.392268,42.955075]]}},{"type":"Feature","properties":{"task_id":"224456451:9:2332784322:2332784329","reason":"追加した回送道路を含めても、公開4社の出発道路ノードから往復可能な経路を確認できない市内区間。"},"geometry":{"type":"LineString","coordinates":[[141.392268,42.955075],[141.392299,42.955125]]}},{"type":"Feature","properties":{"task_id":"224456451:10:2332784329:2332784341","reason":"追加した回送道路を含めても、公開4社の出発道路ノードから往復可能な経路を確認できない市内区間。"},"geometry":{"type":"LineString","coordinates":[[141.392299,42.955125],[141.392291,42.955221]]}},{"type":"Feature","properties":{"task_id":"224456451:11:2332784341:2332784359","reason":"追加した回送道路を含めても、公開4社の出発道路ノードから往復可能な経路を確認できない市内区間。"},"geometry":{"type":"LineString","coordinates":[[141.392291,42.955221],[141.392245,42.955322]]}},{"type":"Feature","properties":{"task_id":"224456451:12:2332784359:2332784378","reason":"追加した回送道路を含めても、公開4社の出発道路ノードから往復可能な経路を確認できない市内区間。"},"geometry":{"type":"LineString","coordinates":[[141.392245,42.955322],[141.392245,42.955419]]}},{"type":"Feature","properties":{"task_id":"224456451:13:2332784378:2332784409","reason":"追加した回送道路を含めても、公開4社の出発道路ノードから往復可能な経路を確認できない市内区間。"},"geometry":{"type":"LineString","coordinates":[[141.392245,42.955419],[141.392322,42.955486]]}},{"type":"Feature","properties":{"task_id":"224456451:14:2332784409:2332784442","reason":"追加した回送道路を含めても、公開4社の出発道路ノードから往復可能な経路を確認できない市内区間。"},"geometry":{"type":"LineString","coordinates":[[141.392322,42.955486],[141.392689,42.95565]]}},{"type":"Feature","properties":{"task_id":"224456451:15:2332784442:2332784456","reason":"追加した回送道路を含めても、公開4社の出発道路ノードから往復可能な経路を確認できない市内区間。"},"geometry":{"type":"LineString","coordinates":[[141.392689,42.95565],[141.392766,42.955706]]}},{"type":"Feature","properties":{"task_id":"224456451:16:2332784456:2332784466","reason":"追加した回送道路を含めても、公開4社の出発道路ノードから往復可能な経路を確認できない市内区間。"},"geometry":{"type":"LineString","coordinates":[[141.392766,42.955706],[141.392811,42.955802]]}},{"type":"Feature","properties":{"task_id":"224456451:17:2332784466:2332784525","reason":"追加した回送道路を含めても、公開4社の出発道路ノードから往復可能な経路を確認できない市内区間。"},"geometry":{"type":"LineString","coordinates":[[141.392811,42.955802],[141.392873,42.955971]]}},{"type":"Feature","properties":{"task_id":"224456451:18:2332784525:2332784541","reason":"追加した回送道路を含めても、公開4社の出発道路ノードから往復可能な経路を確認できない市内区間。"},"geometry":{"type":"LineString","coordinates":[[141.392873,42.955971],[141.392865,42.956111]]}},{"type":"Feature","properties":{"task_id":"224456451:19:2332784541:2332784573","reason":"追加した回送道路を含めても、公開4社の出発道路ノードから往復可能な経路を確認できない市内区間。"},"geometry":{"type":"LineString","coordinates":[[141.392865,42.956111],[141.39275,42.956291]]}},{"type":"Feature","properties":{"task_id":"224456451:20:2332784573:2332784577","reason":"追加した回送道路を含めても、公開4社の出発道路ノードから往復可能な経路を確認できない市内区間。"},"geometry":{"type":"LineString","coordinates":[[141.39275,42.956291],[141.39275,42.956336]]}},{"type":"Feature","properties":{"task_id":"224456451:21:2332784577:2332784586","reason":"追加した回送道路を含めても、公開4社の出発道路ノードから往復可能な経路を確認できない市内区間。"},"geometry":{"type":"LineString","coordinates":[[141.39275,42.956336],[141.392811,42.956376]]}},{"type":"Feature","properties":{"task_id":"224456451:22:2332784586:2332784593","reason":"追加した回送道路を含めても、公開4社の出発道路ノードから往復可能な経路を確認できない市内区間。"},"geometry":{"type":"LineString","coordinates":[[141.392811,42.956376],[141.393095,42.956432]]}},{"type":"Feature","properties":{"task_id":"224456451:23:2332784593:2332784608","reason":"追加した回送道路を含めても、公開4社の出発道路ノードから往復可能な経路を確認できない市内区間。"},"geometry":{"type":"LineString","coordinates":[[141.393095,42.956432],[141.393347,42.956534]]}},{"type":"Feature","properties":{"task_id":"224456451:24:2332784608:2332784613","reason":"追加した回送道路を含めても、公開4社の出発道路ノードから往復可能な経路を確認できない市内区間。"},"geometry":{"type":"LineString","coordinates":[[141.393347,42.956534],[141.3935,42.956629]]}},{"type":"Feature","properties":{"task_id":"224456451:25:2332784613:2332784618","reason":"追加した回送道路を含めても、公開4社の出発道路ノードから往復可能な経路を確認できない市内区間。"},"geometry":{"type":"LineString","coordinates":[[141.3935,42.956629],[141.393553,42.956707]]}},{"type":"Feature","properties":{"task_id":"224456451:26:2332784618:2332784625","reason":"追加した回送道路を含めても、公開4社の出発道路ノードから往復可能な経路を確認できない市内区間。"},"geometry":{"type":"LineString","coordinates":[[141.393553,42.956707],[141.393553,42.956797]]}},{"type":"Feature","properties":{"task_id":"224456451:27:2332784625:2332784634","reason":"追加した回送道路を含めても、公開4社の出発道路ノードから往復可能な経路を確認できない市内区間。"},"geometry":{"type":"LineString","coordinates":[[141.393553,42.956797],[141.393492,42.956932]]}},{"type":"Feature","properties":{"task_id":"224456451:28:2332784634:2332784647","reason":"追加した回送道路を含めても、公開4社の出発道路ノードから往復可能な経路を確認できない市内区間。"},"geometry":{"type":"LineString","coordinates":[[141.393492,42.956932],[141.393431,42.957074]]}},{"type":"Feature","properties":{"task_id":"224456451:29:2332784647:2332784661","reason":"追加した回送道路を含めても、公開4社の出発道路ノードから往復可能な経路を確認できない市内区間。"},"geometry":{"type":"LineString","coordinates":[[141.393431,42.957074],[141.393431,42.957254]]}},{"type":"Feature","properties":{"task_id":"224456451:30:2332784661:2332784672","reason":"追加した回送道路を含めても、公開4社の出発道路ノードから往復可能な経路を確認できない市内区間。"},"geometry":{"type":"LineString","coordinates":[[141.393431,42.957254],[141.393485,42.957366]]}},{"type":"Feature","properties":{"task_id":"224456451:31:2332784672:2332784684","reason":"追加した回送道路を含めても、公開4社の出発道路ノードから往復可能な経路を確認できない市内区間。"},"geometry":{"type":"LineString","coordinates":[[141.393485,42.957366],[141.3936,42.957484]]}},{"type":"Feature","properties":{"task_id":"224456451:32:2332784684:2332784689","reason":"追加した回送道路を含めても、公開4社の出発道路ノードから往復可能な経路を確認できない市内区間。"},"geometry":{"type":"LineString","coordinates":[[141.3936,42.957484],[141.393807,42.957607]]}},{"type":"Feature","properties":{"task_id":"224456451:33:2332784689:2332784701","reason":"追加した回送道路を含めても、公開4社の出発道路ノードから往復可能な経路を確認できない市内区間。"},"geometry":{"type":"LineString","coordinates":[[141.393807,42.957607],[141.394327,42.957805]]}},{"type":"Feature","properties":{"task_id":"224456451:34:2332784701:2332784707","reason":"追加した回送道路を含めても、公開4社の出発道路ノードから往復可能な経路を確認できない市内区間。"},"geometry":{"type":"LineString","coordinates":[[141.394327,42.957805],[141.394403,42.957867]]}},{"type":"Feature","properties":{"task_id":"224456451:35:2332784707:2332784725","reason":"追加した回送道路を含めても、公開4社の出発道路ノードから往復可能な経路を確認できない市内区間。"},"geometry":{"type":"LineString","coordinates":[[141.394403,42.957867],[141.394403,42.95807]]}},{"type":"Feature","properties":{"task_id":"224456451:36:2332784725:2332784732","reason":"追加した回送道路を含めても、公開4社の出発道路ノードから往復可能な経路を確認できない市内区間。"},"geometry":{"type":"LineString","coordinates":[[141.394403,42.95807],[141.394442,42.958132]]}},{"type":"Feature","properties":{"task_id":"224456451:37:2332784732:2332784734","reason":"追加した回送道路を含めても、公開4社の出発道路ノードから往復可能な経路を確認できない市内区間。"},"geometry":{"type":"LineString","coordinates":[[141.394442,42.958132],[141.39448,42.958171]]}},{"type":"Feature","properties":{"task_id":"224456451:38:2332784734:2332784735","reason":"追加した回送道路を含めても、公開4社の出発道路ノードから往復可能な経路を確認できない市内区間。"},"geometry":{"type":"LineString","coordinates":[[141.39448,42.958171],[141.394648,42.958211]]}},{"type":"Feature","properties":{"task_id":"224456451:39:2332784735:2332784738","reason":"追加した回送道路を含めても、公開4社の出発道路ノードから往復可能な経路を確認できない市内区間。"},"geometry":{"type":"LineString","coordinates":[[141.394648,42.958211],[141.39484,42.958239]]}},{"type":"Feature","properties":{"task_id":"224456451:40:2332784738:2332784739","reason":"追加した回送道路を含めても、公開4社の出発道路ノードから往復可能な経路を確認できない市内区間。"},"geometry":{"type":"LineString","coordinates":[[141.39484,42.958239],[141.394955,42.958244]]}},{"type":"Feature","properties":{"task_id":"224456451:41:2332784739:2332784743","reason":"追加した回送道路を含めても、公開4社の出発道路ノードから往復可能な経路を確認できない市内区間。"},"geometry":{"type":"LineString","coordinates":[[141.394955,42.958244],[141.395123,42.958278]]}},{"type":"Feature","properties":{"task_id":"224456451:42:2332784743:2332784747","reason":"追加した回送道路を含めても、公開4社の出発道路ノードから往復可能な経路を確認できない市内区間。"},"geometry":{"type":"LineString","coordinates":[[141.395123,42.958278],[141.39523,42.958346]]}},{"type":"Feature","properties":{"task_id":"224456451:43:2332784747:2332784751","reason":"追加した回送道路を含めても、公開4社の出発道路ノードから往復可能な経路を確認できない市内区間。"},"geometry":{"type":"LineString","coordinates":[[141.39523,42.958346],[141.395253,42.958402]]}},{"type":"Feature","properties":{"task_id":"224456451:44:2332784751:2332784758","reason":"追加した回送道路を含めても、公開4社の出発道路ノードから往復可能な経路を確認できない市内区間。"},"geometry":{"type":"LineString","coordinates":[[141.395253,42.958402],[141.395277,42.958571]]}},{"type":"Feature","properties":{"task_id":"224456451:45:2332784758:2332784764","reason":"追加した回送道路を含めても、公開4社の出発道路ノードから往復可能な経路を確認できない市内区間。"},"geometry":{"type":"LineString","coordinates":[[141.395277,42.958571],[141.395338,42.958717]]}},{"type":"Feature","properties":{"task_id":"224456451:46:2332784764:2332784787","reason":"追加した回送道路を含めても、公開4社の出発道路ノードから往復可能な経路を確認できない市内区間。"},"geometry":{"type":"LineString","coordinates":[[141.395338,42.958717],[141.395607,42.959083]]}},{"type":"Feature","properties":{"task_id":"224456451:47:2332784787:2332784796","reason":"追加した回送道路を含めても、公開4社の出発道路ノードから往復可能な経路を確認できない市内区間。"},"geometry":{"type":"LineString","coordinates":[[141.395607,42.959083],[141.395774,42.959291]]}},{"type":"Feature","properties":{"task_id":"224456451:48:2332784796:2332784812","reason":"追加した回送道路を含めても、公開4社の出発道路ノードから往復可能な経路を確認できない市内区間。"},"geometry":{"type":"LineString","coordinates":[[141.395774,42.959291],[141.395928,42.959561]]}},{"type":"Feature","properties":{"task_id":"224456451:49:2332784812:2332784818","reason":"追加した回送道路を含めても、公開4社の出発道路ノードから往復可能な経路を確認できない市内区間。"},"geometry":{"type":"LineString","coordinates":[[141.395928,42.959561],[141.395989,42.959724]]}},{"type":"Feature","properties":{"task_id":"224456451:50:2332784818:2332784823","reason":"追加した回送道路を含めても、公開4社の出発道路ノードから往復可能な経路を確認できない市内区間。"},"geometry":{"type":"LineString","coordinates":[[141.395989,42.959724],[141.396051,42.959972]]}},{"type":"Feature","properties":{"task_id":"224456451:51:2332784823:2332784827","reason":"追加した回送道路を含めても、公開4社の出発道路ノードから往復可能な経路を確認できない市内区間。"},"geometry":{"type":"LineString","coordinates":[[141.396051,42.959972],[141.396074,42.960085]]}},{"type":"Feature","properties":{"task_id":"224456451:52:2332784827:2332784836","reason":"追加した回送道路を含めても、公開4社の出発道路ノードから往復可能な経路を確認できない市内区間。"},"geometry":{"type":"LineString","coordinates":[[141.396074,42.960085],[141.396104,42.960394]]}},{"type":"Feature","properties":{"task_id":"224456451:53:2332784836:2332784858","reason":"追加した回送道路を含めても、公開4社の出発道路ノードから往復可能な経路を確認できない市内区間。"},"geometry":{"type":"LineString","coordinates":[[141.396104,42.960394],[141.396081,42.960754]]}},{"type":"Feature","properties":{"task_id":"224456451:54:2332784858:2332784879","reason":"追加した回送道路を含めても、公開4社の出発道路ノードから往復可能な経路を確認できない市内区間。"},"geometry":{"type":"LineString","coordinates":[[141.396081,42.960754],[141.396,42.960993]]}},{"type":"Feature","properties":{"task_id":"224456037:0:2332784879:2332784880","reason":"追加した回送道路を含めても、公開4社の出発道路ノードから往復可能な経路を確認できない市内区間。"},"geometry":{"type":"LineString","coordinates":[[141.396,42.960993],[141.395989,42.961025]]}},{"type":"Feature","properties":{"task_id":"224456037:1:2332784880:2332784893","reason":"追加した回送道路を含めても、公開4社の出発道路ノードから往復可能な経路を確認できない市内区間。"},"geometry":{"type":"LineString","coordinates":[[141.395989,42.961025],[141.395943,42.961115]]}},{"type":"Feature","properties":{"task_id":"224456037:2:2332784893:2332784902","reason":"追加した回送道路を含めても、公開4社の出発道路ノードから往復可能な経路を確認できない市内区間。"},"geometry":{"type":"LineString","coordinates":[[141.395943,42.961115],[141.39592,42.961233]]}},{"type":"Feature","properties":{"task_id":"224456037:3:2332784902:2332784926","reason":"追加した回送道路を含めても、公開4社の出発道路ノードから往復可能な経路を確認できない市内区間。"},"geometry":{"type":"LineString","coordinates":[[141.39592,42.961233],[141.395905,42.961649]]}},{"type":"Feature","properties":{"task_id":"224456037:4:2332784926:2332784956","reason":"追加した回送道路を含めても、公開4社の出発道路ノードから往復可能な経路を確認できない市内区間。"},"geometry":{"type":"LineString","coordinates":[[141.395905,42.961649],[141.395821,42.961959]]}},{"type":"Feature","properties":{"task_id":"224456037:5:2332784956:2332784983","reason":"追加した回送道路を含めても、公開4社の出発道路ノードから往復可能な経路を確認できない市内区間。"},"geometry":{"type":"LineString","coordinates":[[141.395821,42.961959],[141.395828,42.962133]]}},{"type":"Feature","properties":{"task_id":"224456037:6:2332784983:2332785010","reason":"追加した回送道路を含めても、公開4社の出発道路ノードから往復可能な経路を確認できない市内区間。"},"geometry":{"type":"LineString","coordinates":[[141.395828,42.962133],[141.395874,42.962308]]}},{"type":"Feature","properties":{"task_id":"224456037:7:2332785010:2332785029","reason":"追加した回送道路を含めても、公開4社の出発道路ノードから往復可能な経路を確認できない市内区間。"},"geometry":{"type":"LineString","coordinates":[[141.395874,42.962308],[141.395905,42.962556]]}},{"type":"Feature","properties":{"task_id":"224456037:8:2332785029:2332785039","reason":"追加した回送道路を含めても、公開4社の出発道路ノードから往復可能な経路を確認できない市内区間。"},"geometry":{"type":"LineString","coordinates":[[141.395905,42.962556],[141.395936,42.962696]]}},{"type":"Feature","properties":{"task_id":"224456037:9:2332785039:2332785048","reason":"追加した回送道路を含めても、公開4社の出発道路ノードから往復可能な経路を確認できない市内区間。"},"geometry":{"type":"LineString","coordinates":[[141.395936,42.962696],[141.395997,42.962814]]}},{"type":"Feature","properties":{"task_id":"224456037:10:2332785048:2332785052","reason":"追加した回送道路を含めても、公開4社の出発道路ノードから往復可能な経路を確認できない市内区間。"},"geometry":{"type":"LineString","coordinates":[[141.395997,42.962814],[141.396081,42.962904]]}},{"type":"Feature","properties":{"task_id":"224456037:11:2332785052:2332785056","reason":"追加した回送道路を含めても、公開4社の出発道路ノードから往復可能な経路を確認できない市内区間。"},"geometry":{"type":"LineString","coordinates":[[141.396081,42.962904],[141.396135,42.962938]]}},{"type":"Feature","properties":{"task_id":"224456037:12:2332785056:2332785061","reason":"追加した回送道路を含めても、公開4社の出発道路ノードから往復可能な経路を確認できない市内区間。"},"geometry":{"type":"LineString","coordinates":[[141.396135,42.962938],[141.39628,42.962983]]}},{"type":"Feature","properties":{"task_id":"224456037:13:2332785061:2332785069","reason":"追加した回送道路を含めても、公開4社の出発道路ノードから往復可能な経路を確認できない市内区間。"},"geometry":{"type":"LineString","coordinates":[[141.39628,42.962983],[141.396571,42.963017]]}},{"type":"Feature","properties":{"task_id":"224456234:0:2332785069:2332785071","reason":"追加した回送道路を含めても、公開4社の出発道路ノードから往復可能な経路を確認できない市内区間。"},"geometry":{"type":"LineString","coordinates":[[141.396571,42.963017],[141.397031,42.963023]]}},{"type":"Feature","properties":{"task_id":"224456234:1:2332785071:2332785073","reason":"追加した回送道路を含めても、公開4社の出発道路ノードから往復可能な経路を確認できない市内区間。"},"geometry":{"type":"LineString","coordinates":[[141.397031,42.963023],[141.397061,42.963028]]}},{"type":"Feature","properties":{"task_id":"224456417:48:2332785073:2332785080","reason":"追加した回送道路を含めても、公開4社の出発道路ノードから往復可能な経路を確認できない市内区間。"},"geometry":{"type":"LineString","coordinates":[[141.397061,42.963028],[141.397261,42.963079]]}},{"type":"Feature","properties":{"task_id":"224456417:47:2332785080:2332785098","reason":"追加した回送道路を含めても、公開4社の出発道路ノードから往復可能な経路を確認できない市内区間。"},"geometry":{"type":"LineString","coordinates":[[141.397261,42.963079],[141.397368,42.963141]]}},{"type":"Feature","properties":{"task_id":"224456417:46:2332785098:2332785114","reason":"追加した回送道路を含めても、公開4社の出発道路ノードから往復可能な経路を確認できない市内区間。"},"geometry":{"type":"LineString","coordinates":[[141.397368,42.963141],[141.39749,42.963259]]}},{"type":"Feature","properties":{"task_id":"224456417:45:2332785114:2332785119","reason":"追加した回送道路を含めても、公開4社の出発道路ノードから往復可能な経路を確認できない市内区間。"},"geometry":{"type":"LineString","coordinates":[[141.39749,42.963259],[141.397529,42.963315]]}},{"type":"Feature","properties":{"task_id":"224456417:44:2332785119:2332785125","reason":"追加した回送道路を含めても、公開4社の出発道路ノードから往復可能な経路を確認できない市内区間。"},"geometry":{"type":"LineString","coordinates":[[141.397529,42.963315],[141.397536,42.963411]]}},{"type":"Feature","properties":{"task_id":"224456417:43:2332785125:2332785130","reason":"追加した回送道路を含めても、公開4社の出発道路ノードから往復可能な経路を確認できない市内区間。"},"geometry":{"type":"LineString","coordinates":[[141.397536,42.963411],[141.397452,42.963528]]}},{"type":"Feature","properties":{"task_id":"224456417:42:2332785130:2332785133","reason":"追加した回送道路を含めても、公開4社の出発道路ノードから往復可能な経路を確認できない市内区間。"},"geometry":{"type":"LineString","coordinates":[[141.397452,42.963528],[141.397375,42.963585]]}},{"type":"Feature","properties":{"task_id":"224456417:41:2332785133:2332785140","reason":"追加した回送道路を含めても、公開4社の出発道路ノードから往復可能な経路を確認できない市内区間。"},"geometry":{"type":"LineString","coordinates":[[141.397375,42.963585],[141.397368,42.96367]]}},{"type":"Feature","properties":{"task_id":"224456417:40:2332785140:2332785146","reason":"追加した回送道路を含めても、公開4社の出発道路ノードから往復可能な経路を確認できない市内区間。"},"geometry":{"type":"LineString","coordinates":[[141.397368,42.96367],[141.397413,42.963737]]}},{"type":"Feature","properties":{"task_id":"224456417:39:2332785146:2332785153","reason":"追加した回送道路を含めても、公開4社の出発道路ノードから往復可能な経路を確認できない市内区間。"},"geometry":{"type":"LineString","coordinates":[[141.397413,42.963737],[141.397482,42.963776]]}},{"type":"Feature","properties":{"task_id":"224456417:38:2332785153:2332785154","reason":"追加した回送道路を含めても、公開4社の出発道路ノードから往復可能な経路を確認できない市内区間。"},"geometry":{"type":"LineString","coordinates":[[141.397482,42.963776],[141.397651,42.963805]]}},{"type":"Feature","properties":{"task_id":"224456417:37:2332785154:2332785159","reason":"追加した回送道路を含めても、公開4社の出発道路ノードから往復可能な経路を確認できない市内区間。"},"geometry":{"type":"LineString","coordinates":[[141.397651,42.963805],[141.398064,42.963838]]}},{"type":"Feature","properties":{"task_id":"224456417:36:2332785159:2332785164","reason":"追加した回送道路を含めても、公開4社の出発道路ノードから往復可能な経路を確認できない市内区間。"},"geometry":{"type":"LineString","coordinates":[[141.398064,42.963838],[141.398447,42.963877]]}},{"type":"Feature","properties":{"task_id":"224456417:35:2332785164:2332785173","reason":"追加した回送道路を含めても、公開4社の出発道路ノードから往復可能な経路を確認できない市内区間。"},"geometry":{"type":"LineString","coordinates":[[141.398447,42.963877],[141.398715,42.96394]]}},{"type":"Feature","properties":{"task_id":"224456417:34:2332785173:2332785180","reason":"追加した回送道路を含めても、公開4社の出発道路ノードから往復可能な経路を確認できない市内区間。"},"geometry":{"type":"LineString","coordinates":[[141.398715,42.96394],[141.39883,42.963995]]}},{"type":"Feature","properties":{"task_id":"224456417:33:2332785180:2332785186","reason":"追加した回送道路を含めても、公開4社の出発道路ノードから往復可能な経路を確認できない市内区間。"},"geometry":{"type":"LineString","coordinates":[[141.39883,42.963995],[141.398914,42.964085]]}},{"type":"Feature","properties":{"task_id":"224456417:32:2332785186:2332785206","reason":"追加した回送道路を含めても、公開4社の出発道路ノードから往復可能な経路を確認できない市内区間。"},"geometry":{"type":"LineString","coordinates":[[141.398914,42.964085],[141.399022,42.964288]]}},{"type":"Feature","properties":{"task_id":"224456417:31:2332785206:2332785238","reason":"追加した回送道路を含めても、公開4社の出発道路ノードから往復可能な経路を確認できない市内区間。"},"geometry":{"type":"LineString","coordinates":[[141.399022,42.964288],[141.399152,42.964553]]}},{"type":"Feature","properties":{"task_id":"224456417:30:2332785238:2332785252","reason":"追加した回送道路を含めても、公開4社の出発道路ノードから往復可能な経路を確認できない市内区間。"},"geometry":{"type":"LineString","coordinates":[[141.399152,42.964553],[141.399228,42.96475]]}},{"type":"Feature","properties":{"task_id":"224456417:29:2332785252:2332785257","reason":"追加した回送道路を含めても、公開4社の出発道路ノードから往復可能な経路を確認できない市内区間。"},"geometry":{"type":"LineString","coordinates":[[141.399228,42.96475],[141.399221,42.964935]]}},{"type":"Feature","properties":{"task_id":"224456417:28:2332785257:2332785259","reason":"追加した回送道路を含めても、公開4社の出発道路ノードから往復可能な経路を確認できない市内区間。"},"geometry":{"type":"LineString","coordinates":[[141.399221,42.964935],[141.399198,42.964997]]}},{"type":"Feature","properties":{"task_id":"224456417:27:2332785259:2332785262","reason":"追加した回送道路を含めても、公開4社の出発道路ノードから往復可能な経路を確認できない市内区間。"},"geometry":{"type":"LineString","coordinates":[[141.399198,42.964997],[141.399175,42.965138]]}},{"type":"Feature","properties":{"task_id":"224456417:26:2332785262:2332785265","reason":"追加した回送道路を含めても、公開4社の出発道路ノードから往復可能な経路を確認できない市内区間。"},"geometry":{"type":"LineString","coordinates":[[141.399175,42.965138],[141.399251,42.965228]]}},{"type":"Feature","properties":{"task_id":"224456417:25:2332785265:2332785273","reason":"追加した回送道路を含めても、公開4社の出発道路ノードから往復可能な経路を確認できない市内区間。"},"geometry":{"type":"LineString","coordinates":[[141.399251,42.965228],[141.399366,42.965323]]}},{"type":"Feature","properties":{"task_id":"224456417:24:2332785273:2332785282","reason":"追加した回送道路を含めても、公開4社の出発道路ノードから往復可能な経路を確認できない市内区間。"},"geometry":{"type":"LineString","coordinates":[[141.399366,42.965323],[141.399503,42.965505]]}},{"type":"Feature","properties":{"task_id":"224456417:23:2332785282:2332785288","reason":"追加した回送道路を含めても、公開4社の出発道路ノードから往復可能な経路を確認できない市内区間。"},"geometry":{"type":"LineString","coordinates":[[141.399503,42.965505],[141.399626,42.965616]]}},{"type":"Feature","properties":{"task_id":"224456417:22:2332785288:2332785295","reason":"追加した回送道路を含めても、公開4社の出発道路ノードから往復可能な経路を確認できない市内区間。"},"geometry":{"type":"LineString","coordinates":[[141.399626,42.965616],[141.399695,42.96565]]}},{"type":"Feature","properties":{"task_id":"224456417:21:2332785295:2332785303","reason":"追加した回送道路を含めても、公開4社の出発道路ノードから往復可能な経路を確認できない市内区間。"},"geometry":{"type":"LineString","coordinates":[[141.399695,42.96565],[141.399809,42.965695]]}},{"type":"Feature","properties":{"task_id":"224456417:20:2332785303:2332785311","reason":"追加した回送道路を含めても、公開4社の出発道路ノードから往復可能な経路を確認できない市内区間。"},"geometry":{"type":"LineString","coordinates":[[141.399809,42.965695],[141.399962,42.965735]]}},{"type":"Feature","properties":{"task_id":"224456417:19:2332785311:2332785315","reason":"追加した回送道路を含めても、公開4社の出発道路ノードから往復可能な経路を確認できない市内区間。"},"geometry":{"type":"LineString","coordinates":[[141.399962,42.965735],[141.400108,42.965791]]}},{"type":"Feature","properties":{"task_id":"224456417:18:2332785315:2332785321","reason":"追加した回送道路を含めても、公開4社の出発道路ノードから往復可能な経路を確認できない市内区間。"},"geometry":{"type":"LineString","coordinates":[[141.400108,42.965791],[141.400162,42.965825]]}},{"type":"Feature","properties":{"task_id":"224456417:17:2332785321:2332785332","reason":"追加した回送道路を含めても、公開4社の出発道路ノードから往復可能な経路を確認できない市内区間。"},"geometry":{"type":"LineString","coordinates":[[141.400162,42.965825],[141.400414,42.965948]]}},{"type":"Feature","properties":{"task_id":"224456417:16:2332785332:2332785340","reason":"追加した回送道路を含めても、公開4社の出発道路ノードから往復可能な経路を確認できない市内区間。"},"geometry":{"type":"LineString","coordinates":[[141.400414,42.965948],[141.40072,42.966061]]}},{"type":"Feature","properties":{"task_id":"224456417:15:2332785340:2332785342","reason":"追加した回送道路を含めても、公開4社の出発道路ノードから往復可能な経路を確認できない市内区間。"},"geometry":{"type":"LineString","coordinates":[[141.40072,42.966061],[141.400958,42.9661]]}},{"type":"Feature","properties":{"task_id":"224456417:14:2332785342:2332785348","reason":"追加した回送道路を含めても、公開4社の出発道路ノードから往復可能な経路を確認できない市内区間。"},"geometry":{"type":"LineString","coordinates":[[141.400958,42.9661],[141.401096,42.966135]]}},{"type":"Feature","properties":{"task_id":"224456417:13:2332785348:2332785356","reason":"追加した回送道路を含めても、公開4社の出発道路ノードから往復可能な経路を確認できない市内区間。"},"geometry":{"type":"LineString","coordinates":[[141.401096,42.966135],[141.401211,42.966202]]}},{"type":"Feature","properties":{"task_id":"224456417:12:2332785356:2332785379","reason":"追加した回送道路を含めても、公開4社の出発道路ノードから往復可能な経路を確認できない市内区間。"},"geometry":{"type":"LineString","coordinates":[[141.401211,42.966202],[141.401356,42.96641]]}},{"type":"Feature","properties":{"task_id":"224456417:11:2332785379:2332785406","reason":"追加した回送道路を含めても、公開4社の出発道路ノードから往復可能な経路を確認できない市内区間。"},"geometry":{"type":"LineString","coordinates":[[141.401356,42.96641],[141.401586,42.966709]]}},{"type":"Feature","properties":{"task_id":"224456417:10:2332785406:2332785421","reason":"追加した回送道路を含めても、公開4社の出発道路ノードから往復可能な経路を確認できない市内区間。"},"geometry":{"type":"LineString","coordinates":[[141.401586,42.966709],[141.401679,42.966905]]}},{"type":"Feature","properties":{"task_id":"224456417:9:2332785421:2332785438","reason":"追加した回送道路を含めても、公開4社の出発道路ノードから往復可能な経路を確認できない市内区間。"},"geometry":{"type":"LineString","coordinates":[[141.401679,42.966905],[141.401817,42.967244]]}},{"type":"Feature","properties":{"task_id":"224456417:8:2332785438:2332785446","reason":"追加した回送道路を含めても、公開4社の出発道路ノードから往復可能な経路を確認できない市内区間。"},"geometry":{"type":"LineString","coordinates":[[141.401817,42.967244],[141.401877,42.967323]]}},{"type":"Feature","properties":{"task_id":"224456417:7:2332785446:2332785452","reason":"追加した回送道路を含めても、公開4社の出発道路ノードから往復可能な経路を確認できない市内区間。"},"geometry":{"type":"LineString","coordinates":[[141.401877,42.967323],[141.401939,42.967368]]}},{"type":"Feature","properties":{"task_id":"224456417:6:2332785452:2332785458","reason":"追加した回送道路を含めても、公開4社の出発道路ノードから往復可能な経路を確認できない市内区間。"},"geometry":{"type":"LineString","coordinates":[[141.401939,42.967368],[141.402092,42.967441]]}},{"type":"Feature","properties":{"task_id":"224456417:5:2332785458:2332785464","reason":"追加した回送道路を含めても、公開4社の出発道路ノードから往復可能な経路を確認できない市内区間。"},"geometry":{"type":"LineString","coordinates":[[141.402092,42.967441],[141.402222,42.967486]]}},{"type":"Feature","properties":{"task_id":"224456417:4:2332785464:2332785467","reason":"追加した回送道路を含めても、公開4社の出発道路ノードから往復可能な経路を確認できない市内区間。"},"geometry":{"type":"LineString","coordinates":[[141.402222,42.967486],[141.402397,42.967508]]}},{"type":"Feature","properties":{"task_id":"224456417:3:2332785467:2332785465","reason":"追加した回送道路を含めても、公開4社の出発道路ノードから往復可能な経路を確認できない市内区間。"},"geometry":{"type":"LineString","coordinates":[[141.402397,42.967508],[141.402536,42.967497]]}},{"type":"Feature","properties":{"task_id":"224456417:2:2332785465:2332785459","reason":"追加した回送道路を含めても、公開4社の出発道路ノードから往復可能な経路を確認できない市内区間。"},"geometry":{"type":"LineString","coordinates":[[141.402536,42.967497],[141.402682,42.967452]]}},{"type":"Feature","properties":{"task_id":"224456417:1:2332785459:2332785453","reason":"追加した回送道路を含めても、公開4社の出発道路ノードから往復可能な経路を確認できない市内区間。"},"geometry":{"type":"LineString","coordinates":[[141.402682,42.967452],[141.402827,42.967379]]}},{"type":"Feature","properties":{"task_id":"224456417:0:2332785453:2332785441","reason":"追加した回送道路を含めても、公開4社の出発道路ノードから往復可能な経路を確認できない市内区間。"},"geometry":{"type":"LineString","coordinates":[[141.402827,42.967379],[141.403095,42.967283]]}},{"type":"Feature","properties":{"task_id":"224456523:0:2332785441:2332785450","reason":"追加した回送道路を含めても、公開4社の出発道路ノードから往復可能な経路を確認できない市内区間。"},"geometry":{"type":"LineString","coordinates":[[141.403095,42.967283],[141.403149,42.967361]]}},{"type":"Feature","properties":{"task_id":"224456523:1:2332785450:2332785468","reason":"追加した回送道路を含めても、公開4社の出発道路ノードから往復可能な経路を確認できない市内区間。"},"geometry":{"type":"LineString","coordinates":[[141.403149,42.967361],[141.403195,42.967514]]}},{"type":"Feature","properties":{"task_id":"224456523:2:2332785468:2332785477","reason":"追加した回送道路を含めても、公開4社の出発道路ノードから往復可能な経路を確認できない市内区間。"},"geometry":{"type":"LineString","coordinates":[[141.403195,42.967514],[141.403249,42.967621]]}},{"type":"Feature","properties":{"task_id":"224456523:3:2332785477:2332785485","reason":"追加した回送道路を含めても、公開4社の出発道路ノードから往復可能な経路を確認できない市内区間。"},"geometry":{"type":"LineString","coordinates":[[141.403249,42.967621],[141.403332,42.967728]]}},{"type":"Feature","properties":{"task_id":"224456523:4:2332785485:2332785492","reason":"追加した回送道路を含めても、公開4社の出発道路ノードから往復可能な経路を確認できない市内区間。"},"geometry":{"type":"LineString","coordinates":[[141.403332,42.967728],[141.403447,42.967813]]}},{"type":"Feature","properties":{"task_id":"224456523:5:2332785492:2332785497","reason":"追加した回送道路を含めても、公開4社の出発道路ノードから往復可能な経路を確認できない市内区間。"},"geometry":{"type":"LineString","coordinates":[[141.403447,42.967813],[141.403586,42.967874]]}},{"type":"Feature","properties":{"task_id":"224456523:6:2332785497:2332785502","reason":"追加した回送道路を含めても、公開4社の出発道路ノードから往復可能な経路を確認できない市内区間。"},"geometry":{"type":"LineString","coordinates":[[141.403586,42.967874],[141.403685,42.967931]]}},{"type":"Feature","properties":{"task_id":"224456523:7:2332785502:2332785506","reason":"追加した回送道路を含めても、公開4社の出発道路ノードから往復可能な経路を確認できない市内区間。"},"geometry":{"type":"LineString","coordinates":[[141.403685,42.967931],[141.403746,42.967981]]}},{"type":"Feature","properties":{"task_id":"224456523:8:2332785506:2332785509","reason":"追加した回送道路を含めても、公開4社の出発道路ノードから往復可能な経路を確認できない市内区間。"},"geometry":{"type":"LineString","coordinates":[[141.403746,42.967981],[141.403815,42.968071]]}},{"type":"Feature","properties":{"task_id":"224456523:9:2332785509:2332785522","reason":"追加した回送道路を含めても、公開4社の出発道路ノードから往復可能な経路を確認できない市内区間。"},"geometry":{"type":"LineString","coordinates":[[141.403815,42.968071],[141.403892,42.96824]]}},{"type":"Feature","properties":{"task_id":"224456523:10:2332785522:2332785532","reason":"追加した回送道路を含めても、公開4社の出発道路ノードから往復可能な経路を確認できない市内区間。"},"geometry":{"type":"LineString","coordinates":[[141.403892,42.96824],[141.403976,42.968358]]}},{"type":"Feature","properties":{"task_id":"224456523:11:2332785532:2332785536","reason":"追加した回送道路を含めても、公開4社の出発道路ノードから往復可能な経路を確認できない市内区間。"},"geometry":{"type":"LineString","coordinates":[[141.403976,42.968358],[141.404076,42.968437]]}},{"type":"Feature","properties":{"task_id":"224456523:12:2332785536:2332785540","reason":"追加した回送道路を含めても、公開4社の出発道路ノードから往復可能な経路を確認できない市内区間。"},"geometry":{"type":"LineString","coordinates":[[141.404076,42.968437],[141.404198,42.968465]]}},{"type":"Feature","properties":{"task_id":"224456523:13:2332785540:2332785542","reason":"追加した回送道路を含めても、公開4社の出発道路ノードから往復可能な経路を確認できない市内区間。"},"geometry":{"type":"LineString","coordinates":[[141.404198,42.968465],[141.404497,42.968488]]}},{"type":"Feature","properties":{"task_id":"224456523:14:2332785542:2332785543","reason":"追加した回送道路を含めても、公開4社の出発道路ノードから往復可能な経路を確認できない市内区間。"},"geometry":{"type":"LineString","coordinates":[[141.404497,42.968488],[141.404635,42.968488]]}},{"type":"Feature","properties":{"task_id":"224456523:15:2332785543:2332785544","reason":"追加した回送道路を含めても、公開4社の出発道路ノードから往復可能な経路を確認できない市内区間。"},"geometry":{"type":"LineString","coordinates":[[141.404635,42.968488],[141.404742,42.96851]]}},{"type":"Feature","properties":{"task_id":"224456523:16:2332785544:2332785562","reason":"追加した回送道路を含めても、公開4社の出発道路ノードから往復可能な経路を確認できない市内区間。"},"geometry":{"type":"LineString","coordinates":[[141.404742,42.96851],[141.405117,42.968691]]}},{"type":"Feature","properties":{"task_id":"224456523:17:2332785562:2332785564","reason":"追加した回送道路を含めても、公開4社の出発道路ノードから往復可能な経路を確認できない市内区間。"},"geometry":{"type":"LineString","coordinates":[[141.405117,42.968691],[141.405171,42.96873]]}},{"type":"Feature","properties":{"task_id":"224456523:18:2332785564:2332785568","reason":"追加した回送道路を含めても、公開4社の出発道路ノードから往復可能な経路を確認できない市内区間。"},"geometry":{"type":"LineString","coordinates":[[141.405171,42.96873],[141.405493,42.96887]]}},{"type":"Feature","properties":{"task_id":"224456523:19:2332785568:2332785575","reason":"追加した回送道路を含めても、公開4社の出発道路ノードから往復可能な経路を確認できない市内区間。"},"geometry":{"type":"LineString","coordinates":[[141.405493,42.96887],[141.405707,42.968989]]}},{"type":"Feature","properties":{"task_id":"224456523:20:2332785575:2332785581","reason":"追加した回送道路を含めても、公開4社の出発道路ノードから往復可能な経路を確認できない市内区間。"},"geometry":{"type":"LineString","coordinates":[[141.405707,42.968989],[141.405791,42.969067]]}},{"type":"Feature","properties":{"task_id":"224456523:21:2332785581:2332785592","reason":"追加した回送道路を含めても、公開4社の出発道路ノードから往復可能な経路を確認できない市内区間。"},"geometry":{"type":"LineString","coordinates":[[141.405791,42.969067],[141.405829,42.969152]]}},{"type":"Feature","properties":{"task_id":"224456523:22:2332785592:2332785639","reason":"追加した回送道路を含めても、公開4社の出発道路ノードから往復可能な経路を確認できない市内区間。"},"geometry":{"type":"LineString","coordinates":[[141.405829,42.969152],[141.405844,42.969602]]}},{"type":"Feature","properties":{"task_id":"224456523:23:2332785639:2332785649","reason":"追加した回送道路を含めても、公開4社の出発道路ノードから往復可能な経路を確認できない市内区間。"},"geometry":{"type":"LineString","coordinates":[[141.405844,42.969602],[141.40586,42.969703]]}},{"type":"Feature","properties":{"task_id":"224456523:24:2332785649:2332785656","reason":"追加した回送道路を含めても、公開4社の出発道路ノードから往復可能な経路を確認できない市内区間。"},"geometry":{"type":"LineString","coordinates":[[141.40586,42.969703],[141.405906,42.969777]]}},{"type":"Feature","properties":{"task_id":"224456523:25:2332785656:2332785661","reason":"追加した回送道路を含めても、公開4社の出発道路ノードから往復可能な経路を確認できない市内区間。"},"geometry":{"type":"LineString","coordinates":[[141.405906,42.969777],[141.405982,42.969827]]}},{"type":"Feature","properties":{"task_id":"224456523:26:2332785661:2332785668","reason":"追加した回送道路を含めても、公開4社の出発道路ノードから往復可能な経路を確認できない市内区間。"},"geometry":{"type":"LineString","coordinates":[[141.405982,42.969827],[141.406089,42.969861]]}},{"type":"Feature","properties":{"task_id":"224456523:27:2332785668:2332785666","reason":"追加した回送道路を含めても、公開4社の出発道路ノードから往復可能な経路を確認できない市内区間。"},"geometry":{"type":"LineString","coordinates":[[141.406089,42.969861],[141.406212,42.96985]]}},{"type":"Feature","properties":{"task_id":"224456523:28:2332785666:2332785659","reason":"追加した回送道路を含めても、公開4社の出発道路ノードから往復可能な経路を確認できない市内区間。"},"geometry":{"type":"LineString","coordinates":[[141.406212,42.96985],[141.40635,42.969805]]}},{"type":"Feature","properties":{"task_id":"224456523:29:2332785659:2332785662","reason":"追加した回送道路を含めても、公開4社の出発道路ノードから往復可能な経路を確認できない市内区間。"},"geometry":{"type":"LineString","coordinates":[[141.40635,42.969805],[141.406503,42.969833]]}},{"type":"Feature","properties":{"task_id":"224456523:30:2332785662:2332785663","reason":"追加した回送道路を含めても、公開4社の出発道路ノードから往復可能な経路を確認できない市内区間。"},"geometry":{"type":"LineString","coordinates":[[141.406503,42.969833],[141.406572,42.969833]]}},{"type":"Feature","properties":{"task_id":"224456523:31:2332785663:2332785651","reason":"追加した回送道路を含めても、公開4社の出発道路ノードから往復可能な経路を確認できない市内区間。"},"geometry":{"type":"LineString","coordinates":[[141.406572,42.969833],[141.406786,42.969709]]}},{"type":"Feature","properties":{"task_id":"224456523:32:2332785651:2332785660","reason":"追加した回送道路を含めても、公開4社の出発道路ノードから往復可能な経路を確認できない市内区間。"},"geometry":{"type":"LineString","coordinates":[[141.406786,42.969709],[141.40684,42.969805]]}},{"type":"Feature","properties":{"task_id":"224456523:33:2332785660:2332785689","reason":"追加した回送道路を含めても、公開4社の出発道路ノードから往復可能な経路を確認できない市内区間。"},"geometry":{"type":"LineString","coordinates":[[141.40684,42.969805],[141.406924,42.970058]]}},{"type":"Feature","properties":{"task_id":"224456523:34:2332785689:2332785700","reason":"追加した回送道路を含めても、公開4社の出発道路ノードから往復可能な経路を確認できない市内区間。"},"geometry":{"type":"LineString","coordinates":[[141.406924,42.970058],[141.406963,42.970199]]}},{"type":"Feature","properties":{"task_id":"224456523:35:2332785700:2332785708","reason":"追加した回送道路を含めても、公開4社の出発道路ノードから往復可能な経路を確認できない市内区間。"},"geometry":{"type":"LineString","coordinates":[[141.406963,42.970199],[141.407001,42.970278]]}},{"type":"Feature","properties":{"task_id":"224456523:36:2332785708:2332785715","reason":"追加した回送道路を含めても、公開4社の出発道路ノードから往復可能な経路を確認できない市内区間。"},"geometry":{"type":"LineString","coordinates":[[141.407001,42.970278],[141.407062,42.970328]]}},{"type":"Feature","properties":{"task_id":"224456523:37:2332785715:2332785719","reason":"追加した回送道路を含めても、公開4社の出発道路ノードから往復可能な経路を確認できない市内区間。"},"geometry":{"type":"LineString","coordinates":[[141.407062,42.970328],[141.407177,42.970373]]}},{"type":"Feature","properties":{"task_id":"224456523:38:2332785719:2332785723","reason":"追加した回送道路を含めても、公開4社の出発道路ノードから往復可能な経路を確認できない市内区間。"},"geometry":{"type":"LineString","coordinates":[[141.407177,42.970373],[141.407384,42.970407]]}},{"type":"Feature","properties":{"task_id":"224456523:39:2332785723:2332785728","reason":"追加した回送道路を含めても、公開4社の出発道路ノードから往復可能な経路を確認できない市内区間。"},"geometry":{"type":"LineString","coordinates":[[141.407384,42.970407],[141.407606,42.970458]]}},{"type":"Feature","properties":{"task_id":"224456523:40:2332785728:2332785735","reason":"追加した回送道路を含めても、公開4社の出発道路ノードから往復可能な経路を確認できない市内区間。"},"geometry":{"type":"LineString","coordinates":[[141.407606,42.970458],[141.407713,42.970519]]}},{"type":"Feature","properties":{"task_id":"224456523:41:2332785735:2332785748","reason":"追加した回送道路を含めても、公開4社の出発道路ノードから往復可能な経路を確認できない市内区間。"},"geometry":{"type":"LineString","coordinates":[[141.407713,42.970519],[141.407782,42.970615]]}},{"type":"Feature","properties":{"task_id":"224456523:42:2332785748:2332785767","reason":"追加した回送道路を含めても、公開4社の出発道路ノードから往復可能な経路を確認できない市内区間。"},"geometry":{"type":"LineString","coordinates":[[141.407782,42.970615],[141.407928,42.970914]]}},{"type":"Feature","properties":{"task_id":"224456523:43:2332785767:2332785771","reason":"追加した回送道路を含めても、公開4社の出発道路ノードから往復可能な経路を確認できない市内区間。"},"geometry":{"type":"LineString","coordinates":[[141.407928,42.970914],[141.407973,42.970964]]}},{"type":"Feature","properties":{"task_id":"224456523:44:2332785771:2332785772","reason":"追加した回送道路を含めても、公開4社の出発道路ノードから往復可能な経路を確認できない市内区間。"},"geometry":{"type":"LineString","coordinates":[[141.407973,42.970964],[141.407981,42.970964]]}},{"type":"Feature","properties":{"task_id":"224456523:45:2332785772:2332785777","reason":"追加した回送道路を含めても、公開4社の出発道路ノードから往復可能な経路を確認できない市内区間。"},"geometry":{"type":"LineString","coordinates":[[141.407981,42.970964],[141.408096,42.971009]]}},{"type":"Feature","properties":{"task_id":"224456523:46:2332785777:2332785779","reason":"追加した回送道路を含めても、公開4社の出発道路ノードから往復可能な経路を確認できない市内区間。"},"geometry":{"type":"LineString","coordinates":[[141.408096,42.971009],[141.40841,42.971026]]}},{"type":"Feature","properties":{"task_id":"224456523:47:2332785779:2332785782","reason":"追加した回送道路を含めても、公開4社の出発道路ノードから往復可能な経路を確認できない市内区間。"},"geometry":{"type":"LineString","coordinates":[[141.40841,42.971026],[141.408486,42.971038]]}},{"type":"Feature","properties":{"task_id":"224456523:48:2332785782:2332785790","reason":"追加した回送道路を含めても、公開4社の出発道路ノードから往復可能な経路を確認できない市内区間。"},"geometry":{"type":"LineString","coordinates":[[141.408486,42.971038],[141.408708,42.971116]]}},{"type":"Feature","properties":{"task_id":"224456523:49:2332785790:2332785792","reason":"追加した回送道路を含めても、公開4社の出発道路ノードから往復可能な経路を確認できない市内区間。"},"geometry":{"type":"LineString","coordinates":[[141.408708,42.971116],[141.4088,42.971133]]}},{"type":"Feature","properties":{"task_id":"224456523:50:2332785792:2332785793","reason":"追加した回送道路を含めても、公開4社の出発道路ノードから往復可能な経路を確認できない市内区間。"},"geometry":{"type":"LineString","coordinates":[[141.4088,42.971133],[141.408908,42.971133]]}},{"type":"Feature","properties":{"task_id":"224456523:51:2332785793:2332785787","reason":"追加した回送道路を含めても、公開4社の出発道路ノードから往復可能な経路を確認できない市内区間。"},"geometry":{"type":"LineString","coordinates":[[141.408908,42.971133],[141.409015,42.971077]]}},{"type":"Feature","properties":{"task_id":"224456523:52:2332785787:2332785769","reason":"追加した回送道路を含めても、公開4社の出発道路ノードから往復可能な経路を確認できない市内区間。"},"geometry":{"type":"LineString","coordinates":[[141.409015,42.971077],[141.409137,42.970953]]}},{"type":"Feature","properties":{"task_id":"224456523:53:2332785769:2332785764","reason":"追加した回送道路を含めても、公開4社の出発道路ノードから往復可能な経路を確認できない市内区間。"},"geometry":{"type":"LineString","coordinates":[[141.409137,42.970953],[141.409237,42.97079]]}},{"type":"Feature","properties":{"task_id":"224456523:54:2332785764:2332785694","reason":"追加した回送道路を含めても、公開4社の出発道路ノードから往復可能な経路を確認できない市内区間。"},"geometry":{"type":"LineString","coordinates":[[141.409237,42.97079],[141.409558,42.970081]]}},{"type":"Feature","properties":{"task_id":"224456523:55:2332785694:2332785676","reason":"追加した回送道路を含めても、公開4社の出発道路ノードから往復可能な経路を確認できない市内区間。"},"geometry":{"type":"LineString","coordinates":[[141.409558,42.970081],[141.40965,42.969923]]}},{"type":"Feature","properties":{"task_id":"224456523:56:2332785676:2332785653","reason":"追加した回送道路を含めても、公開4社の出発道路ノードから往復可能な経路を確認できない市内区間。"},"geometry":{"type":"LineString","coordinates":[[141.40965,42.969923],[141.409788,42.969743]]}},{"type":"Feature","properties":{"task_id":"224456523:57:2332785653:2332785641","reason":"追加した回送道路を含めても、公開4社の出発道路ノードから往復可能な経路を確認できない市内区間。"},"geometry":{"type":"LineString","coordinates":[[141.409788,42.969743],[141.409895,42.969636]]}},{"type":"Feature","properties":{"task_id":"224456523:58:2332785641:2332785635","reason":"追加した回送道路を含めても、公開4社の出発道路ノードから往復可能な経路を確認できない市内区間。"},"geometry":{"type":"LineString","coordinates":[[141.409895,42.969636],[141.409995,42.969574]]}},{"type":"Feature","properties":{"task_id":"224456523:59:2332785635:2332785636","reason":"追加した回送道路を含めても、公開4社の出発道路ノードから往復可能な経路を確認できない市内区間。"},"geometry":{"type":"LineString","coordinates":[[141.409995,42.969574],[141.410079,42.969574]]}},{"type":"Feature","properties":{"task_id":"224456523:60:2332785636:2332785633","reason":"追加した回送道路を含めても、公開4社の出発道路ノードから往復可能な経路を確認できない市内区間。"},"geometry":{"type":"LineString","coordinates":[[141.410079,42.969574],[141.410102,42.969557]]}},{"type":"Feature","properties":{"task_id":"224456035:0:2332785633:2332785654","reason":"追加した回送道路を含めても、公開4社の出発道路ノードから往復可能な経路を確認できない市内区間。"},"geometry":{"type":"LineString","coordinates":[[141.410102,42.969557],[141.410186,42.96976]]}},{"type":"Feature","properties":{"task_id":"224456035:1:2332785654:2332785669","reason":"追加した回送道路を含めても、公開4社の出発道路ノードから往復可能な経路を確認できない市内区間。"},"geometry":{"type":"LineString","coordinates":[[141.410186,42.96976],[141.410209,42.969861]]}},{"type":"Feature","properties":{"task_id":"224456035:2:2332785669:2332785684","reason":"追加した回送道路を含めても、公開4社の出発道路ノードから往復可能な経路を確認できない市内区間。"},"geometry":{"type":"LineString","coordinates":[[141.410209,42.969861],[141.410286,42.969996]]}},{"type":"Feature","properties":{"task_id":"224456035:3:2332785684:2332785688","reason":"追加した回送道路を含めても、公開4社の出発道路ノードから往復可能な経路を確認できない市内区間。"},"geometry":{"type":"LineString","coordinates":[[141.410286,42.969996],[141.410355,42.970047]]}},{"type":"Feature","properties":{"task_id":"224456035:4:2332785688:2332785691","reason":"追加した回送道路を含めても、公開4社の出発道路ノードから往復可能な経路を確認できない市内区間。"},"geometry":{"type":"LineString","coordinates":[[141.410355,42.970047],[141.410424,42.970069]]}},{"type":"Feature","properties":{"task_id":"224456035:5:2332785691:2332785692","reason":"追加した回送道路を含めても、公開4社の出発道路ノードから往復可能な経路を確認できない市内区間。"},"geometry":{"type":"LineString","coordinates":[[141.410424,42.970069],[141.410669,42.970075]]}},{"type":"Feature","properties":{"task_id":"224456035:6:2332785692:2332785685","reason":"追加した回送道路を含めても、公開4社の出発道路ノードから往復可能な経路を確認できない市内区間。"},"geometry":{"type":"LineString","coordinates":[[141.410669,42.970075],[141.410906,42.969996]]}},{"type":"Feature","properties":{"task_id":"224456035:7:2332785685:2332785682","reason":"追加した回送道路を含めても、公開4社の出発道路ノードから往復可能な経路を確認できない市内区間。"},"geometry":{"type":"LineString","coordinates":[[141.410906,42.969996],[141.410998,42.969979]]}},{"type":"Feature","properties":{"task_id":"224456035:8:2332785682:2332785683","reason":"追加した回送道路を含めても、公開4社の出発道路ノードから往復可能な経路を確認できない市内区間。"},"geometry":{"type":"LineString","coordinates":[[141.410998,42.969979],[141.411151,42.969991]]}},{"type":"Feature","properties":{"task_id":"224456035:9:2332785683:2332785696","reason":"追加した回送道路を含めても、公開4社の出発道路ノードから往復可能な経路を確認できない市内区間。"},"geometry":{"type":"LineString","coordinates":[[141.411151,42.969991],[141.411526,42.970098]]}},{"type":"Feature","properties":{"task_id":"224456035:10:2332785696:2332785705","reason":"追加した回送道路を含めても、公開4社の出発道路ノードから往復可能な経路を確認できない市内区間。"},"geometry":{"type":"LineString","coordinates":[[141.411526,42.970098],[141.411932,42.970244]]}},{"type":"Feature","properties":{"task_id":"224456035:11:2332785705:2332785706","reason":"追加した回送道路を含めても、公開4社の出発道路ノードから往復可能な経路を確認できない市内区間。"},"geometry":{"type":"LineString","coordinates":[[141.411932,42.970244],[141.412092,42.970244]]}},{"type":"Feature","properties":{"task_id":"224456035:12:2332785706:2332785701","reason":"追加した回送道路を含めても、公開4社の出発道路ノードから往復可能な経路を確認できない市内区間。"},"geometry":{"type":"LineString","coordinates":[[141.412092,42.970244],[141.412215,42.970199]]}},{"type":"Feature","properties":{"task_id":"224456035:13:2332785701:2332785695","reason":"追加した回送道路を含めても、公開4社の出発道路ノードから往復可能な経路を確認できない市内区間。"},"geometry":{"type":"LineString","coordinates":[[141.412215,42.970199],[141.41236,42.970092]]}},{"type":"Feature","properties":{"task_id":"224456282:0:2332785695:2332785686","reason":"追加した回送道路を含めても、公開4社の出発道路ノードから往復可能な経路を確認できない市内区間。"},"geometry":{"type":"LineString","coordinates":[[141.41236,42.970092],[141.412498,42.970041]]}},{"type":"Feature","properties":{"task_id":"224456282:1:2332785686:2332785687","reason":"追加した回送道路を含めても、公開4社の出発道路ノードから往復可能な経路を確認できない市内区間。"},"geometry":{"type":"LineString","coordinates":[[141.412498,42.970041],[141.412552,42.970041]]}},{"type":"Feature","properties":{"task_id":"224456282:2:2332785687:2332785697","reason":"追加した回送道路を含めても、公開4社の出発道路ノードから往復可能な経路を確認できない市内区間。"},"geometry":{"type":"LineString","coordinates":[[141.412552,42.970041],[141.412598,42.970103]]}},{"type":"Feature","properties":{"task_id":"224456282:3:2332785697:2332785704","reason":"追加した回送道路を含めても、公開4社の出発道路ノードから往復可能な経路を確認できない市内区間。"},"geometry":{"type":"LineString","coordinates":[[141.412598,42.970103],[141.412636,42.970238]]}},{"type":"Feature","properties":{"task_id":"224456282:4:2332785704:2332785714","reason":"追加した回送道路を含めても、公開4社の出発道路ノードから往復可能な経路を確認できない市内区間。"},"geometry":{"type":"LineString","coordinates":[[141.412636,42.970238],[141.412682,42.970323]]}},{"type":"Feature","properties":{"task_id":"224456282:5:2332785714:2332785722","reason":"追加した回送道路を含めても、公開4社の出発道路ノードから往復可能な経路を確認できない市内区間。"},"geometry":{"type":"LineString","coordinates":[[141.412682,42.970323],[141.412759,42.970396]]}},{"type":"Feature","properties":{"task_id":"224456282:6:2332785722:2332785732","reason":"追加した回送道路を含めても、公開4社の出発道路ノードから往復可能な経路を確認できない市内区間。"},"geometry":{"type":"LineString","coordinates":[[141.412759,42.970396],[141.412905,42.970491]]}},{"type":"Feature","properties":{"task_id":"224456282:7:2332785732:2332785738","reason":"追加した回送道路を含めても、公開4社の出発道路ノードから往復可能な経路を確認できない市内区間。"},"geometry":{"type":"LineString","coordinates":[[141.412905,42.970491],[141.413073,42.970564]]}},{"type":"Feature","properties":{"task_id":"224456282:8:2332785738:2332785751","reason":"追加した回送道路を含めても、公開4社の出発道路ノードから往復可能な経路を確認できない市内区間。"},"geometry":{"type":"LineString","coordinates":[[141.413073,42.970564],[141.413363,42.970643]]}},{"type":"Feature","properties":{"task_id":"224456282:9:2332785751:2332785754","reason":"追加した回送道路を含めても、公開4社の出発道路ノードから往復可能な経路を確認できない市内区間。"},"geometry":{"type":"LineString","coordinates":[[141.413363,42.970643],[141.413471,42.97066]]}},{"type":"Feature","properties":{"task_id":"224456282:10:2332785754:2332785753","reason":"追加した回送道路を含めても、公開4社の出発道路ノードから往復可能な経路を確認できない市内区間。"},"geometry":{"type":"LineString","coordinates":[[141.413471,42.97066],[141.413755,42.970655]]}},{"type":"Feature","properties":{"task_id":"224456282:11:2332785753:2332785750","reason":"追加した回送道路を含めても、公開4社の出発道路ノードから往復可能な経路を確認できない市内区間。"},"geometry":{"type":"LineString","coordinates":[[141.413755,42.970655],[141.413907,42.970638]]}},{"type":"Feature","properties":{"task_id":"224456282:12:2332785750:2332785752","reason":"追加した回送道路を含めても、公開4社の出発道路ノードから往復可能な経路を確認できない市内区間。"},"geometry":{"type":"LineString","coordinates":[[141.413907,42.970638],[141.414175,42.970643]]}},{"type":"Feature","properties":{"task_id":"224456282:13:2332785752:2332785755","reason":"追加した回送道路を含めても、公開4社の出発道路ノードから往復可能な経路を確認できない市内区間。"},"geometry":{"type":"LineString","coordinates":[[141.414175,42.970643],[141.414298,42.970666]]}},{"type":"Feature","properties":{"task_id":"224456282:14:2332785755:2332785761","reason":"追加した回送道路を含めても、公開4社の出発道路ノードから往復可能な経路を確認できない市内区間。"},"geometry":{"type":"LineString","coordinates":[[141.414298,42.970666],[141.414527,42.970778]]}},{"type":"Feature","properties":{"task_id":"224456282:15:2332785761:2332785778","reason":"追加した回送道路を含めても、公開4社の出発道路ノードから往復可能な経路を確認できない市内区間。"},"geometry":{"type":"LineString","coordinates":[[141.414527,42.970778],[141.414873,42.971009]]}},{"type":"Feature","properties":{"task_id":"224456282:16:2332785778:2332785784","reason":"追加した回送道路を含めても、公開4社の出発道路ノードから往復可能な経路を確認できない市内区間。"},"geometry":{"type":"LineString","coordinates":[[141.414873,42.971009],[141.415034,42.971049]]}},{"type":"Feature","properties":{"task_id":"224456282:17:2332785784:2332785786","reason":"追加した回送道路を含めても、公開4社の出発道路ノードから往復可能な経路を確認できない市内区間。"},"geometry":{"type":"LineString","coordinates":[[141.415034,42.971049],[141.415203,42.971066]]}},{"type":"Feature","properties":{"task_id":"224456282:18:2332785786:2332785789","reason":"追加した回送道路を含めても、公開4社の出発道路ノードから往復可能な経路を確認できない市内区間。"},"geometry":{"type":"LineString","coordinates":[[141.415203,42.971066],[141.415401,42.971111]]}},{"type":"Feature","properties":{"task_id":"224456282:19:2332785789:2332785795","reason":"追加した回送道路を含めても、公開4社の出発道路ノードから往復可能な経路を確認できない市内区間。"},"geometry":{"type":"LineString","coordinates":[[141.415401,42.971111],[141.415501,42.97115]]}},{"type":"Feature","properties":{"task_id":"224456282:20:2332785795:2332785803","reason":"追加した回送道路を含めても、公開4社の出発道路ノードから往復可能な経路を確認できない市内区間。"},"geometry":{"type":"LineString","coordinates":[[141.415501,42.97115],[141.415884,42.971386]]}},{"type":"Feature","properties":{"task_id":"224456282:21:2332785803:2332785823","reason":"追加した回送道路を含めても、公開4社の出発道路ノードから往復可能な経路を確認できない市内区間。"},"geometry":{"type":"LineString","coordinates":[[141.415884,42.971386],[141.41619,42.971583]]}},{"type":"Feature","properties":{"task_id":"224456282:22:2332785823:2332785828","reason":"追加した回送道路を含めても、公開4社の出発道路ノードから往復可能な経路を確認できない市内区間。"},"geometry":{"type":"LineString","coordinates":[[141.41619,42.971583],[141.416274,42.971617]]}},{"type":"Feature","properties":{"task_id":"224456282:23:2332785828:2332785829","reason":"追加した回送道路を含めても、公開4社の出発道路ノードから往復可能な経路を確認できない市内区間。"},"geometry":{"type":"LineString","coordinates":[[141.416274,42.971617],[141.416336,42.971628]]}},{"type":"Feature","properties":{"task_id":"224456282:24:2332785829:2332785830","reason":"追加した回送道路を含めても、公開4社の出発道路ノードから往復可能な経路を確認できない市内区間。"},"geometry":{"type":"LineString","coordinates":[[141.416336,42.971628],[141.416489,42.971628]]}},{"type":"Feature","properties":{"task_id":"224456282:25:2332785830:2332785822","reason":"追加した回送道路を含めても、公開4社の出発道路ノードから往復可能な経路を確認できない市内区間。"},"geometry":{"type":"LineString","coordinates":[[141.416489,42.971628],[141.416673,42.971578]]}},{"type":"Feature","properties":{"task_id":"224456282:26:2332785822:2332785816","reason":"追加した回送道路を含めても、公開4社の出発道路ノードから往復可能な経路を確認できない市内区間。"},"geometry":{"type":"LineString","coordinates":[[141.416673,42.971578],[141.416872,42.971504]]}},{"type":"Feature","properties":{"task_id":"224456282:27:2332785816:2332785813","reason":"追加した回送道路を含めても、公開4社の出発道路ノードから往復可能な経路を確認できない市内区間。"},"geometry":{"type":"LineString","coordinates":[[141.416872,42.971504],[141.416994,42.971476]]}},{"type":"Feature","properties":{"task_id":"224456282:28:2332785813:2332785811","reason":"追加した回送道路を含めても、公開4社の出発道路ノードから往復可能な経路を確認できない市内区間。"},"geometry":{"type":"LineString","coordinates":[[141.416994,42.971476],[141.417071,42.971471]]}},{"type":"Feature","properties":{"task_id":"224456578:0:2332785811:2332785814","reason":"追加した回送道路を含めても、公開4社の出発道路ノードから往復可能な経路を確認できない市内区間。"},"geometry":{"type":"LineString","coordinates":[[141.417071,42.971471],[141.417247,42.971476]]}},{"type":"Feature","properties":{"task_id":"224456578:1:2332785814:2332785818","reason":"追加した回送道路を含めても、公開4社の出発道路ノードから往復可能な経路を確認できない市内区間。"},"geometry":{"type":"LineString","coordinates":[[141.417247,42.971476],[141.417408,42.97151]]}},{"type":"Feature","properties":{"task_id":"224456578:2:2332785818:2332785821","reason":"追加した回送道路を含めても、公開4社の出発道路ノードから往復可能な経路を確認できない市内区間。"},"geometry":{"type":"LineString","coordinates":[[141.417408,42.97151],[141.41753,42.971561]]}},{"type":"Feature","properties":{"task_id":"224456578:3:2332785821:2332785826","reason":"追加した回送道路を含めても、公開4社の出発道路ノードから往復可能な経路を確認できない市内区間。"},"geometry":{"type":"LineString","coordinates":[[141.41753,42.971561],[141.417676,42.9716]]}},{"type":"Feature","properties":{"task_id":"224456578:4:2332785826:2332785827","reason":"追加した回送道路を含めても、公開4社の出発道路ノードから往復可能な経路を確認できない市内区間。"},"geometry":{"type":"LineString","coordinates":[[141.417676,42.9716],[141.417829,42.971611]]}},{"type":"Feature","properties":{"task_id":"224456578:5:2332785827:2332785824","reason":"追加した回送道路を含めても、公開4社の出発道路ノードから往復可能な経路を確認できない市内区間。"},"geometry":{"type":"LineString","coordinates":[[141.417829,42.971611],[141.417906,42.971583]]}},{"type":"Feature","properties":{"task_id":"224456578:6:2332785824:2332785812","reason":"追加した回送道路を含めても、公開4社の出発道路ノードから往復可能な経路を確認できない市内区間。"},"geometry":{"type":"LineString","coordinates":[[141.417906,42.971583],[141.418141,42.971471]]}},{"type":"Feature","properties":{"task_id":"224456553:5:2332785812:2332785809","reason":"追加した回送道路を含めても、公開4社の出発道路ノードから往復可能な経路を確認できない市内区間。"},"geometry":{"type":"LineString","coordinates":[[141.418141,42.971471],[141.418084,42.971422]]}},{"type":"Feature","properties":{"task_id":"224456553:4:2332785809:2332785808","reason":"追加した回送道路を含めても、公開4社の出発道路ノードから往復可能な経路を確認できない市内区間。"},"geometry":{"type":"LineString","coordinates":[[141.418084,42.971422],[141.417967,42.971412]]}},{"type":"Feature","properties":{"task_id":"224456553:3:2332785808:2332785804","reason":"追加した回送道路を含めても、公開4社の出発道路ノードから往復可能な経路を確認できない市内区間。"},"geometry":{"type":"LineString","coordinates":[[141.417967,42.971412],[141.417844,42.971386]]}},{"type":"Feature","properties":{"task_id":"224456553:2:2332785804:2332785800","reason":"追加した回送道路を含めても、公開4社の出発道路ノードから往復可能な経路を確認できない市内区間。"},"geometry":{"type":"LineString","coordinates":[[141.417844,42.971386],[141.417735,42.971328]]}},{"type":"Feature","properties":{"task_id":"224456553:1:2332785800:2332785797","reason":"追加した回送道路を含めても、公開4社の出発道路ノードから往復可能な経路を確認できない市内区間。"},"geometry":{"type":"LineString","coordinates":[[141.417735,42.971328],[141.417625,42.971198]]}},{"type":"Feature","properties":{"task_id":"224456553:0:2332785797:2332785783","reason":"追加した回送道路を含めても、公開4社の出発道路ノードから往復可能な経路を確認できない市内区間。"},"geometry":{"type":"LineString","coordinates":[[141.417625,42.971198],[141.417498,42.971039]]}},{"type":"Feature","properties":{"task_id":"224456553:0:2332785783:2332785797","reason":"追加した回送道路を含めても、公開4社の出発道路ノードから往復可能な経路を確認できない市内区間。"},"geometry":{"type":"LineString","coordinates":[[141.417498,42.971039],[141.417625,42.971198]]}},{"type":"Feature","properties":{"task_id":"224456553:1:2332785797:2332785800","reason":"追加した回送道路を含めても、公開4社の出発道路ノードから往復可能な経路を確認できない市内区間。"},"geometry":{"type":"LineString","coordinates":[[141.417625,42.971198],[141.417735,42.971328]]}},{"type":"Feature","properties":{"task_id":"224456553:2:2332785800:2332785804","reason":"追加した回送道路を含めても、公開4社の出発道路ノードから往復可能な経路を確認できない市内区間。"},"geometry":{"type":"LineString","coordinates":[[141.417735,42.971328],[141.417844,42.971386]]}},{"type":"Feature","properties":{"task_id":"224456553:3:2332785804:2332785808","reason":"追加した回送道路を含めても、公開4社の出発道路ノードから往復可能な経路を確認できない市内区間。"},"geometry":{"type":"LineString","coordinates":[[141.417844,42.971386],[141.417967,42.971412]]}},{"type":"Feature","properties":{"task_id":"224456553:4:2332785808:2332785809","reason":"追加した回送道路を含めても、公開4社の出発道路ノードから往復可能な経路を確認できない市内区間。"},"geometry":{"type":"LineString","coordinates":[[141.417967,42.971412],[141.418084,42.971422]]}},{"type":"Feature","properties":{"task_id":"224456553:5:2332785809:2332785812","reason":"追加した回送道路を含めても、公開4社の出発道路ノードから往復可能な経路を確認できない市内区間。"},"geometry":{"type":"LineString","coordinates":[[141.418084,42.971422],[141.418141,42.971471]]}},{"type":"Feature","properties":{"task_id":"224456237:1:2332785812:2332785805","reason":"追加した回送道路を含めても、公開4社の出発道路ノードから往復可能な経路を確認できない市内区間。"},"geometry":{"type":"LineString","coordinates":[[141.418141,42.971471],[141.418347,42.971388]]}},{"type":"Feature","properties":{"task_id":"224456237:0:2332785805:2332785802","reason":"追加した回送道路を含めても、公開4社の出発道路ノードから往復可能な経路を確認できない市内区間。"},"geometry":{"type":"LineString","coordinates":[[141.418347,42.971388],[141.418469,42.971344]]}},{"type":"Feature","properties":{"task_id":"224456236:1:2332785802:2332785807","reason":"追加した回送道路を含めても、公開4社の出発道路ノードから往復可能な経路を確認できない市内区間。"},"geometry":{"type":"LineString","coordinates":[[141.418469,42.971344],[141.418679,42.971409]]}},{"type":"Feature","properties":{"task_id":"224456236:0:2332785807:2332785815","reason":"追加した回送道路を含めても、公開4社の出発道路ノードから往復可能な経路を確認できない市内区間。"},"geometry":{"type":"LineString","coordinates":[[141.418679,42.971409],[141.418786,42.971499]]}},{"type":"Feature","properties":{"task_id":"224456543:0:2332785815:2332785825","reason":"追加した回送道路を含めても、公開4社の出発道路ノードから往復可能な経路を確認できない市内区間。"},"geometry":{"type":"LineString","coordinates":[[141.418786,42.971499],[141.418886,42.971583]]}},{"type":"Feature","properties":{"task_id":"224456543:1:2332785825:2332785831","reason":"追加した回送道路を含めても、公開4社の出発道路ノードから往復可能な経路を確認できない市内区間。"},"geometry":{"type":"LineString","coordinates":[[141.418886,42.971583],[141.419001,42.97164]]}},{"type":"Feature","properties":{"task_id":"224456543:2:2332785831:2332785832","reason":"追加した回送道路を含めても、公開4社の出発道路ノードから往復可能な経路を確認できない市内区間。"},"geometry":{"type":"LineString","coordinates":[[141.419001,42.97164],[141.419177,42.971679]]}},{"type":"Feature","properties":{"task_id":"224456543:3:2332785832:2332785833","reason":"追加した回送道路を含めても、公開4社の出発道路ノードから往復可能な経路を確認できない市内区間。"},"geometry":{"type":"LineString","coordinates":[[141.419177,42.971679],[141.419453,42.97169]]}},{"type":"Feature","properties":{"task_id":"224456543:4:2332785833:2332785834","reason":"追加した回送道路を含めても、公開4社の出発道路ノードから往復可能な経路を確認できない市内区間。"},"geometry":{"type":"LineString","coordinates":[[141.419453,42.97169],[141.41968,42.971714]]}},{"type":"Feature","properties":{"task_id":"224456543:5:2332785834:2332785835","reason":"追加した回送道路を含めても、公開4社の出発道路ノードから往復可能な経路を確認できない市内区間。"},"geometry":{"type":"LineString","coordinates":[[141.41968,42.971714],[141.419688,42.971826]]}},{"type":"Feature","properties":{"task_id":"224456494:4:2332785835:2332785838","reason":"追加した回送道路を含めても、公開4社の出発道路ノードから往復可能な経路を確認できない市内区間。"},"geometry":{"type":"LineString","coordinates":[[141.419688,42.971826],[141.419698,42.972]]}},{"type":"Feature","properties":{"task_id":"224456494:3:2332785838:2332785850","reason":"追加した回送道路を含めても、公開4社の出発道路ノードから往復可能な経路を確認できない市内区間。"},"geometry":{"type":"LineString","coordinates":[[141.419698,42.972],[141.419736,42.972242]]}},{"type":"Feature","properties":{"task_id":"224456494:2:2332785850:2332785867","reason":"追加した回送道路を含めても、公開4社の出発道路ノードから往復可能な経路を確認できない市内区間。"},"geometry":{"type":"LineString","coordinates":[[141.419736,42.972242],[141.419804,42.972895]]}},{"type":"Feature","properties":{"task_id":"224456494:1:2332785867:2332785894","reason":"追加した回送道路を含めても、公開4社の出発道路ノードから往復可能な経路を確認できない市内区間。"},"geometry":{"type":"LineString","coordinates":[[141.419804,42.972895],[141.420027,42.973931]]}},{"type":"Feature","properties":{"task_id":"224456494:0:2332785894:2332785906","reason":"追加した回送道路を含めても、公開4社の出発道路ノードから往復可能な経路を確認できない市内区間。"},"geometry":{"type":"LineString","coordinates":[[141.420027,42.973931],[141.420045,42.974068]]}},{"type":"Feature","properties":{"task_id":"224456003:9:2332785906:2332785914","reason":"追加した回送道路を含めても、公開4社の出発道路ノードから往復可能な経路を確認できない市内区間。"},"geometry":{"type":"LineString","coordinates":[[141.420045,42.974068],[141.419713,42.974116]]}},{"type":"Feature","properties":{"task_id":"224456003:8:2332785914:2332785912","reason":"追加した回送道路を含めても、公開4社の出発道路ノードから往復可能な経路を確認できない市内区間。"},"geometry":{"type":"LineString","coordinates":[[141.419713,42.974116],[141.419498,42.974105]]}},{"type":"Feature","properties":{"task_id":"224456003:7:2332785912:2332785903","reason":"追加した回送道路を含めても、公開4社の出発道路ノードから往復可能な経路を確認できない市内区間。"},"geometry":{"type":"LineString","coordinates":[[141.419498,42.974105],[141.419314,42.974043]]}},{"type":"Feature","properties":{"task_id":"224456003:6:2332785903:2332785899","reason":"追加した回送道路を含めても、公開4社の出発道路ノードから往復可能な経路を確認できない市内区間。"},"geometry":{"type":"LineString","coordinates":[[141.419314,42.974043],[141.419131,42.973993]]}},{"type":"Feature","properties":{"task_id":"224456003:5:2332785899:2332785901","reason":"追加した回送道路を含めても、公開4社の出発道路ノードから往復可能な経路を確認できない市内区間。"},"geometry":{"type":"LineString","coordinates":[[141.419131,42.973993],[141.419031,42.973998]]}},{"type":"Feature","properties":{"task_id":"224456003:4:2332785901:2332785907","reason":"追加した回送道路を含めても、公開4社の出発道路ノードから往復可能な経路を確認できない市内区間。"},"geometry":{"type":"LineString","coordinates":[[141.419031,42.973998],[141.418694,42.974077]]}},{"type":"Feature","properties":{"task_id":"224456003:3:2332785907:2332785908","reason":"追加した回送道路を含めても、公開4社の出発道路ノードから往復可能な経路を確認できない市内区間。"},"geometry":{"type":"LineString","coordinates":[[141.418694,42.974077],[141.418602,42.974088]]}},{"type":"Feature","properties":{"task_id":"224456003:2:2332785908:2332785911","reason":"追加した回送道路を含めても、公開4社の出発道路ノードから往復可能な経路を確認できない市内区間。"},"geometry":{"type":"LineString","coordinates":[[141.418602,42.974088],[141.418449,42.974105]]}},{"type":"Feature","properties":{"task_id":"224456003:1:2332785911:2332785913","reason":"追加した回送道路を含めても、公開4社の出発道路ノードから往復可能な経路を確認できない市内区間。"},"geometry":{"type":"LineString","coordinates":[[141.418449,42.974105],[141.418418,42.974116]]}},{"type":"Feature","properties":{"task_id":"224456003:0:2332785913:2332785915","reason":"追加した回送道路を含めても、公開4社の出発道路ノードから往復可能な経路を確認できない市内区間。"},"geometry":{"type":"LineString","coordinates":[[141.418418,42.974116],[141.418181,42.974128]]}},{"type":"Feature","properties":{"task_id":"224456003:0:2332785915:2332785913","reason":"追加した回送道路を含めても、公開4社の出発道路ノードから往復可能な経路を確認できない市内区間。"},"geometry":{"type":"LineString","coordinates":[[141.418181,42.974128],[141.418418,42.974116]]}},{"type":"Feature","properties":{"task_id":"224456003:1:2332785913:2332785911","reason":"追加した回送道路を含めても、公開4社の出発道路ノードから往復可能な経路を確認できない市内区間。"},"geometry":{"type":"LineString","coordinates":[[141.418418,42.974116],[141.418449,42.974105]]}},{"type":"Feature","properties":{"task_id":"224456003:2:2332785911:2332785908","reason":"追加した回送道路を含めても、公開4社の出発道路ノードから往復可能な経路を確認できない市内区間。"},"geometry":{"type":"LineString","coordinates":[[141.418449,42.974105],[141.418602,42.974088]]}},{"type":"Feature","properties":{"task_id":"224456003:3:2332785908:2332785907","reason":"追加した回送道路を含めても、公開4社の出発道路ノードから往復可能な経路を確認できない市内区間。"},"geometry":{"type":"LineString","coordinates":[[141.418602,42.974088],[141.418694,42.974077]]}},{"type":"Feature","properties":{"task_id":"224456003:4:2332785907:2332785901","reason":"追加した回送道路を含めても、公開4社の出発道路ノードから往復可能な経路を確認できない市内区間。"},"geometry":{"type":"LineString","coordinates":[[141.418694,42.974077],[141.419031,42.973998]]}},{"type":"Feature","properties":{"task_id":"224456003:5:2332785901:2332785899","reason":"追加した回送道路を含めても、公開4社の出発道路ノードから往復可能な経路を確認できない市内区間。"},"geometry":{"type":"LineString","coordinates":[[141.419031,42.973998],[141.419131,42.973993]]}},{"type":"Feature","properties":{"task_id":"224456003:6:2332785899:2332785903","reason":"追加した回送道路を含めても、公開4社の出発道路ノードから往復可能な経路を確認できない市内区間。"},"geometry":{"type":"LineString","coordinates":[[141.419131,42.973993],[141.419314,42.974043]]}},{"type":"Feature","properties":{"task_id":"224456003:7:2332785903:2332785912","reason":"追加した回送道路を含めても、公開4社の出発道路ノードから往復可能な経路を確認できない市内区間。"},"geometry":{"type":"LineString","coordinates":[[141.419314,42.974043],[141.419498,42.974105]]}},{"type":"Feature","properties":{"task_id":"224456003:8:2332785912:2332785914","reason":"追加した回送道路を含めても、公開4社の出発道路ノードから往復可能な経路を確認できない市内区間。"},"geometry":{"type":"LineString","coordinates":[[141.419498,42.974105],[141.419713,42.974116]]}},{"type":"Feature","properties":{"task_id":"224456003:9:2332785914:2332785906","reason":"追加した回送道路を含めても、公開4社の出発道路ノードから往復可能な経路を確認できない市内区間。"},"geometry":{"type":"LineString","coordinates":[[141.419713,42.974116],[141.420045,42.974068]]}},{"type":"Feature","properties":{"task_id":"224456494:0:2332785906:2332785894","reason":"追加した回送道路を含めても、公開4社の出発道路ノードから往復可能な経路を確認できない市内区間。"},"geometry":{"type":"LineString","coordinates":[[141.420045,42.974068],[141.420027,42.973931]]}},{"type":"Feature","properties":{"task_id":"224456494:1:2332785894:2332785867","reason":"追加した回送道路を含めても、公開4社の出発道路ノードから往復可能な経路を確認できない市内区間。"},"geometry":{"type":"LineString","coordinates":[[141.420027,42.973931],[141.419804,42.972895]]}},{"type":"Feature","properties":{"task_id":"224456494:2:2332785867:2332785850","reason":"追加した回送道路を含めても、公開4社の出発道路ノードから往復可能な経路を確認できない市内区間。"},"geometry":{"type":"LineString","coordinates":[[141.419804,42.972895],[141.419736,42.972242]]}},{"type":"Feature","properties":{"task_id":"224456494:3:2332785850:2332785838","reason":"追加した回送道路を含めても、公開4社の出発道路ノードから往復可能な経路を確認できない市内区間。"},"geometry":{"type":"LineString","coordinates":[[141.419736,42.972242],[141.419698,42.972]]}},{"type":"Feature","properties":{"task_id":"224456494:4:2332785838:2332785835","reason":"追加した回送道路を含めても、公開4社の出発道路ノードから往復可能な経路を確認できない市内区間。"},"geometry":{"type":"LineString","coordinates":[[141.419698,42.972],[141.419688,42.971826]]}},{"type":"Feature","properties":{"task_id":"224456543:5:2332785835:2332785834","reason":"追加した回送道路を含めても、公開4社の出発道路ノードから往復可能な経路を確認できない市内区間。"},"geometry":{"type":"LineString","coordinates":[[141.419688,42.971826],[141.41968,42.971714]]}},{"type":"Feature","properties":{"task_id":"224456543:4:2332785834:2332785833","reason":"追加した回送道路を含めても、公開4社の出発道路ノードから往復可能な経路を確認できない市内区間。"},"geometry":{"type":"LineString","coordinates":[[141.41968,42.971714],[141.419453,42.97169]]}},{"type":"Feature","properties":{"task_id":"224456543:3:2332785833:2332785832","reason":"追加した回送道路を含めても、公開4社の出発道路ノードから往復可能な経路を確認できない市内区間。"},"geometry":{"type":"LineString","coordinates":[[141.419453,42.97169],[141.419177,42.971679]]}},{"type":"Feature","properties":{"task_id":"224456543:2:2332785832:2332785831","reason":"追加した回送道路を含めても、公開4社の出発道路ノードから往復可能な経路を確認できない市内区間。"},"geometry":{"type":"LineString","coordinates":[[141.419177,42.971679],[141.419001,42.97164]]}},{"type":"Feature","properties":{"task_id":"224456543:1:2332785831:2332785825","reason":"追加した回送道路を含めても、公開4社の出発道路ノードから往復可能な経路を確認できない市内区間。"},"geometry":{"type":"LineString","coordinates":[[141.419001,42.97164],[141.418886,42.971583]]}},{"type":"Feature","properties":{"task_id":"224456543:0:2332785825:2332785815","reason":"追加した回送道路を含めても、公開4社の出発道路ノードから往復可能な経路を確認できない市内区間。"},"geometry":{"type":"LineString","coordinates":[[141.418886,42.971583],[141.418786,42.971499]]}},{"type":"Feature","properties":{"task_id":"224456565:0:2332785815:2332785819","reason":"追加した回送道路を含めても、公開4社の出発道路ノードから往復可能な経路を確認できない市内区間。"},"geometry":{"type":"LineString","coordinates":[[141.418786,42.971499],[141.419131,42.971527]]}},{"type":"Feature","properties":{"task_id":"224456565:1:2332785819:2332785820","reason":"追加した回送道路を含めても、公開4社の出発道路ノードから往復可能な経路を確認できない市内区間。"},"geometry":{"type":"LineString","coordinates":[[141.419131,42.971527],[141.419407,42.971527]]}},{"type":"Feature","properties":{"task_id":"224456565:2:2332785820:2332785817","reason":"追加した回送道路を含めても、公開4社の出発道路ノードから往復可能な経路を確認できない市内区間。"},"geometry":{"type":"LineString","coordinates":[[141.419407,42.971527],[141.419606,42.971505]]}},{"type":"Feature","properties":{"task_id":"224456565:3:2332785817:2332785810","reason":"追加した回送道路を含めても、公開4社の出発道路ノードから往復可能な経路を確認できない市内区間。"},"geometry":{"type":"LineString","coordinates":[[141.419606,42.971505],[141.419759,42.971466]]}},{"type":"Feature","properties":{"task_id":"224456565:4:2332785810:2332785806","reason":"追加した回送道路を含めても、公開4社の出発道路ノードから往復可能な経路を確認できない市内区間。"},"geometry":{"type":"LineString","coordinates":[[141.419759,42.971466],[141.419904,42.971404]]}},{"type":"Feature","properties":{"task_id":"224456565:5:2332785806:2332785796","reason":"追加した回送道路を含めても、公開4社の出発道路ノードから往復可能な経路を確認できない市内区間。"},"geometry":{"type":"LineString","coordinates":[[141.419904,42.971404],[141.419958,42.97115]]}},{"type":"Feature","properties":{"task_id":"224456404:0:2332785796:2332785785","reason":"追加した回送道路を含めても、公開4社の出発道路ノードから往復可能な経路を確認できない市内区間。"},"geometry":{"type":"LineString","coordinates":[[141.419958,42.97115],[141.419759,42.971054]]}},{"type":"Feature","properties":{"task_id":"224456404:1:2332785785:2332785774","reason":"追加した回送道路を含めても、公開4社の出発道路ノードから往復可能な経路を確認できない市内区間。"},"geometry":{"type":"LineString","coordinates":[[141.419759,42.971054],[141.419629,42.97097]]}},{"type":"Feature","properties":{"task_id":"224456404:2:2332785774:2332785766","reason":"追加した回送道路を含めても、公開4社の出発道路ノードから往復可能な経路を確認できない市内区間。"},"geometry":{"type":"LineString","coordinates":[[141.419629,42.97097],[141.419552,42.970874]]}},{"type":"Feature","properties":{"task_id":"224456404:3:2332785766:2332785760","reason":"追加した回送道路を含めても、公開4社の出発道路ノードから往復可能な経路を確認できない市内区間。"},"geometry":{"type":"LineString","coordinates":[[141.419552,42.970874],[141.419491,42.970768]]}},{"type":"Feature","properties":{"task_id":"224456334:0:2332785760:2332785756","reason":"追加した回送道路を含めても、公開4社の出発道路ノードから往復可能な経路を確認できない市内区間。"},"geometry":{"type":"LineString","coordinates":[[141.419491,42.970768],[141.419373,42.970667]]}},{"type":"Feature","properties":{"task_id":"224456334:1:2332785756:2332785749","reason":"追加した回送道路を含めても、公開4社の出発道路ノードから往復可能な経路を確認できない市内区間。"},"geometry":{"type":"LineString","coordinates":[[141.419373,42.970667],[141.419276,42.970618]]}},{"type":"Feature","properties":{"task_id":"224456334:2:2332785749:2332785745","reason":"追加した回送道路を含めても、公開4社の出発道路ノードから往復可能な経路を確認できない市内区間。"},"geometry":{"type":"LineString","coordinates":[[141.419276,42.970618],[141.419128,42.970607]]}},{"type":"Feature","properties":{"task_id":"224455989:0:2332785745:2332785747","reason":"追加した回送道路を含めても、公開4社の出発道路ノードから往復可能な経路を確認できない市内区間。"},"geometry":{"type":"LineString","coordinates":[[141.419128,42.970607],[141.419069,42.97061]]}},{"type":"Feature","properties":{"task_id":"224455989:1:2332785747:2332785746","reason":"追加した回送道路を含めても、公開4社の出発道路ノードから往復可能な経路を確認できない市内区間。"},"geometry":{"type":"LineString","coordinates":[[141.419069,42.97061],[141.418893,42.97061]]}},{"type":"Feature","properties":{"task_id":"224455989:2:2332785746:2332785739","reason":"追加した回送道路を含めても、公開4社の出発道路ノードから往復可能な経路を確認できない市内区間。"},"geometry":{"type":"LineString","coordinates":[[141.418893,42.97061],[141.418603,42.970576]]}},{"type":"Feature","properties":{"task_id":"224455989:2:2332785739:2332785746","reason":"追加した回送道路を含めても、公開4社の出発道路ノードから往復可能な経路を確認できない市内区間。"},"geometry":{"type":"LineString","coordinates":[[141.418603,42.970576],[141.418893,42.97061]]}},{"type":"Feature","properties":{"task_id":"224455989:1:2332785746:2332785747","reason":"追加した回送道路を含めても、公開4社の出発道路ノードから往復可能な経路を確認できない市内区間。"},"geometry":{"type":"LineString","coordinates":[[141.418893,42.97061],[141.419069,42.97061]]}},{"type":"Feature","properties":{"task_id":"224455989:0:2332785747:2332785745","reason":"追加した回送道路を含めても、公開4社の出発道路ノードから往復可能な経路を確認できない市内区間。"},"geometry":{"type":"LineString","coordinates":[[141.419069,42.97061],[141.419128,42.970607]]}},{"type":"Feature","properties":{"task_id":"224456250:1:2332785745:2332785729","reason":"追加した回送道路を含めても、公開4社の出発道路ノードから往復可能な経路を確認できない市内区間。"},"geometry":{"type":"LineString","coordinates":[[141.419128,42.970607],[141.419118,42.970466]]}},{"type":"Feature","properties":{"task_id":"224456250:0:2332785729:2332785712","reason":"追加した回送道路を含めても、公開4社の出発道路ノードから往復可能な経路を確認できない市内区間。"},"geometry":{"type":"LineString","coordinates":[[141.419118,42.970466],[141.419013,42.970299]]}},{"type":"Feature","properties":{"task_id":"224456025:0:2332785712:2332785703","reason":"追加した回送道路を含めても、公開4社の出発道路ノードから往復可能な経路を確認できない市内区間。"},"geometry":{"type":"LineString","coordinates":[[141.419013,42.970299],[141.418886,42.97021]]}},{"type":"Feature","properties":{"task_id":"224456025:1:2332785703:2332785675","reason":"追加した回送道路を含めても、公開4社の出発道路ノードから往復可能な経路を確認できない市内区間。"},"geometry":{"type":"LineString","coordinates":[[141.418886,42.97021],[141.418243,42.969918]]}},{"type":"Feature","properties":{"task_id":"224456025:2:2332785675:2332785657","reason":"追加した回送道路を含めても、公開4社の出発道路ノードから往復可能な経路を確認できない市内区間。"},"geometry":{"type":"LineString","coordinates":[[141.418243,42.969918],[141.418021,42.969788]]}},{"type":"Feature","properties":{"task_id":"224456025:3:2332785657:2332785644","reason":"追加した回送道路を含めても、公開4社の出発道路ノードから往復可能な経路を確認できない市内区間。"},"geometry":{"type":"LineString","coordinates":[[141.418021,42.969788],[141.417883,42.969646]]}},{"type":"Feature","properties":{"task_id":"224456025:4:2332785644:2332785624","reason":"追加した回送道路を含めても、公開4社の出発道路ノードから往復可能な経路を確認できない市内区間。"},"geometry":{"type":"LineString","coordinates":[[141.417883,42.969646],[141.417822,42.969517]]}},{"type":"Feature","properties":{"task_id":"224456025:5:2332785624:2332785609","reason":"追加した回送道路を含めても、公開4社の出発道路ノードから往復可能な経路を確認できない市内区間。"},"geometry":{"type":"LineString","coordinates":[[141.417822,42.969517],[141.417791,42.969382]]}},{"type":"Feature","properties":{"task_id":"224456025:6:2332785609:2332785519","reason":"追加した回送道路を含めても、公開4社の出発道路ノードから往復可能な経路を確認できない市内区間。"},"geometry":{"type":"LineString","coordinates":[[141.417791,42.969382],[141.417767,42.968206]]}},{"type":"Feature","properties":{"task_id":"224456025:7:2332785519:2332785510","reason":"追加した回送道路を含めても、公開4社の出発道路ノードから往復可能な経路を確認できない市内区間。"},"geometry":{"type":"LineString","coordinates":[[141.417767,42.968206],[141.417736,42.968071]]}},{"type":"Feature","properties":{"task_id":"224456025:8:2332785510:2332785484","reason":"追加した回送道路を含めても、公開4社の出発道路ノードから往復可能な経路を確認できない市内区間。"},"geometry":{"type":"LineString","coordinates":[[141.417736,42.968071],[141.417583,42.967722]]}},{"type":"Feature","properties":{"task_id":"224456025:9:2332785484:2332785440","reason":"追加した回送道路を含めても、公開4社の出発道路ノードから往復可能な経路を確認できない市内区間。"},"geometry":{"type":"LineString","coordinates":[[141.417583,42.967722],[141.417583,42.967278]]}},{"type":"Feature","properties":{"task_id":"224456025:10:2332785440:2332785427","reason":"追加した回送道路を含めても、公開4社の出発道路ノードから往復可能な経路を確認できない市内区間。"},"geometry":{"type":"LineString","coordinates":[[141.417583,42.967278],[141.417615,42.967013]]}},{"type":"Feature","properties":{"task_id":"224456025:11:2332785427:2332785424","reason":"追加した回送道路を含めても、公開4社の出発道路ノードから往復可能な経路を確認できない市内区間。"},"geometry":{"type":"LineString","coordinates":[[141.417615,42.967013],[141.41763,42.966951]]}},{"type":"Feature","properties":{"task_id":"224456025:12:2332785424:2332785385","reason":"追加した回送道路を含めても、公開4社の出発道路ノードから往復可能な経路を確認できない市内区間。"},"geometry":{"type":"LineString","coordinates":[[141.41763,42.966951],[141.417648,42.966506]]}},{"type":"Feature","properties":{"task_id":"224456025:12:2332785385:2332785424","reason":"追加した回送道路を含めても、公開4社の出発道路ノードから往復可能な経路を確認できない市内区間。"},"geometry":{"type":"LineString","coordinates":[[141.417648,42.966506],[141.41763,42.966951]]}},{"type":"Feature","properties":{"task_id":"224456025:11:2332785424:2332785427","reason":"追加した回送道路を含めても、公開4社の出発道路ノードから往復可能な経路を確認できない市内区間。"},"geometry":{"type":"LineString","coordinates":[[141.41763,42.966951],[141.417615,42.967013]]}},{"type":"Feature","properties":{"task_id":"224456025:10:2332785427:2332785440","reason":"追加した回送道路を含めても、公開4社の出発道路ノードから往復可能な経路を確認できない市内区間。"},"geometry":{"type":"LineString","coordinates":[[141.417615,42.967013],[141.417583,42.967278]]}},{"type":"Feature","properties":{"task_id":"224456025:9:2332785440:2332785484","reason":"追加した回送道路を含めても、公開4社の出発道路ノードから往復可能な経路を確認できない市内区間。"},"geometry":{"type":"LineString","coordinates":[[141.417583,42.967278],[141.417583,42.967722]]}},{"type":"Feature","properties":{"task_id":"224456025:8:2332785484:2332785510","reason":"追加した回送道路を含めても、公開4社の出発道路ノードから往復可能な経路を確認できない市内区間。"},"geometry":{"type":"LineString","coordinates":[[141.417583,42.967722],[141.417736,42.968071]]}},{"type":"Feature","properties":{"task_id":"224456025:7:2332785510:2332785519","reason":"追加した回送道路を含めても、公開4社の出発道路ノードから往復可能な経路を確認できない市内区間。"},"geometry":{"type":"LineString","coordinates":[[141.417736,42.968071],[141.417767,42.968206]]}},{"type":"Feature","properties":{"task_id":"224456025:6:2332785519:2332785609","reason":"追加した回送道路を含めても、公開4社の出発道路ノードから往復可能な経路を確認できない市内区間。"},"geometry":{"type":"LineString","coordinates":[[141.417767,42.968206],[141.417791,42.969382]]}},{"type":"Feature","properties":{"task_id":"224456025:5:2332785609:2332785624","reason":"追加した回送道路を含めても、公開4社の出発道路ノードから往復可能な経路を確認できない市内区間。"},"geometry":{"type":"LineString","coordinates":[[141.417791,42.969382],[141.417822,42.969517]]}},{"type":"Feature","properties":{"task_id":"224456025:4:2332785624:2332785644","reason":"追加した回送道路を含めても、公開4社の出発道路ノードから往復可能な経路を確認できない市内区間。"},"geometry":{"type":"LineString","coordinates":[[141.417822,42.969517],[141.417883,42.969646]]}},{"type":"Feature","properties":{"task_id":"224456025:3:2332785644:2332785657","reason":"追加した回送道路を含めても、公開4社の出発道路ノードから往復可能な経路を確認できない市内区間。"},"geometry":{"type":"LineString","coordinates":[[141.417883,42.969646],[141.418021,42.969788]]}},{"type":"Feature","properties":{"task_id":"224456025:2:2332785657:2332785675","reason":"追加した回送道路を含めても、公開4社の出発道路ノードから往復可能な経路を確認できない市内区間。"},"geometry":{"type":"LineString","coordinates":[[141.418021,42.969788],[141.418243,42.969918]]}},{"type":"Feature","properties":{"task_id":"224456025:1:2332785675:2332785703","reason":"追加した回送道路を含めても、公開4社の出発道路ノードから往復可能な経路を確認できない市内区間。"},"geometry":{"type":"LineString","coordinates":[[141.418243,42.969918],[141.418886,42.97021]]}},{"type":"Feature","properties":{"task_id":"224456025:0:2332785703:2332785712","reason":"追加した回送道路を含めても、公開4社の出発道路ノードから往復可能な経路を確認できない市内区間。"},"geometry":{"type":"LineString","coordinates":[[141.418886,42.97021],[141.419013,42.970299]]}},{"type":"Feature","properties":{"task_id":"224456133:0:2332785712:2332785690","reason":"追加した回送道路を含めても、公開4社の出発道路ノードから往復可能な経路を確認できない市内区間。"},"geometry":{"type":"LineString","coordinates":[[141.419013,42.970299],[141.418893,42.970064]]}},{"type":"Feature","properties":{"task_id":"224456133:0:2332785690:2332785712","reason":"追加した回送道路を含めても、公開4社の出発道路ノードから往復可能な経路を確認できない市内区間。"},"geometry":{"type":"LineString","coordinates":[[141.418893,42.970064],[141.419013,42.970299]]}},{"type":"Feature","properties":{"task_id":"224456250:0:2332785712:2332785729","reason":"追加した回送道路を含めても、公開4社の出発道路ノードから往復可能な経路を確認できない市内区間。"},"geometry":{"type":"LineString","coordinates":[[141.419013,42.970299],[141.419118,42.970466]]}},{"type":"Feature","properties":{"task_id":"224456250:1:2332785729:2332785745","reason":"追加した回送道路を含めても、公開4社の出発道路ノードから往復可能な経路を確認できない市内区間。"},"geometry":{"type":"LineString","coordinates":[[141.419118,42.970466],[141.419128,42.970607]]}},{"type":"Feature","properties":{"task_id":"224456334:2:2332785745:2332785749","reason":"追加した回送道路を含めても、公開4社の出発道路ノードから往復可能な経路を確認できない市内区間。"},"geometry":{"type":"LineString","coordinates":[[141.419128,42.970607],[141.419276,42.970618]]}},{"type":"Feature","properties":{"task_id":"224456334:1:2332785749:2332785756","reason":"追加した回送道路を含めても、公開4社の出発道路ノードから往復可能な経路を確認できない市内区間。"},"geometry":{"type":"LineString","coordinates":[[141.419276,42.970618],[141.419373,42.970667]]}},{"type":"Feature","properties":{"task_id":"224456334:0:2332785756:2332785760","reason":"追加した回送道路を含めても、公開4社の出発道路ノードから往復可能な経路を確認できない市内区間。"},"geometry":{"type":"LineString","coordinates":[[141.419373,42.970667],[141.419491,42.970768]]}},{"type":"Feature","properties":{"task_id":"224456404:3:2332785760:2332785766","reason":"追加した回送道路を含めても、公開4社の出発道路ノードから往復可能な経路を確認できない市内区間。"},"geometry":{"type":"LineString","coordinates":[[141.419491,42.970768],[141.419552,42.970874]]}},{"type":"Feature","properties":{"task_id":"224456404:2:2332785766:2332785774","reason":"追加した回送道路を含めても、公開4社の出発道路ノードから往復可能な経路を確認できない市内区間。"},"geometry":{"type":"LineString","coordinates":[[141.419552,42.970874],[141.419629,42.97097]]}},{"type":"Feature","properties":{"task_id":"224456404:1:2332785774:2332785785","reason":"追加した回送道路を含めても、公開4社の出発道路ノードから往復可能な経路を確認できない市内区間。"},"geometry":{"type":"LineString","coordinates":[[141.419629,42.97097],[141.419759,42.971054]]}},{"type":"Feature","properties":{"task_id":"224456404:0:2332785785:2332785796","reason":"追加した回送道路を含めても、公開4社の出発道路ノードから往復可能な経路を確認できない市内区間。"},"geometry":{"type":"LineString","coordinates":[[141.419759,42.971054],[141.419958,42.97115]]}},{"type":"Feature","properties":{"task_id":"224456401:0:2332785796:2332785762","reason":"追加した回送道路を含めても、公開4社の出発道路ノードから往復可能な経路を確認できない市内区間。"},"geometry":{"type":"LineString","coordinates":[[141.419958,42.97115],[141.420088,42.970779]]}},{"type":"Feature","properties":{"task_id":"224456401:1:2332785762:2332785741","reason":"追加した回送道路を含めても、公開4社の出発道路ノードから往復可能な経路を確認できない市内区間。"},"geometry":{"type":"LineString","coordinates":[[141.420088,42.970779],[141.420149,42.970586]]}},{"type":"Feature","properties":{"task_id":"224456401:2:2332785741:2332785733","reason":"追加した回送道路を含めても、公開4社の出発道路ノードから往復可能な経路を確認できない市内区間。"},"geometry":{"type":"LineString","coordinates":[[141.420149,42.970586],[141.420195,42.970496]]}},{"type":"Feature","properties":{"task_id":"224456401:3:2332785733:2332785730","reason":"追加した回送道路を含めても、公開4社の出発道路ノードから往復可能な経路を確認できない市内区間。"},"geometry":{"type":"LineString","coordinates":[[141.420195,42.970496],[141.420195,42.970475]]}},{"type":"Feature","properties":{"task_id":"224456401:3:2332785730:2332785733","reason":"追加した回送道路を含めても、公開4社の出発道路ノードから往復可能な経路を確認できない市内区間。"},"geometry":{"type":"LineString","coordinates":[[141.420195,42.970475],[141.420195,42.970496]]}},{"type":"Feature","properties":{"task_id":"224456401:2:2332785733:2332785741","reason":"追加した回送道路を含めても、公開4社の出発道路ノードから往復可能な経路を確認できない市内区間。"},"geometry":{"type":"LineString","coordinates":[[141.420195,42.970496],[141.420149,42.970586]]}},{"type":"Feature","properties":{"task_id":"224456401:1:2332785741:2332785762","reason":"追加した回送道路を含めても、公開4社の出発道路ノードから往復可能な経路を確認できない市内区間。"},"geometry":{"type":"LineString","coordinates":[[141.420149,42.970586],[141.420088,42.970779]]}},{"type":"Feature","properties":{"task_id":"224456401:0:2332785762:2332785796","reason":"追加した回送道路を含めても、公開4社の出発道路ノードから往復可能な経路を確認できない市内区間。"},"geometry":{"type":"LineString","coordinates":[[141.420088,42.970779],[141.419958,42.97115]]}},{"type":"Feature","properties":{"task_id":"224456565:5:2332785796:2332785806","reason":"追加した回送道路を含めても、公開4社の出発道路ノードから往復可能な経路を確認できない市内区間。"},"geometry":{"type":"LineString","coordinates":[[141.419958,42.97115],[141.419904,42.971404]]}},{"type":"Feature","properties":{"task_id":"224456565:4:2332785806:2332785810","reason":"追加した回送道路を含めても、公開4社の出発道路ノードから往復可能な経路を確認できない市内区間。"},"geometry":{"type":"LineString","coordinates":[[141.419904,42.971404],[141.419759,42.971466]]}},{"type":"Feature","properties":{"task_id":"224456565:3:2332785810:2332785817","reason":"追加した回送道路を含めても、公開4社の出発道路ノードから往復可能な経路を確認できない市内区間。"},"geometry":{"type":"LineString","coordinates":[[141.419759,42.971466],[141.419606,42.971505]]}},{"type":"Feature","properties":{"task_id":"224456565:2:2332785817:2332785820","reason":"追加した回送道路を含めても、公開4社の出発道路ノードから往復可能な経路を確認できない市内区間。"},"geometry":{"type":"LineString","coordinates":[[141.419606,42.971505],[141.419407,42.971527]]}},{"type":"Feature","properties":{"task_id":"224456565:1:2332785820:2332785819","reason":"追加した回送道路を含めても、公開4社の出発道路ノードから往復可能な経路を確認できない市内区間。"},"geometry":{"type":"LineString","coordinates":[[141.419407,42.971527],[141.419131,42.971527]]}},{"type":"Feature","properties":{"task_id":"224456565:0:2332785819:2332785815","reason":"追加した回送道路を含めても、公開4社の出発道路ノードから往復可能な経路を確認できない市内区間。"},"geometry":{"type":"LineString","coordinates":[[141.419131,42.971527],[141.418786,42.971499]]}},{"type":"Feature","properties":{"task_id":"224456236:0:2332785815:2332785807","reason":"追加した回送道路を含めても、公開4社の出発道路ノードから往復可能な経路を確認できない市内区間。"},"geometry":{"type":"LineString","coordinates":[[141.418786,42.971499],[141.418679,42.971409]]}},{"type":"Feature","properties":{"task_id":"224456236:1:2332785807:2332785802","reason":"追加した回送道路を含めても、公開4社の出発道路ノードから往復可能な経路を確認できない市内区間。"},"geometry":{"type":"LineString","coordinates":[[141.418679,42.971409],[141.418469,42.971344]]}},{"type":"Feature","properties":{"task_id":"224456415:0:2332785802:2332785801","reason":"追加した回送道路を含めても、公開4社の出発道路ノードから往復可能な経路を確認できない市内区間。"},"geometry":{"type":"LineString","coordinates":[[141.418469,42.971344],[141.418141,42.971328]]}},{"type":"Feature","properties":{"task_id":"224456415:1:2332785801:2332785798","reason":"追加した回送道路を含めても、公開4社の出発道路ノードから往復可能な経路を確認できない市内区間。"},"geometry":{"type":"LineString","coordinates":[[141.418141,42.971328],[141.417899,42.971229]]}},{"type":"Feature","properties":{"task_id":"224456415:2:2332785798:2332785788","reason":"追加した回送道路を含めても、公開4社の出発道路ノードから往復可能な経路を確認できない市内区間。"},"geometry":{"type":"LineString","coordinates":[[141.417899,42.971229],[141.417769,42.971107]]}},{"type":"Feature","properties":{"task_id":"224456415:3:2332785788:2332785781","reason":"追加した回送道路を含めても、公開4社の出発道路ノードから往復可能な経路を確認できない市内区間。"},"geometry":{"type":"LineString","coordinates":[[141.417769,42.971107],[141.41774,42.971034]]}},{"type":"Feature","properties":{"task_id":"224456077:0:2332785781:2332785783","reason":"追加した回送道路を含めても、公開4社の出発道路ノードから往復可能な経路を確認できない市内区間。"},"geometry":{"type":"LineString","coordinates":[[141.41774,42.971034],[141.417498,42.971039]]}},{"type":"Feature","properties":{"task_id":"224455996:8:2332785783:2332785780","reason":"追加した回送道路を含めても、公開4社の出発道路ノードから往復可能な経路を確認できない市内区間。"},"geometry":{"type":"LineString","coordinates":[[141.417498,42.971039],[141.417216,42.971032]]}},{"type":"Feature","properties":{"task_id":"224455996:7:2332785780:2332785773","reason":"追加した回送道路を含めても、公開4社の出発道路ノードから往復可能な経路を確認できない市内区間。"},"geometry":{"type":"LineString","coordinates":[[141.417216,42.971032],[141.416895,42.97097]]}},{"type":"Feature","properties":{"task_id":"224455996:6:2332785773:2332785768","reason":"追加した回送道路を含めても、公開4社の出発道路ノードから往復可能な経路を確認できない市内区間。"},"geometry":{"type":"LineString","coordinates":[[141.416895,42.97097],[141.416826,42.970936]]}},{"type":"Feature","properties":{"task_id":"224455996:5:2332785768:2332785763","reason":"追加した回送道路を含めても、公開4社の出発道路ノードから往復可能な経路を確認できない市内区間。"},"geometry":{"type":"LineString","coordinates":[[141.416826,42.970936],[141.416634,42.970784]]}},{"type":"Feature","properties":{"task_id":"224455996:4:2332785763:2332785702","reason":"追加した回送道路を含めても、公開4社の出発道路ノードから往復可能な経路を確認できない市内区間。"},"geometry":{"type":"LineString","coordinates":[[141.416634,42.970784],[141.41599,42.970199]]}},{"type":"Feature","properties":{"task_id":"224455996:3:2332785702:2332785664","reason":"追加した回送道路を含めても、公開4社の出発道路ノードから往復可能な経路を確認できない市内区間。"},"geometry":{"type":"LineString","coordinates":[[141.41599,42.970199],[141.415561,42.969844]]}},{"type":"Feature","properties":{"task_id":"224455996:2:2332785664:2332785610","reason":"追加した回送道路を含めても、公開4社の出発道路ノードから往復可能な経路を確認できない市内区間。"},"geometry":{"type":"LineString","coordinates":[[141.415561,42.969844],[141.414965,42.9694]]}},{"type":"Feature","properties":{"task_id":"224455996:1:2332785610:2332785595","reason":"追加した回送道路を含めても、公開4社の出発道路ノードから往復可能な経路を確認できない市内区間。"},"geometry":{"type":"LineString","coordinates":[[141.414965,42.9694],[141.414581,42.96918]]}},{"type":"Feature","properties":{"task_id":"224455996:1:2332785595:2332785610","reason":"追加した回送道路を含めても、公開4社の出発道路ノードから往復可能な経路を確認できない市内区間。"},"geometry":{"type":"LineString","coordinates":[[141.414581,42.96918],[141.414965,42.9694]]}},{"type":"Feature","properties":{"task_id":"224455996:2:2332785610:2332785664","reason":"追加した回送道路を含めても、公開4社の出発道路ノードから往復可能な経路を確認できない市内区間。"},"geometry":{"type":"LineString","coordinates":[[141.414965,42.9694],[141.415561,42.969844]]}},{"type":"Feature","properties":{"task_id":"224455996:3:2332785664:2332785702","reason":"追加した回送道路を含めても、公開4社の出発道路ノードから往復可能な経路を確認できない市内区間。"},"geometry":{"type":"LineString","coordinates":[[141.415561,42.969844],[141.41599,42.970199]]}},{"type":"Feature","properties":{"task_id":"224455996:4:2332785702:2332785763","reason":"追加した回送道路を含めても、公開4社の出発道路ノードから往復可能な経路を確認できない市内区間。"},"geometry":{"type":"LineString","coordinates":[[141.41599,42.970199],[141.416634,42.970784]]}},{"type":"Feature","properties":{"task_id":"224455996:5:2332785763:2332785768","reason":"追加した回送道路を含めても、公開4社の出発道路ノードから往復可能な経路を確認できない市内区間。"},"geometry":{"type":"LineString","coordinates":[[141.416634,42.970784],[141.416826,42.970936]]}},{"type":"Feature","properties":{"task_id":"224455996:6:2332785768:2332785773","reason":"追加した回送道路を含めても、公開4社の出発道路ノードから往復可能な経路を確認できない市内区間。"},"geometry":{"type":"LineString","coordinates":[[141.416826,42.970936],[141.416895,42.97097]]}},{"type":"Feature","properties":{"task_id":"224455996:7:2332785773:2332785780","reason":"追加した回送道路を含めても、公開4社の出発道路ノードから往復可能な経路を確認できない市内区間。"},"geometry":{"type":"LineString","coordinates":[[141.416895,42.97097],[141.417216,42.971032]]}},{"type":"Feature","properties":{"task_id":"224455996:8:2332785780:2332785783","reason":"追加した回送道路を含めても、公開4社の出発道路ノードから往復可能な経路を確認できない市内区間。"},"geometry":{"type":"LineString","coordinates":[[141.417216,42.971032],[141.417498,42.971039]]}},{"type":"Feature","properties":{"task_id":"224456222:27:2332785783:2332785736","reason":"追加した回送道路を含めても、公開4社の出発道路ノードから往復可能な経路を確認できない市内区間。"},"geometry":{"type":"LineString","coordinates":[[141.417498,42.971039],[141.41704,42.970542]]}},{"type":"Feature","properties":{"task_id":"224456222:26:2332785736:2332785709","reason":"追加した回送道路を含めても、公開4社の出発道路ノードから往復可能な経路を確認できない市内区間。"},"geometry":{"type":"LineString","coordinates":[[141.41704,42.970542],[141.416841,42.970283]]}},{"type":"Feature","properties":{"task_id":"224456222:25:2332785709:2332785672","reason":"追加した回送道路を含めても、公開4社の出発道路ノードから往復可能な経路を確認できない市内区間。"},"geometry":{"type":"LineString","coordinates":[[141.416841,42.970283],[141.416589,42.969884]]}},{"type":"Feature","properties":{"task_id":"224456222:24:2332785672:2332785667","reason":"追加した回送道路を含めても、公開4社の出発道路ノードから往復可能な経路を確認できない市内区間。"},"geometry":{"type":"LineString","coordinates":[[141.416589,42.969884],[141.416558,42.969855]]}},{"type":"Feature","properties":{"task_id":"224456222:23:2332785667:2332785652","reason":"追加した回送道路を含めても、公開4社の出発道路ノードから往復可能な経路を確認できない市内区間。"},"geometry":{"type":"LineString","coordinates":[[141.416558,42.969855],[141.416474,42.96972]]}},{"type":"Feature","properties":{"task_id":"224456222:22:2332785652:2332785604","reason":"追加した回送道路を含めても、公開4社の出発道路ノードから往復可能な経路を確認できない市内区間。"},"geometry":{"type":"LineString","coordinates":[[141.416474,42.96972],[141.416166,42.969297]]}},{"type":"Feature","properties":{"task_id":"224456222:21:2332785604:2332785598","reason":"追加した回送道路を含めても、公開4社の出発道路ノードから往復可能な経路を確認できない市内区間。"},"geometry":{"type":"LineString","coordinates":[[141.416166,42.969297],[141.416113,42.969196]]}},{"type":"Feature","properties":{"task_id":"224456222:20:2332785598:2332785574","reason":"追加した回送道路を含めても、公開4社の出発道路ノードから往復可能な経路を確認できない市内区間。"},"geometry":{"type":"LineString","coordinates":[[141.416113,42.969196],[141.416113,42.968977]]}},{"type":"Feature","properties":{"task_id":"224456222:19:2332785574:2332785557","reason":"追加した回送道路を含めても、公開4社の出発道路ノードから往復可能な経路を確認できない市内区間。"},"geometry":{"type":"LineString","coordinates":[[141.416113,42.968977],[141.41622,42.968605]]}},{"type":"Feature","properties":{"task_id":"224456222:18:2332785557:2332785537","reason":"追加した回送道路を含めても、公開4社の出発道路ノードから往復可能な経路を確認できない市内区間。"},"geometry":{"type":"LineString","coordinates":[[141.41622,42.968605],[141.41622,42.968447]]}},{"type":"Feature","properties":{"task_id":"224456222:17:2332785537:2332785535","reason":"追加した回送道路を含めても、公開4社の出発道路ノードから往復可能な経路を確認できない市内区間。"},"geometry":{"type":"LineString","coordinates":[[141.41622,42.968447],[141.41619,42.968386]]}},{"type":"Feature","properties":{"task_id":"224456222:16:2332785535:2332785528","reason":"追加した回送道路を含めても、公開4社の出発道路ノードから往復可能な経路を確認できない市内区間。"},"geometry":{"type":"LineString","coordinates":[[141.41619,42.968386],[141.416175,42.968318]]}},{"type":"Feature","properties":{"task_id":"224456222:15:2332785528:2332785527","reason":"追加した回送道路を含めても、公開4社の出発道路ノードから往復可能な経路を確認できない市内区間。"},"geometry":{"type":"LineString","coordinates":[[141.416175,42.968318],[141.41599,42.968318]]}},{"type":"Feature","properties":{"task_id":"224456222:14:2332785527:2332785533","reason":"追加した回送道路を含めても、公開4社の出発道路ノードから往復可能な経路を確認できない市内区間。"},"geometry":{"type":"LineString","coordinates":[[141.41599,42.968318],[141.415822,42.96837]]}},{"type":"Feature","properties":{"task_id":"224456222:13:2332785533:2332785534","reason":"追加した回送道路を含めても、公開4社の出発道路ノードから往復可能な経路を確認できない市内区間。"},"geometry":{"type":"LineString","coordinates":[[141.415822,42.96837],[141.415646,42.968375]]}},{"type":"Feature","properties":{"task_id":"224456222:12:2332785534:2332785526","reason":"追加した回送道路を含めても、公開4社の出発道路ノードから往復可能な経路を確認できない市内区間。"},"geometry":{"type":"LineString","coordinates":[[141.415646,42.968375],[141.415546,42.968318]]}},{"type":"Feature","properties":{"task_id":"224456222:11:2332785526:2332785523","reason":"追加した回送道路を含めても、公開4社の出発道路ノードから往復可能な経路を確認できない市内区間。"},"geometry":{"type":"LineString","coordinates":[[141.415546,42.968318],[141.415523,42.968262]]}},{"type":"Feature","properties":{"task_id":"224456222:10:2332785523:2332785516","reason":"追加した回送道路を含めても、公開4社の出発道路ノードから往復可能な経路を確認できない市内区間。"},"geometry":{"type":"LineString","coordinates":[[141.415523,42.968262],[141.415523,42.968138]]}},{"type":"Feature","properties":{"task_id":"224456222:9:2332785516:2332785501","reason":"追加した回送道路を含めても、公開4社の出発道路ノードから往復可能な経路を確認できない市内区間。"},"geometry":{"type":"LineString","coordinates":[[141.415523,42.968138],[141.415615,42.967925]]}},{"type":"Feature","properties":{"task_id":"224456222:8:2332785501:2332785489","reason":"追加した回送道路を含めても、公開4社の出発道路ノードから往復可能な経路を確認できない市内区間。"},"geometry":{"type":"LineString","coordinates":[[141.415615,42.967925],[141.415623,42.9678]]}},{"type":"Feature","properties":{"task_id":"224456222:7:2332785489:2332785487","reason":"追加した回送道路を含めても、公開4社の出発道路ノードから往復可能な経路を確認できない市内区間。"},"geometry":{"type":"LineString","coordinates":[[141.415623,42.9678],[141.415592,42.967733]]}},{"type":"Feature","properties":{"task_id":"224456222:6:2332785487:2332785471","reason":"追加した回送道路を含めても、公開4社の出発道路ノードから往復可能な経路を確認できない市内区間。"},"geometry":{"type":"LineString","coordinates":[[141.415592,42.967733],[141.415425,42.967565]]}},{"type":"Feature","properties":{"task_id":"224456222:5:2332785471:2332785460","reason":"追加した回送道路を含めても、公開4社の出発道路ノードから往復可能な経路を確認できない市内区間。"},"geometry":{"type":"LineString","coordinates":[[141.415425,42.967565],[141.415401,42.967475]]}},{"type":"Feature","properties":{"task_id":"224456222:4:2332785460:2332785456","reason":"追加した回送道路を含めても、公開4社の出発道路ノードから往復可能な経路を確認できない市内区間。"},"geometry":{"type":"LineString","coordinates":[[141.415401,42.967475],[141.415432,42.967395]]}},{"type":"Feature","properties":{"task_id":"224456222:3:2332785456:2332785445","reason":"追加した回送道路を含めても、公開4社の出発道路ノードから往復可能な経路を確認できない市内区間。"},"geometry":{"type":"LineString","coordinates":[[141.415432,42.967395],[141.4155,42.967322]]}},{"type":"Feature","properties":{"task_id":"224456222:2:2332785445:2332785437","reason":"追加した回送道路を含めても、公開4社の出発道路ノードから往復可能な経路を確認できない市内区間。"},"geometry":{"type":"LineString","coordinates":[[141.4155,42.967322],[141.415646,42.967226]]}},{"type":"Feature","properties":{"task_id":"224456222:1:2332785437:2332785434","reason":"追加した回送道路を含めても、公開4社の出発道路ノードから往復可能な経路を確認できない市内区間。"},"geometry":{"type":"LineString","coordinates":[[141.415646,42.967226],[141.415799,42.967165]]}},{"type":"Feature","properties":{"task_id":"224456222:0:2332785434:2332785433","reason":"追加した回送道路を含めても、公開4社の出発道路ノードから往復可能な経路を確認できない市内区間。"},"geometry":{"type":"LineString","coordinates":[[141.415799,42.967165],[141.415891,42.967149]]}},{"type":"Feature","properties":{"task_id":"224456222:0:2332785433:2332785434","reason":"追加した回送道路を含めても、公開4社の出発道路ノードから往復可能な経路を確認できない市内区間。"},"geometry":{"type":"LineString","coordinates":[[141.415891,42.967149],[141.415799,42.967165]]}},{"type":"Feature","properties":{"task_id":"224456222:1:2332785434:2332785437","reason":"追加した回送道路を含めても、公開4社の出発道路ノードから往復可能な経路を確認できない市内区間。"},"geometry":{"type":"LineString","coordinates":[[141.415799,42.967165],[141.415646,42.967226]]}},{"type":"Feature","properties":{"task_id":"224456222:2:2332785437:2332785445","reason":"追加した回送道路を含めても、公開4社の出発道路ノードから往復可能な経路を確認できない市内区間。"},"geometry":{"type":"LineString","coordinates":[[141.415646,42.967226],[141.4155,42.967322]]}},{"type":"Feature","properties":{"task_id":"224456222:3:2332785445:2332785456","reason":"追加した回送道路を含めても、公開4社の出発道路ノードから往復可能な経路を確認できない市内区間。"},"geometry":{"type":"LineString","coordinates":[[141.4155,42.967322],[141.415432,42.967395]]}},{"type":"Feature","properties":{"task_id":"224456222:4:2332785456:2332785460","reason":"追加した回送道路を含めても、公開4社の出発道路ノードから往復可能な経路を確認できない市内区間。"},"geometry":{"type":"LineString","coordinates":[[141.415432,42.967395],[141.415401,42.967475]]}},{"type":"Feature","properties":{"task_id":"224456222:5:2332785460:2332785471","reason":"追加した回送道路を含めても、公開4社の出発道路ノードから往復可能な経路を確認できない市内区間。"},"geometry":{"type":"LineString","coordinates":[[141.415401,42.967475],[141.415425,42.967565]]}},{"type":"Feature","properties":{"task_id":"224456222:6:2332785471:2332785487","reason":"追加した回送道路を含めても、公開4社の出発道路ノードから往復可能な経路を確認できない市内区間。"},"geometry":{"type":"LineString","coordinates":[[141.415425,42.967565],[141.415592,42.967733]]}},{"type":"Feature","properties":{"task_id":"224456222:7:2332785487:2332785489","reason":"追加した回送道路を含めても、公開4社の出発道路ノードから往復可能な経路を確認できない市内区間。"},"geometry":{"type":"LineString","coordinates":[[141.415592,42.967733],[141.415623,42.9678]]}},{"type":"Feature","properties":{"task_id":"224456222:8:2332785489:2332785501","reason":"追加した回送道路を含めても、公開4社の出発道路ノードから往復可能な経路を確認できない市内区間。"},"geometry":{"type":"LineString","coordinates":[[141.415623,42.9678],[141.415615,42.967925]]}},{"type":"Feature","properties":{"task_id":"224456222:9:2332785501:2332785516","reason":"追加した回送道路を含めても、公開4社の出発道路ノードから往復可能な経路を確認できない市内区間。"},"geometry":{"type":"LineString","coordinates":[[141.415615,42.967925],[141.415523,42.968138]]}},{"type":"Feature","properties":{"task_id":"224456222:10:2332785516:2332785523","reason":"追加した回送道路を含めても、公開4社の出発道路ノードから往復可能な経路を確認できない市内区間。"},"geometry":{"type":"LineString","coordinates":[[141.415523,42.968138],[141.415523,42.968262]]}},{"type":"Feature","properties":{"task_id":"224456222:11:2332785523:2332785526","reason":"追加した回送道路を含めても、公開4社の出発道路ノードから往復可能な経路を確認できない市内区間。"},"geometry":{"type":"LineString","coordinates":[[141.415523,42.968262],[141.415546,42.968318]]}},{"type":"Feature","properties":{"task_id":"224456222:12:2332785526:2332785534","reason":"追加した回送道路を含めても、公開4社の出発道路ノードから往復可能な経路を確認できない市内区間。"},"geometry":{"type":"LineString","coordinates":[[141.415546,42.968318],[141.415646,42.968375]]}},{"type":"Feature","properties":{"task_id":"224456222:13:2332785534:2332785533","reason":"追加した回送道路を含めても、公開4社の出発道路ノードから往復可能な経路を確認できない市内区間。"},"geometry":{"type":"LineString","coordinates":[[141.415646,42.968375],[141.415822,42.96837]]}},{"type":"Feature","properties":{"task_id":"224456222:14:2332785533:2332785527","reason":"追加した回送道路を含めても、公開4社の出発道路ノードから往復可能な経路を確認できない市内区間。"},"geometry":{"type":"LineString","coordinates":[[141.415822,42.96837],[141.41599,42.968318]]}},{"type":"Feature","properties":{"task_id":"224456222:15:2332785527:2332785528","reason":"追加した回送道路を含めても、公開4社の出発道路ノードから往復可能な経路を確認できない市内区間。"},"geometry":{"type":"LineString","coordinates":[[141.41599,42.968318],[141.416175,42.968318]]}},{"type":"Feature","properties":{"task_id":"224456222:16:2332785528:2332785535","reason":"追加した回送道路を含めても、公開4社の出発道路ノードから往復可能な経路を確認できない市内区間。"},"geometry":{"type":"LineString","coordinates":[[141.416175,42.968318],[141.41619,42.968386]]}},{"type":"Feature","properties":{"task_id":"224456222:17:2332785535:2332785537","reason":"追加した回送道路を含めても、公開4社の出発道路ノードから往復可能な経路を確認できない市内区間。"},"geometry":{"type":"LineString","coordinates":[[141.41619,42.968386],[141.41622,42.968447]]}},{"type":"Feature","properties":{"task_id":"224456222:18:2332785537:2332785557","reason":"追加した回送道路を含めても、公開4社の出発道路ノードから往復可能な経路を確認できない市内区間。"},"geometry":{"type":"LineString","coordinates":[[141.41622,42.968447],[141.41622,42.968605]]}},{"type":"Feature","properties":{"task_id":"224456222:19:2332785557:2332785574","reason":"追加した回送道路を含めても、公開4社の出発道路ノードから往復可能な経路を確認できない市内区間。"},"geometry":{"type":"LineString","coordinates":[[141.41622,42.968605],[141.416113,42.968977]]}},{"type":"Feature","properties":{"task_id":"224456222:20:2332785574:2332785598","reason":"追加した回送道路を含めても、公開4社の出発道路ノードから往復可能な経路を確認できない市内区間。"},"geometry":{"type":"LineString","coordinates":[[141.416113,42.968977],[141.416113,42.969196]]}},{"type":"Feature","properties":{"task_id":"224456222:21:2332785598:2332785604","reason":"追加した回送道路を含めても、公開4社の出発道路ノードから往復可能な経路を確認できない市内区間。"},"geometry":{"type":"LineString","coordinates":[[141.416113,42.969196],[141.416166,42.969297]]}},{"type":"Feature","properties":{"task_id":"224456222:22:2332785604:2332785652","reason":"追加した回送道路を含めても、公開4社の出発道路ノードから往復可能な経路を確認できない市内区間。"},"geometry":{"type":"LineString","coordinates":[[141.416166,42.969297],[141.416474,42.96972]]}},{"type":"Feature","properties":{"task_id":"224456222:23:2332785652:2332785667","reason":"追加した回送道路を含めても、公開4社の出発道路ノードから往復可能な経路を確認できない市内区間。"},"geometry":{"type":"LineString","coordinates":[[141.416474,42.96972],[141.416558,42.969855]]}},{"type":"Feature","properties":{"task_id":"224456222:24:2332785667:2332785672","reason":"追加した回送道路を含めても、公開4社の出発道路ノードから往復可能な経路を確認できない市内区間。"},"geometry":{"type":"LineString","coordinates":[[141.416558,42.969855],[141.416589,42.969884]]}},{"type":"Feature","properties":{"task_id":"224456222:25:2332785672:2332785709","reason":"追加した回送道路を含めても、公開4社の出発道路ノードから往復可能な経路を確認できない市内区間。"},"geometry":{"type":"LineString","coordinates":[[141.416589,42.969884],[141.416841,42.970283]]}},{"type":"Feature","properties":{"task_id":"224456222:26:2332785709:2332785736","reason":"追加した回送道路を含めても、公開4社の出発道路ノードから往復可能な経路を確認できない市内区間。"},"geometry":{"type":"LineString","coordinates":[[141.416841,42.970283],[141.41704,42.970542]]}},{"type":"Feature","properties":{"task_id":"224456222:27:2332785736:2332785783","reason":"追加した回送道路を含めても、公開4社の出発道路ノードから往復可能な経路を確認できない市内区間。"},"geometry":{"type":"LineString","coordinates":[[141.41704,42.970542],[141.417498,42.971039]]}},{"type":"Feature","properties":{"task_id":"224456077:0:2332785783:2332785781","reason":"追加した回送道路を含めても、公開4社の出発道路ノードから往復可能な経路を確認できない市内区間。"},"geometry":{"type":"LineString","coordinates":[[141.417498,42.971039],[141.41774,42.971034]]}},{"type":"Feature","properties":{"task_id":"224455989:8:2332785781:2332785776","reason":"追加した回送道路を含めても、公開4社の出発道路ノードから往復可能な経路を確認できない市内区間。"},"geometry":{"type":"LineString","coordinates":[[141.41774,42.971034],[141.417867,42.971004]]}},{"type":"Feature","properties":{"task_id":"224455989:7:2332785776:2332785770","reason":"追加した回送道路を含めても、公開4社の出発道路ノードから往復可能な経路を確認できない市内区間。"},"geometry":{"type":"LineString","coordinates":[[141.417867,42.971004],[141.41799,42.970953]]}},{"type":"Feature","properties":{"task_id":"224455989:6:2332785770:2332785742","reason":"追加した回送道路を含めても、公開4社の出発道路ノードから往復可能な経路を確認できない市内区間。"},"geometry":{"type":"LineString","coordinates":[[141.41799,42.970953],[141.418342,42.970599]]}},{"type":"Feature","properties":{"task_id":"224455989:5:2332785742:2332785743","reason":"追加した回送道路を含めても、公開4社の出発道路ノードから往復可能な経路を確認できない市内区間。"},"geometry":{"type":"LineString","coordinates":[[141.418342,42.970599],[141.41838,42.970599]]}},{"type":"Feature","properties":{"task_id":"224455989:4:2332785743:2332785740","reason":"追加した回送道路を含めても、公開4社の出発道路ノードから往復可能な経路を確認できない市内区間。"},"geometry":{"type":"LineString","coordinates":[[141.41838,42.970599],[141.418419,42.970582]]}},{"type":"Feature","properties":{"task_id":"224455989:3:2332785740:2332785739","reason":"追加した回送道路を含めても、公開4社の出発道路ノードから往復可能な経路を確認できない市内区間。"},"geometry":{"type":"LineString","coordinates":[[141.418419,42.970582],[141.418603,42.970576]]}},{"type":"Feature","properties":{"task_id":"224455989:3:2332785739:2332785740","reason":"追加した回送道路を含めても、公開4社の出発道路ノードから往復可能な経路を確認できない市内区間。"},"geometry":{"type":"LineString","coordinates":[[141.418603,42.970576],[141.418419,42.970582]]}},{"type":"Feature","properties":{"task_id":"224455989:4:2332785740:2332785743","reason":"追加した回送道路を含めても、公開4社の出発道路ノードから往復可能な経路を確認できない市内区間。"},"geometry":{"type":"LineString","coordinates":[[141.418419,42.970582],[141.41838,42.970599]]}},{"type":"Feature","properties":{"task_id":"224455989:5:2332785743:2332785742","reason":"追加した回送道路を含めても、公開4社の出発道路ノードから往復可能な経路を確認できない市内区間。"},"geometry":{"type":"LineString","coordinates":[[141.41838,42.970599],[141.418342,42.970599]]}},{"type":"Feature","properties":{"task_id":"224455989:6:2332785742:2332785770","reason":"追加した回送道路を含めても、公開4社の出発道路ノードから往復可能な経路を確認できない市内区間。"},"geometry":{"type":"LineString","coordinates":[[141.418342,42.970599],[141.41799,42.970953]]}},{"type":"Feature","properties":{"task_id":"224455989:7:2332785770:2332785776","reason":"追加した回送道路を含めても、公開4社の出発道路ノードから往復可能な経路を確認できない市内区間。"},"geometry":{"type":"LineString","coordinates":[[141.41799,42.970953],[141.417867,42.971004]]}},{"type":"Feature","properties":{"task_id":"224455989:8:2332785776:2332785781","reason":"追加した回送道路を含めても、公開4社の出発道路ノードから往復可能な経路を確認できない市内区間。"},"geometry":{"type":"LineString","coordinates":[[141.417867,42.971004],[141.41774,42.971034]]}},{"type":"Feature","properties":{"task_id":"224456209:0:2332785781:2332785759","reason":"追加した回送道路を含めても、公開4社の出発道路ノードから往復可能な経路を確認できない市内区間。"},"geometry":{"type":"LineString","coordinates":[[141.41774,42.971034],[141.41763,42.970745]]}},{"type":"Feature","properties":{"task_id":"224456209:1:2332785759:2332785744","reason":"追加した回送道路を含めても、公開4社の出発道路ノードから往復可能な経路を確認できない市内区間。"},"geometry":{"type":"LineString","coordinates":[[141.41763,42.970745],[141.417531,42.970604]]}},{"type":"Feature","properties":{"task_id":"224456209:2:2332785744:2332785731","reason":"追加した回送道路を含めても、公開4社の出発道路ノードから往復可能な経路を確認できない市内区間。"},"geometry":{"type":"LineString","coordinates":[[141.417531,42.970604],[141.417393,42.97048]]}},{"type":"Feature","properties":{"task_id":"224456209:3:2332785731:2332785721","reason":"追加した回送道路を含めても、公開4社の出発道路ノードから往復可能な経路を確認できない市内区間。"},"geometry":{"type":"LineString","coordinates":[[141.417393,42.97048],[141.417308,42.970379]]}},{"type":"Feature","properties":{"task_id":"224456209:4:2332785721:2332785710","reason":"追加した回送道路を含めても、公開4社の出発道路ノードから往復可能な経路を確認できない市内区間。"},"geometry":{"type":"LineString","coordinates":[[141.417308,42.970379],[141.417278,42.970283]]}},{"type":"Feature","properties":{"task_id":"224456209:5:2332785710:2332785680","reason":"追加した回送道路を含めても、公開4社の出発道路ノードから往復可能な経路を確認できない市内区間。"},"geometry":{"type":"LineString","coordinates":[[141.417278,42.970283],[141.41727,42.969934]]}},{"type":"Feature","properties":{"task_id":"224456209:6:2332785680:2332785643","reason":"追加した回送道路を含めても、公開4社の出発道路ノードから往復可能な経路を確認できない市内区間。"},"geometry":{"type":"LineString","coordinates":[[141.41727,42.969934],[141.417215,42.969646]]}},{"type":"Feature","properties":{"task_id":"224456209:7:2332785643:2332785614","reason":"追加した回送道路を含めても、公開4社の出発道路ノードから往復可能な経路を確認できない市内区間。"},"geometry":{"type":"LineString","coordinates":[[141.417215,42.969646],[141.417139,42.969438]]}},{"type":"Feature","properties":{"task_id":"224456209:8:2332785614:2332785600","reason":"追加した回送道路を含めても、公開4社の出発道路ノードから往復可能な経路を確認できない市内区間。"},"geometry":{"type":"LineString","coordinates":[[141.417139,42.969438],[141.417025,42.96923]]}},{"type":"Feature","properties":{"task_id":"224456209:9:2332785600:2332785582","reason":"追加した回送道路を含めても、公開4社の出発道路ノードから往復可能な経路を確認できない市内区間。"},"geometry":{"type":"LineString","coordinates":[[141.417025,42.96923],[141.416917,42.969067]]}},{"type":"Feature","properties":{"task_id":"224456209:10:2332785582:2332785570","reason":"追加した回送道路を含めても、公開4社の出発道路ノードから往復可能な経路を確認できない市内区間。"},"geometry":{"type":"LineString","coordinates":[[141.416917,42.969067],[141.416856,42.96891]]}},{"type":"Feature","properties":{"task_id":"224456209:11:2332785570:2332785561","reason":"追加した回送道路を含めても、公開4社の出発道路ノードから往復可能な経路を確認できない市内区間。"},"geometry":{"type":"LineString","coordinates":[[141.416856,42.96891],[141.416848,42.968685]]}},{"type":"Feature","properties":{"task_id":"224456209:12:2332785561:2332785541","reason":"追加した回送道路を含めても、公開4社の出発道路ノードから往復可能な経路を確認できない市内区間。"},"geometry":{"type":"LineString","coordinates":[[141.416848,42.968685],[141.41691,42.96847]]}},{"type":"Feature","properties":{"task_id":"224456209:13:2332785541:2332785524","reason":"追加した回送道路を含めても、公開4社の出発道路ノードから往復可能な経路を確認できない市内区間。"},"geometry":{"type":"LineString","coordinates":[[141.41691,42.96847],[141.41691,42.968262]]}},{"type":"Feature","properties":{"task_id":"224456209:14:2332785524:2332785515","reason":"追加した回送道路を含めても、公開4社の出発道路ノードから往復可能な経路を確認できない市内区間。"},"geometry":{"type":"LineString","coordinates":[[141.41691,42.968262],[141.416863,42.968127]]}},{"type":"Feature","properties":{"task_id":"224456209:15:2332785515:2332785507","reason":"追加した回送道路を含めても、公開4社の出発道路ノードから往復可能な経路を確認できない市内区間。"},"geometry":{"type":"LineString","coordinates":[[141.416863,42.968127],[141.416748,42.967992]]}},{"type":"Feature","properties":{"task_id":"224456209:16:2332785507:2332785498","reason":"追加した回送道路を含めても、公開4社の出発道路ノードから往復可能な経路を確認できない市内区間。"},"geometry":{"type":"LineString","coordinates":[[141.416748,42.967992],[141.416695,42.967885]]}},{"type":"Feature","properties":{"task_id":"224456209:17:2332785498:2332785483","reason":"追加した回送道路を含めても、公開4社の出発道路ノードから往復可能な経路を確認できない市内区間。"},"geometry":{"type":"LineString","coordinates":[[141.416695,42.967885],[141.416695,42.967722]]}},{"type":"Feature","properties":{"task_id":"224456209:18:2332785483:2332785474","reason":"追加した回送道路を含めても、公開4社の出発道路ノードから往復可能な経路を確認できない市内区間。"},"geometry":{"type":"LineString","coordinates":[[141.416695,42.967722],[141.416779,42.967587]]}},{"type":"Feature","properties":{"task_id":"224456209:19:2332785474:2332785447","reason":"追加した回送道路を含めても、公開4社の出発道路ノードから往復可能な経路を確認できない市内区間。"},"geometry":{"type":"LineString","coordinates":[[141.416779,42.967587],[141.417002,42.96734]]}},{"type":"Feature","properties":{"task_id":"224456209:20:2332785447:2332785442","reason":"追加した回送道路を含めても、公開4社の出発道路ノードから往復可能な経路を確認できない市内区間。"},"geometry":{"type":"LineString","coordinates":[[141.417002,42.96734],[141.41707,42.967284]]}},{"type":"Feature","properties":{"task_id":"224456209:21:2332785442:2332785418","reason":"追加した回送道路を含めても、公開4社の出発道路ノードから往復可能な経路を確認できない市内区間。"},"geometry":{"type":"LineString","coordinates":[[141.41707,42.967284],[141.41743,42.96685]]}},{"type":"Feature","properties":{"task_id":"224456209:22:2332785418:2332785410","reason":"追加した回送道路を含めても、公開4社の出発道路ノードから往復可能な経路を確認できない市内区間。"},"geometry":{"type":"LineString","coordinates":[[141.41743,42.96685],[141.417492,42.96676]]}},{"type":"Feature","properties":{"task_id":"224456209:23:2332785410:2332785396","reason":"追加した回送道路を含めても、公開4社の出発道路ノードから往復可能な経路を確認できない市内区間。"},"geometry":{"type":"LineString","coordinates":[[141.417492,42.96676],[141.417583,42.966574]]}},{"type":"Feature","properties":{"task_id":"224456209:24:2332785396:2332785385","reason":"追加した回送道路を含めても、公開4社の出発道路ノードから往復可能な経路を確認できない市内区間。"},"geometry":{"type":"LineString","coordinates":[[141.417583,42.966574],[141.417648,42.966506]]}},{"type":"Feature","properties":{"task_id":"224456483:4:2332785385:2332785383","reason":"追加した回送道路を含めても、公開4社の出発道路ノードから往復可能な経路を確認できない市内区間。"},"geometry":{"type":"LineString","coordinates":[[141.417648,42.966506],[141.417737,42.966484]]}},{"type":"Feature","properties":{"task_id":"224456483:3:2332785383:2332785364","reason":"追加した回送道路を含めても、公開4社の出発道路ノードから往復可能な経路を確認できない市内区間。"},"geometry":{"type":"LineString","coordinates":[[141.417737,42.966484],[141.417905,42.966271]]}},{"type":"Feature","properties":{"task_id":"224456483:2:2332785364:2332785339","reason":"追加した回送道路を含めても、公開4社の出発道路ノードから往復可能な経路を確認できない市内区間。"},"geometry":{"type":"LineString","coordinates":[[141.417905,42.966271],[141.41802,42.966057]]}},{"type":"Feature","properties":{"task_id":"224456483:1:2332785339:2332785287","reason":"追加した回送道路を含めても、公開4社の出発道路ノードから往復可能な経路を確認できない市内区間。"},"geometry":{"type":"LineString","coordinates":[[141.41802,42.966057],[141.418227,42.965612]]}},{"type":"Feature","properties":{"task_id":"224456483:0:2332785287:2332785277","reason":"追加した回送道路を含めても、公開4社の出発道路ノードから往復可能な経路を確認できない市内区間。"},"geometry":{"type":"LineString","coordinates":[[141.418227,42.965612],[141.418225,42.965394]]}},{"type":"Feature","properties":{"task_id":"224456604:7:2332785277:2332785296","reason":"追加した回送道路を含めても、公開4社の出発道路ノードから往復可能な経路を確認できない市内区間。"},"geometry":{"type":"LineString","coordinates":[[141.418225,42.965394],[141.418993,42.965651]]}},{"type":"Feature","properties":{"task_id":"224456604:6:2332785296:2332785320","reason":"追加した回送道路を含めても、公開4社の出発道路ノードから往復可能な経路を確認できない市内区間。"},"geometry":{"type":"LineString","coordinates":[[141.418993,42.965651],[141.419927,42.96582]]}},{"type":"Feature","properties":{"task_id":"224456604:5:2332785320:2332785328","reason":"追加した回送道路を含めても、公開4社の出発道路ノードから往復可能な経路を確認できない市内区間。"},"geometry":{"type":"LineString","coordinates":[[141.419927,42.96582],[141.420417,42.965882]]}},{"type":"Feature","properties":{"task_id":"224456604:4:2332785328:2332785329","reason":"追加した回送道路を含めても、公開4社の出発道路ノードから往復可能な経路を確認できない市内区間。"},"geometry":{"type":"LineString","coordinates":[[141.420417,42.965882],[141.420608,42.965894]]}},{"type":"Feature","properties":{"task_id":"224456604:3:2332785329:2332785330","reason":"追加した回送道路を含めても、公開4社の出発道路ノードから往復可能な経路を確認できない市内区間。"},"geometry":{"type":"LineString","coordinates":[[141.420608,42.965894],[141.420853,42.965922]]}},{"type":"Feature","properties":{"task_id":"224456604:2:2332785330:2332785333","reason":"追加した回送道路を含めても、公開4社の出発道路ノードから往復可能な経路を確認できない市内区間。"},"geometry":{"type":"LineString","coordinates":[[141.420853,42.965922],[141.42103,42.965956]]}},{"type":"Feature","properties":{"task_id":"224456604:1:2332785333:2332785368","reason":"追加した回送道路を含めても、公開4社の出発道路ノードから往復可能な経路を確認できない市内区間。"},"geometry":{"type":"LineString","coordinates":[[141.42103,42.965956],[141.422371,42.966293]]}},{"type":"Feature","properties":{"task_id":"224456604:0:2332785368:2332785377","reason":"追加した回送道路を含めても、公開4社の出発道路ノードから往復可能な経路を確認できない市内区間。"},"geometry":{"type":"LineString","coordinates":[[141.422371,42.966293],[141.422876,42.9664]]}},{"type":"Feature","properties":{"task_id":"224456363:3:2332785377:2332785384","reason":"追加した回送道路を含めても、公開4社の出発道路ノードから往復可能な経路を確認できない市内区間。"},"geometry":{"type":"LineString","coordinates":[[141.422876,42.9664],[141.423236,42.966496]]}},{"type":"Feature","properties":{"task_id":"224456363:2:2332785384:2332785393","reason":"追加した回送道路を含めても、公開4社の出発道路ノードから往復可能な経路を確認できない市内区間。"},"geometry":{"type":"LineString","coordinates":[[141.423236,42.966496],[141.423741,42.966563]]}},{"type":"Feature","properties":{"task_id":"224456363:1:2332785393:2332785400","reason":"追加した回送道路を含めても、公開4社の出発道路ノードから往復可能な経路を確認できない市内区間。"},"geometry":{"type":"LineString","coordinates":[[141.423741,42.966563],[141.424163,42.966631]]}},{"type":"Feature","properties":{"task_id":"224456363:0:2332785400:2332785402","reason":"追加した回送道路を含めても、公開4社の出発道路ノードから往復可能な経路を確認できない市内区間。"},"geometry":{"type":"LineString","coordinates":[[141.424163,42.966631],[141.424285,42.966642]]}},{"type":"Feature","properties":{"task_id":"224456363:0:2332785402:2332785400","reason":"追加した回送道路を含めても、公開4社の出発道路ノードから往復可能な経路を確認できない市内区間。"},"geometry":{"type":"LineString","coordinates":[[141.424285,42.966642],[141.424163,42.966631]]}},{"type":"Feature","properties":{"task_id":"224456363:1:2332785400:2332785393","reason":"追加した回送道路を含めても、公開4社の出発道路ノードから往復可能な経路を確認できない市内区間。"},"geometry":{"type":"LineString","coordinates":[[141.424163,42.966631],[141.423741,42.966563]]}},{"type":"Feature","properties":{"task_id":"224456363:2:2332785393:2332785384","reason":"追加した回送道路を含めても、公開4社の出発道路ノードから往復可能な経路を確認できない市内区間。"},"geometry":{"type":"LineString","coordinates":[[141.423741,42.966563],[141.423236,42.966496]]}},{"type":"Feature","properties":{"task_id":"224456363:3:2332785384:2332785377","reason":"追加した回送道路を含めても、公開4社の出発道路ノードから往復可能な経路を確認できない市内区間。"},"geometry":{"type":"LineString","coordinates":[[141.423236,42.966496],[141.422876,42.9664]]}},{"type":"Feature","properties":{"task_id":"224456604:0:2332785377:2332785368","reason":"追加した回送道路を含めても、公開4社の出発道路ノードから往復可能な経路を確認できない市内区間。"},"geometry":{"type":"LineString","coordinates":[[141.422876,42.9664],[141.422371,42.966293]]}},{"type":"Feature","properties":{"task_id":"224456604:1:2332785368:2332785333","reason":"追加した回送道路を含めても、公開4社の出発道路ノードから往復可能な経路を確認できない市内区間。"},"geometry":{"type":"LineString","coordinates":[[141.422371,42.966293],[141.42103,42.965956]]}},{"type":"Feature","properties":{"task_id":"224456604:2:2332785333:2332785330","reason":"追加した回送道路を含めても、公開4社の出発道路ノードから往復可能な経路を確認できない市内区間。"},"geometry":{"type":"LineString","coordinates":[[141.42103,42.965956],[141.420853,42.965922]]}},{"type":"Feature","properties":{"task_id":"224456604:3:2332785330:2332785329","reason":"追加した回送道路を含めても、公開4社の出発道路ノードから往復可能な経路を確認できない市内区間。"},"geometry":{"type":"LineString","coordinates":[[141.420853,42.965922],[141.420608,42.965894]]}},{"type":"Feature","properties":{"task_id":"224456604:4:2332785329:2332785328","reason":"追加した回送道路を含めても、公開4社の出発道路ノードから往復可能な経路を確認できない市内区間。"},"geometry":{"type":"LineString","coordinates":[[141.420608,42.965894],[141.420417,42.965882]]}},{"type":"Feature","properties":{"task_id":"224456604:5:2332785328:2332785320","reason":"追加した回送道路を含めても、公開4社の出発道路ノードから往復可能な経路を確認できない市内区間。"},"geometry":{"type":"LineString","coordinates":[[141.420417,42.965882],[141.419927,42.96582]]}},{"type":"Feature","properties":{"task_id":"224456604:6:2332785320:2332785296","reason":"追加した回送道路を含めても、公開4社の出発道路ノードから往復可能な経路を確認できない市内区間。"},"geometry":{"type":"LineString","coordinates":[[141.419927,42.96582],[141.418993,42.965651]]}},{"type":"Feature","properties":{"task_id":"224456604:7:2332785296:2332785277","reason":"追加した回送道路を含めても、公開4社の出発道路ノードから往復可能な経路を確認できない市内区間。"},"geometry":{"type":"LineString","coordinates":[[141.418993,42.965651],[141.418225,42.965394]]}},{"type":"Feature","properties":{"task_id":"224456327:0:2332785277:2332785258","reason":"追加した回送道路を含めても、公開4社の出発道路ノードから往復可能な経路を確認できない市内区間。"},"geometry":{"type":"LineString","coordinates":[[141.418225,42.965394],[141.417982,42.964942]]}},{"type":"Feature","properties":{"task_id":"224456327:1:2332785258:2332785241","reason":"追加した回送道路を含めても、公開4社の出発道路ノードから往復可能な経路を確認できない市内区間。"},"geometry":{"type":"LineString","coordinates":[[141.417982,42.964942],[141.417814,42.964582]]}},{"type":"Feature","properties":{"task_id":"224456327:2:2332785241:2332785210","reason":"追加した回送道路を含めても、公開4社の出発道路ノードから往復可能な経路を確認できない市内区間。"},"geometry":{"type":"LineString","coordinates":[[141.417814,42.964582],[141.417722,42.964335]]}},{"type":"Feature","properties":{"task_id":"224456456:4:2332785210:2332785197","reason":"追加した回送道路を含めても、公開4社の出発道路ノードから往復可能な経路を確認できない市内区間。"},"geometry":{"type":"LineString","coordinates":[[141.417722,42.964335],[141.418366,42.964194]]}},{"type":"Feature","properties":{"task_id":"224456456:3:2332785197:2332785170","reason":"追加した回送道路を含めても、公開4社の出発道路ノードから往復可能な経路を確認できない市内区間。"},"geometry":{"type":"LineString","coordinates":[[141.418366,42.964194],[141.419743,42.963924]]}},{"type":"Feature","properties":{"task_id":"224456456:2:2332785170:2332785166","reason":"追加した回送道路を含めても、公開4社の出発道路ノードから往復可能な経路を確認できない市内区間。"},"geometry":{"type":"LineString","coordinates":[[141.419743,42.963924],[141.419942,42.963896]]}},{"type":"Feature","properties":{"task_id":"224456456:1:2332785166:2332785165","reason":"追加した回送道路を含めても、公開4社の出発道路ノードから往復可能な経路を確認できない市内区間。"},"geometry":{"type":"LineString","coordinates":[[141.419942,42.963896],[141.420172,42.96389]]}},{"type":"Feature","properties":{"task_id":"224456456:0:2332785165:2332785167","reason":"追加した回送道路を含めても、公開4社の出発道路ノードから往復可能な経路を確認できない市内区間。"},"geometry":{"type":"LineString","coordinates":[[141.420172,42.96389],[141.420325,42.963907]]}},{"type":"Feature","properties":{"task_id":"224456456:0:2332785167:2332785165","reason":"追加した回送道路を含めても、公開4社の出発道路ノードから往復可能な経路を確認できない市内区間。"},"geometry":{"type":"LineString","coordinates":[[141.420325,42.963907],[141.420172,42.96389]]}},{"type":"Feature","properties":{"task_id":"224456456:1:2332785165:2332785166","reason":"追加した回送道路を含めても、公開4社の出発道路ノードから往復可能な経路を確認できない市内区間。"},"geometry":{"type":"LineString","coordinates":[[141.420172,42.96389],[141.419942,42.963896]]}},{"type":"Feature","properties":{"task_id":"224456456:2:2332785166:2332785170","reason":"追加した回送道路を含めても、公開4社の出発道路ノードから往復可能な経路を確認できない市内区間。"},"geometry":{"type":"LineString","coordinates":[[141.419942,42.963896],[141.419743,42.963924]]}},{"type":"Feature","properties":{"task_id":"224456456:3:2332785170:2332785197","reason":"追加した回送道路を含めても、公開4社の出発道路ノードから往復可能な経路を確認できない市内区間。"},"geometry":{"type":"LineString","coordinates":[[141.419743,42.963924],[141.418366,42.964194]]}},{"type":"Feature","properties":{"task_id":"224456456:4:2332785197:2332785210","reason":"追加した回送道路を含めても、公開4社の出発道路ノードから往復可能な経路を確認できない市内区間。"},"geometry":{"type":"LineString","coordinates":[[141.418366,42.964194],[141.417722,42.964335]]}},{"type":"Feature","properties":{"task_id":"224456017:0:2332785210:2332785184","reason":"追加した回送道路を含めても、公開4社の出発道路ノードから往復可能な経路を確認できない市内区間。"},"geometry":{"type":"LineString","coordinates":[[141.417722,42.964335],[141.417653,42.964042]]}},{"type":"Feature","properties":{"task_id":"224456017:1:2332785184:2332785135","reason":"追加した回送道路を含めても、公開4社の出発道路ノードから往復可能な経路を確認できない市内区間。"},"geometry":{"type":"LineString","coordinates":[[141.417653,42.964042],[141.417653,42.963614]]}},{"type":"Feature","properties":{"task_id":"224456017:2:2332785135:2332785102","reason":"追加した回送道路を含めても、公開4社の出発道路ノードから往復可能な経路を確認できない市内区間。"},"geometry":{"type":"LineString","coordinates":[[141.417653,42.963614],[141.417676,42.963164]]}},{"type":"Feature","properties":{"task_id":"224456017:3:2332785102:2332785053","reason":"追加した回送道路を含めても、公開4社の出発道路ノードから往復可能な経路を確認できない市内区間。"},"geometry":{"type":"LineString","coordinates":[[141.417676,42.963164],[141.417638,42.962916]]}},{"type":"Feature","properties":{"task_id":"224456017:4:2332785053:2332785014","reason":"追加した回送道路を含めても、公開4社の出発道路ノードから往復可能な経路を確認できない市内区間。"},"geometry":{"type":"LineString","coordinates":[[141.417638,42.962916],[141.417546,42.962352]]}},{"type":"Feature","properties":{"task_id":"224456017:5:2332785014:2332784972","reason":"追加した回送道路を含めても、公開4社の出発道路ノードから往復可能な経路を確認できない市内区間。"},"geometry":{"type":"LineString","coordinates":[[141.417546,42.962352],[141.417523,42.962106]]}},{"type":"Feature","properties":{"task_id":"224456017:6:2332784972:2332784944","reason":"追加した回送道路を含めても、公開4社の出発道路ノードから往復可能な経路を確認できない市内区間。"},"geometry":{"type":"LineString","coordinates":[[141.417523,42.962106],[141.417531,42.961796]]}},{"type":"Feature","properties":{"task_id":"224456017:7:2332784944:2332784915","reason":"追加した回送道路を含めても、公開4社の出発道路ノードから往復可能な経路を確認できない市内区間。"},"geometry":{"type":"LineString","coordinates":[[141.417531,42.961796],[141.417631,42.961459]]}},{"type":"Feature","properties":{"task_id":"224456017:8:2332784915:2332784906","reason":"追加した回送道路を含めても、公開4社の出発道路ノードから往復可能な経路を確認できない市内区間。"},"geometry":{"type":"LineString","coordinates":[[141.417631,42.961459],[141.417661,42.961279]]}},{"type":"Feature","properties":{"task_id":"224456017:9:2332784906:2332784824","reason":"追加した回送道路を含めても、公開4社の出発道路ノードから往復可能な経路を確認できない市内区間。"},"geometry":{"type":"LineString","coordinates":[[141.417661,42.961279],[141.41773,42.96004]]}},{"type":"Feature","properties":{"task_id":"224456017:10:2332784824:2332784792","reason":"追加した回送道路を含めても、公開4社の出発道路ノードから往復可能な経路を確認できない市内区間。"},"geometry":{"type":"LineString","coordinates":[[141.41773,42.96004],[141.417791,42.959247]]}},{"type":"Feature","properties":{"task_id":"224456017:11:2332784792:2332784765","reason":"追加した回送道路を含めても、公開4社の出発道路ノードから往復可能な経路を確認できない市内区間。"},"geometry":{"type":"LineString","coordinates":[[141.417791,42.959247],[141.417792,42.958735]]}},{"type":"Feature","properties":{"task_id":"224456218:26:2332784765:2332784769","reason":"追加した回送道路を含めても、公開4社の出発道路ノードから往復可能な経路を確認できない市内区間。"},"geometry":{"type":"LineString","coordinates":[[141.417792,42.958735],[141.418021,42.958768]]}},{"type":"Feature","properties":{"task_id":"224456218:25:2332784769:2332784776","reason":"追加した回送道路を含めても、公開4社の出発道路ノードから往復可能な経路を確認できない市内区間。"},"geometry":{"type":"LineString","coordinates":[[141.418021,42.958768],[141.418282,42.958853]]}},{"type":"Feature","properties":{"task_id":"224456218:24:2332784776:2332784789","reason":"追加した回送道路を含めても、公開4社の出発道路ノードから往復可能な経路を確認できない市内区間。"},"geometry":{"type":"LineString","coordinates":[[141.418282,42.958853],[141.418818,42.959129]]}},{"type":"Feature","properties":{"task_id":"224456218:23:2332784789:2332784798","reason":"追加した回送道路を含めても、公開4社の出発道路ノードから往復可能な経路を確認できない市内区間。"},"geometry":{"type":"LineString","coordinates":[[141.418818,42.959129],[141.419293,42.959314]]}},{"type":"Feature","properties":{"task_id":"224456218:22:2332784798:2332784805","reason":"追加した回送道路を含めても、公開4社の出発道路ノードから往復可能な経路を確認できない市内区間。"},"geometry":{"type":"LineString","coordinates":[[141.419293,42.959314],[141.419538,42.959388]]}},{"type":"Feature","properties":{"task_id":"224456218:21:2332784805:2332784810","reason":"追加した回送道路を含めても、公開4社の出発道路ノードから往復可能な経路を確認できない市内区間。"},"geometry":{"type":"LineString","coordinates":[[141.419538,42.959388],[141.420066,42.9595]]}},{"type":"Feature","properties":{"task_id":"224456218:20:2332784810:2332784811","reason":"追加した回送道路を含めても、公開4社の出発道路ノードから往復可能な経路を確認できない市内区間。"},"geometry":{"type":"LineString","coordinates":[[141.420066,42.9595],[141.420181,42.959545]]}},{"type":"Feature","properties":{"task_id":"224456218:19:2332784811:2332784814","reason":"追加した回送道路を含めても、公開4社の出発道路ノードから往復可能な経路を確認できない市内区間。"},"geometry":{"type":"LineString","coordinates":[[141.420181,42.959545],[141.420303,42.959618]]}},{"type":"Feature","properties":{"task_id":"224456218:18:2332784814:2332784822","reason":"追加した回送道路を含めても、公開4社の出発道路ノードから往復可能な経路を確認できない市内区間。"},"geometry":{"type":"LineString","coordinates":[[141.420303,42.959618],[141.420541,42.959827]]}},{"type":"Feature","properties":{"task_id":"224456218:17:2332784822:2332784831","reason":"追加した回送道路を含めても、公開4社の出発道路ノードから往復可能な経路を確認できない市内区間。"},"geometry":{"type":"LineString","coordinates":[[141.420541,42.959827],[141.420931,42.960266]]}},{"type":"Feature","properties":{"task_id":"224456218:16:2332784831:2332784835","reason":"追加した回送道路を含めても、公開4社の出発道路ノードから往復可能な経路を確認できない市内区間。"},"geometry":{"type":"LineString","coordinates":[[141.420931,42.960266],[141.421077,42.960384]]}},{"type":"Feature","properties":{"task_id":"224456218:15:2332784835:2332784842","reason":"追加した回送道路を含めても、公開4社の出発道路ノードから往復可能な経路を確認できない市内区間。"},"geometry":{"type":"LineString","coordinates":[[141.421077,42.960384],[141.421199,42.960463]]}},{"type":"Feature","properties":{"task_id":"224456218:14:2332784842:2332784850","reason":"追加した回送道路を含めても、公開4社の出発道路ノードから往復可能な経路を確認できない市内区間。"},"geometry":{"type":"LineString","coordinates":[[141.421199,42.960463],[141.421567,42.960631]]}},{"type":"Feature","properties":{"task_id":"224456218:13:2332784850:2332784854","reason":"追加した回送道路を含めても、公開4社の出発道路ノードから往復可能な経路を確認できない市内区間。"},"geometry":{"type":"LineString","coordinates":[[141.421567,42.960631],[141.421866,42.960722]]}},{"type":"Feature","properties":{"task_id":"224456218:12:2332784854:2332784865","reason":"追加した回送道路を含めても、公開4社の出発道路ノードから往復可能な経路を確認できない市内区間。"},"geometry":{"type":"LineString","coordinates":[[141.421866,42.960722],[141.42221,42.960812]]}},{"type":"Feature","properties":{"task_id":"224456218:11:2332784865:2332784868","reason":"追加した回送道路を含めても、公開4社の出発道路ノードから往復可能な経路を確認できない市内区間。"},"geometry":{"type":"LineString","coordinates":[[141.42221,42.960812],[141.422379,42.960829]]}},{"type":"Feature","properties":{"task_id":"224456218:10:2332784868:2332784867","reason":"追加した回送道路を含めても、公開4社の出発道路ノードから往復可能な経路を確認できない市内区間。"},"geometry":{"type":"LineString","coordinates":[[141.422379,42.960829],[141.422685,42.960823]]}},{"type":"Feature","properties":{"task_id":"224456218:9:2332784867:2332784863","reason":"追加した回送道路を含めても、公開4社の出発道路ノードから往復可能な経路を確認できない市内区間。"},"geometry":{"type":"LineString","coordinates":[[141.422685,42.960823],[141.42283,42.960789]]}},{"type":"Feature","properties":{"task_id":"224456218:8:2332784863:2332784860","reason":"追加した回送道路を含めても、公開4社の出発道路ノードから往復可能な経路を確認できない市内区間。"},"geometry":{"type":"LineString","coordinates":[[141.42283,42.960789],[141.422898,42.960761]]}},{"type":"Feature","properties":{"task_id":"224456218:7:2332784860:2332784844","reason":"追加した回送道路を含めても、公開4社の出発道路ノードから往復可能な経路を確認できない市内区間。"},"geometry":{"type":"LineString","coordinates":[[141.422898,42.960761],[141.423412,42.960491]]}},{"type":"Feature","properties":{"task_id":"224456218:6:2332784844:2332784840","reason":"追加した回送道路を含めても、公開4社の出発道路ノードから往復可能な経路を確認できない市内区間。"},"geometry":{"type":"LineString","coordinates":[[141.423412,42.960491],[141.42352,42.960451]]}},{"type":"Feature","properties":{"task_id":"224456218:5:2332784840:2332784838","reason":"追加した回送道路を含めても、公開4社の出発道路ノードから往復可能な経路を確認できない市内区間。"},"geometry":{"type":"LineString","coordinates":[[141.42352,42.960451],[141.42358,42.96044]]}},{"type":"Feature","properties":{"task_id":"224456218:4:2332784838:2332784839","reason":"追加した回送道路を含めても、公開4社の出発道路ノードから往復可能な経路を確認できない市内区間。"},"geometry":{"type":"LineString","coordinates":[[141.42358,42.96044],[141.423802,42.96044]]}},{"type":"Feature","properties":{"task_id":"224456218:3:2332784839:2332784864","reason":"追加した回送道路を含めても、公開4社の出発道路ノードから往復可能な経路を確認できない市内区間。"},"geometry":{"type":"LineString","coordinates":[[141.423802,42.96044],[141.425341,42.960795]]}},{"type":"Feature","properties":{"task_id":"224456218:2:2332784864:2332784881","reason":"追加した回送道路を含めても、公開4社の出発道路ノードから往復可能な経路を確認できない市内区間。"},"geometry":{"type":"LineString","coordinates":[[141.425341,42.960795],[141.426652,42.961037]]}},{"type":"Feature","properties":{"task_id":"224456218:1:2332784881:2332784887","reason":"追加した回送道路を含めても、公開4社の出発道路ノードから往復可能な経路を確認できない市内区間。"},"geometry":{"type":"LineString","coordinates":[[141.426652,42.961037],[141.426889,42.961065]]}},{"type":"Feature","properties":{"task_id":"224456218:0:2332784887:2332784888","reason":"追加した回送道路を含めても、公開4社の出発道路ノードから往復可能な経路を確認できない市内区間。"},"geometry":{"type":"LineString","coordinates":[[141.426889,42.961065],[141.427293,42.961097]]}},{"type":"Feature","properties":{"task_id":"224456218:0:2332784888:2332784887","reason":"追加した回送道路を含めても、公開4社の出発道路ノードから往復可能な経路を確認できない市内区間。"},"geometry":{"type":"LineString","coordinates":[[141.427293,42.961097],[141.426889,42.961065]]}},{"type":"Feature","properties":{"task_id":"224456218:1:2332784887:2332784881","reason":"追加した回送道路を含めても、公開4社の出発道路ノードから往復可能な経路を確認できない市内区間。"},"geometry":{"type":"LineString","coordinates":[[141.426889,42.961065],[141.426652,42.961037]]}},{"type":"Feature","properties":{"task_id":"224456218:2:2332784881:2332784864","reason":"追加した回送道路を含めても、公開4社の出発道路ノードから往復可能な経路を確認できない市内区間。"},"geometry":{"type":"LineString","coordinates":[[141.426652,42.961037],[141.425341,42.960795]]}},{"type":"Feature","properties":{"task_id":"224456218:3:2332784864:2332784839","reason":"追加した回送道路を含めても、公開4社の出発道路ノードから往復可能な経路を確認できない市内区間。"},"geometry":{"type":"LineString","coordinates":[[141.425341,42.960795],[141.423802,42.96044]]}},{"type":"Feature","properties":{"task_id":"224456218:4:2332784839:2332784838","reason":"追加した回送道路を含めても、公開4社の出発道路ノードから往復可能な経路を確認できない市内区間。"},"geometry":{"type":"LineString","coordinates":[[141.423802,42.96044],[141.42358,42.96044]]}},{"type":"Feature","properties":{"task_id":"224456218:5:2332784838:2332784840","reason":"追加した回送道路を含めても、公開4社の出発道路ノードから往復可能な経路を確認できない市内区間。"},"geometry":{"type":"LineString","coordinates":[[141.42358,42.96044],[141.42352,42.960451]]}},{"type":"Feature","properties":{"task_id":"224456218:6:2332784840:2332784844","reason":"追加した回送道路を含めても、公開4社の出発道路ノードから往復可能な経路を確認できない市内区間。"},"geometry":{"type":"LineString","coordinates":[[141.42352,42.960451],[141.423412,42.960491]]}},{"type":"Feature","properties":{"task_id":"224456218:7:2332784844:2332784860","reason":"追加した回送道路を含めても、公開4社の出発道路ノードから往復可能な経路を確認できない市内区間。"},"geometry":{"type":"LineString","coordinates":[[141.423412,42.960491],[141.422898,42.960761]]}},{"type":"Feature","properties":{"task_id":"224456218:8:2332784860:2332784863","reason":"追加した回送道路を含めても、公開4社の出発道路ノードから往復可能な経路を確認できない市内区間。"},"geometry":{"type":"LineString","coordinates":[[141.422898,42.960761],[141.42283,42.960789]]}},{"type":"Feature","properties":{"task_id":"224456218:9:2332784863:2332784867","reason":"追加した回送道路を含めても、公開4社の出発道路ノードから往復可能な経路を確認できない市内区間。"},"geometry":{"type":"LineString","coordinates":[[141.42283,42.960789],[141.422685,42.960823]]}},{"type":"Feature","properties":{"task_id":"224456218:10:2332784867:2332784868","reason":"追加した回送道路を含めても、公開4社の出発道路ノードから往復可能な経路を確認できない市内区間。"},"geometry":{"type":"LineString","coordinates":[[141.422685,42.960823],[141.422379,42.960829]]}},{"type":"Feature","properties":{"task_id":"224456218:11:2332784868:2332784865","reason":"追加した回送道路を含めても、公開4社の出発道路ノードから往復可能な経路を確認できない市内区間。"},"geometry":{"type":"LineString","coordinates":[[141.422379,42.960829],[141.42221,42.960812]]}},{"type":"Feature","properties":{"task_id":"224456218:12:2332784865:2332784854","reason":"追加した回送道路を含めても、公開4社の出発道路ノードから往復可能な経路を確認できない市内区間。"},"geometry":{"type":"LineString","coordinates":[[141.42221,42.960812],[141.421866,42.960722]]}},{"type":"Feature","properties":{"task_id":"224456218:13:2332784854:2332784850","reason":"追加した回送道路を含めても、公開4社の出発道路ノードから往復可能な経路を確認できない市内区間。"},"geometry":{"type":"LineString","coordinates":[[141.421866,42.960722],[141.421567,42.960631]]}},{"type":"Feature","properties":{"task_id":"224456218:14:2332784850:2332784842","reason":"追加した回送道路を含めても、公開4社の出発道路ノードから往復可能な経路を確認できない市内区間。"},"geometry":{"type":"LineString","coordinates":[[141.421567,42.960631],[141.421199,42.960463]]}},{"type":"Feature","properties":{"task_id":"224456218:15:2332784842:2332784835","reason":"追加した回送道路を含めても、公開4社の出発道路ノードから往復可能な経路を確認できない市内区間。"},"geometry":{"type":"LineString","coordinates":[[141.421199,42.960463],[141.421077,42.960384]]}},{"type":"Feature","properties":{"task_id":"224456218:16:2332784835:2332784831","reason":"追加した回送道路を含めても、公開4社の出発道路ノードから往復可能な経路を確認できない市内区間。"},"geometry":{"type":"LineString","coordinates":[[141.421077,42.960384],[141.420931,42.960266]]}},{"type":"Feature","properties":{"task_id":"224456218:17:2332784831:2332784822","reason":"追加した回送道路を含めても、公開4社の出発道路ノードから往復可能な経路を確認できない市内区間。"},"geometry":{"type":"LineString","coordinates":[[141.420931,42.960266],[141.420541,42.959827]]}},{"type":"Feature","properties":{"task_id":"224456218:18:2332784822:2332784814","reason":"追加した回送道路を含めても、公開4社の出発道路ノードから往復可能な経路を確認できない市内区間。"},"geometry":{"type":"LineString","coordinates":[[141.420541,42.959827],[141.420303,42.959618]]}},{"type":"Feature","properties":{"task_id":"224456218:19:2332784814:2332784811","reason":"追加した回送道路を含めても、公開4社の出発道路ノードから往復可能な経路を確認できない市内区間。"},"geometry":{"type":"LineString","coordinates":[[141.420303,42.959618],[141.420181,42.959545]]}},{"type":"Feature","properties":{"task_id":"224456218:20:2332784811:2332784810","reason":"追加した回送道路を含めても、公開4社の出発道路ノードから往復可能な経路を確認できない市内区間。"},"geometry":{"type":"LineString","coordinates":[[141.420181,42.959545],[141.420066,42.9595]]}},{"type":"Feature","properties":{"task_id":"224456218:21:2332784810:2332784805","reason":"追加した回送道路を含めても、公開4社の出発道路ノードから往復可能な経路を確認できない市内区間。"},"geometry":{"type":"LineString","coordinates":[[141.420066,42.9595],[141.419538,42.959388]]}},{"type":"Feature","properties":{"task_id":"224456218:22:2332784805:2332784798","reason":"追加した回送道路を含めても、公開4社の出発道路ノードから往復可能な経路を確認できない市内区間。"},"geometry":{"type":"LineString","coordinates":[[141.419538,42.959388],[141.419293,42.959314]]}},{"type":"Feature","properties":{"task_id":"224456218:23:2332784798:2332784789","reason":"追加した回送道路を含めても、公開4社の出発道路ノードから往復可能な経路を確認できない市内区間。"},"geometry":{"type":"LineString","coordinates":[[141.419293,42.959314],[141.418818,42.959129]]}},{"type":"Feature","properties":{"task_id":"224456218:24:2332784789:2332784776","reason":"追加した回送道路を含めても、公開4社の出発道路ノードから往復可能な経路を確認できない市内区間。"},"geometry":{"type":"LineString","coordinates":[[141.418818,42.959129],[141.418282,42.958853]]}},{"type":"Feature","properties":{"task_id":"224456218:25:2332784776:2332784769","reason":"追加した回送道路を含めても、公開4社の出発道路ノードから往復可能な経路を確認できない市内区間。"},"geometry":{"type":"LineString","coordinates":[[141.418282,42.958853],[141.418021,42.958768]]}},{"type":"Feature","properties":{"task_id":"224456218:26:2332784769:2332784765","reason":"追加した回送道路を含めても、公開4社の出発道路ノードから往復可能な経路を確認できない市内区間。"},"geometry":{"type":"LineString","coordinates":[[141.418021,42.958768],[141.417792,42.958735]]}},{"type":"Feature","properties":{"task_id":"224456562:5:2332784765:2332784754","reason":"追加した回送道路を含めても、公開4社の出発道路ノードから往復可能な経路を確認できない市内区間。"},"geometry":{"type":"LineString","coordinates":[[141.417792,42.958735],[141.417792,42.958431]]}},{"type":"Feature","properties":{"task_id":"224456562:4:2332784754:2332784737","reason":"追加した回送道路を含めても、公開4社の出発道路ノードから往復可能な経路を確認できない市内区間。"},"geometry":{"type":"LineString","coordinates":[[141.417792,42.958431],[141.417746,42.958228]]}},{"type":"Feature","properties":{"task_id":"224456562:3:2332784737:2332784719","reason":"追加した回送道路を含めても、公開4社の出発道路ノードから往復可能な経路を確認できない市内区間。"},"geometry":{"type":"LineString","coordinates":[[141.417746,42.958228],[141.417639,42.957964]]}},{"type":"Feature","properties":{"task_id":"224456562:2:2332784719:2332784700","reason":"追加した回送道路を含めても、公開4社の出発道路ノードから往復可能な経路を確認できない市内区間。"},"geometry":{"type":"LineString","coordinates":[[141.417639,42.957964],[141.417539,42.957801]]}},{"type":"Feature","properties":{"task_id":"224456562:1:2332784700:2332784691","reason":"追加した回送道路を含めても、公開4社の出発道路ノードから往復可能な経路を確認できない市内区間。"},"geometry":{"type":"LineString","coordinates":[[141.417539,42.957801],[141.417409,42.95766]]}},{"type":"Feature","properties":{"task_id":"224456562:0:2332784691:2332784679","reason":"追加した回送道路を含めても、公開4社の出発道路ノードから往復可能な経路を確認できない市内区間。"},"geometry":{"type":"LineString","coordinates":[[141.417409,42.95766],[141.417094,42.957429]]}},{"type":"Feature","properties":{"task_id":"224456050:15:2332784679:2332784665","reason":"追加した回送道路を含めても、公開4社の出発道路ノードから往復可能な経路を確認できない市内区間。"},"geometry":{"type":"LineString","coordinates":[[141.417094,42.957429],[141.41688,42.957294]]}},{"type":"Feature","properties":{"task_id":"224456050:14:2332784665:2332784635","reason":"追加した回送道路を含めても、公開4社の出発道路ノードから往復可能な経路を確認できない市内区間。"},"geometry":{"type":"LineString","coordinates":[[141.41688,42.957294],[141.416007,42.956945]]}},{"type":"Feature","properties":{"task_id":"224456050:13:2332784635:2332784628","reason":"追加した回送道路を含めても、公開4社の出発道路ノードから往復可能な経路を確認できない市内区間。"},"geometry":{"type":"LineString","coordinates":[[141.416007,42.956945],[141.415862,42.956855]]}},{"type":"Feature","properties":{"task_id":"224456050:12:2332784628:2332784621","reason":"追加した回送道路を含めても、公開4社の出発道路ノードから往復可能な経路を確認できない市内区間。"},"geometry":{"type":"LineString","coordinates":[[141.415862,42.956855],[141.415732,42.956726]]}},{"type":"Feature","properties":{"task_id":"224456050:11:2332784621:2332784604","reason":"追加した回送道路を含めても、公開4社の出発道路ノードから往復可能な経路を確認できない市内区間。"},"geometry":{"type":"LineString","coordinates":[[141.415732,42.956726],[141.415571,42.956517]]}},{"type":"Feature","properties":{"task_id":"224456050:10:2332784604:2332784545","reason":"追加した回送道路を含めても、公開4社の出発道路ノードから往復可能な経路を確認できない市内区間。"},"geometry":{"type":"LineString","coordinates":[[141.415571,42.956517],[141.415272,42.956129]]}},{"type":"Feature","properties":{"task_id":"224456050:9:2332784545:2332784502","reason":"追加した回送道路を含めても、公開4社の出発道路ノードから往復可能な経路を確認できない市内区間。"},"geometry":{"type":"LineString","coordinates":[[141.415272,42.956129],[141.415042,42.95587]]}},{"type":"Feature","properties":{"task_id":"224456050:8:2332784502:2332784436","reason":"追加した回送道路を含めても、公開4社の出発道路ノードから往復可能な経路を確認できない市内区間。"},"geometry":{"type":"LineString","coordinates":[[141.415042,42.95587],[141.41479,42.955634]]}},{"type":"Feature","properties":{"task_id":"224456050:7:2332784436:2332784405","reason":"追加した回送道路を含めても、公開4社の出発道路ノードから往復可能な経路を確認できない市内区間。"},"geometry":{"type":"LineString","coordinates":[[141.41479,42.955634],[141.414575,42.955465]]}},{"type":"Feature","properties":{"task_id":"224456050:6:2332784405:2332784352","reason":"追加した回送道路を含めても、公開4社の出発道路ノードから往復可能な経路を確認できない市内区間。"},"geometry":{"type":"LineString","coordinates":[[141.414575,42.955465],[141.414314,42.95529]]}},{"type":"Feature","properties":{"task_id":"224456050:5:2332784352:2332784320","reason":"追加した回送道路を含めても、公開4社の出発道路ノードから往復可能な経路を確認できない市内区間。"},"geometry":{"type":"LineString","coordinates":[[141.414314,42.95529],[141.413947,42.955065]]}},{"type":"Feature","properties":{"task_id":"224456050:4:2332784320:2332784317","reason":"追加した回送道路を含めても、公開4社の出発道路ノードから往復可能な経路を確認できない市内区間。"},"geometry":{"type":"LineString","coordinates":[[141.413947,42.955065],[141.413939,42.955048]]}},{"type":"Feature","properties":{"task_id":"224456050:3:2332784317:2332784306","reason":"追加した回送道路を含めても、公開4社の出発道路ノードから往復可能な経路を確認できない市内区間。"},"geometry":{"type":"LineString","coordinates":[[141.413939,42.955048],[141.413778,42.954913]]}},{"type":"Feature","properties":{"task_id":"224456050:2:2332784306:2332784291","reason":"追加した回送道路を含めても、公開4社の出発道路ノードから往復可能な経路を確認できない市内区間。"},"geometry":{"type":"LineString","coordinates":[[141.413778,42.954913],[141.41364,42.954767]]}},{"type":"Feature","properties":{"task_id":"224456050:1:2332784291:2332784271","reason":"追加した回送道路を含めても、公開4社の出発道路ノードから往復可能な経路を確認できない市内区間。"},"geometry":{"type":"LineString","coordinates":[[141.41364,42.954767],[141.41351,42.954604]]}},{"type":"Feature","properties":{"task_id":"224456050:0:2332784271:2332784220","reason":"追加した回送道路を含めても、公開4社の出発道路ノードから往復可能な経路を確認できない市内区間。"},"geometry":{"type":"LineString","coordinates":[[141.41351,42.954604],[141.413159,42.954097]]}},{"type":"Feature","properties":{"task_id":"224456336:0:2332784220:2332784240","reason":"追加した回送道路を含めても、公開4社の出発道路ノードから往復可能な経路を確認できない市内区間。"},"geometry":{"type":"LineString","coordinates":[[141.413159,42.954097],[141.412929,42.954289]]}},{"type":"Feature","properties":{"task_id":"224456336:1:2332784240:2332784249","reason":"追加した回送道路を含めても、公開4社の出発道路ノードから往復可能な経路を確認できない市内区間。"},"geometry":{"type":"LineString","coordinates":[[141.412929,42.954289],[141.41273,42.954396]]}},{"type":"Feature","properties":{"task_id":"224456336:2:2332784249:2332784255","reason":"追加した回送道路を含めても、公開4社の出発道路ノードから往復可能な経路を確認できない市内区間。"},"geometry":{"type":"LineString","coordinates":[[141.41273,42.954396],[141.412546,42.954463]]}},{"type":"Feature","properties":{"task_id":"224456336:3:2332784255:2332784258","reason":"追加した回送道路を含めても、公開4社の出発道路ノードから往復可能な経路を確認できない市内区間。"},"geometry":{"type":"LineString","coordinates":[[141.412546,42.954463],[141.41237,42.954503]]}},{"type":"Feature","properties":{"task_id":"224456336:4:2332784258:2332784262","reason":"追加した回送道路を含めても、公開4社の出発道路ノードから往復可能な経路を確認できない市内区間。"},"geometry":{"type":"LineString","coordinates":[[141.41237,42.954503],[141.41224,42.954525]]}},{"type":"Feature","properties":{"task_id":"224456336:5:2332784262:2332784266","reason":"追加した回送道路を含めても、公開4社の出発道路ノードから往復可能な経路を確認できない市内区間。"},"geometry":{"type":"LineString","coordinates":[[141.41224,42.954525],[141.412125,42.954559]]}},{"type":"Feature","properties":{"task_id":"224456336:6:2332784266:2332784275","reason":"追加した回送道路を含めても、公開4社の出発道路ノードから往復可能な経路を確認できない市内区間。"},"geometry":{"type":"LineString","coordinates":[[141.412125,42.954559],[141.412049,42.95462]]}},{"type":"Feature","properties":{"task_id":"224456336:7:2332784275:2332784288","reason":"追加した回送道路を含めても、公開4社の出発道路ノードから往復可能な経路を確認できない市内区間。"},"geometry":{"type":"LineString","coordinates":[[141.412049,42.95462],[141.412033,42.954739]]}},{"type":"Feature","properties":{"task_id":"224456336:8:2332784288:2332784307","reason":"追加した回送道路を含めても、公開4社の出発道路ノードから往復可能な経路を確認できない市内区間。"},"geometry":{"type":"LineString","coordinates":[[141.412033,42.954739],[141.412094,42.954953]]}},{"type":"Feature","properties":{"task_id":"224456336:9:2332784307:2332784319","reason":"追加した回送道路を含めても、公開4社の出発道路ノードから往復可能な経路を確認できない市内区間。"},"geometry":{"type":"LineString","coordinates":[[141.412094,42.954953],[141.412093,42.955065]]}},{"type":"Feature","properties":{"task_id":"224456336:10:2332784319:2332784355","reason":"追加した回送道路を含めても、公開4社の出発道路ノードから往復可能な経路を確認できない市内区間。"},"geometry":{"type":"LineString","coordinates":[[141.412093,42.955065],[141.411795,42.955307]]}},{"type":"Feature","properties":{"task_id":"224456336:11:2332784355:2332784374","reason":"追加した回送道路を含めても、公開4社の出発道路ノードから往復可能な経路を確認できない市内区間。"},"geometry":{"type":"LineString","coordinates":[[141.411795,42.955307],[141.411733,42.955403]]}},{"type":"Feature","properties":{"task_id":"224456336:12:2332784374:2332784430","reason":"追加した回送道路を含めても、公開4社の出発道路ノードから往復可能な経路を確認できない市内区間。"},"geometry":{"type":"LineString","coordinates":[[141.411733,42.955403],[141.411657,42.955611]]}},{"type":"Feature","properties":{"task_id":"224456336:13:2332784430:2332784452","reason":"追加した回送道路を含めても、公開4社の出発道路ノードから往復可能な経路を確認できない市内区間。"},"geometry":{"type":"LineString","coordinates":[[141.411657,42.955611],[141.411596,42.955701]]}},{"type":"Feature","properties":{"task_id":"224456336:14:2332784452:2332784528","reason":"追加した回送道路を含めても、公開4社の出発道路ノードから往復可能な経路を確認できない市内区間。"},"geometry":{"type":"LineString","coordinates":[[141.411596,42.955701],[141.411297,42.955983]]}},{"type":"Feature","properties":{"task_id":"224456336:15:2332784528:2332784562","reason":"追加した回送道路を含めても、公開4社の出発道路ノードから往復可能な経路を確認できない市内区間。"},"geometry":{"type":"LineString","coordinates":[[141.411297,42.955983],[141.411083,42.95623]]}},{"type":"Feature","properties":{"task_id":"224456336:16:2332784562:2332784582","reason":"追加した回送道路を含めても、公開4社の出発道路ノードから往復可能な経路を確認できない市内区間。"},"geometry":{"type":"LineString","coordinates":[[141.411083,42.95623],[141.410983,42.956365]]}},{"type":"Feature","properties":{"task_id":"224456336:17:2332784582:2332784609","reason":"追加した回送道路を含めても、公開4社の出発道路ノードから往復可能な経路を確認できない市内区間。"},"geometry":{"type":"LineString","coordinates":[[141.410983,42.956365],[141.410875,42.956534]]}},{"type":"Feature","properties":{"task_id":"224456336:18:2332784609:2332784620","reason":"追加した回送道路を含めても、公開4社の出発道路ノードから往復可能な経路を確認できない市内区間。"},"geometry":{"type":"LineString","coordinates":[[141.410875,42.956534],[141.410791,42.956719]]}},{"type":"Feature","properties":{"task_id":"224456336:19:2332784620:2332784636","reason":"追加した回送道路を含めても、公開4社の出発道路ノードから往復可能な経路を確認できない市内区間。"},"geometry":{"type":"LineString","coordinates":[[141.410791,42.956719],[141.410738,42.956962]]}},{"type":"Feature","properties":{"task_id":"224456336:20:2332784636:2332784660","reason":"追加した回送道路を含めても、公開4社の出発道路ノードから往復可能な経路を確認できない市内区間。"},"geometry":{"type":"LineString","coordinates":[[141.410738,42.956962],[141.410715,42.957249]]}},{"type":"Feature","properties":{"task_id":"224456336:21:2332784660:2332784688","reason":"追加した回送道路を含めても、公開4社の出発道路ノードから往復可能な経路を確認できない市内区間。"},"geometry":{"type":"LineString","coordinates":[[141.410715,42.957249],[141.410554,42.957598]]}},{"type":"Feature","properties":{"task_id":"224456336:22:2332784688:2332784695","reason":"追加した回送道路を含めても、公開4社の出発道路ノードから往復可能な経路を確認できない市内区間。"},"geometry":{"type":"LineString","coordinates":[[141.410554,42.957598],[141.410485,42.95775]]}},{"type":"Feature","properties":{"task_id":"224456336:23:2332784695:2332784714","reason":"追加した回送道路を含めても、公開4社の出発道路ノードから往復可能な経路を確認できない市内区間。"},"geometry":{"type":"LineString","coordinates":[[141.410485,42.95775],[141.410431,42.957935]]}},{"type":"Feature","properties":{"task_id":"224456336:24:2332784714:2332784723","reason":"追加した回送道路を含めても、公開4社の出発道路ノードから往復可能な経路を確認できない市内区間。"},"geometry":{"type":"LineString","coordinates":[[141.410431,42.957935],[141.410385,42.958048]]}},{"type":"Feature","properties":{"task_id":"224456336:25:2332784723:2332784740","reason":"追加した回送道路を含めても、公開4社の出発道路ノードから往復可能な経路を確認できない市内区間。"},"geometry":{"type":"LineString","coordinates":[[141.410385,42.958048],[141.410186,42.958245]]}},{"type":"Feature","properties":{"task_id":"224456336:26:2332784740:2332784749","reason":"追加した回送道路を含めても、公開4社の出発道路ノードから往復可能な経路を確認できない市内区間。"},"geometry":{"type":"LineString","coordinates":[[141.410186,42.958245],[141.410002,42.958362]]}},{"type":"Feature","properties":{"task_id":"224456336:27:2332784749:2332784760","reason":"追加した回送道路を含めても、公開4社の出発道路ノードから往復可能な経路を確認できない市内区間。"},"geometry":{"type":"LineString","coordinates":[[141.410002,42.958362],[141.409573,42.958615]]}},{"type":"Feature","properties":{"task_id":"224456336:28:2332784760:2332784767","reason":"追加した回送道路を含めても、公開4社の出発道路ノードから往復可能な経路を確認できない市内区間。"},"geometry":{"type":"LineString","coordinates":[[141.409573,42.958615],[141.409397,42.958745]]}},{"type":"Feature","properties":{"task_id":"224456336:29:2332784767:2332784775","reason":"追加した回送道路を含めても、公開4社の出発道路ノードから往復可能な経路を確認できない市内区間。"},"geometry":{"type":"LineString","coordinates":[[141.409397,42.958745],[141.409321,42.958835]]}},{"type":"Feature","properties":{"task_id":"224456336:30:2332784775:2332784782","reason":"追加した回送道路を含めても、公開4社の出発道路ノードから往復可能な経路を確認できない市内区間。"},"geometry":{"type":"LineString","coordinates":[[141.409321,42.958835],[141.409244,42.959015]]}},{"type":"Feature","properties":{"task_id":"224456336:31:2332784782:2332784791","reason":"追加した回送道路を含めても、公開4社の出発道路ノードから往復可能な経路を確認できない市内区間。"},"geometry":{"type":"LineString","coordinates":[[141.409244,42.959015],[141.409191,42.959234]]}},{"type":"Feature","properties":{"task_id":"224456336:32:2332784791:2332784795","reason":"追加した回送道路を含めても、公開4社の出発道路ノードから往復可能な経路を確認できない市内区間。"},"geometry":{"type":"LineString","coordinates":[[141.409191,42.959234],[141.409175,42.959274]]}},{"type":"Feature","properties":{"task_id":"224456336:33:2332784795:2332784843","reason":"追加した回送道路を含めても、公開4社の出発道路ノードから往復可能な経路を確認できない市内区間。"},"geometry":{"type":"LineString","coordinates":[[141.409175,42.959274],[141.408249,42.960485]]}},{"type":"Feature","properties":{"task_id":"224456336:34:2332784843:2332784872","reason":"追加した回送道路を含めても、公開4社の出発道路ノードから往復可能な経路を確認できない市内区間。"},"geometry":{"type":"LineString","coordinates":[[141.408249,42.960485],[141.407942,42.960851]]}},{"type":"Feature","properties":{"task_id":"224456336:35:2332784872:2332784877","reason":"追加した回送道路を含めても、公開4社の出発道路ノードから往復可能な経路を確認できない市内区間。"},"geometry":{"type":"LineString","coordinates":[[141.407942,42.960851],[141.407782,42.96098]]}},{"type":"Feature","properties":{"task_id":"224456336:36:2332784877:2332784886","reason":"追加した回送道路を含めても、公開4社の出発道路ノードから往復可能な経路を確認できない市内区間。"},"geometry":{"type":"LineString","coordinates":[[141.407782,42.96098],[141.407613,42.961059]]}},{"type":"Feature","properties":{"task_id":"224456336:37:2332784886:2332784895","reason":"追加した回送道路を含めても、公開4社の出発道路ノードから往復可能な経路を確認できない市内区間。"},"geometry":{"type":"LineString","coordinates":[[141.407613,42.961059],[141.407399,42.961115]]}},{"type":"Feature","properties":{"task_id":"224456336:38:2332784895:2332784896","reason":"追加した回送道路を含めても、公開4社の出発道路ノードから往復可能な経路を確認できない市内区間。"},"geometry":{"type":"LineString","coordinates":[[141.407399,42.961115],[141.40728,42.961132]]}},{"type":"Feature","properties":{"task_id":"224456336:38:2332784896:2332784895","reason":"追加した回送道路を含めても、公開4社の出発道路ノードから往復可能な経路を確認できない市内区間。"},"geometry":{"type":"LineString","coordinates":[[141.40728,42.961132],[141.407399,42.961115]]}},{"type":"Feature","properties":{"task_id":"224456336:37:2332784895:2332784886","reason":"追加した回送道路を含めても、公開4社の出発道路ノードから往復可能な経路を確認できない市内区間。"},"geometry":{"type":"LineString","coordinates":[[141.407399,42.961115],[141.407613,42.961059]]}},{"type":"Feature","properties":{"task_id":"224456336:36:2332784886:2332784877","reason":"追加した回送道路を含めても、公開4社の出発道路ノードから往復可能な経路を確認できない市内区間。"},"geometry":{"type":"LineString","coordinates":[[141.407613,42.961059],[141.407782,42.96098]]}},{"type":"Feature","properties":{"task_id":"224456336:35:2332784877:2332784872","reason":"追加した回送道路を含めても、公開4社の出発道路ノードから往復可能な経路を確認できない市内区間。"},"geometry":{"type":"LineString","coordinates":[[141.407782,42.96098],[141.407942,42.960851]]}},{"type":"Feature","properties":{"task_id":"224456336:34:2332784872:2332784843","reason":"追加した回送道路を含めても、公開4社の出発道路ノードから往復可能な経路を確認できない市内区間。"},"geometry":{"type":"LineString","coordinates":[[141.407942,42.960851],[141.408249,42.960485]]}},{"type":"Feature","properties":{"task_id":"224456336:33:2332784843:2332784795","reason":"追加した回送道路を含めても、公開4社の出発道路ノードから往復可能な経路を確認できない市内区間。"},"geometry":{"type":"LineString","coordinates":[[141.408249,42.960485],[141.409175,42.959274]]}},{"type":"Feature","properties":{"task_id":"224456336:32:2332784795:2332784791","reason":"追加した回送道路を含めても、公開4社の出発道路ノードから往復可能な経路を確認できない市内区間。"},"geometry":{"type":"LineString","coordinates":[[141.409175,42.959274],[141.409191,42.959234]]}},{"type":"Feature","properties":{"task_id":"224456336:31:2332784791:2332784782","reason":"追加した回送道路を含めても、公開4社の出発道路ノードから往復可能な経路を確認できない市内区間。"},"geometry":{"type":"LineString","coordinates":[[141.409191,42.959234],[141.409244,42.959015]]}},{"type":"Feature","properties":{"task_id":"224456336:30:2332784782:2332784775","reason":"追加した回送道路を含めても、公開4社の出発道路ノードから往復可能な経路を確認できない市内区間。"},"geometry":{"type":"LineString","coordinates":[[141.409244,42.959015],[141.409321,42.958835]]}},{"type":"Feature","properties":{"task_id":"224456336:29:2332784775:2332784767","reason":"追加した回送道路を含めても、公開4社の出発道路ノードから往復可能な経路を確認できない市内区間。"},"geometry":{"type":"LineString","coordinates":[[141.409321,42.958835],[141.409397,42.958745]]}},{"type":"Feature","properties":{"task_id":"224456336:28:2332784767:2332784760","reason":"追加した回送道路を含めても、公開4社の出発道路ノードから往復可能な経路を確認できない市内区間。"},"geometry":{"type":"LineString","coordinates":[[141.409397,42.958745],[141.409573,42.958615]]}},{"type":"Feature","properties":{"task_id":"224456336:27:2332784760:2332784749","reason":"追加した回送道路を含めても、公開4社の出発道路ノードから往復可能な経路を確認できない市内区間。"},"geometry":{"type":"LineString","coordinates":[[141.409573,42.958615],[141.410002,42.958362]]}},{"type":"Feature","properties":{"task_id":"224456336:26:2332784749:2332784740","reason":"追加した回送道路を含めても、公開4社の出発道路ノードから往復可能な経路を確認できない市内区間。"},"geometry":{"type":"LineString","coordinates":[[141.410002,42.958362],[141.410186,42.958245]]}},{"type":"Feature","properties":{"task_id":"224456336:25:2332784740:2332784723","reason":"追加した回送道路を含めても、公開4社の出発道路ノードから往復可能な経路を確認できない市内区間。"},"geometry":{"type":"LineString","coordinates":[[141.410186,42.958245],[141.410385,42.958048]]}},{"type":"Feature","properties":{"task_id":"224456336:24:2332784723:2332784714","reason":"追加した回送道路を含めても、公開4社の出発道路ノードから往復可能な経路を確認できない市内区間。"},"geometry":{"type":"LineString","coordinates":[[141.410385,42.958048],[141.410431,42.957935]]}},{"type":"Feature","properties":{"task_id":"224456336:23:2332784714:2332784695","reason":"追加した回送道路を含めても、公開4社の出発道路ノードから往復可能な経路を確認できない市内区間。"},"geometry":{"type":"LineString","coordinates":[[141.410431,42.957935],[141.410485,42.95775]]}},{"type":"Feature","properties":{"task_id":"224456336:22:2332784695:2332784688","reason":"追加した回送道路を含めても、公開4社の出発道路ノードから往復可能な経路を確認できない市内区間。"},"geometry":{"type":"LineString","coordinates":[[141.410485,42.95775],[141.410554,42.957598]]}},{"type":"Feature","properties":{"task_id":"224456336:21:2332784688:2332784660","reason":"追加した回送道路を含めても、公開4社の出発道路ノードから往復可能な経路を確認できない市内区間。"},"geometry":{"type":"LineString","coordinates":[[141.410554,42.957598],[141.410715,42.957249]]}},{"type":"Feature","properties":{"task_id":"224456336:20:2332784660:2332784636","reason":"追加した回送道路を含めても、公開4社の出発道路ノードから往復可能な経路を確認できない市内区間。"},"geometry":{"type":"LineString","coordinates":[[141.410715,42.957249],[141.410738,42.956962]]}},{"type":"Feature","properties":{"task_id":"224456336:19:2332784636:2332784620","reason":"追加した回送道路を含めても、公開4社の出発道路ノードから往復可能な経路を確認できない市内区間。"},"geometry":{"type":"LineString","coordinates":[[141.410738,42.956962],[141.410791,42.956719]]}},{"type":"Feature","properties":{"task_id":"224456336:18:2332784620:2332784609","reason":"追加した回送道路を含めても、公開4社の出発道路ノードから往復可能な経路を確認できない市内区間。"},"geometry":{"type":"LineString","coordinates":[[141.410791,42.956719],[141.410875,42.956534]]}},{"type":"Feature","properties":{"task_id":"224456336:17:2332784609:2332784582","reason":"追加した回送道路を含めても、公開4社の出発道路ノードから往復可能な経路を確認できない市内区間。"},"geometry":{"type":"LineString","coordinates":[[141.410875,42.956534],[141.410983,42.956365]]}},{"type":"Feature","properties":{"task_id":"224456336:16:2332784582:2332784562","reason":"追加した回送道路を含めても、公開4社の出発道路ノードから往復可能な経路を確認できない市内区間。"},"geometry":{"type":"LineString","coordinates":[[141.410983,42.956365],[141.411083,42.95623]]}},{"type":"Feature","properties":{"task_id":"224456336:15:2332784562:2332784528","reason":"追加した回送道路を含めても、公開4社の出発道路ノードから往復可能な経路を確認できない市内区間。"},"geometry":{"type":"LineString","coordinates":[[141.411083,42.95623],[141.411297,42.955983]]}},{"type":"Feature","properties":{"task_id":"224456336:14:2332784528:2332784452","reason":"追加した回送道路を含めても、公開4社の出発道路ノードから往復可能な経路を確認できない市内区間。"},"geometry":{"type":"LineString","coordinates":[[141.411297,42.955983],[141.411596,42.955701]]}},{"type":"Feature","properties":{"task_id":"224456336:13:2332784452:2332784430","reason":"追加した回送道路を含めても、公開4社の出発道路ノードから往復可能な経路を確認できない市内区間。"},"geometry":{"type":"LineString","coordinates":[[141.411596,42.955701],[141.411657,42.955611]]}},{"type":"Feature","properties":{"task_id":"224456336:12:2332784430:2332784374","reason":"追加した回送道路を含めても、公開4社の出発道路ノードから往復可能な経路を確認できない市内区間。"},"geometry":{"type":"LineString","coordinates":[[141.411657,42.955611],[141.411733,42.955403]]}},{"type":"Feature","properties":{"task_id":"224456336:11:2332784374:2332784355","reason":"追加した回送道路を含めても、公開4社の出発道路ノードから往復可能な経路を確認できない市内区間。"},"geometry":{"type":"LineString","coordinates":[[141.411733,42.955403],[141.411795,42.955307]]}},{"type":"Feature","properties":{"task_id":"224456336:10:2332784355:2332784319","reason":"追加した回送道路を含めても、公開4社の出発道路ノードから往復可能な経路を確認できない市内区間。"},"geometry":{"type":"LineString","coordinates":[[141.411795,42.955307],[141.412093,42.955065]]}},{"type":"Feature","properties":{"task_id":"224456336:9:2332784319:2332784307","reason":"追加した回送道路を含めても、公開4社の出発道路ノードから往復可能な経路を確認できない市内区間。"},"geometry":{"type":"LineString","coordinates":[[141.412093,42.955065],[141.412094,42.954953]]}},{"type":"Feature","properties":{"task_id":"224456336:8:2332784307:2332784288","reason":"追加した回送道路を含めても、公開4社の出発道路ノードから往復可能な経路を確認できない市内区間。"},"geometry":{"type":"LineString","coordinates":[[141.412094,42.954953],[141.412033,42.954739]]}},{"type":"Feature","properties":{"task_id":"224456336:7:2332784288:2332784275","reason":"追加した回送道路を含めても、公開4社の出発道路ノードから往復可能な経路を確認できない市内区間。"},"geometry":{"type":"LineString","coordinates":[[141.412033,42.954739],[141.412049,42.95462]]}},{"type":"Feature","properties":{"task_id":"224456336:6:2332784275:2332784266","reason":"追加した回送道路を含めても、公開4社の出発道路ノードから往復可能な経路を確認できない市内区間。"},"geometry":{"type":"LineString","coordinates":[[141.412049,42.95462],[141.412125,42.954559]]}},{"type":"Feature","properties":{"task_id":"224456336:5:2332784266:2332784262","reason":"追加した回送道路を含めても、公開4社の出発道路ノードから往復可能な経路を確認できない市内区間。"},"geometry":{"type":"LineString","coordinates":[[141.412125,42.954559],[141.41224,42.954525]]}},{"type":"Feature","properties":{"task_id":"224456336:4:2332784262:2332784258","reason":"追加した回送道路を含めても、公開4社の出発道路ノードから往復可能な経路を確認できない市内区間。"},"geometry":{"type":"LineString","coordinates":[[141.41224,42.954525],[141.41237,42.954503]]}},{"type":"Feature","properties":{"task_id":"224456336:3:2332784258:2332784255","reason":"追加した回送道路を含めても、公開4社の出発道路ノードから往復可能な経路を確認できない市内区間。"},"geometry":{"type":"LineString","coordinates":[[141.41237,42.954503],[141.412546,42.954463]]}},{"type":"Feature","properties":{"task_id":"224456336:2:2332784255:2332784249","reason":"追加した回送道路を含めても、公開4社の出発道路ノードから往復可能な経路を確認できない市内区間。"},"geometry":{"type":"LineString","coordinates":[[141.412546,42.954463],[141.41273,42.954396]]}},{"type":"Feature","properties":{"task_id":"224456336:1:2332784249:2332784240","reason":"追加した回送道路を含めても、公開4社の出発道路ノードから往復可能な経路を確認できない市内区間。"},"geometry":{"type":"LineString","coordinates":[[141.41273,42.954396],[141.412929,42.954289]]}},{"type":"Feature","properties":{"task_id":"224456336:0:2332784240:2332784220","reason":"追加した回送道路を含めても、公開4社の出発道路ノードから往復可能な経路を確認できない市内区間。"},"geometry":{"type":"LineString","coordinates":[[141.412929,42.954289],[141.413159,42.954097]]}},{"type":"Feature","properties":{"task_id":"224456380:3:2332784220:2332784173","reason":"追加した回送道路を含めても、公開4社の出発道路ノードから往復可能な経路を確認できない市内区間。"},"geometry":{"type":"LineString","coordinates":[[141.413159,42.954097],[141.413075,42.953885]]}},{"type":"Feature","properties":{"task_id":"224456380:2:2332784173:2332784136","reason":"追加した回送道路を含めても、公開4社の出発道路ノードから往復可能な経路を確認できない市内区間。"},"geometry":{"type":"LineString","coordinates":[[141.413075,42.953885],[141.413059,42.953625]]}},{"type":"Feature","properties":{"task_id":"224456380:1:2332784136:2332784062","reason":"追加した回送道路を含めても、公開4社の出発道路ノードから往復可能な経路を確認できない市内区間。"},"geometry":{"type":"LineString","coordinates":[[141.413059,42.953625],[141.413049,42.953145]]}},{"type":"Feature","properties":{"task_id":"224456380:0:2332784062:2332783972","reason":"追加した回送道路を含めても、公開4社の出発道路ノードから往復可能な経路を確認できない市内区間。"},"geometry":{"type":"LineString","coordinates":[[141.413049,42.953145],[141.412686,42.952413]]}},{"type":"Feature","properties":{"task_id":"224456272:1:2332783972:2332783956","reason":"追加した回送道路を含めても、公開4社の出発道路ノードから往復可能な経路を確認できない市内区間。"},"geometry":{"type":"LineString","coordinates":[[141.412686,42.952413],[141.412646,42.952332]]}},{"type":"Feature","properties":{"task_id":"224456272:0:2332783956:2332783905","reason":"追加した回送道路を含めても、公開4社の出発道路ノードから往復可能な経路を確認できない市内区間。"},"geometry":{"type":"LineString","coordinates":[[141.412646,42.952332],[141.412524,42.951988]]}},{"type":"Feature","properties":{"task_id":"224456058:16:2332783905:2332783881","reason":"追加した回送道路を含めても、公開4社の出発道路ノードから往復可能な経路を確認できない市内区間。"},"geometry":{"type":"LineString","coordinates":[[141.412524,42.951988],[141.412492,42.951845]]}},{"type":"Feature","properties":{"task_id":"224456058:15:2332783881:2332783857","reason":"追加した回送道路を含めても、公開4社の出発道路ノードから往復可能な経路を確認できない市内区間。"},"geometry":{"type":"LineString","coordinates":[[141.412492,42.951845],[141.412408,42.951775]]}},{"type":"Feature","properties":{"task_id":"224456058:14:2332783857:2332783841","reason":"追加した回送道路を含めても、公開4社の出発道路ノードから往復可能な経路を確認できない市内区間。"},"geometry":{"type":"LineString","coordinates":[[141.412408,42.951775],[141.412149,42.951702]]}},{"type":"Feature","properties":{"task_id":"224456058:13:2332783841:2332783834","reason":"追加した回送道路を含めても、公開4社の出発道路ノードから往復可能な経路を確認できない市内区間。"},"geometry":{"type":"LineString","coordinates":[[141.412149,42.951702],[141.411679,42.951677]]}},{"type":"Feature","properties":{"task_id":"224456058:12:2332783834:2332783830","reason":"追加した回送道路を含めても、公開4社の出発道路ノードから往復可能な経路を確認できない市内区間。"},"geometry":{"type":"LineString","coordinates":[[141.411679,42.951677],[141.411435,42.951672]]}},{"type":"Feature","properties":{"task_id":"224456058:11:2332783830:2332783809","reason":"追加した回送道路を含めても、公開4社の出発道路ノードから往復可能な経路を確認できない市内区間。"},"geometry":{"type":"LineString","coordinates":[[141.411435,42.951672],[141.411247,42.95162]]}},{"type":"Feature","properties":{"task_id":"224456058:10:2332783809:2332783685","reason":"追加した回送道路を含めても、公開4社の出発道路ノードから往復可能な経路を確認できない市内区間。"},"geometry":{"type":"LineString","coordinates":[[141.411247,42.95162],[141.410831,42.951212]]}},{"type":"Feature","properties":{"task_id":"224456058:9:2332783685:2332783562","reason":"追加した回送道路を含めても、公開4社の出発道路ノードから往復可能な経路を確認できない市内区間。"},"geometry":{"type":"LineString","coordinates":[[141.410831,42.951212],[141.41057,42.950858]]}},{"type":"Feature","properties":{"task_id":"224456058:8:2332783562:2332783529","reason":"追加した回送道路を含めても、公開4社の出発道路ノードから往復可能な経路を確認できない市内区間。"},"geometry":{"type":"LineString","coordinates":[[141.41057,42.950858],[141.410513,42.950582]]}},{"type":"Feature","properties":{"task_id":"224456058:7:2332783529:2332783462","reason":"追加した回送道路を含めても、公開4社の出発道路ノードから往復可能な経路を確認できない市内区間。"},"geometry":{"type":"LineString","coordinates":[[141.410513,42.950582],[141.410596,42.950109]]}},{"type":"Feature","properties":{"task_id":"224456058:6:2332783462:2332783437","reason":"追加した回送道路を含めても、公開4社の出発道路ノードから往復可能な経路を確認できない市内区間。"},"geometry":{"type":"LineString","coordinates":[[141.410596,42.950109],[141.410617,42.949922]]}},{"type":"Feature","properties":{"task_id":"224456058:5:2332783437:2332783423","reason":"追加した回送道路を含めても、公開4社の出発道路ノードから往復可能な経路を確認できない市内区間。"},"geometry":{"type":"LineString","coordinates":[[141.410617,42.949922],[141.410594,42.949784]]}},{"type":"Feature","properties":{"task_id":"224456058:4:2332783423:2332783408","reason":"追加した回送道路を含めても、公開4社の出発道路ノードから往復可能な経路を確認できない市内区間。"},"geometry":{"type":"LineString","coordinates":[[141.410594,42.949784],[141.410523,42.949646]]}},{"type":"Feature","properties":{"task_id":"224456058:3:2332783408:2332783379","reason":"追加した回送道路を含めても、公開4社の出発道路ノードから往復可能な経路を確認できない市内区間。"},"geometry":{"type":"LineString","coordinates":[[141.410523,42.949646],[141.410414,42.949453]]}},{"type":"Feature","properties":{"task_id":"224456058:2:2332783379:2332783333","reason":"追加した回送道路を含めても、公開4社の出発道路ノードから往復可能な経路を確認できない市内区間。"},"geometry":{"type":"LineString","coordinates":[[141.410414,42.949453],[141.410336,42.94925]]}},{"type":"Feature","properties":{"task_id":"224456058:1:2332783333:2332783280","reason":"追加した回送道路を含めても、公開4社の出発道路ノードから往復可能な経路を確認できない市内区間。"},"geometry":{"type":"LineString","coordinates":[[141.410336,42.94925],[141.410174,42.949021]]}},{"type":"Feature","properties":{"task_id":"224456058:0:2332783280:2332783260","reason":"追加した回送道路を含めても、公開4社の出発道路ノードから往復可能な経路を確認できない市内区間。"},"geometry":{"type":"LineString","coordinates":[[141.410174,42.949021],[141.410008,42.948927]]}},{"type":"Feature","properties":{"task_id":"224456324:2:2332783260:2332783237","reason":"追加した回送道路を含めても、公開4社の出発道路ノードから往復可能な経路を確認できない市内区間。"},"geometry":{"type":"LineString","coordinates":[[141.410008,42.948927],[141.409752,42.948745]]}},{"type":"Feature","properties":{"task_id":"224456324:1:2332783237:2332783218","reason":"追加した回送道路を含めても、公開4社の出発道路ノードから往復可能な経路を確認できない市内区間。"},"geometry":{"type":"LineString","coordinates":[[141.409752,42.948745],[141.409326,42.948549]]}},{"type":"Feature","properties":{"task_id":"224456324:0:2332783218:2332783143","reason":"追加した回送道路を含めても、公開4社の出発道路ノードから往復可能な経路を確認できない市内区間。"},"geometry":{"type":"LineString","coordinates":[[141.409326,42.948549],[141.408846,42.948099]]}},{"type":"Feature","properties":{"task_id":"224456324:0:2332783143:2332783218","reason":"追加した回送道路を含めても、公開4社の出発道路ノードから往復可能な経路を確認できない市内区間。"},"geometry":{"type":"LineString","coordinates":[[141.408846,42.948099],[141.409326,42.948549]]}},{"type":"Feature","properties":{"task_id":"224456324:1:2332783218:2332783237","reason":"追加した回送道路を含めても、公開4社の出発道路ノードから往復可能な経路を確認できない市内区間。"},"geometry":{"type":"LineString","coordinates":[[141.409326,42.948549],[141.409752,42.948745]]}},{"type":"Feature","properties":{"task_id":"224456324:2:2332783237:2332783260","reason":"追加した回送道路を含めても、公開4社の出発道路ノードから往復可能な経路を確認できない市内区間。"},"geometry":{"type":"LineString","coordinates":[[141.409752,42.948745],[141.410008,42.948927]]}},{"type":"Feature","properties":{"task_id":"224456058:0:2332783260:2332783280","reason":"追加した回送道路を含めても、公開4社の出発道路ノードから往復可能な経路を確認できない市内区間。"},"geometry":{"type":"LineString","coordinates":[[141.410008,42.948927],[141.410174,42.949021]]}},{"type":"Feature","properties":{"task_id":"224456058:1:2332783280:2332783333","reason":"追加した回送道路を含めても、公開4社の出発道路ノードから往復可能な経路を確認できない市内区間。"},"geometry":{"type":"LineString","coordinates":[[141.410174,42.949021],[141.410336,42.94925]]}},{"type":"Feature","properties":{"task_id":"224456058:2:2332783333:2332783379","reason":"追加した回送道路を含めても、公開4社の出発道路ノードから往復可能な経路を確認できない市内区間。"},"geometry":{"type":"LineString","coordinates":[[141.410336,42.94925],[141.410414,42.949453]]}},{"type":"Feature","properties":{"task_id":"224456058:3:2332783379:2332783408","reason":"追加した回送道路を含めても、公開4社の出発道路ノードから往復可能な経路を確認できない市内区間。"},"geometry":{"type":"LineString","coordinates":[[141.410414,42.949453],[141.410523,42.949646]]}},{"type":"Feature","properties":{"task_id":"224456058:4:2332783408:2332783423","reason":"追加した回送道路を含めても、公開4社の出発道路ノードから往復可能な経路を確認できない市内区間。"},"geometry":{"type":"LineString","coordinates":[[141.410523,42.949646],[141.410594,42.949784]]}},{"type":"Feature","properties":{"task_id":"224456058:5:2332783423:2332783437","reason":"追加した回送道路を含めても、公開4社の出発道路ノードから往復可能な経路を確認できない市内区間。"},"geometry":{"type":"LineString","coordinates":[[141.410594,42.949784],[141.410617,42.949922]]}},{"type":"Feature","properties":{"task_id":"224456058:6:2332783437:2332783462","reason":"追加した回送道路を含めても、公開4社の出発道路ノードから往復可能な経路を確認できない市内区間。"},"geometry":{"type":"LineString","coordinates":[[141.410617,42.949922],[141.410596,42.950109]]}},{"type":"Feature","properties":{"task_id":"224456058:7:2332783462:2332783529","reason":"追加した回送道路を含めても、公開4社の出発道路ノードから往復可能な経路を確認できない市内区間。"},"geometry":{"type":"LineString","coordinates":[[141.410596,42.950109],[141.410513,42.950582]]}},{"type":"Feature","properties":{"task_id":"224456058:8:2332783529:2332783562","reason":"追加した回送道路を含めても、公開4社の出発道路ノードから往復可能な経路を確認できない市内区間。"},"geometry":{"type":"LineString","coordinates":[[141.410513,42.950582],[141.41057,42.950858]]}},{"type":"Feature","properties":{"task_id":"224456058:9:2332783562:2332783685","reason":"追加した回送道路を含めても、公開4社の出発道路ノードから往復可能な経路を確認できない市内区間。"},"geometry":{"type":"LineString","coordinates":[[141.41057,42.950858],[141.410831,42.951212]]}},{"type":"Feature","properties":{"task_id":"224456058:10:2332783685:2332783809","reason":"追加した回送道路を含めても、公開4社の出発道路ノードから往復可能な経路を確認できない市内区間。"},"geometry":{"type":"LineString","coordinates":[[141.410831,42.951212],[141.411247,42.95162]]}},{"type":"Feature","properties":{"task_id":"224456058:11:2332783809:2332783830","reason":"追加した回送道路を含めても、公開4社の出発道路ノードから往復可能な経路を確認できない市内区間。"},"geometry":{"type":"LineString","coordinates":[[141.411247,42.95162],[141.411435,42.951672]]}},{"type":"Feature","properties":{"task_id":"224456058:12:2332783830:2332783834","reason":"追加した回送道路を含めても、公開4社の出発道路ノードから往復可能な経路を確認できない市内区間。"},"geometry":{"type":"LineString","coordinates":[[141.411435,42.951672],[141.411679,42.951677]]}},{"type":"Feature","properties":{"task_id":"224456058:13:2332783834:2332783841","reason":"追加した回送道路を含めても、公開4社の出発道路ノードから往復可能な経路を確認できない市内区間。"},"geometry":{"type":"LineString","coordinates":[[141.411679,42.951677],[141.412149,42.951702]]}},{"type":"Feature","properties":{"task_id":"224456058:14:2332783841:2332783857","reason":"追加した回送道路を含めても、公開4社の出発道路ノードから往復可能な経路を確認できない市内区間。"},"geometry":{"type":"LineString","coordinates":[[141.412149,42.951702],[141.412408,42.951775]]}},{"type":"Feature","properties":{"task_id":"224456058:15:2332783857:2332783881","reason":"追加した回送道路を含めても、公開4社の出発道路ノードから往復可能な経路を確認できない市内区間。"},"geometry":{"type":"LineString","coordinates":[[141.412408,42.951775],[141.412492,42.951845]]}},{"type":"Feature","properties":{"task_id":"224456058:16:2332783881:2332783905","reason":"追加した回送道路を含めても、公開4社の出発道路ノードから往復可能な経路を確認できない市内区間。"},"geometry":{"type":"LineString","coordinates":[[141.412492,42.951845],[141.412524,42.951988]]}},{"type":"Feature","properties":{"task_id":"224456272:0:2332783905:2332783956","reason":"追加した回送道路を含めても、公開4社の出発道路ノードから往復可能な経路を確認できない市内区間。"},"geometry":{"type":"LineString","coordinates":[[141.412524,42.951988],[141.412646,42.952332]]}},{"type":"Feature","properties":{"task_id":"224456272:1:2332783956:2332783972","reason":"追加した回送道路を含めても、公開4社の出発道路ノードから往復可能な経路を確認できない市内区間。"},"geometry":{"type":"LineString","coordinates":[[141.412646,42.952332],[141.412686,42.952413]]}},{"type":"Feature","properties":{"task_id":"224456380:0:2332783972:2332784062","reason":"追加した回送道路を含めても、公開4社の出発道路ノードから往復可能な経路を確認できない市内区間。"},"geometry":{"type":"LineString","coordinates":[[141.412686,42.952413],[141.413049,42.953145]]}},{"type":"Feature","properties":{"task_id":"224456380:1:2332784062:2332784136","reason":"追加した回送道路を含めても、公開4社の出発道路ノードから往復可能な経路を確認できない市内区間。"},"geometry":{"type":"LineString","coordinates":[[141.413049,42.953145],[141.413059,42.953625]]}},{"type":"Feature","properties":{"task_id":"224456380:2:2332784136:2332784173","reason":"追加した回送道路を含めても、公開4社の出発道路ノードから往復可能な経路を確認できない市内区間。"},"geometry":{"type":"LineString","coordinates":[[141.413059,42.953625],[141.413075,42.953885]]}},{"type":"Feature","properties":{"task_id":"224456380:3:2332784173:2332784220","reason":"追加した回送道路を含めても、公開4社の出発道路ノードから往復可能な経路を確認できない市内区間。"},"geometry":{"type":"LineString","coordinates":[[141.413075,42.953885],[141.413159,42.954097]]}},{"type":"Feature","properties":{"task_id":"224456050:0:2332784220:2332784271","reason":"追加した回送道路を含めても、公開4社の出発道路ノードから往復可能な経路を確認できない市内区間。"},"geometry":{"type":"LineString","coordinates":[[141.413159,42.954097],[141.41351,42.954604]]}},{"type":"Feature","properties":{"task_id":"224456050:1:2332784271:2332784291","reason":"追加した回送道路を含めても、公開4社の出発道路ノードから往復可能な経路を確認できない市内区間。"},"geometry":{"type":"LineString","coordinates":[[141.41351,42.954604],[141.41364,42.954767]]}},{"type":"Feature","properties":{"task_id":"224456050:2:2332784291:2332784306","reason":"追加した回送道路を含めても、公開4社の出発道路ノードから往復可能な経路を確認できない市内区間。"},"geometry":{"type":"LineString","coordinates":[[141.41364,42.954767],[141.413778,42.954913]]}},{"type":"Feature","properties":{"task_id":"224456050:3:2332784306:2332784317","reason":"追加した回送道路を含めても、公開4社の出発道路ノードから往復可能な経路を確認できない市内区間。"},"geometry":{"type":"LineString","coordinates":[[141.413778,42.954913],[141.413939,42.955048]]}},{"type":"Feature","properties":{"task_id":"224456050:4:2332784317:2332784320","reason":"追加した回送道路を含めても、公開4社の出発道路ノードから往復可能な経路を確認できない市内区間。"},"geometry":{"type":"LineString","coordinates":[[141.413939,42.955048],[141.413947,42.955065]]}},{"type":"Feature","properties":{"task_id":"224456050:5:2332784320:2332784352","reason":"追加した回送道路を含めても、公開4社の出発道路ノードから往復可能な経路を確認できない市内区間。"},"geometry":{"type":"LineString","coordinates":[[141.413947,42.955065],[141.414314,42.95529]]}},{"type":"Feature","properties":{"task_id":"224456050:6:2332784352:2332784405","reason":"追加した回送道路を含めても、公開4社の出発道路ノードから往復可能な経路を確認できない市内区間。"},"geometry":{"type":"LineString","coordinates":[[141.414314,42.95529],[141.414575,42.955465]]}},{"type":"Feature","properties":{"task_id":"224456050:7:2332784405:2332784436","reason":"追加した回送道路を含めても、公開4社の出発道路ノードから往復可能な経路を確認できない市内区間。"},"geometry":{"type":"LineString","coordinates":[[141.414575,42.955465],[141.41479,42.955634]]}},{"type":"Feature","properties":{"task_id":"224456050:8:2332784436:2332784502","reason":"追加した回送道路を含めても、公開4社の出発道路ノードから往復可能な経路を確認できない市内区間。"},"geometry":{"type":"LineString","coordinates":[[141.41479,42.955634],[141.415042,42.95587]]}},{"type":"Feature","properties":{"task_id":"224456050:9:2332784502:2332784545","reason":"追加した回送道路を含めても、公開4社の出発道路ノードから往復可能な経路を確認できない市内区間。"},"geometry":{"type":"LineString","coordinates":[[141.415042,42.95587],[141.415272,42.956129]]}},{"type":"Feature","properties":{"task_id":"224456050:10:2332784545:2332784604","reason":"追加した回送道路を含めても、公開4社の出発道路ノードから往復可能な経路を確認できない市内区間。"},"geometry":{"type":"LineString","coordinates":[[141.415272,42.956129],[141.415571,42.956517]]}},{"type":"Feature","properties":{"task_id":"224456050:11:2332784604:2332784621","reason":"追加した回送道路を含めても、公開4社の出発道路ノードから往復可能な経路を確認できない市内区間。"},"geometry":{"type":"LineString","coordinates":[[141.415571,42.956517],[141.415732,42.956726]]}},{"type":"Feature","properties":{"task_id":"224456050:12:2332784621:2332784628","reason":"追加した回送道路を含めても、公開4社の出発道路ノードから往復可能な経路を確認できない市内区間。"},"geometry":{"type":"LineString","coordinates":[[141.415732,42.956726],[141.415862,42.956855]]}},{"type":"Feature","properties":{"task_id":"224456050:13:2332784628:2332784635","reason":"追加した回送道路を含めても、公開4社の出発道路ノードから往復可能な経路を確認できない市内区間。"},"geometry":{"type":"LineString","coordinates":[[141.415862,42.956855],[141.416007,42.956945]]}},{"type":"Feature","properties":{"task_id":"224456050:14:2332784635:2332784665","reason":"追加した回送道路を含めても、公開4社の出発道路ノードから往復可能な経路を確認できない市内区間。"},"geometry":{"type":"LineString","coordinates":[[141.416007,42.956945],[141.41688,42.957294]]}},{"type":"Feature","properties":{"task_id":"224456050:15:2332784665:2332784679","reason":"追加した回送道路を含めても、公開4社の出発道路ノードから往復可能な経路を確認できない市内区間。"},"geometry":{"type":"LineString","coordinates":[[141.41688,42.957294],[141.417094,42.957429]]}},{"type":"Feature","properties":{"task_id":"224456562:0:2332784679:2332784691","reason":"追加した回送道路を含めても、公開4社の出発道路ノードから往復可能な経路を確認できない市内区間。"},"geometry":{"type":"LineString","coordinates":[[141.417094,42.957429],[141.417409,42.95766]]}},{"type":"Feature","properties":{"task_id":"224456562:1:2332784691:2332784700","reason":"追加した回送道路を含めても、公開4社の出発道路ノードから往復可能な経路を確認できない市内区間。"},"geometry":{"type":"LineString","coordinates":[[141.417409,42.95766],[141.417539,42.957801]]}},{"type":"Feature","properties":{"task_id":"224456562:2:2332784700:2332784719","reason":"追加した回送道路を含めても、公開4社の出発道路ノードから往復可能な経路を確認できない市内区間。"},"geometry":{"type":"LineString","coordinates":[[141.417539,42.957801],[141.417639,42.957964]]}},{"type":"Feature","properties":{"task_id":"224456562:3:2332784719:2332784737","reason":"追加した回送道路を含めても、公開4社の出発道路ノードから往復可能な経路を確認できない市内区間。"},"geometry":{"type":"LineString","coordinates":[[141.417639,42.957964],[141.417746,42.958228]]}},{"type":"Feature","properties":{"task_id":"224456562:4:2332784737:2332784754","reason":"追加した回送道路を含めても、公開4社の出発道路ノードから往復可能な経路を確認できない市内区間。"},"geometry":{"type":"LineString","coordinates":[[141.417746,42.958228],[141.417792,42.958431]]}},{"type":"Feature","properties":{"task_id":"224456562:5:2332784754:2332784765","reason":"追加した回送道路を含めても、公開4社の出発道路ノードから往復可能な経路を確認できない市内区間。"},"geometry":{"type":"LineString","coordinates":[[141.417792,42.958431],[141.417792,42.958735]]}},{"type":"Feature","properties":{"task_id":"224456017:11:2332784765:2332784792","reason":"追加した回送道路を含めても、公開4社の出発道路ノードから往復可能な経路を確認できない市内区間。"},"geometry":{"type":"LineString","coordinates":[[141.417792,42.958735],[141.417791,42.959247]]}},{"type":"Feature","properties":{"task_id":"224456017:10:2332784792:2332784824","reason":"追加した回送道路を含めても、公開4社の出発道路ノードから往復可能な経路を確認できない市内区間。"},"geometry":{"type":"LineString","coordinates":[[141.417791,42.959247],[141.41773,42.96004]]}},{"type":"Feature","properties":{"task_id":"224456017:9:2332784824:2332784906","reason":"追加した回送道路を含めても、公開4社の出発道路ノードから往復可能な経路を確認できない市内区間。"},"geometry":{"type":"LineString","coordinates":[[141.41773,42.96004],[141.417661,42.961279]]}},{"type":"Feature","properties":{"task_id":"224456017:8:2332784906:2332784915","reason":"追加した回送道路を含めても、公開4社の出発道路ノードから往復可能な経路を確認できない市内区間。"},"geometry":{"type":"LineString","coordinates":[[141.417661,42.961279],[141.417631,42.961459]]}},{"type":"Feature","properties":{"task_id":"224456017:7:2332784915:2332784944","reason":"追加した回送道路を含めても、公開4社の出発道路ノードから往復可能な経路を確認できない市内区間。"},"geometry":{"type":"LineString","coordinates":[[141.417631,42.961459],[141.417531,42.961796]]}},{"type":"Feature","properties":{"task_id":"224456017:6:2332784944:2332784972","reason":"追加した回送道路を含めても、公開4社の出発道路ノードから往復可能な経路を確認できない市内区間。"},"geometry":{"type":"LineString","coordinates":[[141.417531,42.961796],[141.417523,42.962106]]}},{"type":"Feature","properties":{"task_id":"224456017:5:2332784972:2332785014","reason":"追加した回送道路を含めても、公開4社の出発道路ノードから往復可能な経路を確認できない市内区間。"},"geometry":{"type":"LineString","coordinates":[[141.417523,42.962106],[141.417546,42.962352]]}},{"type":"Feature","properties":{"task_id":"224456017:4:2332785014:2332785053","reason":"追加した回送道路を含めても、公開4社の出発道路ノードから往復可能な経路を確認できない市内区間。"},"geometry":{"type":"LineString","coordinates":[[141.417546,42.962352],[141.417638,42.962916]]}},{"type":"Feature","properties":{"task_id":"224456017:3:2332785053:2332785102","reason":"追加した回送道路を含めても、公開4社の出発道路ノードから往復可能な経路を確認できない市内区間。"},"geometry":{"type":"LineString","coordinates":[[141.417638,42.962916],[141.417676,42.963164]]}},{"type":"Feature","properties":{"task_id":"224456017:2:2332785102:2332785135","reason":"追加した回送道路を含めても、公開4社の出発道路ノードから往復可能な経路を確認できない市内区間。"},"geometry":{"type":"LineString","coordinates":[[141.417676,42.963164],[141.417653,42.963614]]}},{"type":"Feature","properties":{"task_id":"224456017:1:2332785135:2332785184","reason":"追加した回送道路を含めても、公開4社の出発道路ノードから往復可能な経路を確認できない市内区間。"},"geometry":{"type":"LineString","coordinates":[[141.417653,42.963614],[141.417653,42.964042]]}},{"type":"Feature","properties":{"task_id":"224456017:0:2332785184:2332785210","reason":"追加した回送道路を含めても、公開4社の出発道路ノードから往復可能な経路を確認できない市内区間。"},"geometry":{"type":"LineString","coordinates":[[141.417653,42.964042],[141.417722,42.964335]]}},{"type":"Feature","properties":{"task_id":"224456327:2:2332785210:2332785241","reason":"追加した回送道路を含めても、公開4社の出発道路ノードから往復可能な経路を確認できない市内区間。"},"geometry":{"type":"LineString","coordinates":[[141.417722,42.964335],[141.417814,42.964582]]}},{"type":"Feature","properties":{"task_id":"224456327:1:2332785241:2332785258","reason":"追加した回送道路を含めても、公開4社の出発道路ノードから往復可能な経路を確認できない市内区間。"},"geometry":{"type":"LineString","coordinates":[[141.417814,42.964582],[141.417982,42.964942]]}},{"type":"Feature","properties":{"task_id":"224456327:0:2332785258:2332785277","reason":"追加した回送道路を含めても、公開4社の出発道路ノードから往復可能な経路を確認できない市内区間。"},"geometry":{"type":"LineString","coordinates":[[141.417982,42.964942],[141.418225,42.965394]]}},{"type":"Feature","properties":{"task_id":"224456483:0:2332785277:2332785287","reason":"追加した回送道路を含めても、公開4社の出発道路ノードから往復可能な経路を確認できない市内区間。"},"geometry":{"type":"LineString","coordinates":[[141.418225,42.965394],[141.418227,42.965612]]}},{"type":"Feature","properties":{"task_id":"224456483:1:2332785287:2332785339","reason":"追加した回送道路を含めても、公開4社の出発道路ノードから往復可能な経路を確認できない市内区間。"},"geometry":{"type":"LineString","coordinates":[[141.418227,42.965612],[141.41802,42.966057]]}},{"type":"Feature","properties":{"task_id":"224456483:2:2332785339:2332785364","reason":"追加した回送道路を含めても、公開4社の出発道路ノードから往復可能な経路を確認できない市内区間。"},"geometry":{"type":"LineString","coordinates":[[141.41802,42.966057],[141.417905,42.966271]]}},{"type":"Feature","properties":{"task_id":"224456483:3:2332785364:2332785383","reason":"追加した回送道路を含めても、公開4社の出発道路ノードから往復可能な経路を確認できない市内区間。"},"geometry":{"type":"LineString","coordinates":[[141.417905,42.966271],[141.417737,42.966484]]}},{"type":"Feature","properties":{"task_id":"224456483:4:2332785383:2332785385","reason":"追加した回送道路を含めても、公開4社の出発道路ノードから往復可能な経路を確認できない市内区間。"},"geometry":{"type":"LineString","coordinates":[[141.417737,42.966484],[141.417648,42.966506]]}},{"type":"Feature","properties":{"task_id":"224456062:17:2332785385:2332785369","reason":"追加した回送道路を含めても、公開4社の出発道路ノードから往復可能な経路を確認できない市内区間。"},"geometry":{"type":"LineString","coordinates":[[141.417648,42.966506],[141.417591,42.966299]]}},{"type":"Feature","properties":{"task_id":"224456062:16:2332785369:2332785355","reason":"追加した回送道路を含めても、公開4社の出発道路ノードから往復可能な経路を確認できない市内区間。"},"geometry":{"type":"LineString","coordinates":[[141.417591,42.966299],[141.417537,42.966192]]}},{"type":"Feature","properties":{"task_id":"224456062:15:2332785355:2332785346","reason":"追加した回送道路を含めても、公開4社の出発道路ノードから往復可能な経路を確認できない市内区間。"},"geometry":{"type":"LineString","coordinates":[[141.417537,42.966192],[141.417461,42.966113]]}},{"type":"Feature","properties":{"task_id":"224456062:14:2332785346:2332785338","reason":"追加した回送道路を含めても、公開4社の出発道路ノードから往復可能な経路を確認できない市内区間。"},"geometry":{"type":"LineString","coordinates":[[141.417461,42.966113],[141.417361,42.966057]]}},{"type":"Feature","properties":{"task_id":"224456062:13:2332785338:2332785337","reason":"追加した回送道路を含めても、公開4社の出発道路ノードから往復可能な経路を確認できない市内区間。"},"geometry":{"type":"LineString","coordinates":[[141.417361,42.966057],[141.41727,42.96604]]}},{"type":"Feature","properties":{"task_id":"224456062:13:2332785337:2332785338","reason":"追加した回送道路を含めても、公開4社の出発道路ノードから往復可能な経路を確認できない市内区間。"},"geometry":{"type":"LineString","coordinates":[[141.41727,42.96604],[141.417361,42.966057]]}},{"type":"Feature","properties":{"task_id":"224456062:14:2332785338:2332785346","reason":"追加した回送道路を含めても、公開4社の出発道路ノードから往復可能な経路を確認できない市内区間。"},"geometry":{"type":"LineString","coordinates":[[141.417361,42.966057],[141.417461,42.966113]]}},{"type":"Feature","properties":{"task_id":"224456062:15:2332785346:2332785355","reason":"追加した回送道路を含めても、公開4社の出発道路ノードから往復可能な経路を確認できない市内区間。"},"geometry":{"type":"LineString","coordinates":[[141.417461,42.966113],[141.417537,42.966192]]}},{"type":"Feature","properties":{"task_id":"224456062:16:2332785355:2332785369","reason":"追加した回送道路を含めても、公開4社の出発道路ノードから往復可能な経路を確認できない市内区間。"},"geometry":{"type":"LineString","coordinates":[[141.417537,42.966192],[141.417591,42.966299]]}},{"type":"Feature","properties":{"task_id":"224456062:17:2332785369:2332785385","reason":"追加した回送道路を含めても、公開4社の出発道路ノードから往復可能な経路を確認できない市内区間。"},"geometry":{"type":"LineString","coordinates":[[141.417591,42.966299],[141.417648,42.966506]]}},{"type":"Feature","properties":{"task_id":"224456209:24:2332785385:2332785396","reason":"追加した回送道路を含めても、公開4社の出発道路ノードから往復可能な経路を確認できない市内区間。"},"geometry":{"type":"LineString","coordinates":[[141.417648,42.966506],[141.417583,42.966574]]}},{"type":"Feature","properties":{"task_id":"224456209:23:2332785396:2332785410","reason":"追加した回送道路を含めても、公開4社の出発道路ノードから往復可能な経路を確認できない市内区間。"},"geometry":{"type":"LineString","coordinates":[[141.417583,42.966574],[141.417492,42.96676]]}},{"type":"Feature","properties":{"task_id":"224456209:22:2332785410:2332785418","reason":"追加した回送道路を含めても、公開4社の出発道路ノードから往復可能な経路を確認できない市内区間。"},"geometry":{"type":"LineString","coordinates":[[141.417492,42.96676],[141.41743,42.96685]]}},{"type":"Feature","properties":{"task_id":"224456209:21:2332785418:2332785442","reason":"追加した回送道路を含めても、公開4社の出発道路ノードから往復可能な経路を確認できない市内区間。"},"geometry":{"type":"LineString","coordinates":[[141.41743,42.96685],[141.41707,42.967284]]}},{"type":"Feature","properties":{"task_id":"224456209:20:2332785442:2332785447","reason":"追加した回送道路を含めても、公開4社の出発道路ノードから往復可能な経路を確認できない市内区間。"},"geometry":{"type":"LineString","coordinates":[[141.41707,42.967284],[141.417002,42.96734]]}},{"type":"Feature","properties":{"task_id":"224456209:19:2332785447:2332785474","reason":"追加した回送道路を含めても、公開4社の出発道路ノードから往復可能な経路を確認できない市内区間。"},"geometry":{"type":"LineString","coordinates":[[141.417002,42.96734],[141.416779,42.967587]]}},{"type":"Feature","properties":{"task_id":"224456209:18:2332785474:2332785483","reason":"追加した回送道路を含めても、公開4社の出発道路ノードから往復可能な経路を確認できない市内区間。"},"geometry":{"type":"LineString","coordinates":[[141.416779,42.967587],[141.416695,42.967722]]}},{"type":"Feature","properties":{"task_id":"224456209:17:2332785483:2332785498","reason":"追加した回送道路を含めても、公開4社の出発道路ノードから往復可能な経路を確認できない市内区間。"},"geometry":{"type":"LineString","coordinates":[[141.416695,42.967722],[141.416695,42.967885]]}},{"type":"Feature","properties":{"task_id":"224456209:16:2332785498:2332785507","reason":"追加した回送道路を含めても、公開4社の出発道路ノードから往復可能な経路を確認できない市内区間。"},"geometry":{"type":"LineString","coordinates":[[141.416695,42.967885],[141.416748,42.967992]]}},{"type":"Feature","properties":{"task_id":"224456209:15:2332785507:2332785515","reason":"追加した回送道路を含めても、公開4社の出発道路ノードから往復可能な経路を確認できない市内区間。"},"geometry":{"type":"LineString","coordinates":[[141.416748,42.967992],[141.416863,42.968127]]}},{"type":"Feature","properties":{"task_id":"224456209:14:2332785515:2332785524","reason":"追加した回送道路を含めても、公開4社の出発道路ノードから往復可能な経路を確認できない市内区間。"},"geometry":{"type":"LineString","coordinates":[[141.416863,42.968127],[141.41691,42.968262]]}},{"type":"Feature","properties":{"task_id":"224456209:13:2332785524:2332785541","reason":"追加した回送道路を含めても、公開4社の出発道路ノードから往復可能な経路を確認できない市内区間。"},"geometry":{"type":"LineString","coordinates":[[141.41691,42.968262],[141.41691,42.96847]]}},{"type":"Feature","properties":{"task_id":"224456209:12:2332785541:2332785561","reason":"追加した回送道路を含めても、公開4社の出発道路ノードから往復可能な経路を確認できない市内区間。"},"geometry":{"type":"LineString","coordinates":[[141.41691,42.96847],[141.416848,42.968685]]}},{"type":"Feature","properties":{"task_id":"224456209:11:2332785561:2332785570","reason":"追加した回送道路を含めても、公開4社の出発道路ノードから往復可能な経路を確認できない市内区間。"},"geometry":{"type":"LineString","coordinates":[[141.416848,42.968685],[141.416856,42.96891]]}},{"type":"Feature","properties":{"task_id":"224456209:10:2332785570:2332785582","reason":"追加した回送道路を含めても、公開4社の出発道路ノードから往復可能な経路を確認できない市内区間。"},"geometry":{"type":"LineString","coordinates":[[141.416856,42.96891],[141.416917,42.969067]]}},{"type":"Feature","properties":{"task_id":"224456209:9:2332785582:2332785600","reason":"追加した回送道路を含めても、公開4社の出発道路ノードから往復可能な経路を確認できない市内区間。"},"geometry":{"type":"LineString","coordinates":[[141.416917,42.969067],[141.417025,42.96923]]}},{"type":"Feature","properties":{"task_id":"224456209:8:2332785600:2332785614","reason":"追加した回送道路を含めても、公開4社の出発道路ノードから往復可能な経路を確認できない市内区間。"},"geometry":{"type":"LineString","coordinates":[[141.417025,42.96923],[141.417139,42.969438]]}},{"type":"Feature","properties":{"task_id":"224456209:7:2332785614:2332785643","reason":"追加した回送道路を含めても、公開4社の出発道路ノードから往復可能な経路を確認できない市内区間。"},"geometry":{"type":"LineString","coordinates":[[141.417139,42.969438],[141.417215,42.969646]]}},{"type":"Feature","properties":{"task_id":"224456209:6:2332785643:2332785680","reason":"追加した回送道路を含めても、公開4社の出発道路ノードから往復可能な経路を確認できない市内区間。"},"geometry":{"type":"LineString","coordinates":[[141.417215,42.969646],[141.41727,42.969934]]}},{"type":"Feature","properties":{"task_id":"224456209:5:2332785680:2332785710","reason":"追加した回送道路を含めても、公開4社の出発道路ノードから往復可能な経路を確認できない市内区間。"},"geometry":{"type":"LineString","coordinates":[[141.41727,42.969934],[141.417278,42.970283]]}},{"type":"Feature","properties":{"task_id":"224456209:4:2332785710:2332785721","reason":"追加した回送道路を含めても、公開4社の出発道路ノードから往復可能な経路を確認できない市内区間。"},"geometry":{"type":"LineString","coordinates":[[141.417278,42.970283],[141.417308,42.970379]]}},{"type":"Feature","properties":{"task_id":"224456209:3:2332785721:2332785731","reason":"追加した回送道路を含めても、公開4社の出発道路ノードから往復可能な経路を確認できない市内区間。"},"geometry":{"type":"LineString","coordinates":[[141.417308,42.970379],[141.417393,42.97048]]}},{"type":"Feature","properties":{"task_id":"224456209:2:2332785731:2332785744","reason":"追加した回送道路を含めても、公開4社の出発道路ノードから往復可能な経路を確認できない市内区間。"},"geometry":{"type":"LineString","coordinates":[[141.417393,42.97048],[141.417531,42.970604]]}},{"type":"Feature","properties":{"task_id":"224456209:1:2332785744:2332785759","reason":"追加した回送道路を含めても、公開4社の出発道路ノードから往復可能な経路を確認できない市内区間。"},"geometry":{"type":"LineString","coordinates":[[141.417531,42.970604],[141.41763,42.970745]]}},{"type":"Feature","properties":{"task_id":"224456209:0:2332785759:2332785781","reason":"追加した回送道路を含めても、公開4社の出発道路ノードから往復可能な経路を確認できない市内区間。"},"geometry":{"type":"LineString","coordinates":[[141.41763,42.970745],[141.41774,42.971034]]}},{"type":"Feature","properties":{"task_id":"224456415:3:2332785781:2332785788","reason":"追加した回送道路を含めても、公開4社の出発道路ノードから往復可能な経路を確認できない市内区間。"},"geometry":{"type":"LineString","coordinates":[[141.41774,42.971034],[141.417769,42.971107]]}},{"type":"Feature","properties":{"task_id":"224456415:2:2332785788:2332785798","reason":"追加した回送道路を含めても、公開4社の出発道路ノードから往復可能な経路を確認できない市内区間。"},"geometry":{"type":"LineString","coordinates":[[141.417769,42.971107],[141.417899,42.971229]]}},{"type":"Feature","properties":{"task_id":"224456415:1:2332785798:2332785801","reason":"追加した回送道路を含めても、公開4社の出発道路ノードから往復可能な経路を確認できない市内区間。"},"geometry":{"type":"LineString","coordinates":[[141.417899,42.971229],[141.418141,42.971328]]}},{"type":"Feature","properties":{"task_id":"224456415:0:2332785801:2332785802","reason":"追加した回送道路を含めても、公開4社の出発道路ノードから往復可能な経路を確認できない市内区間。"},"geometry":{"type":"LineString","coordinates":[[141.418141,42.971328],[141.418469,42.971344]]}},{"type":"Feature","properties":{"task_id":"224456237:0:2332785802:2332785805","reason":"追加した回送道路を含めても、公開4社の出発道路ノードから往復可能な経路を確認できない市内区間。"},"geometry":{"type":"LineString","coordinates":[[141.418469,42.971344],[141.418347,42.971388]]}},{"type":"Feature","properties":{"task_id":"224456237:1:2332785805:2332785812","reason":"追加した回送道路を含めても、公開4社の出発道路ノードから往復可能な経路を確認できない市内区間。"},"geometry":{"type":"LineString","coordinates":[[141.418347,42.971388],[141.418141,42.971471]]}},{"type":"Feature","properties":{"task_id":"224456578:6:2332785812:2332785824","reason":"追加した回送道路を含めても、公開4社の出発道路ノードから往復可能な経路を確認できない市内区間。"},"geometry":{"type":"LineString","coordinates":[[141.418141,42.971471],[141.417906,42.971583]]}},{"type":"Feature","properties":{"task_id":"224456578:5:2332785824:2332785827","reason":"追加した回送道路を含めても、公開4社の出発道路ノードから往復可能な経路を確認できない市内区間。"},"geometry":{"type":"LineString","coordinates":[[141.417906,42.971583],[141.417829,42.971611]]}},{"type":"Feature","properties":{"task_id":"224456578:4:2332785827:2332785826","reason":"追加した回送道路を含めても、公開4社の出発道路ノードから往復可能な経路を確認できない市内区間。"},"geometry":{"type":"LineString","coordinates":[[141.417829,42.971611],[141.417676,42.9716]]}},{"type":"Feature","properties":{"task_id":"224456578:3:2332785826:2332785821","reason":"追加した回送道路を含めても、公開4社の出発道路ノードから往復可能な経路を確認できない市内区間。"},"geometry":{"type":"LineString","coordinates":[[141.417676,42.9716],[141.41753,42.971561]]}},{"type":"Feature","properties":{"task_id":"224456578:2:2332785821:2332785818","reason":"追加した回送道路を含めても、公開4社の出発道路ノードから往復可能な経路を確認できない市内区間。"},"geometry":{"type":"LineString","coordinates":[[141.41753,42.971561],[141.417408,42.97151]]}},{"type":"Feature","properties":{"task_id":"224456578:1:2332785818:2332785814","reason":"追加した回送道路を含めても、公開4社の出発道路ノードから往復可能な経路を確認できない市内区間。"},"geometry":{"type":"LineString","coordinates":[[141.417408,42.97151],[141.417247,42.971476]]}},{"type":"Feature","properties":{"task_id":"224456578:0:2332785814:2332785811","reason":"追加した回送道路を含めても、公開4社の出発道路ノードから往復可能な経路を確認できない市内区間。"},"geometry":{"type":"LineString","coordinates":[[141.417247,42.971476],[141.417071,42.971471]]}},{"type":"Feature","properties":{"task_id":"224455983:8:2332785811:2332785799","reason":"追加した回送道路を含めても、公開4社の出発道路ノードから往復可能な経路を確認できない市内区間。"},"geometry":{"type":"LineString","coordinates":[[141.417071,42.971471],[141.41665,42.971291]]}},{"type":"Feature","properties":{"task_id":"224455983:7:2332785799:2332785791","reason":"追加した回送道路を含めても、公開4社の出発道路ノードから往復可能な経路を確認できない市内区間。"},"geometry":{"type":"LineString","coordinates":[[141.41665,42.971291],[141.416343,42.971116]]}},{"type":"Feature","properties":{"task_id":"224455983:6:2332785791:2332785775","reason":"追加した回送道路を含めても、公開4社の出発道路ノードから往復可能な経路を確認できない市内区間。"},"geometry":{"type":"LineString","coordinates":[[141.416343,42.971116],[141.416206,42.971004]]}},{"type":"Feature","properties":{"task_id":"224455983:5:2332785775:2332785758","reason":"追加した回送道路を含めても、公開4社の出発道路ノードから往復可能な経路を確認できない市内区間。"},"geometry":{"type":"LineString","coordinates":[[141.416206,42.971004],[141.415999,42.970745]]}},{"type":"Feature","properties":{"task_id":"224455983:4:2332785758:2332785757","reason":"追加した回送道路を含めても、公開4社の出発道路ノードから往復可能な経路を確認できない市内区間。"},"geometry":{"type":"LineString","coordinates":[[141.415999,42.970745],[141.415938,42.970689]]}},{"type":"Feature","properties":{"task_id":"224455983:3:2332785757:2332785737","reason":"追加した回送道路を含めても、公開4社の出発道路ノードから往復可能な経路を確認できない市内区間。"},"geometry":{"type":"LineString","coordinates":[[141.415938,42.970689],[141.415608,42.970548]]}},{"type":"Feature","properties":{"task_id":"224455983:2:2332785737:2332785734","reason":"追加した回送道路を含めても、公開4社の出発道路ノードから往復可能な経路を確認できない市内区間。"},"geometry":{"type":"LineString","coordinates":[[141.415608,42.970548],[141.415561,42.970509]]}},{"type":"Feature","properties":{"task_id":"224455983:1:2332785734:2332785713","reason":"追加した回送道路を含めても、公開4社の出発道路ノードから往復可能な経路を確認できない市内区間。"},"geometry":{"type":"LineString","coordinates":[[141.415561,42.970509],[141.415423,42.9703]]}},{"type":"Feature","properties":{"task_id":"224455983:0:2332785713:2332785638","reason":"追加した回送道路を含めても、公開4社の出発道路ノードから往復可能な経路を確認できない市内区間。"},"geometry":{"type":"LineString","coordinates":[[141.415423,42.9703],[141.414842,42.969601]]}},{"type":"Feature","properties":{"task_id":"224456179:18:2332785638:2332785646","reason":"追加した回送道路を含めても、公開4社の出発道路ノードから往復可能な経路を確認できない市内区間。"},"geometry":{"type":"LineString","coordinates":[[141.414842,42.969601],[141.414688,42.969659]]}},{"type":"Feature","properties":{"task_id":"224456179:17:2332785646:2332785647","reason":"追加した回送道路を含めても、公開4社の出発道路ノードから往復可能な経路を確認できない市内区間。"},"geometry":{"type":"LineString","coordinates":[[141.414688,42.969659],[141.414482,42.969681]]}},{"type":"Feature","properties":{"task_id":"224456179:16:2332785647:2332785642","reason":"追加した回送道路を含めても、公開4社の出発道路ノードから往復可能な経路を確認できない市内区間。"},"geometry":{"type":"LineString","coordinates":[[141.414482,42.969681],[141.41429,42.969642]]}},{"type":"Feature","properties":{"task_id":"224456179:15:2332785642:2332785637","reason":"追加した回送道路を含めても、公開4社の出発道路ノードから往復可能な経路を確認できない市内区間。"},"geometry":{"type":"LineString","coordinates":[[141.41429,42.969642],[141.414168,42.96958]]}},{"type":"Feature","properties":{"task_id":"224456179:14:2332785637:2332785622","reason":"追加した回送道路を含めても、公開4社の出発道路ノードから往復可能な経路を確認できない市内区間。"},"geometry":{"type":"LineString","coordinates":[[141.414168,42.96958],[141.414038,42.96949]]}},{"type":"Feature","properties":{"task_id":"224456179:13:2332785622:2332785603","reason":"追加した回送道路を含めても、公開4社の出発道路ノードから往復可能な経路を確認できない市内区間。"},"geometry":{"type":"LineString","coordinates":[[141.414038,42.96949],[141.413907,42.969293]]}},{"type":"Feature","properties":{"task_id":"224456179:12:2332785603:2332785591","reason":"追加した回送道路を含めても、公開4社の出発道路ノードから往復可能な経路を確認できない市内区間。"},"geometry":{"type":"LineString","coordinates":[[141.413907,42.969293],[141.413755,42.96914]]}},{"type":"Feature","properties":{"task_id":"224456179:11:2332785591:2332785587","reason":"追加した回送道路を含めても、公開4社の出発道路ノードから往復可能な経路を確認できない市内区間。"},"geometry":{"type":"LineString","coordinates":[[141.413755,42.96914],[141.41367,42.969095]]}},{"type":"Feature","properties":{"task_id":"224456179:10:2332785587:2332785584","reason":"追加した回送道路を含めても、公開4社の出発道路ノードから往復可能な経路を確認できない市内区間。"},"geometry":{"type":"LineString","coordinates":[[141.41367,42.969095],[141.41351,42.969073]]}},{"type":"Feature","properties":{"task_id":"224456179:9:2332785584:2332785583","reason":"追加した回送道路を含めても、公開4社の出発道路ノードから往復可能な経路を確認できない市内区間。"},"geometry":{"type":"LineString","coordinates":[[141.41351,42.969073],[141.413218,42.969073]]}},{"type":"Feature","properties":{"task_id":"224456179:8:2332785583:2332785596","reason":"追加した回送道路を含めても、公開4社の出発道路ノードから往復可能な経路を確認できない市内区間。"},"geometry":{"type":"LineString","coordinates":[[141.413218,42.969073],[141.413065,42.969185]]}},{"type":"Feature","properties":{"task_id":"224456179:7:2332785596:2332785626","reason":"追加した回送道路を含めても、公開4社の出発道路ノードから往復可能な経路を確認できない市内区間。"},"geometry":{"type":"LineString","coordinates":[[141.413065,42.969185],[141.412697,42.969518]]}},{"type":"Feature","properties":{"task_id":"224456179:6:2332785626:2332785632","reason":"追加した回送道路を含めても、公開4社の出発道路ノードから往復可能な経路を確認できない市内区間。"},"geometry":{"type":"LineString","coordinates":[[141.412697,42.969518],[141.412613,42.969552]]}},{"type":"Feature","properties":{"task_id":"224456179:5:2332785632:2332785631","reason":"追加した回送道路を含めても、公開4社の出発道路ノードから往復可能な経路を確認できない市内区間。"},"geometry":{"type":"LineString","coordinates":[[141.412613,42.969552],[141.412415,42.969552]]}},{"type":"Feature","properties":{"task_id":"224456179:4:2332785631:2332785625","reason":"追加した回送道路を含めても、公開4社の出発道路ノードから往復可能な経路を確認できない市内区間。"},"geometry":{"type":"LineString","coordinates":[[141.412415,42.969552],[141.412215,42.969518]]}},{"type":"Feature","properties":{"task_id":"224456179:3:2332785625:2332785621","reason":"追加した回送道路を含めても、公開4社の出発道路ノードから往復可能な経路を確認できない市内区間。"},"geometry":{"type":"LineString","coordinates":[[141.412215,42.969518],[141.4121,42.969484]]}},{"type":"Feature","properties":{"task_id":"224456179:2:2332785621:2332785611","reason":"追加した回送道路を含めても、公開4社の出発道路ノードから往復可能な経路を確認できない市内区間。"},"geometry":{"type":"LineString","coordinates":[[141.4121,42.969484],[141.411933,42.969405]]}},{"type":"Feature","properties":{"task_id":"224456179:1:2332785611:2332785606","reason":"追加した回送道路を含めても、公開4社の出発道路ノードから往復可能な経路を確認できない市内区間。"},"geometry":{"type":"LineString","coordinates":[[141.411933,42.969405],[141.411894,42.969355]]}},{"type":"Feature","properties":{"task_id":"224456179:1:2332785606:2332785611","reason":"追加した回送道路を含めても、公開4社の出発道路ノードから往復可能な経路を確認できない市内区間。"},"geometry":{"type":"LineString","coordinates":[[141.411894,42.969355],[141.411933,42.969405]]}},{"type":"Feature","properties":{"task_id":"224456179:2:2332785611:2332785621","reason":"追加した回送道路を含めても、公開4社の出発道路ノードから往復可能な経路を確認できない市内区間。"},"geometry":{"type":"LineString","coordinates":[[141.411933,42.969405],[141.4121,42.969484]]}},{"type":"Feature","properties":{"task_id":"224456179:3:2332785621:2332785625","reason":"追加した回送道路を含めても、公開4社の出発道路ノードから往復可能な経路を確認できない市内区間。"},"geometry":{"type":"LineString","coordinates":[[141.4121,42.969484],[141.412215,42.969518]]}},{"type":"Feature","properties":{"task_id":"224456179:4:2332785625:2332785631","reason":"追加した回送道路を含めても、公開4社の出発道路ノードから往復可能な経路を確認できない市内区間。"},"geometry":{"type":"LineString","coordinates":[[141.412215,42.969518],[141.412415,42.969552]]}},{"type":"Feature","properties":{"task_id":"224456179:5:2332785631:2332785632","reason":"追加した回送道路を含めても、公開4社の出発道路ノードから往復可能な経路を確認できない市内区間。"},"geometry":{"type":"LineString","coordinates":[[141.412415,42.969552],[141.412613,42.969552]]}},{"type":"Feature","properties":{"task_id":"224456179:6:2332785632:2332785626","reason":"追加した回送道路を含めても、公開4社の出発道路ノードから往復可能な経路を確認できない市内区間。"},"geometry":{"type":"LineString","coordinates":[[141.412613,42.969552],[141.412697,42.969518]]}},{"type":"Feature","properties":{"task_id":"224456179:7:2332785626:2332785596","reason":"追加した回送道路を含めても、公開4社の出発道路ノードから往復可能な経路を確認できない市内区間。"},"geometry":{"type":"LineString","coordinates":[[141.412697,42.969518],[141.413065,42.969185]]}},{"type":"Feature","properties":{"task_id":"224456179:8:2332785596:2332785583","reason":"追加した回送道路を含めても、公開4社の出発道路ノードから往復可能な経路を確認できない市内区間。"},"geometry":{"type":"LineString","coordinates":[[141.413065,42.969185],[141.413218,42.969073]]}},{"type":"Feature","properties":{"task_id":"224456179:9:2332785583:2332785584","reason":"追加した回送道路を含めても、公開4社の出発道路ノードから往復可能な経路を確認できない市内区間。"},"geometry":{"type":"LineString","coordinates":[[141.413218,42.969073],[141.41351,42.969073]]}},{"type":"Feature","properties":{"task_id":"224456179:10:2332785584:2332785587","reason":"追加した回送道路を含めても、公開4社の出発道路ノードから往復可能な経路を確認できない市内区間。"},"geometry":{"type":"LineString","coordinates":[[141.41351,42.969073],[141.41367,42.969095]]}},{"type":"Feature","properties":{"task_id":"224456179:11:2332785587:2332785591","reason":"追加した回送道路を含めても、公開4社の出発道路ノードから往復可能な経路を確認できない市内区間。"},"geometry":{"type":"LineString","coordinates":[[141.41367,42.969095],[141.413755,42.96914]]}},{"type":"Feature","properties":{"task_id":"224456179:12:2332785591:2332785603","reason":"追加した回送道路を含めても、公開4社の出発道路ノードから往復可能な経路を確認できない市内区間。"},"geometry":{"type":"LineString","coordinates":[[141.413755,42.96914],[141.413907,42.969293]]}},{"type":"Feature","properties":{"task_id":"224456179:13:2332785603:2332785622","reason":"追加した回送道路を含めても、公開4社の出発道路ノードから往復可能な経路を確認できない市内区間。"},"geometry":{"type":"LineString","coordinates":[[141.413907,42.969293],[141.414038,42.96949]]}},{"type":"Feature","properties":{"task_id":"224456179:14:2332785622:2332785637","reason":"追加した回送道路を含めても、公開4社の出発道路ノードから往復可能な経路を確認できない市内区間。"},"geometry":{"type":"LineString","coordinates":[[141.414038,42.96949],[141.414168,42.96958]]}},{"type":"Feature","properties":{"task_id":"224456179:15:2332785637:2332785642","reason":"追加した回送道路を含めても、公開4社の出発道路ノードから往復可能な経路を確認できない市内区間。"},"geometry":{"type":"LineString","coordinates":[[141.414168,42.96958],[141.41429,42.969642]]}},{"type":"Feature","properties":{"task_id":"224456179:16:2332785642:2332785647","reason":"追加した回送道路を含めても、公開4社の出発道路ノードから往復可能な経路を確認できない市内区間。"},"geometry":{"type":"LineString","coordinates":[[141.41429,42.969642],[141.414482,42.969681]]}},{"type":"Feature","properties":{"task_id":"224456179:17:2332785647:2332785646","reason":"追加した回送道路を含めても、公開4社の出発道路ノードから往復可能な経路を確認できない市内区間。"},"geometry":{"type":"LineString","coordinates":[[141.414482,42.969681],[141.414688,42.969659]]}},{"type":"Feature","properties":{"task_id":"224456179:18:2332785646:2332785638","reason":"追加した回送道路を含めても、公開4社の出発道路ノードから往復可能な経路を確認できない市内区間。"},"geometry":{"type":"LineString","coordinates":[[141.414688,42.969659],[141.414842,42.969601]]}},{"type":"Feature","properties":{"task_id":"224456072:0:2332785638:2332785590","reason":"追加した回送道路を含めても、公開4社の出発道路ノードから往復可能な経路を確認できない市内区間。"},"geometry":{"type":"LineString","coordinates":[[141.414842,42.969601],[141.414459,42.969129]]}},{"type":"Feature","properties":{"task_id":"224455996:0:2332785590:2332785595","reason":"追加した回送道路を含めても、公開4社の出発道路ノードから往復可能な経路を確認できない市内区間。"},"geometry":{"type":"LineString","coordinates":[[141.414459,42.969129],[141.414581,42.96918]]}},{"type":"Feature","properties":{"task_id":"224455996:0:2332785595:2332785590","reason":"追加した回送道路を含めても、公開4社の出発道路ノードから往復可能な経路を確認できない市内区間。"},"geometry":{"type":"LineString","coordinates":[[141.414581,42.96918],[141.414459,42.969129]]}},{"type":"Feature","properties":{"task_id":"224456591:7:2332785590:2332785578","reason":"追加した回送道路を含めても、公開4社の出発道路ノードから往復可能な経路を確認できない市内区間。"},"geometry":{"type":"LineString","coordinates":[[141.414459,42.969129],[141.414405,42.969033]]}},{"type":"Feature","properties":{"task_id":"224456591:6:2332785578:2332785573","reason":"追加した回送道路を含めても、公開4社の出発道路ノードから往復可能な経路を確認できない市内区間。"},"geometry":{"type":"LineString","coordinates":[[141.414405,42.969033],[141.414382,42.968965]]}},{"type":"Feature","properties":{"task_id":"224456591:5:2332785573:2332785539","reason":"追加した回送道路を含めても、公開4社の出発道路ノードから往復可能な経路を確認できない市内区間。"},"geometry":{"type":"LineString","coordinates":[[141.414382,42.968965],[141.414283,42.96846]]}},{"type":"Feature","properties":{"task_id":"224456591:4:2332785539:2332785520","reason":"追加した回送道路を含めても、公開4社の出発道路ノードから往復可能な経路を確認できない市内区間。"},"geometry":{"type":"LineString","coordinates":[[141.414283,42.96846],[141.414206,42.968217]]}},{"type":"Feature","properties":{"task_id":"224456591:3:2332785520:2332785514","reason":"追加した回送道路を含めても、公開4社の出発道路ノードから往復可能な経路を確認できない市内区間。"},"geometry":{"type":"LineString","coordinates":[[141.414206,42.968217],[141.414152,42.968121]]}},{"type":"Feature","properties":{"task_id":"224456591:2:2332785514:2332785499","reason":"追加した回送道路を含めても、公開4社の出発道路ノードから往復可能な経路を確認できない市内区間。"},"geometry":{"type":"LineString","coordinates":[[141.414152,42.968121],[141.413977,42.967896]]}},{"type":"Feature","properties":{"task_id":"224456591:1:2332785499:2332785491","reason":"追加した回送道路を含めても、公開4社の出発道路ノードから往復可能な経路を確認できない市内区間。"},"geometry":{"type":"LineString","coordinates":[[141.413977,42.967896],[141.413954,42.967812]]}},{"type":"Feature","properties":{"task_id":"224456591:0:2332785491:2332785482","reason":"追加した回送道路を含めても、公開4社の出発道路ノードから往復可能な経路を確認できない市内区間。"},"geometry":{"type":"LineString","coordinates":[[141.413954,42.967812],[141.413962,42.967716]]}},{"type":"Feature","properties":{"task_id":"224456203:22:2332785482:2332785475","reason":"追加した回送道路を含めても、公開4社の出発道路ノードから往復可能な経路を確認できない市内区間。"},"geometry":{"type":"LineString","coordinates":[[141.413962,42.967716],[141.413985,42.967592]]}},{"type":"Feature","properties":{"task_id":"224456203:21:2332785475:2332785455","reason":"追加した回送道路を含めても、公開4社の出発道路ノードから往復可能な経路を確認できない市内区間。"},"geometry":{"type":"LineString","coordinates":[[141.413985,42.967592],[141.414092,42.96739]]}},{"type":"Feature","properties":{"task_id":"224456203:20:2332785455:2332785420","reason":"追加した回送道路を含めても、公開4社の出発道路ノードから往復可能な経路を確認できない市内区間。"},"geometry":{"type":"LineString","coordinates":[[141.414092,42.96739],[141.414383,42.966901]]}},{"type":"Feature","properties":{"task_id":"224456203:19:2332785420:2332785403","reason":"追加した回送道路を含めても、公開4社の出発道路ノードから往復可能な経路を確認できない市内区間。"},"geometry":{"type":"LineString","coordinates":[[141.414383,42.966901],[141.414491,42.966681]]}},{"type":"Feature","properties":{"task_id":"224456203:18:2332785403:2332785392","reason":"追加した回送道路を含めても、公開4社の出発道路ノードから往復可能な経路を確認できない市内区間。"},"geometry":{"type":"LineString","coordinates":[[141.414491,42.966681],[141.414529,42.966563]]}},{"type":"Feature","properties":{"task_id":"224456203:17:2332785392:2332785374","reason":"追加した回送道路を含めても、公開4社の出発道路ノードから往復可能な経路を確認できない市内区間。"},"geometry":{"type":"LineString","coordinates":[[141.414529,42.966563],[141.414544,42.966344]]}},{"type":"Feature","properties":{"task_id":"224456203:16:2332785374:2332785367","reason":"追加した回送道路を含めても、公開4社の出発道路ノードから往復可能な経路を確認できない市内区間。"},"geometry":{"type":"LineString","coordinates":[[141.414544,42.966344],[141.414483,42.966287]]}},{"type":"Feature","properties":{"task_id":"224456203:15:2332785367:2332785362","reason":"追加した回送道路を含めても、公開4社の出発道路ノードから往復可能な経路を確認できない市内区間。"},"geometry":{"type":"LineString","coordinates":[[141.414483,42.966287],[141.414468,42.966259]]}},{"type":"Feature","properties":{"task_id":"224456203:14:2332785362:2332785358","reason":"追加した回送道路を含めても、公開4社の出発道路ノードから往復可能な経路を確認できない市内区間。"},"geometry":{"type":"LineString","coordinates":[[141.414468,42.966259],[141.414414,42.966214]]}},{"type":"Feature","properties":{"task_id":"224456203:13:2332785358:2332785354","reason":"追加した回送道路を含めても、公開4社の出発道路ノードから往復可能な経路を確認できない市内区間。"},"geometry":{"type":"LineString","coordinates":[[141.414414,42.966214],[141.414337,42.966186]]}},{"type":"Feature","properties":{"task_id":"224456203:12:2332785354:2332785353","reason":"追加した回送道路を含めても、公開4社の出発道路ノードから往復可能な経路を確認できない市内区間。"},"geometry":{"type":"LineString","coordinates":[[141.414337,42.966186],[141.4141,42.966186]]}},{"type":"Feature","properties":{"task_id":"224456203:11:2332785353:2332785360","reason":"追加した回送道路を含めても、公開4社の出発道路ノードから往復可能な経路を確認できない市内区間。"},"geometry":{"type":"LineString","coordinates":[[141.4141,42.966186],[141.413855,42.966237]]}},{"type":"Feature","properties":{"task_id":"224456203:10:2332785360:2332785361","reason":"追加した回送道路を含めても、公開4社の出発道路ノードから往復可能な経路を確認できない市内区間。"},"geometry":{"type":"LineString","coordinates":[[141.413855,42.966237],[141.413794,42.966242]]}},{"type":"Feature","properties":{"task_id":"224456203:9:2332785361:2332785391","reason":"追加した回送道路を含めても、公開4社の出発道路ノードから往復可能な経路を確認できない市内区間。"},"geometry":{"type":"LineString","coordinates":[[141.413794,42.966242],[141.412898,42.966552]]}},{"type":"Feature","properties":{"task_id":"224456203:8:2332785391:2332785398","reason":"追加した回送道路を含めても、公開4社の出発道路ノードから往復可能な経路を確認できない市内区間。"},"geometry":{"type":"LineString","coordinates":[[141.412898,42.966552],[141.412622,42.966619]]}},{"type":"Feature","properties":{"task_id":"224456203:7:2332785398:2332785399","reason":"追加した回送道路を含めても、公開4社の出発道路ノードから往復可能な経路を確認できない市内区間。"},"geometry":{"type":"LineString","coordinates":[[141.412622,42.966619],[141.412454,42.966631]]}},{"type":"Feature","properties":{"task_id":"224456203:6:2332785399:2332785397","reason":"追加した回送道路を含めても、公開4社の出発道路ノードから往復可能な経路を確認できない市内区間。"},"geometry":{"type":"LineString","coordinates":[[141.412454,42.966631],[141.412362,42.966619]]}},{"type":"Feature","properties":{"task_id":"224456203:5:2332785397:2332785395","reason":"追加した回送道路を含めても、公開4社の出発道路ノードから往復可能な経路を確認できない市内区間。"},"geometry":{"type":"LineString","coordinates":[[141.412362,42.966619],[141.412231,42.966574]]}},{"type":"Feature","properties":{"task_id":"224456203:4:2332785395:2332785387","reason":"追加した回送道路を含めても、公開4社の出発道路ノードから往復可能な経路を確認できない市内区間。"},"geometry":{"type":"LineString","coordinates":[[141.412231,42.966574],[141.412139,42.966524]]}},{"type":"Feature","properties":{"task_id":"224456203:3:2332785387:2332785382","reason":"追加した回送道路を含めても、公開4社の出発道路ノードから往復可能な経路を確認できない市内区間。"},"geometry":{"type":"LineString","coordinates":[[141.412139,42.966524],[141.412094,42.966468]]}},{"type":"Feature","properties":{"task_id":"224456203:2:2332785382:2332785373","reason":"追加した回送道路を含めても、公開4社の出発道路ノードから往復可能な経路を確認できない市内区間。"},"geometry":{"type":"LineString","coordinates":[[141.412094,42.966468],[141.412086,42.966344]]}},{"type":"Feature","properties":{"task_id":"224456203:1:2332785373:2332785365","reason":"追加した回送道路を含めても、公開4社の出発道路ノードから往復可能な経路を確認できない市内区間。"},"geometry":{"type":"LineString","coordinates":[[141.412086,42.966344],[141.412109,42.966276]]}},{"type":"Feature","properties":{"task_id":"224456203:0:2332785365:2332785351","reason":"追加した回送道路を含めても、公開4社の出発道路ノードから往復可能な経路を確認できない市内区間。"},"geometry":{"type":"LineString","coordinates":[[141.412109,42.966276],[141.412147,42.966152]]}},{"type":"Feature","properties":{"task_id":"224456347:0:2332785351:2332785325","reason":"追加した回送道路を含めても、公開4社の出発道路ノードから往復可能な経路を確認できない市内区間。"},"geometry":{"type":"LineString","coordinates":[[141.412147,42.966152],[141.412377,42.965848]]}},{"type":"Feature","properties":{"task_id":"224456347:1:2332785325:2332785307","reason":"追加した回送道路を含めても、公開4社の出発道路ノードから往復可能な経路を確認できない市内区間。"},"geometry":{"type":"LineString","coordinates":[[141.412377,42.965848],[141.412454,42.965708]]}},{"type":"Feature","properties":{"task_id":"224456347:2:2332785307:2332785279","reason":"追加した回送道路を含めても、公開4社の出発道路ノードから往復可能な経路を確認できない市内区間。"},"geometry":{"type":"LineString","coordinates":[[141.412454,42.965708],[141.412515,42.965426]]}},{"type":"Feature","properties":{"task_id":"224456347:3:2332785279:2332785260","reason":"追加した回送道路を含めても、公開4社の出発道路ノードから往復可能な経路を確認できない市内区間。"},"geometry":{"type":"LineString","coordinates":[[141.412515,42.965426],[141.412515,42.965044]]}},{"type":"Feature","properties":{"task_id":"224456347:4:2332785260:2332785256","reason":"追加した回送道路を含めても、公開4社の出発道路ノードから往復可能な経路を確認できない市内区間。"},"geometry":{"type":"LineString","coordinates":[[141.412515,42.965044],[141.412469,42.964875]]}},{"type":"Feature","properties":{"task_id":"224456347:5:2332785256:2332785247","reason":"追加した回送道路を含めても、公開4社の出発道路ノードから往復可能な経路を確認できない市内区間。"},"geometry":{"type":"LineString","coordinates":[[141.412469,42.964875],[141.412377,42.9647]]}},{"type":"Feature","properties":{"task_id":"224456347:6:2332785247:2332785198","reason":"追加した回送道路を含めても、公開4社の出発道路ノードから往復可能な経路を確認できない市内区間。"},"geometry":{"type":"LineString","coordinates":[[141.412377,42.9647],[141.412009,42.964205]]}},{"type":"Feature","properties":{"task_id":"224456347:7:2332785198:2332785187","reason":"追加した回送道路を含めても、公開4社の出発道路ノードから往復可能な経路を確認できない市内区間。"},"geometry":{"type":"LineString","coordinates":[[141.412009,42.964205],[141.411933,42.964109]]}},{"type":"Feature","properties":{"task_id":"224456347:8:2332785187:2332785181","reason":"追加した回送道路を含めても、公開4社の出発道路ノードから往復可能な経路を確認できない市内区間。"},"geometry":{"type":"LineString","coordinates":[[141.411933,42.964109],[141.411879,42.964008]]}},{"type":"Feature","properties":{"task_id":"224456347:9:2332785181:2332785155","reason":"追加した回送道路を含めても、公開4社の出発道路ノードから往復可能な経路を確認できない市内区間。"},"geometry":{"type":"LineString","coordinates":[[141.411879,42.964008],[141.411833,42.963817]]}},{"type":"Feature","properties":{"task_id":"224456347:10:2332785155:2332785129","reason":"追加した回送道路を含めても、公開4社の出発道路ノードから往復可能な経路を確認できない市内区間。"},"geometry":{"type":"LineString","coordinates":[[141.411833,42.963817],[141.411834,42.963501]]}},{"type":"Feature","properties":{"task_id":"224456347:11:2332785129:2332785123","reason":"追加した回送道路を含めても、公開4社の出発道路ノードから往復可能な経路を確認できない市内区間。"},"geometry":{"type":"LineString","coordinates":[[141.411834,42.963501],[141.411879,42.963366]]}},{"type":"Feature","properties":{"task_id":"224456347:12:2332785123:2332785060","reason":"追加した回送道路を含めても、公開4社の出発道路ノードから往復可能な経路を確認できない市内区間。"},"geometry":{"type":"LineString","coordinates":[[141.411879,42.963366],[141.412102,42.962978]]}},{"type":"Feature","properties":{"task_id":"224456347:13:2332785060:2332785023","reason":"追加した回送道路を含めても、公開4社の出発道路ノードから往復可能な経路を確認できない市内区間。"},"geometry":{"type":"LineString","coordinates":[[141.412102,42.962978],[141.412446,42.962432]]}},{"type":"Feature","properties":{"task_id":"224456347:14:2332785023:2332785003","reason":"追加した回送道路を含めても、公開4社の出発道路ノードから往復可能な経路を確認できない市内区間。"},"geometry":{"type":"LineString","coordinates":[[141.412446,42.962432],[141.412531,42.962269]]}},{"type":"Feature","properties":{"task_id":"224456347:15:2332785003:2332784980","reason":"追加した回送道路を含めても、公開4社の出発道路ノードから往復可能な経路を確認できない市内区間。"},"geometry":{"type":"LineString","coordinates":[[141.412531,42.962269],[141.412584,42.962127]]}},{"type":"Feature","properties":{"task_id":"224456347:16:2332784980:2332784957","reason":"追加した回送道路を含めても、公開4社の出発道路ノードから往復可能な経路を確認できない市内区間。"},"geometry":{"type":"LineString","coordinates":[[141.412584,42.962127],[141.412584,42.961959]]}},{"type":"Feature","properties":{"task_id":"224456347:17:2332784957:2332784949","reason":"追加した回送道路を含めても、公開4社の出発道路ノードから往復可能な経路を確認できない市内区間。"},"geometry":{"type":"LineString","coordinates":[[141.412584,42.961959],[141.412508,42.961852]]}},{"type":"Feature","properties":{"task_id":"224456347:18:2332784949:2332784940","reason":"追加した回送道路を含めても、公開4社の出発道路ノードから往復可能な経路を確認できない市内区間。"},"geometry":{"type":"LineString","coordinates":[[141.412508,42.961852],[141.412385,42.961774]]}},{"type":"Feature","properties":{"task_id":"224456347:19:2332784940:2332784931","reason":"追加した回送道路を含めても、公開4社の出発道路ノードから往復可能な経路を確認できない市内区間。"},"geometry":{"type":"LineString","coordinates":[[141.412385,42.961774],[141.412186,42.961706]]}},{"type":"Feature","properties":{"task_id":"224456347:20:2332784931:2332784932","reason":"追加した回送道路を含めても、公開4社の出発道路ノードから往復可能な経路を確認できない市内区間。"},"geometry":{"type":"LineString","coordinates":[[141.412186,42.961706],[141.411964,42.961712]]}},{"type":"Feature","properties":{"task_id":"224456347:21:2332784932:2332784938","reason":"追加した回送道路を含めても、公開4社の出発道路ノードから往復可能な経路を確認できない市内区間。"},"geometry":{"type":"LineString","coordinates":[[141.411964,42.961712],[141.411742,42.961757]]}},{"type":"Feature","properties":{"task_id":"224456347:22:2332784938:2332784951","reason":"追加した回送道路を含めても、公開4社の出発道路ノードから往復可能な経路を確認できない市内区間。"},"geometry":{"type":"LineString","coordinates":[[141.411742,42.961757],[141.411327,42.961864]]}},{"type":"Feature","properties":{"task_id":"224456347:23:2332784951:2332784959","reason":"追加した回送道路を含めても、公開4社の出発道路ノードから往復可能な経路を確認できない市内区間。"},"geometry":{"type":"LineString","coordinates":[[141.411327,42.961864],[141.410907,42.962004]]}},{"type":"Feature","properties":{"task_id":"224456347:24:2332784959:2332784961","reason":"追加した回送道路を含めても、公開4社の出発道路ノードから往復可能な経路を確認できない市内区間。"},"geometry":{"type":"LineString","coordinates":[[141.410907,42.962004],[141.410792,42.962033]]}},{"type":"Feature","properties":{"task_id":"224456347:25:2332784961:2332784974","reason":"追加した回送道路を含めても、公開4社の出発道路ノードから往復可能な経路を確認できない市内区間。"},"geometry":{"type":"LineString","coordinates":[[141.410792,42.962033],[141.410401,42.962111]]}},{"type":"Feature","properties":{"task_id":"224456347:26:2332784974:2332784989","reason":"追加した回送道路を含めても、公開4社の出発道路ノードから往復可能な経路を確認できない市内区間。"},"geometry":{"type":"LineString","coordinates":[[141.410401,42.962111],[141.410271,42.962156]]}},{"type":"Feature","properties":{"task_id":"224456347:27:2332784989:2332785008","reason":"追加した回送道路を含めても、公開4社の出発道路ノードから往復可能な経路を確認できない市内区間。"},"geometry":{"type":"LineString","coordinates":[[141.410271,42.962156],[141.410087,42.96228]]}},{"type":"Feature","properties":{"task_id":"224456347:28:2332785008:2332785016","reason":"追加した回送道路を含めても、公開4社の出発道路ノードから往復可能な経路を確認できない市内区間。"},"geometry":{"type":"LineString","coordinates":[[141.410087,42.96228],[141.409987,42.96237]]}},{"type":"Feature","properties":{"task_id":"224456347:29:2332785016:2332785033","reason":"追加した回送道路を含めても、公開4社の出発道路ノードから往復可能な経路を確認できない市内区間。"},"geometry":{"type":"LineString","coordinates":[[141.409987,42.96237],[141.409804,42.962573]]}},{"type":"Feature","properties":{"task_id":"224456347:30:2332785033:2332785044","reason":"追加した回送道路を含めても、公開4社の出発道路ノードから往復可能な経路を確認できない市内区間。"},"geometry":{"type":"LineString","coordinates":[[141.409804,42.962573],[141.409666,42.962764]]}},{"type":"Feature","properties":{"task_id":"224456347:31:2332785044:2332785083","reason":"追加した回送道路を含めても、公開4社の出発道路ノードから往復可能な経路を確認できない市内区間。"},"geometry":{"type":"LineString","coordinates":[[141.409666,42.962764],[141.40949,42.963091]]}},{"type":"Feature","properties":{"task_id":"224456347:32:2332785083:2332785106","reason":"追加した回送道路を含めても、公開4社の出発道路ノードから往復可能な経路を確認できない市内区間。"},"geometry":{"type":"LineString","coordinates":[[141.40949,42.963091],[141.409421,42.963175]]}},{"type":"Feature","properties":{"task_id":"224456347:33:2332785106:2332785111","reason":"追加した回送道路を含めても、公開4社の出発道路ノードから往復可能な経路を確認できない市内区間。"},"geometry":{"type":"LineString","coordinates":[[141.409421,42.963175],[141.409375,42.963214]]}},{"type":"Feature","properties":{"task_id":"224456347:34:2332785111:2332785117","reason":"追加した回送道路を含めても、公開4社の出発道路ノードから往復可能な経路を確認できない市内区間。"},"geometry":{"type":"LineString","coordinates":[[141.409375,42.963214],[141.409184,42.963304]]}},{"type":"Feature","properties":{"task_id":"224456347:35:2332785117:2332785121","reason":"追加した回送道路を含めても、公開4社の出発道路ノードから往復可能な経路を確認できない市内区間。"},"geometry":{"type":"LineString","coordinates":[[141.409184,42.963304],[141.409115,42.963316]]}},{"type":"Feature","properties":{"task_id":"224456347:36:2332785121:2332785118","reason":"追加した回送道路を含めても、公開4社の出発道路ノードから往復可能な経路を確認できない市内区間。"},"geometry":{"type":"LineString","coordinates":[[141.409115,42.963316],[141.409007,42.96331]]}},{"type":"Feature","properties":{"task_id":"224456347:37:2332785118:2332785115","reason":"追加した回送道路を含めても、公開4社の出発道路ノードから往復可能な経路を確認できない市内区間。"},"geometry":{"type":"LineString","coordinates":[[141.409007,42.96331],[141.408916,42.963271]]}},{"type":"Feature","properties":{"task_id":"224456347:38:2332785115:2332785074","reason":"追加した回送道路を含めても、公開4社の出発道路ノードから往復可能な経路を確認できない市内区間。"},"geometry":{"type":"LineString","coordinates":[[141.408916,42.963271],[141.408625,42.963029]]}},{"type":"Feature","properties":{"task_id":"224456347:39:2332785074:2332785059","reason":"追加した回送道路を含めても、公開4社の出発道路ノードから往復可能な経路を確認できない市内区間。"},"geometry":{"type":"LineString","coordinates":[[141.408625,42.963029],[141.408502,42.962972]]}},{"type":"Feature","properties":{"task_id":"224456347:40:2332785059:2332785062","reason":"追加した回送道路を含めても、公開4社の出発道路ノードから往復可能な経路を確認できない市内区間。"},"geometry":{"type":"LineString","coordinates":[[141.408502,42.962972],[141.408387,42.962984]]}},{"type":"Feature","properties":{"task_id":"224456347:41:2332785062:2332785070","reason":"追加した回送道路を含めても、公開4社の出発道路ノードから往復可能な経路を確認できない市内区間。"},"geometry":{"type":"LineString","coordinates":[[141.408387,42.962984],[141.408311,42.963017]]}},{"type":"Feature","properties":{"task_id":"224456347:42:2332785070:2332785082","reason":"追加した回送道路を含めても、公開4社の出発道路ノードから往復可能な経路を確認できない市内区間。"},"geometry":{"type":"LineString","coordinates":[[141.408311,42.963017],[141.408217,42.963083]]}},{"type":"Feature","properties":{"task_id":"224456347:42:2332785082:2332785070","reason":"追加した回送道路を含めても、公開4社の出発道路ノードから往復可能な経路を確認できない市内区間。"},"geometry":{"type":"LineString","coordinates":[[141.408217,42.963083],[141.408311,42.963017]]}},{"type":"Feature","properties":{"task_id":"224456347:41:2332785070:2332785062","reason":"追加した回送道路を含めても、公開4社の出発道路ノードから往復可能な経路を確認できない市内区間。"},"geometry":{"type":"LineString","coordinates":[[141.408311,42.963017],[141.408387,42.962984]]}},{"type":"Feature","properties":{"task_id":"224456347:40:2332785062:2332785059","reason":"追加した回送道路を含めても、公開4社の出発道路ノードから往復可能な経路を確認できない市内区間。"},"geometry":{"type":"LineString","coordinates":[[141.408387,42.962984],[141.408502,42.962972]]}},{"type":"Feature","properties":{"task_id":"224456347:39:2332785059:2332785074","reason":"追加した回送道路を含めても、公開4社の出発道路ノードから往復可能な経路を確認できない市内区間。"},"geometry":{"type":"LineString","coordinates":[[141.408502,42.962972],[141.408625,42.963029]]}},{"type":"Feature","properties":{"task_id":"224456347:38:2332785074:2332785115","reason":"追加した回送道路を含めても、公開4社の出発道路ノードから往復可能な経路を確認できない市内区間。"},"geometry":{"type":"LineString","coordinates":[[141.408625,42.963029],[141.408916,42.963271]]}},{"type":"Feature","properties":{"task_id":"224456347:37:2332785115:2332785118","reason":"追加した回送道路を含めても、公開4社の出発道路ノードから往復可能な経路を確認できない市内区間。"},"geometry":{"type":"LineString","coordinates":[[141.408916,42.963271],[141.409007,42.96331]]}},{"type":"Feature","properties":{"task_id":"224456347:36:2332785118:2332785121","reason":"追加した回送道路を含めても、公開4社の出発道路ノードから往復可能な経路を確認できない市内区間。"},"geometry":{"type":"LineString","coordinates":[[141.409007,42.96331],[141.409115,42.963316]]}},{"type":"Feature","properties":{"task_id":"224456347:35:2332785121:2332785117","reason":"追加した回送道路を含めても、公開4社の出発道路ノードから往復可能な経路を確認できない市内区間。"},"geometry":{"type":"LineString","coordinates":[[141.409115,42.963316],[141.409184,42.963304]]}},{"type":"Feature","properties":{"task_id":"224456347:34:2332785117:2332785111","reason":"追加した回送道路を含めても、公開4社の出発道路ノードから往復可能な経路を確認できない市内区間。"},"geometry":{"type":"LineString","coordinates":[[141.409184,42.963304],[141.409375,42.963214]]}},{"type":"Feature","properties":{"task_id":"224456347:33:2332785111:2332785106","reason":"追加した回送道路を含めても、公開4社の出発道路ノードから往復可能な経路を確認できない市内区間。"},"geometry":{"type":"LineString","coordinates":[[141.409375,42.963214],[141.409421,42.963175]]}},{"type":"Feature","properties":{"task_id":"224456347:32:2332785106:2332785083","reason":"追加した回送道路を含めても、公開4社の出発道路ノードから往復可能な経路を確認できない市内区間。"},"geometry":{"type":"LineString","coordinates":[[141.409421,42.963175],[141.40949,42.963091]]}},{"type":"Feature","properties":{"task_id":"224456347:31:2332785083:2332785044","reason":"追加した回送道路を含めても、公開4社の出発道路ノードから往復可能な経路を確認できない市内区間。"},"geometry":{"type":"LineString","coordinates":[[141.40949,42.963091],[141.409666,42.962764]]}},{"type":"Feature","properties":{"task_id":"224456347:30:2332785044:2332785033","reason":"追加した回送道路を含めても、公開4社の出発道路ノードから往復可能な経路を確認できない市内区間。"},"geometry":{"type":"LineString","coordinates":[[141.409666,42.962764],[141.409804,42.962573]]}},{"type":"Feature","properties":{"task_id":"224456347:29:2332785033:2332785016","reason":"追加した回送道路を含めても、公開4社の出発道路ノードから往復可能な経路を確認できない市内区間。"},"geometry":{"type":"LineString","coordinates":[[141.409804,42.962573],[141.409987,42.96237]]}},{"type":"Feature","properties":{"task_id":"224456347:28:2332785016:2332785008","reason":"追加した回送道路を含めても、公開4社の出発道路ノードから往復可能な経路を確認できない市内区間。"},"geometry":{"type":"LineString","coordinates":[[141.409987,42.96237],[141.410087,42.96228]]}},{"type":"Feature","properties":{"task_id":"224456347:27:2332785008:2332784989","reason":"追加した回送道路を含めても、公開4社の出発道路ノードから往復可能な経路を確認できない市内区間。"},"geometry":{"type":"LineString","coordinates":[[141.410087,42.96228],[141.410271,42.962156]]}},{"type":"Feature","properties":{"task_id":"224456347:26:2332784989:2332784974","reason":"追加した回送道路を含めても、公開4社の出発道路ノードから往復可能な経路を確認できない市内区間。"},"geometry":{"type":"LineString","coordinates":[[141.410271,42.962156],[141.410401,42.962111]]}},{"type":"Feature","properties":{"task_id":"224456347:25:2332784974:2332784961","reason":"追加した回送道路を含めても、公開4社の出発道路ノードから往復可能な経路を確認できない市内区間。"},"geometry":{"type":"LineString","coordinates":[[141.410401,42.962111],[141.410792,42.962033]]}},{"type":"Feature","properties":{"task_id":"224456347:24:2332784961:2332784959","reason":"追加した回送道路を含めても、公開4社の出発道路ノードから往復可能な経路を確認できない市内区間。"},"geometry":{"type":"LineString","coordinates":[[141.410792,42.962033],[141.410907,42.962004]]}},{"type":"Feature","properties":{"task_id":"224456347:23:2332784959:2332784951","reason":"追加した回送道路を含めても、公開4社の出発道路ノードから往復可能な経路を確認できない市内区間。"},"geometry":{"type":"LineString","coordinates":[[141.410907,42.962004],[141.411327,42.961864]]}},{"type":"Feature","properties":{"task_id":"224456347:22:2332784951:2332784938","reason":"追加した回送道路を含めても、公開4社の出発道路ノードから往復可能な経路を確認できない市内区間。"},"geometry":{"type":"LineString","coordinates":[[141.411327,42.961864],[141.411742,42.961757]]}},{"type":"Feature","properties":{"task_id":"224456347:21:2332784938:2332784932","reason":"追加した回送道路を含めても、公開4社の出発道路ノードから往復可能な経路を確認できない市内区間。"},"geometry":{"type":"LineString","coordinates":[[141.411742,42.961757],[141.411964,42.961712]]}},{"type":"Feature","properties":{"task_id":"224456347:20:2332784932:2332784931","reason":"追加した回送道路を含めても、公開4社の出発道路ノードから往復可能な経路を確認できない市内区間。"},"geometry":{"type":"LineString","coordinates":[[141.411964,42.961712],[141.412186,42.961706]]}},{"type":"Feature","properties":{"task_id":"224456347:19:2332784931:2332784940","reason":"追加した回送道路を含めても、公開4社の出発道路ノードから往復可能な経路を確認できない市内区間。"},"geometry":{"type":"LineString","coordinates":[[141.412186,42.961706],[141.412385,42.961774]]}},{"type":"Feature","properties":{"task_id":"224456347:18:2332784940:2332784949","reason":"追加した回送道路を含めても、公開4社の出発道路ノードから往復可能な経路を確認できない市内区間。"},"geometry":{"type":"LineString","coordinates":[[141.412385,42.961774],[141.412508,42.961852]]}},{"type":"Feature","properties":{"task_id":"224456347:17:2332784949:2332784957","reason":"追加した回送道路を含めても、公開4社の出発道路ノードから往復可能な経路を確認できない市内区間。"},"geometry":{"type":"LineString","coordinates":[[141.412508,42.961852],[141.412584,42.961959]]}},{"type":"Feature","properties":{"task_id":"224456347:16:2332784957:2332784980","reason":"追加した回送道路を含めても、公開4社の出発道路ノードから往復可能な経路を確認できない市内区間。"},"geometry":{"type":"LineString","coordinates":[[141.412584,42.961959],[141.412584,42.962127]]}},{"type":"Feature","properties":{"task_id":"224456347:15:2332784980:2332785003","reason":"追加した回送道路を含めても、公開4社の出発道路ノードから往復可能な経路を確認できない市内区間。"},"geometry":{"type":"LineString","coordinates":[[141.412584,42.962127],[141.412531,42.962269]]}},{"type":"Feature","properties":{"task_id":"224456347:14:2332785003:2332785023","reason":"追加した回送道路を含めても、公開4社の出発道路ノードから往復可能な経路を確認できない市内区間。"},"geometry":{"type":"LineString","coordinates":[[141.412531,42.962269],[141.412446,42.962432]]}},{"type":"Feature","properties":{"task_id":"224456347:13:2332785023:2332785060","reason":"追加した回送道路を含めても、公開4社の出発道路ノードから往復可能な経路を確認できない市内区間。"},"geometry":{"type":"LineString","coordinates":[[141.412446,42.962432],[141.412102,42.962978]]}},{"type":"Feature","properties":{"task_id":"224456347:12:2332785060:2332785123","reason":"追加した回送道路を含めても、公開4社の出発道路ノードから往復可能な経路を確認できない市内区間。"},"geometry":{"type":"LineString","coordinates":[[141.412102,42.962978],[141.411879,42.963366]]}},{"type":"Feature","properties":{"task_id":"224456347:11:2332785123:2332785129","reason":"追加した回送道路を含めても、公開4社の出発道路ノードから往復可能な経路を確認できない市内区間。"},"geometry":{"type":"LineString","coordinates":[[141.411879,42.963366],[141.411834,42.963501]]}},{"type":"Feature","properties":{"task_id":"224456347:10:2332785129:2332785155","reason":"追加した回送道路を含めても、公開4社の出発道路ノードから往復可能な経路を確認できない市内区間。"},"geometry":{"type":"LineString","coordinates":[[141.411834,42.963501],[141.411833,42.963817]]}},{"type":"Feature","properties":{"task_id":"224456347:9:2332785155:2332785181","reason":"追加した回送道路を含めても、公開4社の出発道路ノードから往復可能な経路を確認できない市内区間。"},"geometry":{"type":"LineString","coordinates":[[141.411833,42.963817],[141.411879,42.964008]]}},{"type":"Feature","properties":{"task_id":"224456347:8:2332785181:2332785187","reason":"追加した回送道路を含めても、公開4社の出発道路ノードから往復可能な経路を確認できない市内区間。"},"geometry":{"type":"LineString","coordinates":[[141.411879,42.964008],[141.411933,42.964109]]}},{"type":"Feature","properties":{"task_id":"224456347:7:2332785187:2332785198","reason":"追加した回送道路を含めても、公開4社の出発道路ノードから往復可能な経路を確認できない市内区間。"},"geometry":{"type":"LineString","coordinates":[[141.411933,42.964109],[141.412009,42.964205]]}},{"type":"Feature","properties":{"task_id":"224456347:6:2332785198:2332785247","reason":"追加した回送道路を含めても、公開4社の出発道路ノードから往復可能な経路を確認できない市内区間。"},"geometry":{"type":"LineString","coordinates":[[141.412009,42.964205],[141.412377,42.9647]]}},{"type":"Feature","properties":{"task_id":"224456347:5:2332785247:2332785256","reason":"追加した回送道路を含めても、公開4社の出発道路ノードから往復可能な経路を確認できない市内区間。"},"geometry":{"type":"LineString","coordinates":[[141.412377,42.9647],[141.412469,42.964875]]}},{"type":"Feature","properties":{"task_id":"224456347:4:2332785256:2332785260","reason":"追加した回送道路を含めても、公開4社の出発道路ノードから往復可能な経路を確認できない市内区間。"},"geometry":{"type":"LineString","coordinates":[[141.412469,42.964875],[141.412515,42.965044]]}},{"type":"Feature","properties":{"task_id":"224456347:3:2332785260:2332785279","reason":"追加した回送道路を含めても、公開4社の出発道路ノードから往復可能な経路を確認できない市内区間。"},"geometry":{"type":"LineString","coordinates":[[141.412515,42.965044],[141.412515,42.965426]]}},{"type":"Feature","properties":{"task_id":"224456347:2:2332785279:2332785307","reason":"追加した回送道路を含めても、公開4社の出発道路ノードから往復可能な経路を確認できない市内区間。"},"geometry":{"type":"LineString","coordinates":[[141.412515,42.965426],[141.412454,42.965708]]}},{"type":"Feature","properties":{"task_id":"224456347:1:2332785307:2332785325","reason":"追加した回送道路を含めても、公開4社の出発道路ノードから往復可能な経路を確認できない市内区間。"},"geometry":{"type":"LineString","coordinates":[[141.412454,42.965708],[141.412377,42.965848]]}},{"type":"Feature","properties":{"task_id":"224456347:0:2332785325:2332785351","reason":"追加した回送道路を含めても、公開4社の出発道路ノードから往復可能な経路を確認できない市内区間。"},"geometry":{"type":"LineString","coordinates":[[141.412377,42.965848],[141.412147,42.966152]]}},{"type":"Feature","properties":{"task_id":"224456557:5:2332785351:2332785309","reason":"追加した回送道路を含めても、公開4社の出発道路ノードから往復可能な経路を確認できない市内区間。"},"geometry":{"type":"LineString","coordinates":[[141.412147,42.966152],[141.412155,42.965719]]}},{"type":"Feature","properties":{"task_id":"224456557:4:2332785309:2332785298","reason":"追加した回送道路を含めても、公開4社の出発道路ノードから往復可能な経路を確認できない市内区間。"},"geometry":{"type":"LineString","coordinates":[[141.412155,42.965719],[141.412109,42.965657]]}},{"type":"Feature","properties":{"task_id":"224456557:4:2332785298:2332785309","reason":"追加した回送道路を含めても、公開4社の出発道路ノードから往復可能な経路を確認できない市内区間。"},"geometry":{"type":"LineString","coordinates":[[141.412109,42.965657],[141.412155,42.965719]]}},{"type":"Feature","properties":{"task_id":"224456557:5:2332785309:2332785351","reason":"追加した回送道路を含めても、公開4社の出発道路ノードから往復可能な経路を確認できない市内区間。"},"geometry":{"type":"LineString","coordinates":[[141.412155,42.965719],[141.412147,42.966152]]}},{"type":"Feature","properties":{"task_id":"224456203:0:2332785351:2332785365","reason":"追加した回送道路を含めても、公開4社の出発道路ノードから往復可能な経路を確認できない市内区間。"},"geometry":{"type":"LineString","coordinates":[[141.412147,42.966152],[141.412109,42.966276]]}},{"type":"Feature","properties":{"task_id":"224456203:1:2332785365:2332785373","reason":"追加した回送道路を含めても、公開4社の出発道路ノードから往復可能な経路を確認できない市内区間。"},"geometry":{"type":"LineString","coordinates":[[141.412109,42.966276],[141.412086,42.966344]]}},{"type":"Feature","properties":{"task_id":"224456203:2:2332785373:2332785382","reason":"追加した回送道路を含めても、公開4社の出発道路ノードから往復可能な経路を確認できない市内区間。"},"geometry":{"type":"LineString","coordinates":[[141.412086,42.966344],[141.412094,42.966468]]}},{"type":"Feature","properties":{"task_id":"224456203:3:2332785382:2332785387","reason":"追加した回送道路を含めても、公開4社の出発道路ノードから往復可能な経路を確認できない市内区間。"},"geometry":{"type":"LineString","coordinates":[[141.412094,42.966468],[141.412139,42.966524]]}},{"type":"Feature","properties":{"task_id":"224456203:4:2332785387:2332785395","reason":"追加した回送道路を含めても、公開4社の出発道路ノードから往復可能な経路を確認できない市内区間。"},"geometry":{"type":"LineString","coordinates":[[141.412139,42.966524],[141.412231,42.966574]]}},{"type":"Feature","properties":{"task_id":"224456203:5:2332785395:2332785397","reason":"追加した回送道路を含めても、公開4社の出発道路ノードから往復可能な経路を確認できない市内区間。"},"geometry":{"type":"LineString","coordinates":[[141.412231,42.966574],[141.412362,42.966619]]}},{"type":"Feature","properties":{"task_id":"224456203:6:2332785397:2332785399","reason":"追加した回送道路を含めても、公開4社の出発道路ノードから往復可能な経路を確認できない市内区間。"},"geometry":{"type":"LineString","coordinates":[[141.412362,42.966619],[141.412454,42.966631]]}},{"type":"Feature","properties":{"task_id":"224456203:7:2332785399:2332785398","reason":"追加した回送道路を含めても、公開4社の出発道路ノードから往復可能な経路を確認できない市内区間。"},"geometry":{"type":"LineString","coordinates":[[141.412454,42.966631],[141.412622,42.966619]]}},{"type":"Feature","properties":{"task_id":"224456203:8:2332785398:2332785391","reason":"追加した回送道路を含めても、公開4社の出発道路ノードから往復可能な経路を確認できない市内区間。"},"geometry":{"type":"LineString","coordinates":[[141.412622,42.966619],[141.412898,42.966552]]}},{"type":"Feature","properties":{"task_id":"224456203:9:2332785391:2332785361","reason":"追加した回送道路を含めても、公開4社の出発道路ノードから往復可能な経路を確認できない市内区間。"},"geometry":{"type":"LineString","coordinates":[[141.412898,42.966552],[141.413794,42.966242]]}},{"type":"Feature","properties":{"task_id":"224456203:10:2332785361:2332785360","reason":"追加した回送道路を含めても、公開4社の出発道路ノードから往復可能な経路を確認できない市内区間。"},"geometry":{"type":"LineString","coordinates":[[141.413794,42.966242],[141.413855,42.966237]]}},{"type":"Feature","properties":{"task_id":"224456203:11:2332785360:2332785353","reason":"追加した回送道路を含めても、公開4社の出発道路ノードから往復可能な経路を確認できない市内区間。"},"geometry":{"type":"LineString","coordinates":[[141.413855,42.966237],[141.4141,42.966186]]}},{"type":"Feature","properties":{"task_id":"224456203:12:2332785353:2332785354","reason":"追加した回送道路を含めても、公開4社の出発道路ノードから往復可能な経路を確認できない市内区間。"},"geometry":{"type":"LineString","coordinates":[[141.4141,42.966186],[141.414337,42.966186]]}},{"type":"Feature","properties":{"task_id":"224456203:13:2332785354:2332785358","reason":"追加した回送道路を含めても、公開4社の出発道路ノードから往復可能な経路を確認できない市内区間。"},"geometry":{"type":"LineString","coordinates":[[141.414337,42.966186],[141.414414,42.966214]]}},{"type":"Feature","properties":{"task_id":"224456203:14:2332785358:2332785362","reason":"追加した回送道路を含めても、公開4社の出発道路ノードから往復可能な経路を確認できない市内区間。"},"geometry":{"type":"LineString","coordinates":[[141.414414,42.966214],[141.414468,42.966259]]}},{"type":"Feature","properties":{"task_id":"224456203:15:2332785362:2332785367","reason":"追加した回送道路を含めても、公開4社の出発道路ノードから往復可能な経路を確認できない市内区間。"},"geometry":{"type":"LineString","coordinates":[[141.414468,42.966259],[141.414483,42.966287]]}},{"type":"Feature","properties":{"task_id":"224456203:16:2332785367:2332785374","reason":"追加した回送道路を含めても、公開4社の出発道路ノードから往復可能な経路を確認できない市内区間。"},"geometry":{"type":"LineString","coordinates":[[141.414483,42.966287],[141.414544,42.966344]]}},{"type":"Feature","properties":{"task_id":"224456203:17:2332785374:2332785392","reason":"追加した回送道路を含めても、公開4社の出発道路ノードから往復可能な経路を確認できない市内区間。"},"geometry":{"type":"LineString","coordinates":[[141.414544,42.966344],[141.414529,42.966563]]}},{"type":"Feature","properties":{"task_id":"224456203:18:2332785392:2332785403","reason":"追加した回送道路を含めても、公開4社の出発道路ノードから往復可能な経路を確認できない市内区間。"},"geometry":{"type":"LineString","coordinates":[[141.414529,42.966563],[141.414491,42.966681]]}},{"type":"Feature","properties":{"task_id":"224456203:19:2332785403:2332785420","reason":"追加した回送道路を含めても、公開4社の出発道路ノードから往復可能な経路を確認できない市内区間。"},"geometry":{"type":"LineString","coordinates":[[141.414491,42.966681],[141.414383,42.966901]]}},{"type":"Feature","properties":{"task_id":"224456203:20:2332785420:2332785455","reason":"追加した回送道路を含めても、公開4社の出発道路ノードから往復可能な経路を確認できない市内区間。"},"geometry":{"type":"LineString","coordinates":[[141.414383,42.966901],[141.414092,42.96739]]}},{"type":"Feature","properties":{"task_id":"224456203:21:2332785455:2332785475","reason":"追加した回送道路を含めても、公開4社の出発道路ノードから往復可能な経路を確認できない市内区間。"},"geometry":{"type":"LineString","coordinates":[[141.414092,42.96739],[141.413985,42.967592]]}},{"type":"Feature","properties":{"task_id":"224456203:22:2332785475:2332785482","reason":"追加した回送道路を含めても、公開4社の出発道路ノードから往復可能な経路を確認できない市内区間。"},"geometry":{"type":"LineString","coordinates":[[141.413985,42.967592],[141.413962,42.967716]]}},{"type":"Feature","properties":{"task_id":"224456062:0:2332785482:2332785470","reason":"追加した回送道路を含めても、公開4社の出発道路ノードから往復可能な経路を確認できない市内区間。"},"geometry":{"type":"LineString","coordinates":[[141.413962,42.967716],[141.414146,42.967542]]}},{"type":"Feature","properties":{"task_id":"224456062:1:2332785470:2332785454","reason":"追加した回送道路を含めても、公開4社の出発道路ノードから往復可能な経路を確認できない市内区間。"},"geometry":{"type":"LineString","coordinates":[[141.414146,42.967542],[141.414291,42.967385]]}},{"type":"Feature","properties":{"task_id":"224456062:2:2332785454:2332785429","reason":"追加した回送道路を含めても、公開4社の出発道路ノードから往復可能な経路を確認できない市内区間。"},"geometry":{"type":"LineString","coordinates":[[141.414291,42.967385],[141.414728,42.967064]]}},{"type":"Feature","properties":{"task_id":"224456062:3:2332785429:2332785419","reason":"追加した回送道路を含めても、公開4社の出発道路ノードから往復可能な経路を確認できない市内区間。"},"geometry":{"type":"LineString","coordinates":[[141.414728,42.967064],[141.414919,42.966861]]}},{"type":"Feature","properties":{"task_id":"224456062:4:2332785419:2332785388","reason":"追加した回送道路を含めても、公開4社の出発道路ノードから往復可能な経路を確認できない市内区間。"},"geometry":{"type":"LineString","coordinates":[[141.414919,42.966861],[141.41518,42.966529]]}},{"type":"Feature","properties":{"task_id":"224456062:5:2332785388:2332785378","reason":"追加した回送道路を含めても、公開4社の出発道路ノードから往復可能な経路を確認できない市内区間。"},"geometry":{"type":"LineString","coordinates":[[141.41518,42.966529],[141.415325,42.966406]]}},{"type":"Feature","properties":{"task_id":"224456062:6:2332785378:2332785375","reason":"追加した回送道路を含めても、公開4社の出発道路ノードから往復可能な経路を確認できない市内区間。"},"geometry":{"type":"LineString","coordinates":[[141.415325,42.966406],[141.415425,42.966366]]}},{"type":"Feature","properties":{"task_id":"224456062:7:2332785375:2332785363","reason":"追加した回送道路を含めても、公開4社の出発道路ノードから往復可能な経路を確認できない市内区間。"},"geometry":{"type":"LineString","coordinates":[[141.415425,42.966366],[141.415846,42.96627]]}},{"type":"Feature","properties":{"task_id":"224456062:8:2332785363:2332785350","reason":"追加した回送道路を含めても、公開4社の出発道路ノードから往復可能な経路を確認できない市内区間。"},"geometry":{"type":"LineString","coordinates":[[141.415846,42.96627],[141.416297,42.966147]]}},{"type":"Feature","properties":{"task_id":"224456062:9:2332785350:2332785349","reason":"追加した回送道路を含めても、公開4社の出発道路ノードから往復可能な経路を確認できない市内区間。"},"geometry":{"type":"LineString","coordinates":[[141.416297,42.966147],[141.416366,42.966141]]}},{"type":"Feature","properties":{"task_id":"224456062:10:2332785349:2332785343","reason":"追加した回送道路を含めても、公開4社の出発道路ノードから往復可能な経路を確認できない市内区間。"},"geometry":{"type":"LineString","coordinates":[[141.416366,42.966141],[141.416535,42.966102]]}},{"type":"Feature","properties":{"task_id":"224456062:11:2332785343:2332785336","reason":"追加した回送道路を含めても、公開4社の出発道路ノードから往復可能な経路を確認できない市内区間。"},"geometry":{"type":"LineString","coordinates":[[141.416535,42.966102],[141.416948,42.96604]]}},{"type":"Feature","properties":{"task_id":"224456062:12:2332785336:2332785337","reason":"追加した回送道路を含めても、公開4社の出発道路ノードから往復可能な経路を確認できない市内区間。"},"geometry":{"type":"LineString","coordinates":[[141.416948,42.96604],[141.41727,42.96604]]}},{"type":"Feature","properties":{"task_id":"224456062:12:2332785337:2332785336","reason":"追加した回送道路を含めても、公開4社の出発道路ノードから往復可能な経路を確認できない市内区間。"},"geometry":{"type":"LineString","coordinates":[[141.41727,42.96604],[141.416948,42.96604]]}},{"type":"Feature","properties":{"task_id":"224456062:11:2332785336:2332785343","reason":"追加した回送道路を含めても、公開4社の出発道路ノードから往復可能な経路を確認できない市内区間。"},"geometry":{"type":"LineString","coordinates":[[141.416948,42.96604],[141.416535,42.966102]]}},{"type":"Feature","properties":{"task_id":"224456062:10:2332785343:2332785349","reason":"追加した回送道路を含めても、公開4社の出発道路ノードから往復可能な経路を確認できない市内区間。"},"geometry":{"type":"LineString","coordinates":[[141.416535,42.966102],[141.416366,42.966141]]}},{"type":"Feature","properties":{"task_id":"224456062:9:2332785349:2332785350","reason":"追加した回送道路を含めても、公開4社の出発道路ノードから往復可能な経路を確認できない市内区間。"},"geometry":{"type":"LineString","coordinates":[[141.416366,42.966141],[141.416297,42.966147]]}},{"type":"Feature","properties":{"task_id":"224456062:8:2332785350:2332785363","reason":"追加した回送道路を含めても、公開4社の出発道路ノードから往復可能な経路を確認できない市内区間。"},"geometry":{"type":"LineString","coordinates":[[141.416297,42.966147],[141.415846,42.96627]]}},{"type":"Feature","properties":{"task_id":"224456062:7:2332785363:2332785375","reason":"追加した回送道路を含めても、公開4社の出発道路ノードから往復可能な経路を確認できない市内区間。"},"geometry":{"type":"LineString","coordinates":[[141.415846,42.96627],[141.415425,42.966366]]}},{"type":"Feature","properties":{"task_id":"224456062:6:2332785375:2332785378","reason":"追加した回送道路を含めても、公開4社の出発道路ノードから往復可能な経路を確認できない市内区間。"},"geometry":{"type":"LineString","coordinates":[[141.415425,42.966366],[141.415325,42.966406]]}},{"type":"Feature","properties":{"task_id":"224456062:5:2332785378:2332785388","reason":"追加した回送道路を含めても、公開4社の出発道路ノードから往復可能な経路を確認できない市内区間。"},"geometry":{"type":"LineString","coordinates":[[141.415325,42.966406],[141.41518,42.966529]]}},{"type":"Feature","properties":{"task_id":"224456062:4:2332785388:2332785419","reason":"追加した回送道路を含めても、公開4社の出発道路ノードから往復可能な経路を確認できない市内区間。"},"geometry":{"type":"LineString","coordinates":[[141.41518,42.966529],[141.414919,42.966861]]}},{"type":"Feature","properties":{"task_id":"224456062:3:2332785419:2332785429","reason":"追加した回送道路を含めても、公開4社の出発道路ノードから往復可能な経路を確認できない市内区間。"},"geometry":{"type":"LineString","coordinates":[[141.414919,42.966861],[141.414728,42.967064]]}},{"type":"Feature","properties":{"task_id":"224456062:2:2332785429:2332785454","reason":"追加した回送道路を含めても、公開4社の出発道路ノードから往復可能な経路を確認できない市内区間。"},"geometry":{"type":"LineString","coordinates":[[141.414728,42.967064],[141.414291,42.967385]]}},{"type":"Feature","properties":{"task_id":"224456062:1:2332785454:2332785470","reason":"追加した回送道路を含めても、公開4社の出発道路ノードから往復可能な経路を確認できない市内区間。"},"geometry":{"type":"LineString","coordinates":[[141.414291,42.967385],[141.414146,42.967542]]}},{"type":"Feature","properties":{"task_id":"224456062:0:2332785470:2332785482","reason":"追加した回送道路を含めても、公開4社の出発道路ノードから往復可能な経路を確認できない市内区間。"},"geometry":{"type":"LineString","coordinates":[[141.414146,42.967542],[141.413962,42.967716]]}},{"type":"Feature","properties":{"task_id":"224456591:0:2332785482:2332785491","reason":"追加した回送道路を含めても、公開4社の出発道路ノードから往復可能な経路を確認できない市内区間。"},"geometry":{"type":"LineString","coordinates":[[141.413962,42.967716],[141.413954,42.967812]]}},{"type":"Feature","properties":{"task_id":"224456591:1:2332785491:2332785499","reason":"追加した回送道路を含めても、公開4社の出発道路ノードから往復可能な経路を確認できない市内区間。"},"geometry":{"type":"LineString","coordinates":[[141.413954,42.967812],[141.413977,42.967896]]}},{"type":"Feature","properties":{"task_id":"224456591:2:2332785499:2332785514","reason":"追加した回送道路を含めても、公開4社の出発道路ノードから往復可能な経路を確認できない市内区間。"},"geometry":{"type":"LineString","coordinates":[[141.413977,42.967896],[141.414152,42.968121]]}},{"type":"Feature","properties":{"task_id":"224456591:3:2332785514:2332785520","reason":"追加した回送道路を含めても、公開4社の出発道路ノードから往復可能な経路を確認できない市内区間。"},"geometry":{"type":"LineString","coordinates":[[141.414152,42.968121],[141.414206,42.968217]]}},{"type":"Feature","properties":{"task_id":"224456591:4:2332785520:2332785539","reason":"追加した回送道路を含めても、公開4社の出発道路ノードから往復可能な経路を確認できない市内区間。"},"geometry":{"type":"LineString","coordinates":[[141.414206,42.968217],[141.414283,42.96846]]}},{"type":"Feature","properties":{"task_id":"224456591:5:2332785539:2332785573","reason":"追加した回送道路を含めても、公開4社の出発道路ノードから往復可能な経路を確認できない市内区間。"},"geometry":{"type":"LineString","coordinates":[[141.414283,42.96846],[141.414382,42.968965]]}},{"type":"Feature","properties":{"task_id":"224456591:6:2332785573:2332785578","reason":"追加した回送道路を含めても、公開4社の出発道路ノードから往復可能な経路を確認できない市内区間。"},"geometry":{"type":"LineString","coordinates":[[141.414382,42.968965],[141.414405,42.969033]]}},{"type":"Feature","properties":{"task_id":"224456591:7:2332785578:2332785590","reason":"追加した回送道路を含めても、公開4社の出発道路ノードから往復可能な経路を確認できない市内区間。"},"geometry":{"type":"LineString","coordinates":[[141.414405,42.969033],[141.414459,42.969129]]}},{"type":"Feature","properties":{"task_id":"224456072:0:2332785590:2332785638","reason":"追加した回送道路を含めても、公開4社の出発道路ノードから往復可能な経路を確認できない市内区間。"},"geometry":{"type":"LineString","coordinates":[[141.414459,42.969129],[141.414842,42.969601]]}},{"type":"Feature","properties":{"task_id":"224455983:0:2332785638:2332785713","reason":"追加した回送道路を含めても、公開4社の出発道路ノードから往復可能な経路を確認できない市内区間。"},"geometry":{"type":"LineString","coordinates":[[141.414842,42.969601],[141.415423,42.9703]]}},{"type":"Feature","properties":{"task_id":"224455983:1:2332785713:2332785734","reason":"追加した回送道路を含めても、公開4社の出発道路ノードから往復可能な経路を確認できない市内区間。"},"geometry":{"type":"LineString","coordinates":[[141.415423,42.9703],[141.415561,42.970509]]}},{"type":"Feature","properties":{"task_id":"224455983:2:2332785734:2332785737","reason":"追加した回送道路を含めても、公開4社の出発道路ノードから往復可能な経路を確認できない市内区間。"},"geometry":{"type":"LineString","coordinates":[[141.415561,42.970509],[141.415608,42.970548]]}},{"type":"Feature","properties":{"task_id":"224455983:3:2332785737:2332785757","reason":"追加した回送道路を含めても、公開4社の出発道路ノードから往復可能な経路を確認できない市内区間。"},"geometry":{"type":"LineString","coordinates":[[141.415608,42.970548],[141.415938,42.970689]]}},{"type":"Feature","properties":{"task_id":"224455983:4:2332785757:2332785758","reason":"追加した回送道路を含めても、公開4社の出発道路ノードから往復可能な経路を確認できない市内区間。"},"geometry":{"type":"LineString","coordinates":[[141.415938,42.970689],[141.415999,42.970745]]}},{"type":"Feature","properties":{"task_id":"224455983:5:2332785758:2332785775","reason":"追加した回送道路を含めても、公開4社の出発道路ノードから往復可能な経路を確認できない市内区間。"},"geometry":{"type":"LineString","coordinates":[[141.415999,42.970745],[141.416206,42.971004]]}},{"type":"Feature","properties":{"task_id":"224455983:6:2332785775:2332785791","reason":"追加した回送道路を含めても、公開4社の出発道路ノードから往復可能な経路を確認できない市内区間。"},"geometry":{"type":"LineString","coordinates":[[141.416206,42.971004],[141.416343,42.971116]]}},{"type":"Feature","properties":{"task_id":"224455983:7:2332785791:2332785799","reason":"追加した回送道路を含めても、公開4社の出発道路ノードから往復可能な経路を確認できない市内区間。"},"geometry":{"type":"LineString","coordinates":[[141.416343,42.971116],[141.41665,42.971291]]}},{"type":"Feature","properties":{"task_id":"224455983:8:2332785799:2332785811","reason":"追加した回送道路を含めても、公開4社の出発道路ノードから往復可能な経路を確認できない市内区間。"},"geometry":{"type":"LineString","coordinates":[[141.41665,42.971291],[141.417071,42.971471]]}},{"type":"Feature","properties":{"task_id":"224456282:28:2332785811:2332785813","reason":"追加した回送道路を含めても、公開4社の出発道路ノードから往復可能な経路を確認できない市内区間。"},"geometry":{"type":"LineString","coordinates":[[141.417071,42.971471],[141.416994,42.971476]]}},{"type":"Feature","properties":{"task_id":"224456282:27:2332785813:2332785816","reason":"追加した回送道路を含めても、公開4社の出発道路ノードから往復可能な経路を確認できない市内区間。"},"geometry":{"type":"LineString","coordinates":[[141.416994,42.971476],[141.416872,42.971504]]}},{"type":"Feature","properties":{"task_id":"224456282:26:2332785816:2332785822","reason":"追加した回送道路を含めても、公開4社の出発道路ノードから往復可能な経路を確認できない市内区間。"},"geometry":{"type":"LineString","coordinates":[[141.416872,42.971504],[141.416673,42.971578]]}},{"type":"Feature","properties":{"task_id":"224456282:25:2332785822:2332785830","reason":"追加した回送道路を含めても、公開4社の出発道路ノードから往復可能な経路を確認できない市内区間。"},"geometry":{"type":"LineString","coordinates":[[141.416673,42.971578],[141.416489,42.971628]]}},{"type":"Feature","properties":{"task_id":"224456282:24:2332785830:2332785829","reason":"追加した回送道路を含めても、公開4社の出発道路ノードから往復可能な経路を確認できない市内区間。"},"geometry":{"type":"LineString","coordinates":[[141.416489,42.971628],[141.416336,42.971628]]}},{"type":"Feature","properties":{"task_id":"224456282:23:2332785829:2332785828","reason":"追加した回送道路を含めても、公開4社の出発道路ノードから往復可能な経路を確認できない市内区間。"},"geometry":{"type":"LineString","coordinates":[[141.416336,42.971628],[141.416274,42.971617]]}},{"type":"Feature","properties":{"task_id":"224456282:22:2332785828:2332785823","reason":"追加した回送道路を含めても、公開4社の出発道路ノードから往復可能な経路を確認できない市内区間。"},"geometry":{"type":"LineString","coordinates":[[141.416274,42.971617],[141.41619,42.971583]]}},{"type":"Feature","properties":{"task_id":"224456282:21:2332785823:2332785803","reason":"追加した回送道路を含めても、公開4社の出発道路ノードから往復可能な経路を確認できない市内区間。"},"geometry":{"type":"LineString","coordinates":[[141.41619,42.971583],[141.415884,42.971386]]}},{"type":"Feature","properties":{"task_id":"224456282:20:2332785803:2332785795","reason":"追加した回送道路を含めても、公開4社の出発道路ノードから往復可能な経路を確認できない市内区間。"},"geometry":{"type":"LineString","coordinates":[[141.415884,42.971386],[141.415501,42.97115]]}},{"type":"Feature","properties":{"task_id":"224456282:19:2332785795:2332785789","reason":"追加した回送道路を含めても、公開4社の出発道路ノードから往復可能な経路を確認できない市内区間。"},"geometry":{"type":"LineString","coordinates":[[141.415501,42.97115],[141.415401,42.971111]]}},{"type":"Feature","properties":{"task_id":"224456282:18:2332785789:2332785786","reason":"追加した回送道路を含めても、公開4社の出発道路ノードから往復可能な経路を確認できない市内区間。"},"geometry":{"type":"LineString","coordinates":[[141.415401,42.971111],[141.415203,42.971066]]}},{"type":"Feature","properties":{"task_id":"224456282:17:2332785786:2332785784","reason":"追加した回送道路を含めても、公開4社の出発道路ノードから往復可能な経路を確認できない市内区間。"},"geometry":{"type":"LineString","coordinates":[[141.415203,42.971066],[141.415034,42.971049]]}},{"type":"Feature","properties":{"task_id":"224456282:16:2332785784:2332785778","reason":"追加した回送道路を含めても、公開4社の出発道路ノードから往復可能な経路を確認できない市内区間。"},"geometry":{"type":"LineString","coordinates":[[141.415034,42.971049],[141.414873,42.971009]]}},{"type":"Feature","properties":{"task_id":"224456282:15:2332785778:2332785761","reason":"追加した回送道路を含めても、公開4社の出発道路ノードから往復可能な経路を確認できない市内区間。"},"geometry":{"type":"LineString","coordinates":[[141.414873,42.971009],[141.414527,42.970778]]}},{"type":"Feature","properties":{"task_id":"224456282:14:2332785761:2332785755","reason":"追加した回送道路を含めても、公開4社の出発道路ノードから往復可能な経路を確認できない市内区間。"},"geometry":{"type":"LineString","coordinates":[[141.414527,42.970778],[141.414298,42.970666]]}},{"type":"Feature","properties":{"task_id":"224456282:13:2332785755:2332785752","reason":"追加した回送道路を含めても、公開4社の出発道路ノードから往復可能な経路を確認できない市内区間。"},"geometry":{"type":"LineString","coordinates":[[141.414298,42.970666],[141.414175,42.970643]]}},{"type":"Feature","properties":{"task_id":"224456282:12:2332785752:2332785750","reason":"追加した回送道路を含めても、公開4社の出発道路ノードから往復可能な経路を確認できない市内区間。"},"geometry":{"type":"LineString","coordinates":[[141.414175,42.970643],[141.413907,42.970638]]}},{"type":"Feature","properties":{"task_id":"224456282:11:2332785750:2332785753","reason":"追加した回送道路を含めても、公開4社の出発道路ノードから往復可能な経路を確認できない市内区間。"},"geometry":{"type":"LineString","coordinates":[[141.413907,42.970638],[141.413755,42.970655]]}},{"type":"Feature","properties":{"task_id":"224456282:10:2332785753:2332785754","reason":"追加した回送道路を含めても、公開4社の出発道路ノードから往復可能な経路を確認できない市内区間。"},"geometry":{"type":"LineString","coordinates":[[141.413755,42.970655],[141.413471,42.97066]]}},{"type":"Feature","properties":{"task_id":"224456282:9:2332785754:2332785751","reason":"追加した回送道路を含めても、公開4社の出発道路ノードから往復可能な経路を確認できない市内区間。"},"geometry":{"type":"LineString","coordinates":[[141.413471,42.97066],[141.413363,42.970643]]}},{"type":"Feature","properties":{"task_id":"224456282:8:2332785751:2332785738","reason":"追加した回送道路を含めても、公開4社の出発道路ノードから往復可能な経路を確認できない市内区間。"},"geometry":{"type":"LineString","coordinates":[[141.413363,42.970643],[141.413073,42.970564]]}},{"type":"Feature","properties":{"task_id":"224456282:7:2332785738:2332785732","reason":"追加した回送道路を含めても、公開4社の出発道路ノードから往復可能な経路を確認できない市内区間。"},"geometry":{"type":"LineString","coordinates":[[141.413073,42.970564],[141.412905,42.970491]]}},{"type":"Feature","properties":{"task_id":"224456282:6:2332785732:2332785722","reason":"追加した回送道路を含めても、公開4社の出発道路ノードから往復可能な経路を確認できない市内区間。"},"geometry":{"type":"LineString","coordinates":[[141.412905,42.970491],[141.412759,42.970396]]}},{"type":"Feature","properties":{"task_id":"224456282:5:2332785722:2332785714","reason":"追加した回送道路を含めても、公開4社の出発道路ノードから往復可能な経路を確認できない市内区間。"},"geometry":{"type":"LineString","coordinates":[[141.412759,42.970396],[141.412682,42.970323]]}},{"type":"Feature","properties":{"task_id":"224456282:4:2332785714:2332785704","reason":"追加した回送道路を含めても、公開4社の出発道路ノードから往復可能な経路を確認できない市内区間。"},"geometry":{"type":"LineString","coordinates":[[141.412682,42.970323],[141.412636,42.970238]]}},{"type":"Feature","properties":{"task_id":"224456282:3:2332785704:2332785697","reason":"追加した回送道路を含めても、公開4社の出発道路ノードから往復可能な経路を確認できない市内区間。"},"geometry":{"type":"LineString","coordinates":[[141.412636,42.970238],[141.412598,42.970103]]}},{"type":"Feature","properties":{"task_id":"224456282:2:2332785697:2332785687","reason":"追加した回送道路を含めても、公開4社の出発道路ノードから往復可能な経路を確認できない市内区間。"},"geometry":{"type":"LineString","coordinates":[[141.412598,42.970103],[141.412552,42.970041]]}},{"type":"Feature","properties":{"task_id":"224456282:1:2332785687:2332785686","reason":"追加した回送道路を含めても、公開4社の出発道路ノードから往復可能な経路を確認できない市内区間。"},"geometry":{"type":"LineString","coordinates":[[141.412552,42.970041],[141.412498,42.970041]]}},{"type":"Feature","properties":{"task_id":"224456282:0:2332785686:2332785695","reason":"追加した回送道路を含めても、公開4社の出発道路ノードから往復可能な経路を確認できない市内区間。"},"geometry":{"type":"LineString","coordinates":[[141.412498,42.970041],[141.41236,42.970092]]}},{"type":"Feature","properties":{"task_id":"224456374:0:2332785695:2332785655","reason":"追加した回送道路を含めても、公開4社の出発道路ノードから往復可能な経路を確認できない市内区間。"},"geometry":{"type":"LineString","coordinates":[[141.41236,42.970092],[141.41207,42.969766]]}},{"type":"Feature","properties":{"task_id":"224456374:1:2332785655:2332785634","reason":"追加した回送道路を含めても、公開4社の出発道路ノードから往復可能な経路を確認できない市内区間。"},"geometry":{"type":"LineString","coordinates":[[141.41207,42.969766],[141.411917,42.969569]]}},{"type":"Feature","properties":{"task_id":"224456374:2:2332785634:2332785616","reason":"追加した回送道路を含めても、公開4社の出発道路ノードから往復可能な経路を確認できない市内区間。"},"geometry":{"type":"LineString","coordinates":[[141.411917,42.969569],[141.411841,42.969445]]}},{"type":"Feature","properties":{"task_id":"224456374:3:2332785616:2332785605","reason":"追加した回送道路を含めても、公開4社の出発道路ノードから往復可能な経路を確認できない市内区間。"},"geometry":{"type":"LineString","coordinates":[[141.411841,42.969445],[141.411833,42.96931]]}},{"type":"Feature","properties":{"task_id":"224456179:0:2332785605:2332785606","reason":"追加した回送道路を含めても、公開4社の出発道路ノードから往復可能な経路を確認できない市内区間。"},"geometry":{"type":"LineString","coordinates":[[141.411833,42.96931],[141.411894,42.969355]]}},{"type":"Feature","properties":{"task_id":"224456179:0:2332785606:2332785605","reason":"追加した回送道路を含めても、公開4社の出発道路ノードから往復可能な経路を確認できない市内区間。"},"geometry":{"type":"LineString","coordinates":[[141.411894,42.969355],[141.411833,42.96931]]}},{"type":"Feature","properties":{"task_id":"224456205:0:2332785605:2332785566","reason":"追加した回送道路を含めても、公開4社の出発道路ノードから往復可能な経路を確認できない市内区間。"},"geometry":{"type":"LineString","coordinates":[[141.411833,42.96931],[141.412323,42.968803]]}},{"type":"Feature","properties":{"task_id":"224456205:1:2332785566:2332785560","reason":"追加した回送道路を含めても、公開4社の出発道路ノードから往復可能な経路を確認できない市内区間。"},"geometry":{"type":"LineString","coordinates":[[141.412323,42.968803],[141.412423,42.968678]]}},{"type":"Feature","properties":{"task_id":"224456205:2:2332785560:2332785547","reason":"追加した回送道路を含めても、公開4社の出発道路ノードから往復可能な経路を確認できない市内区間。"},"geometry":{"type":"LineString","coordinates":[[141.412423,42.968678],[141.412499,42.968526]]}},{"type":"Feature","properties":{"task_id":"224456205:3:2332785547:2332785531","reason":"追加した回送道路を含めても、公開4社の出発道路ノードから往復可能な経路を確認できない市内区間。"},"geometry":{"type":"LineString","coordinates":[[141.412499,42.968526],[141.412499,42.968357]]}},{"type":"Feature","properties":{"task_id":"224456205:4:2332785531:2332785518","reason":"追加した回送道路を含めても、公開4社の出発道路ノードから往復可能な経路を確認できない市内区間。"},"geometry":{"type":"LineString","coordinates":[[141.412499,42.968357],[141.412469,42.968188]]}},{"type":"Feature","properties":{"task_id":"224456205:5:2332785518:2332785511","reason":"追加した回送道路を含めても、公開4社の出発道路ノードから往復可能な経路を確認できない市内区間。"},"geometry":{"type":"LineString","coordinates":[[141.412469,42.968188],[141.412476,42.968087]]}},{"type":"Feature","properties":{"task_id":"224456205:6:2332785511:2332785493","reason":"追加した回送道路を含めても、公開4社の出発道路ノードから往復可能な経路を確認できない市内区間。"},"geometry":{"type":"LineString","coordinates":[[141.412476,42.968087],[141.412629,42.967817]]}},{"type":"Feature","properties":{"task_id":"224456205:7:2332785493:2332785473","reason":"追加した回送道路を含めても、公開4社の出発道路ノードから往復可能な経路を確認できない市内区間。"},"geometry":{"type":"LineString","coordinates":[[141.412629,42.967817],[141.412653,42.967581]]}},{"type":"Feature","properties":{"task_id":"224456205:8:2332785473:2332785463","reason":"追加した回送道路を含めても、公開4社の出発道路ノードから往復可能な経路を確認できない市内区間。"},"geometry":{"type":"LineString","coordinates":[[141.412653,42.967581],[141.412721,42.967485]]}},{"type":"Feature","properties":{"task_id":"224456205:9:2332785463:2332785451","reason":"追加した回送道路を含めても、公開4社の出発道路ノードから往復可能な経路を確認できない市内区間。"},"geometry":{"type":"LineString","coordinates":[[141.412721,42.967485],[141.412859,42.967362]]}},{"type":"Feature","properties":{"task_id":"224456205:10:2332785451:2332785439","reason":"追加した回送道路を含めても、公開4社の出発道路ノードから往復可能な経路を確認できない市内区間。"},"geometry":{"type":"LineString","coordinates":[[141.412859,42.967362],[141.412921,42.967277]]}},{"type":"Feature","properties":{"task_id":"224456205:11:2332785439:2332785435","reason":"追加した回送道路を含めても、公開4社の出発道路ノードから往復可能な経路を確認できない市内区間。"},"geometry":{"type":"LineString","coordinates":[[141.412921,42.967277],[141.412966,42.967187]]}},{"type":"Feature","properties":{"task_id":"224456205:12:2332785435:2332785432","reason":"追加した回送道路を含めても、公開4社の出発道路ノードから往復可能な経路を確認できない市内区間。"},"geometry":{"type":"LineString","coordinates":[[141.412966,42.967187],[141.412982,42.967102]]}},{"type":"Feature","properties":{"task_id":"224456205:13:2332785432:2332785425","reason":"追加した回送道路を含めても、公開4社の出発道路ノードから往復可能な経路を確認できない市内区間。"},"geometry":{"type":"LineString","coordinates":[[141.412982,42.967102],[141.412982,42.967007]]}},{"type":"Feature","properties":{"task_id":"224456205:14:2332785425:2332785422","reason":"追加した回送道路を含めても、公開4社の出発道路ノードから往復可能な経路を確認できない市内区間。"},"geometry":{"type":"LineString","coordinates":[[141.412982,42.967007],[141.412936,42.966922]]}},{"type":"Feature","properties":{"task_id":"224456205:15:2332785422:2332785416","reason":"追加した回送道路を含めても、公開4社の出発道路ノードから往復可能な経路を確認できない市内区間。"},"geometry":{"type":"LineString","coordinates":[[141.412936,42.966922],[141.412814,42.966832]]}},{"type":"Feature","properties":{"task_id":"224456205:16:2332785416:2332785414","reason":"追加した回送道路を含めても、公開4社の出発道路ノードから往復可能な経路を確認できない市内区間。"},"geometry":{"type":"LineString","coordinates":[[141.412814,42.966832],[141.412607,42.966805]]}},{"type":"Feature","properties":{"task_id":"224456205:17:2332785414:2332785413","reason":"追加した回送道路を含めても、公開4社の出発道路ノードから往復可能な経路を確認できない市内区間。"},"geometry":{"type":"LineString","coordinates":[[141.412607,42.966805],[141.412278,42.966793]]}},{"type":"Feature","properties":{"task_id":"224456205:18:2332785413:2332785412","reason":"追加した回送道路を含めても、公開4社の出発道路ノードから往復可能な経路を確認できない市内区間。"},"geometry":{"type":"LineString","coordinates":[[141.412278,42.966793],[141.412071,42.96677]]}},{"type":"Feature","properties":{"task_id":"224456205:19:2332785412:2332785407","reason":"追加した回送道路を含めても、公開4社の出発道路ノードから往復可能な経路を確認できない市内区間。"},"geometry":{"type":"LineString","coordinates":[[141.412071,42.96677],[141.411941,42.96672]]}},{"type":"Feature","properties":{"task_id":"224456205:20:2332785407:2332785401","reason":"追加した回送道路を含めても、公開4社の出発道路ノードから往復可能な経路を確認できない市内区間。"},"geometry":{"type":"LineString","coordinates":[[141.411941,42.96672],[141.411833,42.966641]]}},{"type":"Feature","properties":{"task_id":"224456205:21:2332785401:2332785389","reason":"追加した回送道路を含めても、公開4社の出発道路ノードから往復可能な経路を確認できない市内区間。"},"geometry":{"type":"LineString","coordinates":[[141.411833,42.966641],[141.411764,42.966535]]}},{"type":"Feature","properties":{"task_id":"224456205:22:2332785389:2332785380","reason":"追加した回送道路を含めても、公開4社の出発道路ノードから往復可能な経路を確認できない市内区間。"},"geometry":{"type":"LineString","coordinates":[[141.411764,42.966535],[141.411726,42.966411]]}},{"type":"Feature","properties":{"task_id":"224456205:23:2332785380:2332785345","reason":"追加した回送道路を含めても、公開4社の出発道路ノードから往復可能な経路を確認できない市内区間。"},"geometry":{"type":"LineString","coordinates":[[141.411726,42.966411],[141.411673,42.966107]]}},{"type":"Feature","properties":{"task_id":"224456205:23:2332785345:2332785380","reason":"追加した回送道路を含めても、公開4社の出発道路ノードから往復可能な経路を確認できない市内区間。"},"geometry":{"type":"LineString","coordinates":[[141.411673,42.966107],[141.411726,42.966411]]}},{"type":"Feature","properties":{"task_id":"224456205:22:2332785380:2332785389","reason":"追加した回送道路を含めても、公開4社の出発道路ノードから往復可能な経路を確認できない市内区間。"},"geometry":{"type":"LineString","coordinates":[[141.411726,42.966411],[141.411764,42.966535]]}},{"type":"Feature","properties":{"task_id":"224456205:21:2332785389:2332785401","reason":"追加した回送道路を含めても、公開4社の出発道路ノードから往復可能な経路を確認できない市内区間。"},"geometry":{"type":"LineString","coordinates":[[141.411764,42.966535],[141.411833,42.966641]]}},{"type":"Feature","properties":{"task_id":"224456205:20:2332785401:2332785407","reason":"追加した回送道路を含めても、公開4社の出発道路ノードから往復可能な経路を確認できない市内区間。"},"geometry":{"type":"LineString","coordinates":[[141.411833,42.966641],[141.411941,42.96672]]}},{"type":"Feature","properties":{"task_id":"224456205:19:2332785407:2332785412","reason":"追加した回送道路を含めても、公開4社の出発道路ノードから往復可能な経路を確認できない市内区間。"},"geometry":{"type":"LineString","coordinates":[[141.411941,42.96672],[141.412071,42.96677]]}},{"type":"Feature","properties":{"task_id":"224456205:18:2332785412:2332785413","reason":"追加した回送道路を含めても、公開4社の出発道路ノードから往復可能な経路を確認できない市内区間。"},"geometry":{"type":"LineString","coordinates":[[141.412071,42.96677],[141.412278,42.966793]]}},{"type":"Feature","properties":{"task_id":"224456205:17:2332785413:2332785414","reason":"追加した回送道路を含めても、公開4社の出発道路ノードから往復可能な経路を確認できない市内区間。"},"geometry":{"type":"LineString","coordinates":[[141.412278,42.966793],[141.412607,42.966805]]}},{"type":"Feature","properties":{"task_id":"224456205:16:2332785414:2332785416","reason":"追加した回送道路を含めても、公開4社の出発道路ノードから往復可能な経路を確認できない市内区間。"},"geometry":{"type":"LineString","coordinates":[[141.412607,42.966805],[141.412814,42.966832]]}},{"type":"Feature","properties":{"task_id":"224456205:15:2332785416:2332785422","reason":"追加した回送道路を含めても、公開4社の出発道路ノードから往復可能な経路を確認できない市内区間。"},"geometry":{"type":"LineString","coordinates":[[141.412814,42.966832],[141.412936,42.966922]]}},{"type":"Feature","properties":{"task_id":"224456205:14:2332785422:2332785425","reason":"追加した回送道路を含めても、公開4社の出発道路ノードから往復可能な経路を確認できない市内区間。"},"geometry":{"type":"LineString","coordinates":[[141.412936,42.966922],[141.412982,42.967007]]}},{"type":"Feature","properties":{"task_id":"224456205:13:2332785425:2332785432","reason":"追加した回送道路を含めても、公開4社の出発道路ノードから往復可能な経路を確認できない市内区間。"},"geometry":{"type":"LineString","coordinates":[[141.412982,42.967007],[141.412982,42.967102]]}},{"type":"Feature","properties":{"task_id":"224456205:12:2332785432:2332785435","reason":"追加した回送道路を含めても、公開4社の出発道路ノードから往復可能な経路を確認できない市内区間。"},"geometry":{"type":"LineString","coordinates":[[141.412982,42.967102],[141.412966,42.967187]]}},{"type":"Feature","properties":{"task_id":"224456205:11:2332785435:2332785439","reason":"追加した回送道路を含めても、公開4社の出発道路ノードから往復可能な経路を確認できない市内区間。"},"geometry":{"type":"LineString","coordinates":[[141.412966,42.967187],[141.412921,42.967277]]}},{"type":"Feature","properties":{"task_id":"224456205:10:2332785439:2332785451","reason":"追加した回送道路を含めても、公開4社の出発道路ノードから往復可能な経路を確認できない市内区間。"},"geometry":{"type":"LineString","coordinates":[[141.412921,42.967277],[141.412859,42.967362]]}},{"type":"Feature","properties":{"task_id":"224456205:9:2332785451:2332785463","reason":"追加した回送道路を含めても、公開4社の出発道路ノードから往復可能な経路を確認できない市内区間。"},"geometry":{"type":"LineString","coordinates":[[141.412859,42.967362],[141.412721,42.967485]]}},{"type":"Feature","properties":{"task_id":"224456205:8:2332785463:2332785473","reason":"追加した回送道路を含めても、公開4社の出発道路ノードから往復可能な経路を確認できない市内区間。"},"geometry":{"type":"LineString","coordinates":[[141.412721,42.967485],[141.412653,42.967581]]}},{"type":"Feature","properties":{"task_id":"224456205:7:2332785473:2332785493","reason":"追加した回送道路を含めても、公開4社の出発道路ノードから往復可能な経路を確認できない市内区間。"},"geometry":{"type":"LineString","coordinates":[[141.412653,42.967581],[141.412629,42.967817]]}},{"type":"Feature","properties":{"task_id":"224456205:6:2332785493:2332785511","reason":"追加した回送道路を含めても、公開4社の出発道路ノードから往復可能な経路を確認できない市内区間。"},"geometry":{"type":"LineString","coordinates":[[141.412629,42.967817],[141.412476,42.968087]]}},{"type":"Feature","properties":{"task_id":"224456205:5:2332785511:2332785518","reason":"追加した回送道路を含めても、公開4社の出発道路ノードから往復可能な経路を確認できない市内区間。"},"geometry":{"type":"LineString","coordinates":[[141.412476,42.968087],[141.412469,42.968188]]}},{"type":"Feature","properties":{"task_id":"224456205:4:2332785518:2332785531","reason":"追加した回送道路を含めても、公開4社の出発道路ノードから往復可能な経路を確認できない市内区間。"},"geometry":{"type":"LineString","coordinates":[[141.412469,42.968188],[141.412499,42.968357]]}},{"type":"Feature","properties":{"task_id":"224456205:3:2332785531:2332785547","reason":"追加した回送道路を含めても、公開4社の出発道路ノードから往復可能な経路を確認できない市内区間。"},"geometry":{"type":"LineString","coordinates":[[141.412499,42.968357],[141.412499,42.968526]]}},{"type":"Feature","properties":{"task_id":"224456205:2:2332785547:2332785560","reason":"追加した回送道路を含めても、公開4社の出発道路ノードから往復可能な経路を確認できない市内区間。"},"geometry":{"type":"LineString","coordinates":[[141.412499,42.968526],[141.412423,42.968678]]}},{"type":"Feature","properties":{"task_id":"224456205:1:2332785560:2332785566","reason":"追加した回送道路を含めても、公開4社の出発道路ノードから往復可能な経路を確認できない市内区間。"},"geometry":{"type":"LineString","coordinates":[[141.412423,42.968678],[141.412323,42.968803]]}},{"type":"Feature","properties":{"task_id":"224456205:0:2332785566:2332785605","reason":"追加した回送道路を含めても、公開4社の出発道路ノードから往復可能な経路を確認できない市内区間。"},"geometry":{"type":"LineString","coordinates":[[141.412323,42.968803],[141.411833,42.96931]]}},{"type":"Feature","properties":{"task_id":"224456374:3:2332785605:2332785616","reason":"追加した回送道路を含めても、公開4社の出発道路ノードから往復可能な経路を確認できない市内区間。"},"geometry":{"type":"LineString","coordinates":[[141.411833,42.96931],[141.411841,42.969445]]}},{"type":"Feature","properties":{"task_id":"224456374:2:2332785616:2332785634","reason":"追加した回送道路を含めても、公開4社の出発道路ノードから往復可能な経路を確認できない市内区間。"},"geometry":{"type":"LineString","coordinates":[[141.411841,42.969445],[141.411917,42.969569]]}},{"type":"Feature","properties":{"task_id":"224456374:1:2332785634:2332785655","reason":"追加した回送道路を含めても、公開4社の出発道路ノードから往復可能な経路を確認できない市内区間。"},"geometry":{"type":"LineString","coordinates":[[141.411917,42.969569],[141.41207,42.969766]]}},{"type":"Feature","properties":{"task_id":"224456374:0:2332785655:2332785695","reason":"追加した回送道路を含めても、公開4社の出発道路ノードから往復可能な経路を確認できない市内区間。"},"geometry":{"type":"LineString","coordinates":[[141.41207,42.969766],[141.41236,42.970092]]}},{"type":"Feature","properties":{"task_id":"224456035:13:2332785695:2332785701","reason":"追加した回送道路を含めても、公開4社の出発道路ノードから往復可能な経路を確認できない市内区間。"},"geometry":{"type":"LineString","coordinates":[[141.41236,42.970092],[141.412215,42.970199]]}},{"type":"Feature","properties":{"task_id":"224456035:12:2332785701:2332785706","reason":"追加した回送道路を含めても、公開4社の出発道路ノードから往復可能な経路を確認できない市内区間。"},"geometry":{"type":"LineString","coordinates":[[141.412215,42.970199],[141.412092,42.970244]]}},{"type":"Feature","properties":{"task_id":"224456035:11:2332785706:2332785705","reason":"追加した回送道路を含めても、公開4社の出発道路ノードから往復可能な経路を確認できない市内区間。"},"geometry":{"type":"LineString","coordinates":[[141.412092,42.970244],[141.411932,42.970244]]}},{"type":"Feature","properties":{"task_id":"224456035:10:2332785705:2332785696","reason":"追加した回送道路を含めても、公開4社の出発道路ノードから往復可能な経路を確認できない市内区間。"},"geometry":{"type":"LineString","coordinates":[[141.411932,42.970244],[141.411526,42.970098]]}},{"type":"Feature","properties":{"task_id":"224456035:9:2332785696:2332785683","reason":"追加した回送道路を含めても、公開4社の出発道路ノードから往復可能な経路を確認できない市内区間。"},"geometry":{"type":"LineString","coordinates":[[141.411526,42.970098],[141.411151,42.969991]]}},{"type":"Feature","properties":{"task_id":"224456035:8:2332785683:2332785682","reason":"追加した回送道路を含めても、公開4社の出発道路ノードから往復可能な経路を確認できない市内区間。"},"geometry":{"type":"LineString","coordinates":[[141.411151,42.969991],[141.410998,42.969979]]}},{"type":"Feature","properties":{"task_id":"224456035:7:2332785682:2332785685","reason":"追加した回送道路を含めても、公開4社の出発道路ノードから往復可能な経路を確認できない市内区間。"},"geometry":{"type":"LineString","coordinates":[[141.410998,42.969979],[141.410906,42.969996]]}},{"type":"Feature","properties":{"task_id":"224456035:6:2332785685:2332785692","reason":"追加した回送道路を含めても、公開4社の出発道路ノードから往復可能な経路を確認できない市内区間。"},"geometry":{"type":"LineString","coordinates":[[141.410906,42.969996],[141.410669,42.970075]]}},{"type":"Feature","properties":{"task_id":"224456035:5:2332785692:2332785691","reason":"追加した回送道路を含めても、公開4社の出発道路ノードから往復可能な経路を確認できない市内区間。"},"geometry":{"type":"LineString","coordinates":[[141.410669,42.970075],[141.410424,42.970069]]}},{"type":"Feature","properties":{"task_id":"224456035:4:2332785691:2332785688","reason":"追加した回送道路を含めても、公開4社の出発道路ノードから往復可能な経路を確認できない市内区間。"},"geometry":{"type":"LineString","coordinates":[[141.410424,42.970069],[141.410355,42.970047]]}},{"type":"Feature","properties":{"task_id":"224456035:3:2332785688:2332785684","reason":"追加した回送道路を含めても、公開4社の出発道路ノードから往復可能な経路を確認できない市内区間。"},"geometry":{"type":"LineString","coordinates":[[141.410355,42.970047],[141.410286,42.969996]]}},{"type":"Feature","properties":{"task_id":"224456035:2:2332785684:2332785669","reason":"追加した回送道路を含めても、公開4社の出発道路ノードから往復可能な経路を確認できない市内区間。"},"geometry":{"type":"LineString","coordinates":[[141.410286,42.969996],[141.410209,42.969861]]}},{"type":"Feature","properties":{"task_id":"224456035:1:2332785669:2332785654","reason":"追加した回送道路を含めても、公開4社の出発道路ノードから往復可能な経路を確認できない市内区間。"},"geometry":{"type":"LineString","coordinates":[[141.410209,42.969861],[141.410186,42.96976]]}},{"type":"Feature","properties":{"task_id":"224456035:0:2332785654:2332785633","reason":"追加した回送道路を含めても、公開4社の出発道路ノードから往復可能な経路を確認できない市内区間。"},"geometry":{"type":"LineString","coordinates":[[141.410186,42.96976],[141.410102,42.969557]]}},{"type":"Feature","properties":{"task_id":"224456189:20:2332785633:2332785630","reason":"追加した回送道路を含めても、公開4社の出発道路ノードから往復可能な経路を確認できない市内区間。"},"geometry":{"type":"LineString","coordinates":[[141.410102,42.969557],[141.410118,42.969546]]}},{"type":"Feature","properties":{"task_id":"224456189:19:2332785630:2332785612","reason":"追加した回送道路を含めても、公開4社の出発道路ノードから往復可能な経路を確認できない市内区間。"},"geometry":{"type":"LineString","coordinates":[[141.410118,42.969546],[141.41024,42.969422]]}},{"type":"Feature","properties":{"task_id":"224456189:18:2332785612:2332785588","reason":"追加した回送道路を含めても、公開4社の出発道路ノードから往復可能な経路を確認できない市内区間。"},"geometry":{"type":"LineString","coordinates":[[141.41024,42.969422],[141.4105,42.969096]]}},{"type":"Feature","properties":{"task_id":"224456189:17:2332785588:2332785571","reason":"追加した回送道路を含めても、公開4社の出発道路ノードから往復可能な経路を確認できない市内区間。"},"geometry":{"type":"LineString","coordinates":[[141.4105,42.969096],[141.410562,42.968938]]}},{"type":"Feature","properties":{"task_id":"224456189:16:2332785571:2332785554","reason":"追加した回送道路を含めても、公開4社の出発道路ノードから往復可能な経路を確認できない市内区間。"},"geometry":{"type":"LineString","coordinates":[[141.410562,42.968938],[141.410562,42.968571]]}},{"type":"Feature","properties":{"task_id":"224456189:15:2332785554:2332785545","reason":"追加した回送道路を含めても、公開4社の出発道路ノードから往復可能な経路を確認できない市内区間。"},"geometry":{"type":"LineString","coordinates":[[141.410562,42.968571],[141.410585,42.96851]]}},{"type":"Feature","properties":{"task_id":"224456189:14:2332785545:2332785529","reason":"追加した回送道路を含めても、公開4社の出発道路ノードから往復可能な経路を確認できない市内区間。"},"geometry":{"type":"LineString","coordinates":[[141.410585,42.96851],[141.410684,42.96834]]}},{"type":"Feature","properties":{"task_id":"224456189:13:2332785529:2332785505","reason":"追加した回送道路を含めても、公開4社の出発道路ノードから往復可能な経路を確認できない市内区間。"},"geometry":{"type":"LineString","coordinates":[[141.410684,42.96834],[141.411167,42.967975]]}},{"type":"Feature","properties":{"task_id":"224456189:12:2332785505:2332785495","reason":"追加した回送道路を含めても、公開4社の出発道路ノードから往復可能な経路を確認できない市内区間。"},"geometry":{"type":"LineString","coordinates":[[141.411167,42.967975],[141.41132,42.96784]]}},{"type":"Feature","properties":{"task_id":"224456189:11:2332785495:2332785486","reason":"追加した回送道路を含めても、公開4社の出発道路ノードから往復可能な経路を確認できない市内区間。"},"geometry":{"type":"LineString","coordinates":[[141.41132,42.96784],[141.411404,42.967733]]}},{"type":"Feature","properties":{"task_id":"224456189:10:2332785486:2332785476","reason":"追加した回送道路を含めても、公開4社の出発道路ノードから往復可能な経路を確認できない市内区間。"},"geometry":{"type":"LineString","coordinates":[[141.411404,42.967733],[141.41145,42.967615]]}},{"type":"Feature","properties":{"task_id":"224456189:9:2332785476:2332785457","reason":"追加した回送道路を含めても、公開4社の出発道路ノードから往復可能な経路を確認できない市内区間。"},"geometry":{"type":"LineString","coordinates":[[141.41145,42.967615],[141.41145,42.96743]]}},{"type":"Feature","properties":{"task_id":"224456189:8:2332785457:2332785444","reason":"追加した回送道路を含めても、公開4社の出発道路ノードから往復可能な経路を確認できない市内区間。"},"geometry":{"type":"LineString","coordinates":[[141.41145,42.96743],[141.411427,42.967316]]}},{"type":"Feature","properties":{"task_id":"224456189:7:2332785444:2332785430","reason":"追加した回送道路を含めても、公開4社の出発道路ノードから往復可能な経路を確認できない市内区間。"},"geometry":{"type":"LineString","coordinates":[[141.411427,42.967316],[141.41142,42.96708]]}},{"type":"Feature","properties":{"task_id":"224456189:6:2332785430:2332785423","reason":"追加した回送道路を含めても、公開4社の出発道路ノードから往復可能な経路を確認できない市内区間。"},"geometry":{"type":"LineString","coordinates":[[141.41142,42.96708],[141.411466,42.966928]]}},{"type":"Feature","properties":{"task_id":"224456189:5:2332785423:2332785415","reason":"追加した回送道路を含めても、公開4社の出発道路ノードから往復可能な経路を確認できない市内区間。"},"geometry":{"type":"LineString","coordinates":[[141.411466,42.966928],[141.411458,42.966821]]}},{"type":"Feature","properties":{"task_id":"224456189:4:2332785415:2332785405","reason":"追加した回送道路を含めても、公開4社の出発道路ノードから往復可能な経路を確認できない市内区間。"},"geometry":{"type":"LineString","coordinates":[[141.411458,42.966821],[141.411427,42.966708]]}},{"type":"Feature","properties":{"task_id":"224456189:3:2332785405:2332785386","reason":"追加した回送道路を含めても、公開4社の出発道路ノードから往復可能な経路を確認できない市内区間。"},"geometry":{"type":"LineString","coordinates":[[141.411427,42.966708],[141.41142,42.966518]]}},{"type":"Feature","properties":{"task_id":"224456189:2:2332785386:2332785376","reason":"追加した回送道路を含めても、公開4社の出発道路ノードから往復可能な経路を確認できない市内区間。"},"geometry":{"type":"LineString","coordinates":[[141.41142,42.966518],[141.411466,42.966394]]}},{"type":"Feature","properties":{"task_id":"224456189:1:2332785376:2332785359","reason":"追加した回送道路を含めても、公開4社の出発道路ノードから往復可能な経路を確認できない市内区間。"},"geometry":{"type":"LineString","coordinates":[[141.411466,42.966394],[141.411596,42.966237]]}},{"type":"Feature","properties":{"task_id":"224456189:0:2332785359:2332785345","reason":"追加した回送道路を含めても、公開4社の出発道路ノードから往復可能な経路を確認できない市内区間。"},"geometry":{"type":"LineString","coordinates":[[141.411596,42.966237],[141.411673,42.966107]]}},{"type":"Feature","properties":{"task_id":"224456557:0:2332785345:2332785335","reason":"追加した回送道路を含めても、公開4社の出発道路ノードから往復可能な経路を確認できない市内区間。"},"geometry":{"type":"LineString","coordinates":[[141.411673,42.966107],[141.411711,42.966017]]}},{"type":"Feature","properties":{"task_id":"224456557:1:2332785335:2332785305","reason":"追加した回送道路を含めても、公開4社の出発道路ノードから往復可能な経路を確認できない市内区間。"},"geometry":{"type":"LineString","coordinates":[[141.411711,42.966017],[141.411925,42.965702]]}},{"type":"Feature","properties":{"task_id":"224456557:2:2332785305:2332785292","reason":"追加した回送道路を含めても、公開4社の出発道路ノードから往復可能な経路を確認できない市内区間。"},"geometry":{"type":"LineString","coordinates":[[141.411925,42.965702],[141.412015,42.965644]]}},{"type":"Feature","properties":{"task_id":"224456557:3:2332785292:2332785298","reason":"追加した回送道路を含めても、公開4社の出発道路ノードから往復可能な経路を確認できない市内区間。"},"geometry":{"type":"LineString","coordinates":[[141.412015,42.965644],[141.412109,42.965657]]}},{"type":"Feature","properties":{"task_id":"224456557:3:2332785298:2332785292","reason":"追加した回送道路を含めても、公開4社の出発道路ノードから往復可能な経路を確認できない市内区間。"},"geometry":{"type":"LineString","coordinates":[[141.412109,42.965657],[141.412015,42.965644]]}},{"type":"Feature","properties":{"task_id":"224456557:2:2332785292:2332785305","reason":"追加した回送道路を含めても、公開4社の出発道路ノードから往復可能な経路を確認できない市内区間。"},"geometry":{"type":"LineString","coordinates":[[141.412015,42.965644],[141.411925,42.965702]]}},{"type":"Feature","properties":{"task_id":"224456557:1:2332785305:2332785335","reason":"追加した回送道路を含めても、公開4社の出発道路ノードから往復可能な経路を確認できない市内区間。"},"geometry":{"type":"LineString","coordinates":[[141.411925,42.965702],[141.411711,42.966017]]}},{"type":"Feature","properties":{"task_id":"224456557:0:2332785335:2332785345","reason":"追加した回送道路を含めても、公開4社の出発道路ノードから往復可能な経路を確認できない市内区間。"},"geometry":{"type":"LineString","coordinates":[[141.411711,42.966017],[141.411673,42.966107]]}},{"type":"Feature","properties":{"task_id":"224456026:0:2332785345:2332785317","reason":"追加した回送道路を含めても、公開4社の出発道路ノードから往復可能な経路を確認できない市内区間。"},"geometry":{"type":"LineString","coordinates":[[141.411673,42.966107],[141.411604,42.965792]]}},{"type":"Feature","properties":{"task_id":"224456026:1:2332785317:2332785283","reason":"追加した回送道路を含めても、公開4社の出発道路ノードから往復可能な経路を確認できない市内区間。"},"geometry":{"type":"LineString","coordinates":[[141.411604,42.965792],[141.411473,42.965505]]}},{"type":"Feature","properties":{"task_id":"224456026:2:2332785283:2332785274","reason":"追加した回送道路を含めても、公開4社の出発道路ノードから往復可能な経路を確認できない市内区間。"},"geometry":{"type":"LineString","coordinates":[[141.411473,42.965505],[141.411366,42.965336]]}},{"type":"Feature","properties":{"task_id":"224456026:3:2332785274:2332785272","reason":"追加した回送道路を含めても、公開4社の出発道路ノードから往復可能な経路を確認できない市内区間。"},"geometry":{"type":"LineString","coordinates":[[141.411366,42.965336],[141.411343,42.965308]]}},{"type":"Feature","properties":{"task_id":"224456026:4:2332785272:2332785268","reason":"追加した回送道路を含めても、公開4社の出発道路ノードから往復可能な経路を確認できない市内区間。"},"geometry":{"type":"LineString","coordinates":[[141.411343,42.965308],[141.411259,42.965252]]}},{"type":"Feature","properties":{"task_id":"224456026:5:2332785268:2332785251","reason":"追加した回送道路を含めても、公開4社の出発道路ノードから往復可能な経路を確認できない市内区間。"},"geometry":{"type":"LineString","coordinates":[[141.411259,42.965252],[141.409681,42.964745]]}},{"type":"Feature","properties":{"task_id":"224456026:6:2332785251:2332785244","reason":"追加した回送道路を含めても、公開4社の出発道路ノードから往復可能な経路を確認できない市内区間。"},"geometry":{"type":"LineString","coordinates":[[141.409681,42.964745],[141.409299,42.964644]]}},{"type":"Feature","properties":{"task_id":"224456026:7:2332785244:2332785240","reason":"追加した回送道路を含めても、公開4社の出発道路ノードから往復可能な経路を確認できない市内区間。"},"geometry":{"type":"LineString","coordinates":[[141.409299,42.964644],[141.408739,42.964565]]}},{"type":"Feature","properties":{"task_id":"224456026:8:2332785240:2332785229","reason":"追加した回送道路を含めても、公開4社の出発道路ノードから往復可能な経路を確認できない市内区間。"},"geometry":{"type":"LineString","coordinates":[[141.408739,42.964565],[141.408541,42.964498]]}},{"type":"Feature","properties":{"task_id":"224456026:9:2332785229:2332785222","reason":"追加した回送道路を含めても、公開4社の出発道路ノードから往復可能な経路を確認できない市内区間。"},"geometry":{"type":"LineString","coordinates":[[141.408541,42.964498],[141.408403,42.964424]]}},{"type":"Feature","properties":{"task_id":"224456026:10:2332785222:2332785209","reason":"追加した回送道路を含めても、公開4社の出発道路ノードから往復可能な経路を確認できない市内区間。"},"geometry":{"type":"LineString","coordinates":[[141.408403,42.964424],[141.408265,42.964318]]}},{"type":"Feature","properties":{"task_id":"224456026:11:2332785209:2332785196","reason":"追加した回送道路を含めても、公開4社の出発道路ノードから往復可能な経路を確認できない市内区間。"},"geometry":{"type":"LineString","coordinates":[[141.408265,42.964318],[141.408157,42.964183]]}},{"type":"Feature","properties":{"task_id":"224456026:12:2332785196:2332785176","reason":"追加した回送道路を含めても、公開4社の出発道路ノードから往復可能な経路を確認できない市内区間。"},"geometry":{"type":"LineString","coordinates":[[141.408157,42.964183],[141.408012,42.963946]]}},{"type":"Feature","properties":{"task_id":"224456180:18:2332785176:2332785157","reason":"追加した回送道路を含めても、公開4社の出発道路ノードから往復可能な経路を確認できない市内区間。"},"geometry":{"type":"LineString","coordinates":[[141.408012,42.963946],[141.407897,42.963833]]}},{"type":"Feature","properties":{"task_id":"224456180:17:2332785157:2332785148","reason":"追加した回送道路を含めても、公開4社の出発道路ノードから往復可能な経路を確認できない市内区間。"},"geometry":{"type":"LineString","coordinates":[[141.407897,42.963833],[141.407774,42.96376]]}},{"type":"Feature","properties":{"task_id":"224456180:16:2332785148:2332785151","reason":"追加した回送道路を含めても、公開4社の出発道路ノードから往復可能な経路を確認できない市内区間。"},"geometry":{"type":"LineString","coordinates":[[141.407774,42.96376],[141.407675,42.963771]]}},{"type":"Feature","properties":{"task_id":"224456180:15:2332785151:2332785162","reason":"追加した回送道路を含めても、公開4社の出発道路ノードから往復可能な経路を確認できない市内区間。"},"geometry":{"type":"LineString","coordinates":[[141.407675,42.963771],[141.407361,42.963867]]}},{"type":"Feature","properties":{"task_id":"224456180:14:2332785162:2332785174","reason":"追加した回送道路を含めても、公開4社の出発道路ノードから往復可能な経路を確認できない市内区間。"},"geometry":{"type":"LineString","coordinates":[[141.407361,42.963867],[141.407162,42.96394]]}},{"type":"Feature","properties":{"task_id":"224456180:13:2332785174:2332785219","reason":"追加した回送道路を含めても、公開4社の出発道路ノードから往復可能な経路を確認できない市内区間。"},"geometry":{"type":"LineString","coordinates":[[141.407162,42.96394],[141.405982,42.964396]]}},{"type":"Feature","properties":{"task_id":"224456180:12:2332785219:2332785233","reason":"追加した回送道路を含めても、公開4社の出発道路ノードから往復可能な経路を確認できない市内区間。"},"geometry":{"type":"LineString","coordinates":[[141.405982,42.964396],[141.405707,42.964514]]}},{"type":"Feature","properties":{"task_id":"224456180:11:2332785233:2332785246","reason":"追加した回送道路を含めても、公開4社の出発道路ノードから往復可能な経路を確認できない市内区間。"},"geometry":{"type":"LineString","coordinates":[[141.405707,42.964514],[141.405294,42.964683]]}},{"type":"Feature","properties":{"task_id":"224456180:10:2332785246:2332785253","reason":"追加した回送道路を含めても、公開4社の出発道路ノードから往復可能な経路を確認できない市内区間。"},"geometry":{"type":"LineString","coordinates":[[141.405294,42.964683],[141.405049,42.964751]]}},{"type":"Feature","properties":{"task_id":"224456180:9:2332785253:2332785254","reason":"追加した回送道路を含めても、公開4社の出発道路ノードから往復可能な経路を確認できない市内区間。"},"geometry":{"type":"LineString","coordinates":[[141.405049,42.964751],[141.404911,42.964762]]}},{"type":"Feature","properties":{"task_id":"224456180:8:2332785254:2332785249","reason":"追加した回送道路を含めても、公開4社の出発道路ノードから往復可能な経路を確認できない市内区間。"},"geometry":{"type":"LineString","coordinates":[[141.404911,42.964762],[141.404796,42.964723]]}},{"type":"Feature","properties":{"task_id":"224456180:7:2332785249:2332785245","reason":"追加した回送道路を含めても、公開4社の出発道路ノードから往復可能な経路を確認できない市内区間。"},"geometry":{"type":"LineString","coordinates":[[141.404796,42.964723],[141.404719,42.964661]]}},{"type":"Feature","properties":{"task_id":"224456180:6:2332785245:2332785242","reason":"追加した回送道路を含めても、公開4社の出発道路ノードから往復可能な経路を確認できない市内区間。"},"geometry":{"type":"LineString","coordinates":[[141.404719,42.964661],[141.404672,42.964604]]}},{"type":"Feature","properties":{"task_id":"224456180:5:2332785242:2332785228","reason":"追加した回送道路を含めても、公開4社の出発道路ノードから往復可能な経路を確認できない市内区間。"},"geometry":{"type":"LineString","coordinates":[[141.404672,42.964604],[141.404689,42.964497]]}},{"type":"Feature","properties":{"task_id":"224456180:4:2332785228:2332785189","reason":"追加した回送道路を含めても、公開4社の出発道路ノードから往復可能な経路を確認できない市内区間。"},"geometry":{"type":"LineString","coordinates":[[141.404689,42.964497],[141.404964,42.964115]]}},{"type":"Feature","properties":{"task_id":"224456180:3:2332785189:2332785169","reason":"追加した回送道路を含めても、公開4社の出発道路ノードから往復可能な経路を確認できない市内区間。"},"geometry":{"type":"LineString","coordinates":[[141.404964,42.964115],[141.405094,42.963912]]}},{"type":"Feature","properties":{"task_id":"224456180:2:2332785169:2332785150","reason":"追加した回送道路を含めても、公開4社の出発道路ノードから往復可能な経路を確認できない市内区間。"},"geometry":{"type":"LineString","coordinates":[[141.405094,42.963912],[141.405162,42.963766]]}},{"type":"Feature","properties":{"task_id":"224456180:1:2332785150:2332785138","reason":"追加した回送道路を含めても、公開4社の出発道路ノードから往復可能な経路を確認できない市内区間。"},"geometry":{"type":"LineString","coordinates":[[141.405162,42.963766],[141.405185,42.963664]]}},{"type":"Feature","properties":{"task_id":"224456180:0:2332785138:2332785104","reason":"追加した回送道路を含めても、公開4社の出発道路ノードから往復可能な経路を確認できない市内区間。"},"geometry":{"type":"LineString","coordinates":[[141.405185,42.963664],[141.405194,42.963169]]}},{"type":"Feature","properties":{"task_id":"224456055:0:2332785104:2332785116","reason":"追加した回送道路を含めても、公開4社の出発道路ノードから往復可能な経路を確認できない市内区間。"},"geometry":{"type":"LineString","coordinates":[[141.405194,42.963169],[141.405055,42.963276]]}},{"type":"Feature","properties":{"task_id":"224456055:1:2332785116:2332785120","reason":"追加した回送道路を含めても、公開4社の出発道路ノードから往復可能な経路を確認できない市内区間。"},"geometry":{"type":"LineString","coordinates":[[141.405055,42.963276],[141.404986,42.963316]]}},{"type":"Feature","properties":{"task_id":"224456055:2:2332785120:2332785132","reason":"追加した回送道路を含めても、公開4社の出発道路ノードから往復可能な経路を確認できない市内区間。"},"geometry":{"type":"LineString","coordinates":[[141.404986,42.963316],[141.404665,42.963558]]}},{"type":"Feature","properties":{"task_id":"224456055:3:2332785132:2332785156","reason":"追加した回送道路を含めても、公開4社の出発道路ノードから往復可能な経路を確認できない市内区間。"},"geometry":{"type":"LineString","coordinates":[[141.404665,42.963558],[141.404366,42.963822]]}},{"type":"Feature","properties":{"task_id":"224456055:4:2332785156:2332785193","reason":"追加した回送道路を含めても、公開4社の出発道路ノードから往復可能な経路を確認できない市内区間。"},"geometry":{"type":"LineString","coordinates":[[141.404366,42.963822],[141.403952,42.964171]]}},{"type":"Feature","properties":{"task_id":"224456055:5:2332785193:2332785204","reason":"追加した回送道路を含めても、公開4社の出発道路ノードから往復可能な経路を確認できない市内区間。"},"geometry":{"type":"LineString","coordinates":[[141.403952,42.964171],[141.4039,42.964255]]}},{"type":"Feature","properties":{"task_id":"224456055:6:2332785204:2332785212","reason":"追加した回送道路を含めても、公開4社の出発道路ノードから往復可能な経路を確認できない市内区間。"},"geometry":{"type":"LineString","coordinates":[[141.4039,42.964255],[141.403854,42.964357]]}},{"type":"Feature","properties":{"task_id":"224456055:7:2332785212:2332785250","reason":"追加した回送道路を含めても、公開4社の出発道路ノードから往復可能な経路を確認できない市内区間。"},"geometry":{"type":"LineString","coordinates":[[141.403854,42.964357],[141.403776,42.964739]]}},{"type":"Feature","properties":{"task_id":"224456055:8:2332785250:2332785264","reason":"追加した回送道路を含めても、公開4社の出発道路ノードから往復可能な経路を確認できない市内区間。"},"geometry":{"type":"LineString","coordinates":[[141.403776,42.964739],[141.403754,42.965177]]}},{"type":"Feature","properties":{"task_id":"224456055:9:2332785264:2332785269","reason":"追加した回送道路を含めても、公開4社の出発道路ノードから往復可能な経路を確認できない市内区間。"},"geometry":{"type":"LineString","coordinates":[[141.403754,42.965177],[141.403739,42.965256]]}},{"type":"Feature","properties":{"task_id":"224456055:10:2332785269:2332785285","reason":"追加した回送道路を含めても、公開4社の出発道路ノードから往復可能な経路を確認できない市内区間。"},"geometry":{"type":"LineString","coordinates":[[141.403739,42.965256],[141.403707,42.965555]]}},{"type":"Feature","properties":{"task_id":"224456055:11:2332785285:2332785341","reason":"追加した回送道路を含めても、公開4社の出発道路ノードから往復可能な経路を確認できない市内区間。"},"geometry":{"type":"LineString","coordinates":[[141.403707,42.965555],[141.403692,42.966085]]}},{"type":"Feature","properties":{"task_id":"224456055:12:2332785341:2332785366","reason":"追加した回送道路を含めても、公開4社の出発道路ノードから往復可能な経路を確認できない市内区間。"},"geometry":{"type":"LineString","coordinates":[[141.403692,42.966085],[141.403647,42.966286]]}},{"type":"Feature","properties":{"task_id":"224456055:12:2332785366:2332785341","reason":"追加した回送道路を含めても、公開4社の出発道路ノードから往復可能な経路を確認できない市内区間。"},"geometry":{"type":"LineString","coordinates":[[141.403647,42.966286],[141.403692,42.966085]]}},{"type":"Feature","properties":{"task_id":"224456055:11:2332785341:2332785285","reason":"追加した回送道路を含めても、公開4社の出発道路ノードから往復可能な経路を確認できない市内区間。"},"geometry":{"type":"LineString","coordinates":[[141.403692,42.966085],[141.403707,42.965555]]}},{"type":"Feature","properties":{"task_id":"224456055:10:2332785285:2332785269","reason":"追加した回送道路を含めても、公開4社の出発道路ノードから往復可能な経路を確認できない市内区間。"},"geometry":{"type":"LineString","coordinates":[[141.403707,42.965555],[141.403739,42.965256]]}},{"type":"Feature","properties":{"task_id":"224456055:9:2332785269:2332785264","reason":"追加した回送道路を含めても、公開4社の出発道路ノードから往復可能な経路を確認できない市内区間。"},"geometry":{"type":"LineString","coordinates":[[141.403739,42.965256],[141.403754,42.965177]]}},{"type":"Feature","properties":{"task_id":"224456055:8:2332785264:2332785250","reason":"追加した回送道路を含めても、公開4社の出発道路ノードから往復可能な経路を確認できない市内区間。"},"geometry":{"type":"LineString","coordinates":[[141.403754,42.965177],[141.403776,42.964739]]}},{"type":"Feature","properties":{"task_id":"224456055:7:2332785250:2332785212","reason":"追加した回送道路を含めても、公開4社の出発道路ノードから往復可能な経路を確認できない市内区間。"},"geometry":{"type":"LineString","coordinates":[[141.403776,42.964739],[141.403854,42.964357]]}},{"type":"Feature","properties":{"task_id":"224456055:6:2332785212:2332785204","reason":"追加した回送道路を含めても、公開4社の出発道路ノードから往復可能な経路を確認できない市内区間。"},"geometry":{"type":"LineString","coordinates":[[141.403854,42.964357],[141.4039,42.964255]]}},{"type":"Feature","properties":{"task_id":"224456055:5:2332785204:2332785193","reason":"追加した回送道路を含めても、公開4社の出発道路ノードから往復可能な経路を確認できない市内区間。"},"geometry":{"type":"LineString","coordinates":[[141.4039,42.964255],[141.403952,42.964171]]}},{"type":"Feature","properties":{"task_id":"224456055:4:2332785193:2332785156","reason":"追加した回送道路を含めても、公開4社の出発道路ノードから往復可能な経路を確認できない市内区間。"},"geometry":{"type":"LineString","coordinates":[[141.403952,42.964171],[141.404366,42.963822]]}},{"type":"Feature","properties":{"task_id":"224456055:3:2332785156:2332785132","reason":"追加した回送道路を含めても、公開4社の出発道路ノードから往復可能な経路を確認できない市内区間。"},"geometry":{"type":"LineString","coordinates":[[141.404366,42.963822],[141.404665,42.963558]]}},{"type":"Feature","properties":{"task_id":"224456055:2:2332785132:2332785120","reason":"追加した回送道路を含めても、公開4社の出発道路ノードから往復可能な経路を確認できない市内区間。"},"geometry":{"type":"LineString","coordinates":[[141.404665,42.963558],[141.404986,42.963316]]}},{"type":"Feature","properties":{"task_id":"224456055:1:2332785120:2332785116","reason":"追加した回送道路を含めても、公開4社の出発道路ノードから往復可能な経路を確認できない市内区間。"},"geometry":{"type":"LineString","coordinates":[[141.404986,42.963316],[141.405055,42.963276]]}},{"type":"Feature","properties":{"task_id":"224456055:0:2332785116:2332785104","reason":"追加した回送道路を含めても、公開4社の出発道路ノードから往復可能な経路を確認できない市内区間。"},"geometry":{"type":"LineString","coordinates":[[141.405055,42.963276],[141.405194,42.963169]]}},{"type":"Feature","properties":{"task_id":"224456601:7:2332785104:2332785079","reason":"追加した回送道路を含めても、公開4社の出発道路ノードから往復可能な経路を確認できない市内区間。"},"geometry":{"type":"LineString","coordinates":[[141.405194,42.963169],[141.4053,42.963068]]}},{"type":"Feature","properties":{"task_id":"224456601:6:2332785079:2332785077","reason":"追加した回送道路を含めても、公開4社の出発道路ノードから往復可能な経路を確認できない市内区間。"},"geometry":{"type":"LineString","coordinates":[[141.4053,42.963068],[141.405331,42.963051]]}},{"type":"Feature","properties":{"task_id":"224456601:5:2332785077:2332785057","reason":"追加した回送道路を含めても、公開4社の出発道路ノードから往復可能な経路を確認できない市内区間。"},"geometry":{"type":"LineString","coordinates":[[141.405331,42.963051],[141.405415,42.962961]]}},{"type":"Feature","properties":{"task_id":"224456601:4:2332785057:2332785045","reason":"追加した回送道路を含めても、公開4社の出発道路ノードから往復可能な経路を確認できない市内区間。"},"geometry":{"type":"LineString","coordinates":[[141.405415,42.962961],[141.40566,42.96277]]}},{"type":"Feature","properties":{"task_id":"224456601:3:2332785045:2332785025","reason":"追加した回送道路を含めても、公開4社の出発道路ノードから往復可能な経路を確認できない市内区間。"},"geometry":{"type":"LineString","coordinates":[[141.40566,42.96277],[141.405974,42.962449]]}},{"type":"Feature","properties":{"task_id":"224456601:2:2332785025:2332784962","reason":"追加した回送道路を含めても、公開4社の出発道路ノードから往復可能な経路を確認できない市内区間。"},"geometry":{"type":"LineString","coordinates":[[141.405974,42.962449],[141.406258,42.962055]]}},{"type":"Feature","properties":{"task_id":"224456601:1:2332784962:2332784913","reason":"追加した回送道路を含めても、公開4社の出発道路ノードから往復可能な経路を確認できない市内区間。"},"geometry":{"type":"LineString","coordinates":[[141.406258,42.962055],[141.406617,42.961402]]}},{"type":"Feature","properties":{"task_id":"224456601:0:2332784913:2332784899","reason":"追加した回送道路を含めても、公開4社の出発道路ノードから往復可能な経路を確認できない市内区間。"},"geometry":{"type":"LineString","coordinates":[[141.406617,42.961402],[141.40674,42.961194]]}},{"type":"Feature","properties":{"task_id":"224456472:4:2332784899:2332784897","reason":"追加した回送道路を含めても、公開4社の出発道路ノードから往復可能な経路を確認できない市内区間。"},"geometry":{"type":"LineString","coordinates":[[141.40674,42.961194],[141.406763,42.961138]]}},{"type":"Feature","properties":{"task_id":"224456472:3:2332784897:2332784884","reason":"追加した回送道路を含めても、公開4社の出発道路ノードから往復可能な経路を確認できない市内区間。"},"geometry":{"type":"LineString","coordinates":[[141.406763,42.961138],[141.406832,42.961059]]}},{"type":"Feature","properties":{"task_id":"224456472:2:2332784884:2332784874","reason":"追加した回送道路を含めても、公開4社の出発道路ノードから往復可能な経路を確認できない市内区間。"},"geometry":{"type":"LineString","coordinates":[[141.406832,42.961059],[141.406932,42.960884]]}},{"type":"Feature","properties":{"task_id":"224456472:1:2332784874:2332784852","reason":"追加した回送道路を含めても、公開4社の出発道路ノードから往復可能な経路を確認できない市内区間。"},"geometry":{"type":"LineString","coordinates":[[141.406932,42.960884],[141.407046,42.960642]]}},{"type":"Feature","properties":{"task_id":"224456472:0:2332784852:2332784832","reason":"追加した回送道路を含めても、公開4社の出発道路ノードから往復可能な経路を確認できない市内区間。"},"geometry":{"type":"LineString","coordinates":[[141.407046,42.960642],[141.407153,42.960372]]}},{"type":"Feature","properties":{"task_id":"224456472:0:2332784832:2332784852","reason":"追加した回送道路を含めても、公開4社の出発道路ノードから往復可能な経路を確認できない市内区間。"},"geometry":{"type":"LineString","coordinates":[[141.407153,42.960372],[141.407046,42.960642]]}},{"type":"Feature","properties":{"task_id":"224456472:1:2332784852:2332784874","reason":"追加した回送道路を含めても、公開4社の出発道路ノードから往復可能な経路を確認できない市内区間。"},"geometry":{"type":"LineString","coordinates":[[141.407046,42.960642],[141.406932,42.960884]]}},{"type":"Feature","properties":{"task_id":"224456472:2:2332784874:2332784884","reason":"追加した回送道路を含めても、公開4社の出発道路ノードから往復可能な経路を確認できない市内区間。"},"geometry":{"type":"LineString","coordinates":[[141.406932,42.960884],[141.406832,42.961059]]}},{"type":"Feature","properties":{"task_id":"224456472:3:2332784884:2332784897","reason":"追加した回送道路を含めても、公開4社の出発道路ノードから往復可能な経路を確認できない市内区間。"},"geometry":{"type":"LineString","coordinates":[[141.406832,42.961059],[141.406763,42.961138]]}},{"type":"Feature","properties":{"task_id":"224456472:4:2332784897:2332784899","reason":"追加した回送道路を含めても、公開4社の出発道路ノードから往復可能な経路を確認できない市内区間。"},"geometry":{"type":"LineString","coordinates":[[141.406763,42.961138],[141.40674,42.961194]]}},{"type":"Feature","properties":{"task_id":"224456601:0:2332784899:2332784913","reason":"追加した回送道路を含めても、公開4社の出発道路ノードから往復可能な経路を確認できない市内区間。"},"geometry":{"type":"LineString","coordinates":[[141.40674,42.961194],[141.406617,42.961402]]}},{"type":"Feature","properties":{"task_id":"224456601:1:2332784913:2332784962","reason":"追加した回送道路を含めても、公開4社の出発道路ノードから往復可能な経路を確認できない市内区間。"},"geometry":{"type":"LineString","coordinates":[[141.406617,42.961402],[141.406258,42.962055]]}},{"type":"Feature","properties":{"task_id":"224456601:2:2332784962:2332785025","reason":"追加した回送道路を含めても、公開4社の出発道路ノードから往復可能な経路を確認できない市内区間。"},"geometry":{"type":"LineString","coordinates":[[141.406258,42.962055],[141.405974,42.962449]]}},{"type":"Feature","properties":{"task_id":"224456601:3:2332785025:2332785045","reason":"追加した回送道路を含めても、公開4社の出発道路ノードから往復可能な経路を確認できない市内区間。"},"geometry":{"type":"LineString","coordinates":[[141.405974,42.962449],[141.40566,42.96277]]}},{"type":"Feature","properties":{"task_id":"224456601:4:2332785045:2332785057","reason":"追加した回送道路を含めても、公開4社の出発道路ノードから往復可能な経路を確認できない市内区間。"},"geometry":{"type":"LineString","coordinates":[[141.40566,42.96277],[141.405415,42.962961]]}},{"type":"Feature","properties":{"task_id":"224456601:5:2332785057:2332785077","reason":"追加した回送道路を含めても、公開4社の出発道路ノードから往復可能な経路を確認できない市内区間。"},"geometry":{"type":"LineString","coordinates":[[141.405415,42.962961],[141.405331,42.963051]]}},{"type":"Feature","properties":{"task_id":"224456601:6:2332785077:2332785079","reason":"追加した回送道路を含めても、公開4社の出発道路ノードから往復可能な経路を確認できない市内区間。"},"geometry":{"type":"LineString","coordinates":[[141.405331,42.963051],[141.4053,42.963068]]}},{"type":"Feature","properties":{"task_id":"224456601:7:2332785079:2332785104","reason":"追加した回送道路を含めても、公開4社の出発道路ノードから往復可能な経路を確認できない市内区間。"},"geometry":{"type":"LineString","coordinates":[[141.4053,42.963068],[141.405194,42.963169]]}},{"type":"Feature","properties":{"task_id":"224456180:0:2332785104:2332785138","reason":"追加した回送道路を含めても、公開4社の出発道路ノードから往復可能な経路を確認できない市内区間。"},"geometry":{"type":"LineString","coordinates":[[141.405194,42.963169],[141.405185,42.963664]]}},{"type":"Feature","properties":{"task_id":"224456180:1:2332785138:2332785150","reason":"追加した回送道路を含めても、公開4社の出発道路ノードから往復可能な経路を確認できない市内区間。"},"geometry":{"type":"LineString","coordinates":[[141.405185,42.963664],[141.405162,42.963766]]}},{"type":"Feature","properties":{"task_id":"224456180:2:2332785150:2332785169","reason":"追加した回送道路を含めても、公開4社の出発道路ノードから往復可能な経路を確認できない市内区間。"},"geometry":{"type":"LineString","coordinates":[[141.405162,42.963766],[141.405094,42.963912]]}},{"type":"Feature","properties":{"task_id":"224456180:3:2332785169:2332785189","reason":"追加した回送道路を含めても、公開4社の出発道路ノードから往復可能な経路を確認できない市内区間。"},"geometry":{"type":"LineString","coordinates":[[141.405094,42.963912],[141.404964,42.964115]]}},{"type":"Feature","properties":{"task_id":"224456180:4:2332785189:2332785228","reason":"追加した回送道路を含めても、公開4社の出発道路ノードから往復可能な経路を確認できない市内区間。"},"geometry":{"type":"LineString","coordinates":[[141.404964,42.964115],[141.404689,42.964497]]}},{"type":"Feature","properties":{"task_id":"224456180:5:2332785228:2332785242","reason":"追加した回送道路を含めても、公開4社の出発道路ノードから往復可能な経路を確認できない市内区間。"},"geometry":{"type":"LineString","coordinates":[[141.404689,42.964497],[141.404672,42.964604]]}},{"type":"Feature","properties":{"task_id":"224456180:6:2332785242:2332785245","reason":"追加した回送道路を含めても、公開4社の出発道路ノードから往復可能な経路を確認できない市内区間。"},"geometry":{"type":"LineString","coordinates":[[141.404672,42.964604],[141.404719,42.964661]]}},{"type":"Feature","properties":{"task_id":"224456180:7:2332785245:2332785249","reason":"追加した回送道路を含めても、公開4社の出発道路ノードから往復可能な経路を確認できない市内区間。"},"geometry":{"type":"LineString","coordinates":[[141.404719,42.964661],[141.404796,42.964723]]}},{"type":"Feature","properties":{"task_id":"224456180:8:2332785249:2332785254","reason":"追加した回送道路を含めても、公開4社の出発道路ノードから往復可能な経路を確認できない市内区間。"},"geometry":{"type":"LineString","coordinates":[[141.404796,42.964723],[141.404911,42.964762]]}},{"type":"Feature","properties":{"task_id":"224456180:9:2332785254:2332785253","reason":"追加した回送道路を含めても、公開4社の出発道路ノードから往復可能な経路を確認できない市内区間。"},"geometry":{"type":"LineString","coordinates":[[141.404911,42.964762],[141.405049,42.964751]]}},{"type":"Feature","properties":{"task_id":"224456180:10:2332785253:2332785246","reason":"追加した回送道路を含めても、公開4社の出発道路ノードから往復可能な経路を確認できない市内区間。"},"geometry":{"type":"LineString","coordinates":[[141.405049,42.964751],[141.405294,42.964683]]}},{"type":"Feature","properties":{"task_id":"224456180:11:2332785246:2332785233","reason":"追加した回送道路を含めても、公開4社の出発道路ノードから往復可能な経路を確認できない市内区間。"},"geometry":{"type":"LineString","coordinates":[[141.405294,42.964683],[141.405707,42.964514]]}},{"type":"Feature","properties":{"task_id":"224456180:12:2332785233:2332785219","reason":"追加した回送道路を含めても、公開4社の出発道路ノードから往復可能な経路を確認できない市内区間。"},"geometry":{"type":"LineString","coordinates":[[141.405707,42.964514],[141.405982,42.964396]]}},{"type":"Feature","properties":{"task_id":"224456180:13:2332785219:2332785174","reason":"追加した回送道路を含めても、公開4社の出発道路ノードから往復可能な経路を確認できない市内区間。"},"geometry":{"type":"LineString","coordinates":[[141.405982,42.964396],[141.407162,42.96394]]}},{"type":"Feature","properties":{"task_id":"224456180:14:2332785174:2332785162","reason":"追加した回送道路を含めても、公開4社の出発道路ノードから往復可能な経路を確認できない市内区間。"},"geometry":{"type":"LineString","coordinates":[[141.407162,42.96394],[141.407361,42.963867]]}},{"type":"Feature","properties":{"task_id":"224456180:15:2332785162:2332785151","reason":"追加した回送道路を含めても、公開4社の出発道路ノードから往復可能な経路を確認できない市内区間。"},"geometry":{"type":"LineString","coordinates":[[141.407361,42.963867],[141.407675,42.963771]]}},{"type":"Feature","properties":{"task_id":"224456180:16:2332785151:2332785148","reason":"追加した回送道路を含めても、公開4社の出発道路ノードから往復可能な経路を確認できない市内区間。"},"geometry":{"type":"LineString","coordinates":[[141.407675,42.963771],[141.407774,42.96376]]}},{"type":"Feature","properties":{"task_id":"224456180:17:2332785148:2332785157","reason":"追加した回送道路を含めても、公開4社の出発道路ノードから往復可能な経路を確認できない市内区間。"},"geometry":{"type":"LineString","coordinates":[[141.407774,42.96376],[141.407897,42.963833]]}},{"type":"Feature","properties":{"task_id":"224456180:18:2332785157:2332785176","reason":"追加した回送道路を含めても、公開4社の出発道路ノードから往復可能な経路を確認できない市内区間。"},"geometry":{"type":"LineString","coordinates":[[141.407897,42.963833],[141.408012,42.963946]]}},{"type":"Feature","properties":{"task_id":"224456323:0:2332785176:2332785149","reason":"追加した回送道路を含めても、公開4社の出発道路ノードから往復可能な経路を確認できない市内区間。"},"geometry":{"type":"LineString","coordinates":[[141.408012,42.963946],[141.40805,42.96376]]}},{"type":"Feature","properties":{"task_id":"224456323:1:2332785149:2332785131","reason":"追加した回送道路を含めても、公開4社の出発道路ノードから往復可能な経路を確認できない市内区間。"},"geometry":{"type":"LineString","coordinates":[[141.40805,42.96376],[141.408042,42.963529]]}},{"type":"Feature","properties":{"task_id":"224456323:2:2332785131:2332785124","reason":"追加した回送道路を含めても、公開4社の出発道路ノードから往復可能な経路を確認できない市内区間。"},"geometry":{"type":"LineString","coordinates":[[141.408042,42.963529],[141.407974,42.963389]]}},{"type":"Feature","properties":{"task_id":"224456195:21:2332785124:2332785112","reason":"追加した回送道路を含めても、公開4社の出発道路ノードから往復可能な経路を確認できない市内区間。"},"geometry":{"type":"LineString","coordinates":[[141.407974,42.963389],[141.407859,42.963231]]}},{"type":"Feature","properties":{"task_id":"224456195:20:2332785112:2332785084","reason":"追加した回送道路を含めても、公開4社の出発道路ノードから往復可能な経路を確認できない市内区間。"},"geometry":{"type":"LineString","coordinates":[[141.407859,42.963231],[141.40779,42.963096]]}},{"type":"Feature","properties":{"task_id":"224456195:19:2332785084:2332785058","reason":"追加した回送道路を含めても、公開4社の出発道路ノードから往復可能な経路を確認できない市内区間。"},"geometry":{"type":"LineString","coordinates":[[141.40779,42.963096],[141.407782,42.962961]]}},{"type":"Feature","properties":{"task_id":"224456195:18:2332785058:2332785050","reason":"追加した回送道路を含めても、公開4社の出発道路ノードから往復可能な経路を確認できない市内区間。"},"geometry":{"type":"LineString","coordinates":[[141.407782,42.962961],[141.407821,42.962826]]}},{"type":"Feature","properties":{"task_id":"224456195:17:2332785050:2332785034","reason":"追加した回送道路を含めても、公開4社の出発道路ノードから往復可能な経路を確認できない市内区間。"},"geometry":{"type":"LineString","coordinates":[[141.407821,42.962826],[141.407812,42.962584]]}},{"type":"Feature","properties":{"task_id":"224456195:16:2332785034:2332785021","reason":"追加した回送道路を含めても、公開4社の出発道路ノードから往復可能な経路を確認できない市内区間。"},"geometry":{"type":"LineString","coordinates":[[141.407812,42.962584],[141.407782,42.962404]]}},{"type":"Feature","properties":{"task_id":"224456195:15:2332785021:2332785012","reason":"追加した回送道路を含めても、公開4社の出発道路ノードから往復可能な経路を確認できない市内区間。"},"geometry":{"type":"LineString","coordinates":[[141.407782,42.962404],[141.407729,42.96232]]}},{"type":"Feature","properties":{"task_id":"224456195:14:2332785012:2332784996","reason":"追加した回送道路を含めても、公開4社の出発道路ノードから往復可能な経路を確認できない市内区間。"},"geometry":{"type":"LineString","coordinates":[[141.407729,42.96232],[141.407622,42.962224]]}},{"type":"Feature","properties":{"task_id":"224456195:13:2332784996:2332784963","reason":"追加した回送道路を含めても、公開4社の出発道路ノードから往復可能な経路を確認できない市内区間。"},"geometry":{"type":"LineString","coordinates":[[141.407622,42.962224],[141.407407,42.962083]]}},{"type":"Feature","properties":{"task_id":"224456195:12:2332784963:2332784960","reason":"追加した回送道路を含めても、公開4社の出発道路ノードから往復可能な経路を確認できない市内区間。"},"geometry":{"type":"LineString","coordinates":[[141.407407,42.962083],[141.407346,42.96201]]}},{"type":"Feature","properties":{"task_id":"224456195:11:2332784960:2332784954","reason":"追加した回送道路を含めても、公開4社の出発道路ノードから往復可能な経路を確認できない市内区間。"},"geometry":{"type":"LineString","coordinates":[[141.407346,42.96201],[141.407337,42.961931]]}},{"type":"Feature","properties":{"task_id":"224456195:10:2332784954:2332784955","reason":"追加した回送道路を含めても、公開4社の出発道路ノードから往復可能な経路を確認できない市内区間。"},"geometry":{"type":"LineString","coordinates":[[141.407337,42.961931],[141.407354,42.961931]]}},{"type":"Feature","properties":{"task_id":"224456195:9:2332784955:2332784952","reason":"追加した回送道路を含めても、公開4社の出発道路ノードから往復可能な経路を確認できない市内区間。"},"geometry":{"type":"LineString","coordinates":[[141.407354,42.961931],[141.40743,42.961892]]}},{"type":"Feature","properties":{"task_id":"224456195:8:2332784952:2332784948","reason":"追加した回送道路を含めても、公開4社の出発道路ノードから往復可能な経路を確認できない市内区間。"},"geometry":{"type":"LineString","coordinates":[[141.40743,42.961892],[141.407697,42.961847]]}},{"type":"Feature","properties":{"task_id":"224456195:7:2332784948:2332784945","reason":"追加した回送道路を含めても、公開4社の出発道路ノードから往復可能な経路を確認できない市内区間。"},"geometry":{"type":"LineString","coordinates":[[141.407697,42.961847],[141.407759,42.961819]]}},{"type":"Feature","properties":{"task_id":"224456195:6:2332784945:2332784937","reason":"追加した回送道路を含めても、公開4社の出発道路ノードから往復可能な経路を確認できない市内区間。"},"geometry":{"type":"LineString","coordinates":[[141.407759,42.961819],[141.407827,42.961757]]}},{"type":"Feature","properties":{"task_id":"224456195:5:2332784937:2332784924","reason":"追加した回送道路を含めても、公開4社の出発道路ノードから往復可能な経路を確認できない市内区間。"},"geometry":{"type":"LineString","coordinates":[[141.407827,42.961757],[141.407827,42.961622]]}},{"type":"Feature","properties":{"task_id":"224456195:4:2332784924:2332784918","reason":"追加した回送道路を含めても、公開4社の出発道路ノードから往復可能な経路を確認できない市内区間。"},"geometry":{"type":"LineString","coordinates":[[141.407827,42.961622],[141.407759,42.961515]]}},{"type":"Feature","properties":{"task_id":"224456195:3:2332784918:2332784912","reason":"追加した回送道路を含めても、公開4社の出発道路ノードから往復可能な経路を確認できない市内区間。"},"geometry":{"type":"LineString","coordinates":[[141.407759,42.961515],[141.407629,42.961396]]}},{"type":"Feature","properties":{"task_id":"224456195:2:2332784912:2332784910","reason":"追加した回送道路を含めても、公開4社の出発道路ノードから往復可能な経路を確認できない市内区間。"},"geometry":{"type":"LineString","coordinates":[[141.407629,42.961396],[141.40756,42.961374]]}},{"type":"Feature","properties":{"task_id":"224456195:1:2332784910:2332784904","reason":"追加した回送道路を含めても、公開4社の出発道路ノードから往復可能な経路を確認できない市内区間。"},"geometry":{"type":"LineString","coordinates":[[141.40756,42.961374],[141.407337,42.961267]]}},{"type":"Feature","properties":{"task_id":"224456195:0:2332784904:2332784898","reason":"追加した回送道路を含めても、公開4社の出発道路ノードから往復可能な経路を確認できない市内区間。"},"geometry":{"type":"LineString","coordinates":[[141.407337,42.961267],[141.407161,42.961149]]}},{"type":"Feature","properties":{"task_id":"224456195:0:2332784898:2332784904","reason":"追加した回送道路を含めても、公開4社の出発道路ノードから往復可能な経路を確認できない市内区間。"},"geometry":{"type":"LineString","coordinates":[[141.407161,42.961149],[141.407337,42.961267]]}},{"type":"Feature","properties":{"task_id":"224456195:1:2332784904:2332784910","reason":"追加した回送道路を含めても、公開4社の出発道路ノードから往復可能な経路を確認できない市内区間。"},"geometry":{"type":"LineString","coordinates":[[141.407337,42.961267],[141.40756,42.961374]]}},{"type":"Feature","properties":{"task_id":"224456195:2:2332784910:2332784912","reason":"追加した回送道路を含めても、公開4社の出発道路ノードから往復可能な経路を確認できない市内区間。"},"geometry":{"type":"LineString","coordinates":[[141.40756,42.961374],[141.407629,42.961396]]}},{"type":"Feature","properties":{"task_id":"224456195:3:2332784912:2332784918","reason":"追加した回送道路を含めても、公開4社の出発道路ノードから往復可能な経路を確認できない市内区間。"},"geometry":{"type":"LineString","coordinates":[[141.407629,42.961396],[141.407759,42.961515]]}},{"type":"Feature","properties":{"task_id":"224456195:4:2332784918:2332784924","reason":"追加した回送道路を含めても、公開4社の出発道路ノードから往復可能な経路を確認できない市内区間。"},"geometry":{"type":"LineString","coordinates":[[141.407759,42.961515],[141.407827,42.961622]]}},{"type":"Feature","properties":{"task_id":"224456195:5:2332784924:2332784937","reason":"追加した回送道路を含めても、公開4社の出発道路ノードから往復可能な経路を確認できない市内区間。"},"geometry":{"type":"LineString","coordinates":[[141.407827,42.961622],[141.407827,42.961757]]}},{"type":"Feature","properties":{"task_id":"224456195:6:2332784937:2332784945","reason":"追加した回送道路を含めても、公開4社の出発道路ノードから往復可能な経路を確認できない市内区間。"},"geometry":{"type":"LineString","coordinates":[[141.407827,42.961757],[141.407759,42.961819]]}},{"type":"Feature","properties":{"task_id":"224456195:7:2332784945:2332784948","reason":"追加した回送道路を含めても、公開4社の出発道路ノードから往復可能な経路を確認できない市内区間。"},"geometry":{"type":"LineString","coordinates":[[141.407759,42.961819],[141.407697,42.961847]]}},{"type":"Feature","properties":{"task_id":"224456195:8:2332784948:2332784952","reason":"追加した回送道路を含めても、公開4社の出発道路ノードから往復可能な経路を確認できない市内区間。"},"geometry":{"type":"LineString","coordinates":[[141.407697,42.961847],[141.40743,42.961892]]}},{"type":"Feature","properties":{"task_id":"224456195:9:2332784952:2332784955","reason":"追加した回送道路を含めても、公開4社の出発道路ノードから往復可能な経路を確認できない市内区間。"},"geometry":{"type":"LineString","coordinates":[[141.40743,42.961892],[141.407354,42.961931]]}},{"type":"Feature","properties":{"task_id":"224456195:10:2332784955:2332784954","reason":"追加した回送道路を含めても、公開4社の出発道路ノードから往復可能な経路を確認できない市内区間。"},"geometry":{"type":"LineString","coordinates":[[141.407354,42.961931],[141.407337,42.961931]]}},{"type":"Feature","properties":{"task_id":"224456195:11:2332784954:2332784960","reason":"追加した回送道路を含めても、公開4社の出発道路ノードから往復可能な経路を確認できない市内区間。"},"geometry":{"type":"LineString","coordinates":[[141.407337,42.961931],[141.407346,42.96201]]}},{"type":"Feature","properties":{"task_id":"224456195:12:2332784960:2332784963","reason":"追加した回送道路を含めても、公開4社の出発道路ノードから往復可能な経路を確認できない市内区間。"},"geometry":{"type":"LineString","coordinates":[[141.407346,42.96201],[141.407407,42.962083]]}},{"type":"Feature","properties":{"task_id":"224456195:13:2332784963:2332784996","reason":"追加した回送道路を含めても、公開4社の出発道路ノードから往復可能な経路を確認できない市内区間。"},"geometry":{"type":"LineString","coordinates":[[141.407407,42.962083],[141.407622,42.962224]]}},{"type":"Feature","properties":{"task_id":"224456195:14:2332784996:2332785012","reason":"追加した回送道路を含めても、公開4社の出発道路ノードから往復可能な経路を確認できない市内区間。"},"geometry":{"type":"LineString","coordinates":[[141.407622,42.962224],[141.407729,42.96232]]}},{"type":"Feature","properties":{"task_id":"224456195:15:2332785012:2332785021","reason":"追加した回送道路を含めても、公開4社の出発道路ノードから往復可能な経路を確認できない市内区間。"},"geometry":{"type":"LineString","coordinates":[[141.407729,42.96232],[141.407782,42.962404]]}},{"type":"Feature","properties":{"task_id":"224456195:16:2332785021:2332785034","reason":"追加した回送道路を含めても、公開4社の出発道路ノードから往復可能な経路を確認できない市内区間。"},"geometry":{"type":"LineString","coordinates":[[141.407782,42.962404],[141.407812,42.962584]]}},{"type":"Feature","properties":{"task_id":"224456195:17:2332785034:2332785050","reason":"追加した回送道路を含めても、公開4社の出発道路ノードから往復可能な経路を確認できない市内区間。"},"geometry":{"type":"LineString","coordinates":[[141.407812,42.962584],[141.407821,42.962826]]}},{"type":"Feature","properties":{"task_id":"224456195:18:2332785050:2332785058","reason":"追加した回送道路を含めても、公開4社の出発道路ノードから往復可能な経路を確認できない市内区間。"},"geometry":{"type":"LineString","coordinates":[[141.407821,42.962826],[141.407782,42.962961]]}},{"type":"Feature","properties":{"task_id":"224456195:19:2332785058:2332785084","reason":"追加した回送道路を含めても、公開4社の出発道路ノードから往復可能な経路を確認できない市内区間。"},"geometry":{"type":"LineString","coordinates":[[141.407782,42.962961],[141.40779,42.963096]]}},{"type":"Feature","properties":{"task_id":"224456195:20:2332785084:2332785112","reason":"追加した回送道路を含めても、公開4社の出発道路ノードから往復可能な経路を確認できない市内区間。"},"geometry":{"type":"LineString","coordinates":[[141.40779,42.963096],[141.407859,42.963231]]}},{"type":"Feature","properties":{"task_id":"224456195:21:2332785112:2332785124","reason":"追加した回送道路を含めても、公開4社の出発道路ノードから往復可能な経路を確認できない市内区間。"},"geometry":{"type":"LineString","coordinates":[[141.407859,42.963231],[141.407974,42.963389]]}},{"type":"Feature","properties":{"task_id":"224456323:2:2332785124:2332785131","reason":"追加した回送道路を含めても、公開4社の出発道路ノードから往復可能な経路を確認できない市内区間。"},"geometry":{"type":"LineString","coordinates":[[141.407974,42.963389],[141.408042,42.963529]]}},{"type":"Feature","properties":{"task_id":"224456323:1:2332785131:2332785149","reason":"追加した回送道路を含めても、公開4社の出発道路ノードから往復可能な経路を確認できない市内区間。"},"geometry":{"type":"LineString","coordinates":[[141.408042,42.963529],[141.40805,42.96376]]}},{"type":"Feature","properties":{"task_id":"224456323:0:2332785149:2332785176","reason":"追加した回送道路を含めても、公開4社の出発道路ノードから往復可能な経路を確認できない市内区間。"},"geometry":{"type":"LineString","coordinates":[[141.40805,42.96376],[141.408012,42.963946]]}},{"type":"Feature","properties":{"task_id":"224456026:12:2332785176:2332785196","reason":"追加した回送道路を含めても、公開4社の出発道路ノードから往復可能な経路を確認できない市内区間。"},"geometry":{"type":"LineString","coordinates":[[141.408012,42.963946],[141.408157,42.964183]]}},{"type":"Feature","properties":{"task_id":"224456026:11:2332785196:2332785209","reason":"追加した回送道路を含めても、公開4社の出発道路ノードから往復可能な経路を確認できない市内区間。"},"geometry":{"type":"LineString","coordinates":[[141.408157,42.964183],[141.408265,42.964318]]}},{"type":"Feature","properties":{"task_id":"224456026:10:2332785209:2332785222","reason":"追加した回送道路を含めても、公開4社の出発道路ノードから往復可能な経路を確認できない市内区間。"},"geometry":{"type":"LineString","coordinates":[[141.408265,42.964318],[141.408403,42.964424]]}},{"type":"Feature","properties":{"task_id":"224456026:9:2332785222:2332785229","reason":"追加した回送道路を含めても、公開4社の出発道路ノードから往復可能な経路を確認できない市内区間。"},"geometry":{"type":"LineString","coordinates":[[141.408403,42.964424],[141.408541,42.964498]]}},{"type":"Feature","properties":{"task_id":"224456026:8:2332785229:2332785240","reason":"追加した回送道路を含めても、公開4社の出発道路ノードから往復可能な経路を確認できない市内区間。"},"geometry":{"type":"LineString","coordinates":[[141.408541,42.964498],[141.408739,42.964565]]}},{"type":"Feature","properties":{"task_id":"224456026:7:2332785240:2332785244","reason":"追加した回送道路を含めても、公開4社の出発道路ノードから往復可能な経路を確認できない市内区間。"},"geometry":{"type":"LineString","coordinates":[[141.408739,42.964565],[141.409299,42.964644]]}},{"type":"Feature","properties":{"task_id":"224456026:6:2332785244:2332785251","reason":"追加した回送道路を含めても、公開4社の出発道路ノードから往復可能な経路を確認できない市内区間。"},"geometry":{"type":"LineString","coordinates":[[141.409299,42.964644],[141.409681,42.964745]]}},{"type":"Feature","properties":{"task_id":"224456026:5:2332785251:2332785268","reason":"追加した回送道路を含めても、公開4社の出発道路ノードから往復可能な経路を確認できない市内区間。"},"geometry":{"type":"LineString","coordinates":[[141.409681,42.964745],[141.411259,42.965252]]}},{"type":"Feature","properties":{"task_id":"224456026:4:2332785268:2332785272","reason":"追加した回送道路を含めても、公開4社の出発道路ノードから往復可能な経路を確認できない市内区間。"},"geometry":{"type":"LineString","coordinates":[[141.411259,42.965252],[141.411343,42.965308]]}},{"type":"Feature","properties":{"task_id":"224456026:3:2332785272:2332785274","reason":"追加した回送道路を含めても、公開4社の出発道路ノードから往復可能な経路を確認できない市内区間。"},"geometry":{"type":"LineString","coordinates":[[141.411343,42.965308],[141.411366,42.965336]]}},{"type":"Feature","properties":{"task_id":"224456026:2:2332785274:2332785283","reason":"追加した回送道路を含めても、公開4社の出発道路ノードから往復可能な経路を確認できない市内区間。"},"geometry":{"type":"LineString","coordinates":[[141.411366,42.965336],[141.411473,42.965505]]}},{"type":"Feature","properties":{"task_id":"224456026:1:2332785283:2332785317","reason":"追加した回送道路を含めても、公開4社の出発道路ノードから往復可能な経路を確認できない市内区間。"},"geometry":{"type":"LineString","coordinates":[[141.411473,42.965505],[141.411604,42.965792]]}},{"type":"Feature","properties":{"task_id":"224456026:0:2332785317:2332785345","reason":"追加した回送道路を含めても、公開4社の出発道路ノードから往復可能な経路を確認できない市内区間。"},"geometry":{"type":"LineString","coordinates":[[141.411604,42.965792],[141.411673,42.966107]]}},{"type":"Feature","properties":{"task_id":"224456189:0:2332785345:2332785359","reason":"追加した回送道路を含めても、公開4社の出発道路ノードから往復可能な経路を確認できない市内区間。"},"geometry":{"type":"LineString","coordinates":[[141.411673,42.966107],[141.411596,42.966237]]}},{"type":"Feature","properties":{"task_id":"224456189:1:2332785359:2332785376","reason":"追加した回送道路を含めても、公開4社の出発道路ノードから往復可能な経路を確認できない市内区間。"},"geometry":{"type":"LineString","coordinates":[[141.411596,42.966237],[141.411466,42.966394]]}},{"type":"Feature","properties":{"task_id":"224456189:2:2332785376:2332785386","reason":"追加した回送道路を含めても、公開4社の出発道路ノードから往復可能な経路を確認できない市内区間。"},"geometry":{"type":"LineString","coordinates":[[141.411466,42.966394],[141.41142,42.966518]]}},{"type":"Feature","properties":{"task_id":"224456189:3:2332785386:2332785405","reason":"追加した回送道路を含めても、公開4社の出発道路ノードから往復可能な経路を確認できない市内区間。"},"geometry":{"type":"LineString","coordinates":[[141.41142,42.966518],[141.411427,42.966708]]}},{"type":"Feature","properties":{"task_id":"224456189:4:2332785405:2332785415","reason":"追加した回送道路を含めても、公開4社の出発道路ノードから往復可能な経路を確認できない市内区間。"},"geometry":{"type":"LineString","coordinates":[[141.411427,42.966708],[141.411458,42.966821]]}},{"type":"Feature","properties":{"task_id":"224456189:5:2332785415:2332785423","reason":"追加した回送道路を含めても、公開4社の出発道路ノードから往復可能な経路を確認できない市内区間。"},"geometry":{"type":"LineString","coordinates":[[141.411458,42.966821],[141.411466,42.966928]]}},{"type":"Feature","properties":{"task_id":"224456189:6:2332785423:2332785430","reason":"追加した回送道路を含めても、公開4社の出発道路ノードから往復可能な経路を確認できない市内区間。"},"geometry":{"type":"LineString","coordinates":[[141.411466,42.966928],[141.41142,42.96708]]}},{"type":"Feature","properties":{"task_id":"224456189:7:2332785430:2332785444","reason":"追加した回送道路を含めても、公開4社の出発道路ノードから往復可能な経路を確認できない市内区間。"},"geometry":{"type":"LineString","coordinates":[[141.41142,42.96708],[141.411427,42.967316]]}},{"type":"Feature","properties":{"task_id":"224456189:8:2332785444:2332785457","reason":"追加した回送道路を含めても、公開4社の出発道路ノードから往復可能な経路を確認できない市内区間。"},"geometry":{"type":"LineString","coordinates":[[141.411427,42.967316],[141.41145,42.96743]]}},{"type":"Feature","properties":{"task_id":"224456189:9:2332785457:2332785476","reason":"追加した回送道路を含めても、公開4社の出発道路ノードから往復可能な経路を確認できない市内区間。"},"geometry":{"type":"LineString","coordinates":[[141.41145,42.96743],[141.41145,42.967615]]}},{"type":"Feature","properties":{"task_id":"224456189:10:2332785476:2332785486","reason":"追加した回送道路を含めても、公開4社の出発道路ノードから往復可能な経路を確認できない市内区間。"},"geometry":{"type":"LineString","coordinates":[[141.41145,42.967615],[141.411404,42.967733]]}},{"type":"Feature","properties":{"task_id":"224456189:11:2332785486:2332785495","reason":"追加した回送道路を含めても、公開4社の出発道路ノードから往復可能な経路を確認できない市内区間。"},"geometry":{"type":"LineString","coordinates":[[141.411404,42.967733],[141.41132,42.96784]]}},{"type":"Feature","properties":{"task_id":"224456189:12:2332785495:2332785505","reason":"追加した回送道路を含めても、公開4社の出発道路ノードから往復可能な経路を確認できない市内区間。"},"geometry":{"type":"LineString","coordinates":[[141.41132,42.96784],[141.411167,42.967975]]}},{"type":"Feature","properties":{"task_id":"224456189:13:2332785505:2332785529","reason":"追加した回送道路を含めても、公開4社の出発道路ノードから往復可能な経路を確認できない市内区間。"},"geometry":{"type":"LineString","coordinates":[[141.411167,42.967975],[141.410684,42.96834]]}},{"type":"Feature","properties":{"task_id":"224456189:14:2332785529:2332785545","reason":"追加した回送道路を含めても、公開4社の出発道路ノードから往復可能な経路を確認できない市内区間。"},"geometry":{"type":"LineString","coordinates":[[141.410684,42.96834],[141.410585,42.96851]]}},{"type":"Feature","properties":{"task_id":"224456189:15:2332785545:2332785554","reason":"追加した回送道路を含めても、公開4社の出発道路ノードから往復可能な経路を確認できない市内区間。"},"geometry":{"type":"LineString","coordinates":[[141.410585,42.96851],[141.410562,42.968571]]}},{"type":"Feature","properties":{"task_id":"224456189:16:2332785554:2332785571","reason":"追加した回送道路を含めても、公開4社の出発道路ノードから往復可能な経路を確認できない市内区間。"},"geometry":{"type":"LineString","coordinates":[[141.410562,42.968571],[141.410562,42.968938]]}},{"type":"Feature","properties":{"task_id":"224456189:17:2332785571:2332785588","reason":"追加した回送道路を含めても、公開4社の出発道路ノードから往復可能な経路を確認できない市内区間。"},"geometry":{"type":"LineString","coordinates":[[141.410562,42.968938],[141.4105,42.969096]]}},{"type":"Feature","properties":{"task_id":"224456189:18:2332785588:2332785612","reason":"追加した回送道路を含めても、公開4社の出発道路ノードから往復可能な経路を確認できない市内区間。"},"geometry":{"type":"LineString","coordinates":[[141.4105,42.969096],[141.41024,42.969422]]}},{"type":"Feature","properties":{"task_id":"224456189:19:2332785612:2332785630","reason":"追加した回送道路を含めても、公開4社の出発道路ノードから往復可能な経路を確認できない市内区間。"},"geometry":{"type":"LineString","coordinates":[[141.41024,42.969422],[141.410118,42.969546]]}},{"type":"Feature","properties":{"task_id":"224456189:20:2332785630:2332785633","reason":"追加した回送道路を含めても、公開4社の出発道路ノードから往復可能な経路を確認できない市内区間。"},"geometry":{"type":"LineString","coordinates":[[141.410118,42.969546],[141.410102,42.969557]]}},{"type":"Feature","properties":{"task_id":"224456523:60:2332785633:2332785636","reason":"追加した回送道路を含めても、公開4社の出発道路ノードから往復可能な経路を確認できない市内区間。"},"geometry":{"type":"LineString","coordinates":[[141.410102,42.969557],[141.410079,42.969574]]}},{"type":"Feature","properties":{"task_id":"224456523:59:2332785636:2332785635","reason":"追加した回送道路を含めても、公開4社の出発道路ノードから往復可能な経路を確認できない市内区間。"},"geometry":{"type":"LineString","coordinates":[[141.410079,42.969574],[141.409995,42.969574]]}},{"type":"Feature","properties":{"task_id":"224456523:58:2332785635:2332785641","reason":"追加した回送道路を含めても、公開4社の出発道路ノードから往復可能な経路を確認できない市内区間。"},"geometry":{"type":"LineString","coordinates":[[141.409995,42.969574],[141.409895,42.969636]]}},{"type":"Feature","properties":{"task_id":"224456523:57:2332785641:2332785653","reason":"追加した回送道路を含めても、公開4社の出発道路ノードから往復可能な経路を確認できない市内区間。"},"geometry":{"type":"LineString","coordinates":[[141.409895,42.969636],[141.409788,42.969743]]}},{"type":"Feature","properties":{"task_id":"224456523:56:2332785653:2332785676","reason":"追加した回送道路を含めても、公開4社の出発道路ノードから往復可能な経路を確認できない市内区間。"},"geometry":{"type":"LineString","coordinates":[[141.409788,42.969743],[141.40965,42.969923]]}},{"type":"Feature","properties":{"task_id":"224456523:55:2332785676:2332785694","reason":"追加した回送道路を含めても、公開4社の出発道路ノードから往復可能な経路を確認できない市内区間。"},"geometry":{"type":"LineString","coordinates":[[141.40965,42.969923],[141.409558,42.970081]]}},{"type":"Feature","properties":{"task_id":"224456523:54:2332785694:2332785764","reason":"追加した回送道路を含めても、公開4社の出発道路ノードから往復可能な経路を確認できない市内区間。"},"geometry":{"type":"LineString","coordinates":[[141.409558,42.970081],[141.409237,42.97079]]}},{"type":"Feature","properties":{"task_id":"224456523:53:2332785764:2332785769","reason":"追加した回送道路を含めても、公開4社の出発道路ノードから往復可能な経路を確認できない市内区間。"},"geometry":{"type":"LineString","coordinates":[[141.409237,42.97079],[141.409137,42.970953]]}},{"type":"Feature","properties":{"task_id":"224456523:52:2332785769:2332785787","reason":"追加した回送道路を含めても、公開4社の出発道路ノードから往復可能な経路を確認できない市内区間。"},"geometry":{"type":"LineString","coordinates":[[141.409137,42.970953],[141.409015,42.971077]]}},{"type":"Feature","properties":{"task_id":"224456523:51:2332785787:2332785793","reason":"追加した回送道路を含めても、公開4社の出発道路ノードから往復可能な経路を確認できない市内区間。"},"geometry":{"type":"LineString","coordinates":[[141.409015,42.971077],[141.408908,42.971133]]}},{"type":"Feature","properties":{"task_id":"224456523:50:2332785793:2332785792","reason":"追加した回送道路を含めても、公開4社の出発道路ノードから往復可能な経路を確認できない市内区間。"},"geometry":{"type":"LineString","coordinates":[[141.408908,42.971133],[141.4088,42.971133]]}},{"type":"Feature","properties":{"task_id":"224456523:49:2332785792:2332785790","reason":"追加した回送道路を含めても、公開4社の出発道路ノードから往復可能な経路を確認できない市内区間。"},"geometry":{"type":"LineString","coordinates":[[141.4088,42.971133],[141.408708,42.971116]]}},{"type":"Feature","properties":{"task_id":"224456523:48:2332785790:2332785782","reason":"追加した回送道路を含めても、公開4社の出発道路ノードから往復可能な経路を確認できない市内区間。"},"geometry":{"type":"LineString","coordinates":[[141.408708,42.971116],[141.408486,42.971038]]}},{"type":"Feature","properties":{"task_id":"224456523:47:2332785782:2332785779","reason":"追加した回送道路を含めても、公開4社の出発道路ノードから往復可能な経路を確認できない市内区間。"},"geometry":{"type":"LineString","coordinates":[[141.408486,42.971038],[141.40841,42.971026]]}},{"type":"Feature","properties":{"task_id":"224456523:46:2332785779:2332785777","reason":"追加した回送道路を含めても、公開4社の出発道路ノードから往復可能な経路を確認できない市内区間。"},"geometry":{"type":"LineString","coordinates":[[141.40841,42.971026],[141.408096,42.971009]]}},{"type":"Feature","properties":{"task_id":"224456523:45:2332785777:2332785772","reason":"追加した回送道路を含めても、公開4社の出発道路ノードから往復可能な経路を確認できない市内区間。"},"geometry":{"type":"LineString","coordinates":[[141.408096,42.971009],[141.407981,42.970964]]}},{"type":"Feature","properties":{"task_id":"224456523:44:2332785772:2332785771","reason":"追加した回送道路を含めても、公開4社の出発道路ノードから往復可能な経路を確認できない市内区間。"},"geometry":{"type":"LineString","coordinates":[[141.407981,42.970964],[141.407973,42.970964]]}},{"type":"Feature","properties":{"task_id":"224456523:43:2332785771:2332785767","reason":"追加した回送道路を含めても、公開4社の出発道路ノードから往復可能な経路を確認できない市内区間。"},"geometry":{"type":"LineString","coordinates":[[141.407973,42.970964],[141.407928,42.970914]]}},{"type":"Feature","properties":{"task_id":"224456523:42:2332785767:2332785748","reason":"追加した回送道路を含めても、公開4社の出発道路ノードから往復可能な経路を確認できない市内区間。"},"geometry":{"type":"LineString","coordinates":[[141.407928,42.970914],[141.407782,42.970615]]}},{"type":"Feature","properties":{"task_id":"224456523:41:2332785748:2332785735","reason":"追加した回送道路を含めても、公開4社の出発道路ノードから往復可能な経路を確認できない市内区間。"},"geometry":{"type":"LineString","coordinates":[[141.407782,42.970615],[141.407713,42.970519]]}},{"type":"Feature","properties":{"task_id":"224456523:40:2332785735:2332785728","reason":"追加した回送道路を含めても、公開4社の出発道路ノードから往復可能な経路を確認できない市内区間。"},"geometry":{"type":"LineString","coordinates":[[141.407713,42.970519],[141.407606,42.970458]]}},{"type":"Feature","properties":{"task_id":"224456523:39:2332785728:2332785723","reason":"追加した回送道路を含めても、公開4社の出発道路ノードから往復可能な経路を確認できない市内区間。"},"geometry":{"type":"LineString","coordinates":[[141.407606,42.970458],[141.407384,42.970407]]}},{"type":"Feature","properties":{"task_id":"224456523:38:2332785723:2332785719","reason":"追加した回送道路を含めても、公開4社の出発道路ノードから往復可能な経路を確認できない市内区間。"},"geometry":{"type":"LineString","coordinates":[[141.407384,42.970407],[141.407177,42.970373]]}},{"type":"Feature","properties":{"task_id":"224456523:37:2332785719:2332785715","reason":"追加した回送道路を含めても、公開4社の出発道路ノードから往復可能な経路を確認できない市内区間。"},"geometry":{"type":"LineString","coordinates":[[141.407177,42.970373],[141.407062,42.970328]]}},{"type":"Feature","properties":{"task_id":"224456523:36:2332785715:2332785708","reason":"追加した回送道路を含めても、公開4社の出発道路ノードから往復可能な経路を確認できない市内区間。"},"geometry":{"type":"LineString","coordinates":[[141.407062,42.970328],[141.407001,42.970278]]}},{"type":"Feature","properties":{"task_id":"224456523:35:2332785708:2332785700","reason":"追加した回送道路を含めても、公開4社の出発道路ノードから往復可能な経路を確認できない市内区間。"},"geometry":{"type":"LineString","coordinates":[[141.407001,42.970278],[141.406963,42.970199]]}},{"type":"Feature","properties":{"task_id":"224456523:34:2332785700:2332785689","reason":"追加した回送道路を含めても、公開4社の出発道路ノードから往復可能な経路を確認できない市内区間。"},"geometry":{"type":"LineString","coordinates":[[141.406963,42.970199],[141.406924,42.970058]]}},{"type":"Feature","properties":{"task_id":"224456523:33:2332785689:2332785660","reason":"追加した回送道路を含めても、公開4社の出発道路ノードから往復可能な経路を確認できない市内区間。"},"geometry":{"type":"LineString","coordinates":[[141.406924,42.970058],[141.40684,42.969805]]}},{"type":"Feature","properties":{"task_id":"224456523:32:2332785660:2332785651","reason":"追加した回送道路を含めても、公開4社の出発道路ノードから往復可能な経路を確認できない市内区間。"},"geometry":{"type":"LineString","coordinates":[[141.40684,42.969805],[141.406786,42.969709]]}},{"type":"Feature","properties":{"task_id":"224456523:31:2332785651:2332785663","reason":"追加した回送道路を含めても、公開4社の出発道路ノードから往復可能な経路を確認できない市内区間。"},"geometry":{"type":"LineString","coordinates":[[141.406786,42.969709],[141.406572,42.969833]]}},{"type":"Feature","properties":{"task_id":"224456523:30:2332785663:2332785662","reason":"追加した回送道路を含めても、公開4社の出発道路ノードから往復可能な経路を確認できない市内区間。"},"geometry":{"type":"LineString","coordinates":[[141.406572,42.969833],[141.406503,42.969833]]}},{"type":"Feature","properties":{"task_id":"224456523:29:2332785662:2332785659","reason":"追加した回送道路を含めても、公開4社の出発道路ノードから往復可能な経路を確認できない市内区間。"},"geometry":{"type":"LineString","coordinates":[[141.406503,42.969833],[141.40635,42.969805]]}},{"type":"Feature","properties":{"task_id":"224456523:28:2332785659:2332785666","reason":"追加した回送道路を含めても、公開4社の出発道路ノードから往復可能な経路を確認できない市内区間。"},"geometry":{"type":"LineString","coordinates":[[141.40635,42.969805],[141.406212,42.96985]]}},{"type":"Feature","properties":{"task_id":"224456523:27:2332785666:2332785668","reason":"追加した回送道路を含めても、公開4社の出発道路ノードから往復可能な経路を確認できない市内区間。"},"geometry":{"type":"LineString","coordinates":[[141.406212,42.96985],[141.406089,42.969861]]}},{"type":"Feature","properties":{"task_id":"224456523:26:2332785668:2332785661","reason":"追加した回送道路を含めても、公開4社の出発道路ノードから往復可能な経路を確認できない市内区間。"},"geometry":{"type":"LineString","coordinates":[[141.406089,42.969861],[141.405982,42.969827]]}},{"type":"Feature","properties":{"task_id":"224456523:25:2332785661:2332785656","reason":"追加した回送道路を含めても、公開4社の出発道路ノードから往復可能な経路を確認できない市内区間。"},"geometry":{"type":"LineString","coordinates":[[141.405982,42.969827],[141.405906,42.969777]]}},{"type":"Feature","properties":{"task_id":"224456523:24:2332785656:2332785649","reason":"追加した回送道路を含めても、公開4社の出発道路ノードから往復可能な経路を確認できない市内区間。"},"geometry":{"type":"LineString","coordinates":[[141.405906,42.969777],[141.40586,42.969703]]}},{"type":"Feature","properties":{"task_id":"224456523:23:2332785649:2332785639","reason":"追加した回送道路を含めても、公開4社の出発道路ノードから往復可能な経路を確認できない市内区間。"},"geometry":{"type":"LineString","coordinates":[[141.40586,42.969703],[141.405844,42.969602]]}},{"type":"Feature","properties":{"task_id":"224456523:22:2332785639:2332785592","reason":"追加した回送道路を含めても、公開4社の出発道路ノードから往復可能な経路を確認できない市内区間。"},"geometry":{"type":"LineString","coordinates":[[141.405844,42.969602],[141.405829,42.969152]]}},{"type":"Feature","properties":{"task_id":"224456523:21:2332785592:2332785581","reason":"追加した回送道路を含めても、公開4社の出発道路ノードから往復可能な経路を確認できない市内区間。"},"geometry":{"type":"LineString","coordinates":[[141.405829,42.969152],[141.405791,42.969067]]}},{"type":"Feature","properties":{"task_id":"224456523:20:2332785581:2332785575","reason":"追加した回送道路を含めても、公開4社の出発道路ノードから往復可能な経路を確認できない市内区間。"},"geometry":{"type":"LineString","coordinates":[[141.405791,42.969067],[141.405707,42.968989]]}},{"type":"Feature","properties":{"task_id":"224456523:19:2332785575:2332785568","reason":"追加した回送道路を含めても、公開4社の出発道路ノードから往復可能な経路を確認できない市内区間。"},"geometry":{"type":"LineString","coordinates":[[141.405707,42.968989],[141.405493,42.96887]]}},{"type":"Feature","properties":{"task_id":"224456523:18:2332785568:2332785564","reason":"追加した回送道路を含めても、公開4社の出発道路ノードから往復可能な経路を確認できない市内区間。"},"geometry":{"type":"LineString","coordinates":[[141.405493,42.96887],[141.405171,42.96873]]}},{"type":"Feature","properties":{"task_id":"224456523:17:2332785564:2332785562","reason":"追加した回送道路を含めても、公開4社の出発道路ノードから往復可能な経路を確認できない市内区間。"},"geometry":{"type":"LineString","coordinates":[[141.405171,42.96873],[141.405117,42.968691]]}},{"type":"Feature","properties":{"task_id":"224456523:16:2332785562:2332785544","reason":"追加した回送道路を含めても、公開4社の出発道路ノードから往復可能な経路を確認できない市内区間。"},"geometry":{"type":"LineString","coordinates":[[141.405117,42.968691],[141.404742,42.96851]]}},{"type":"Feature","properties":{"task_id":"224456523:15:2332785544:2332785543","reason":"追加した回送道路を含めても、公開4社の出発道路ノードから往復可能な経路を確認できない市内区間。"},"geometry":{"type":"LineString","coordinates":[[141.404742,42.96851],[141.404635,42.968488]]}},{"type":"Feature","properties":{"task_id":"224456523:14:2332785543:2332785542","reason":"追加した回送道路を含めても、公開4社の出発道路ノードから往復可能な経路を確認できない市内区間。"},"geometry":{"type":"LineString","coordinates":[[141.404635,42.968488],[141.404497,42.968488]]}},{"type":"Feature","properties":{"task_id":"224456523:13:2332785542:2332785540","reason":"追加した回送道路を含めても、公開4社の出発道路ノードから往復可能な経路を確認できない市内区間。"},"geometry":{"type":"LineString","coordinates":[[141.404497,42.968488],[141.404198,42.968465]]}},{"type":"Feature","properties":{"task_id":"224456523:12:2332785540:2332785536","reason":"追加した回送道路を含めても、公開4社の出発道路ノードから往復可能な経路を確認できない市内区間。"},"geometry":{"type":"LineString","coordinates":[[141.404198,42.968465],[141.404076,42.968437]]}},{"type":"Feature","properties":{"task_id":"224456523:11:2332785536:2332785532","reason":"追加した回送道路を含めても、公開4社の出発道路ノードから往復可能な経路を確認できない市内区間。"},"geometry":{"type":"LineString","coordinates":[[141.404076,42.968437],[141.403976,42.968358]]}},{"type":"Feature","properties":{"task_id":"224456523:10:2332785532:2332785522","reason":"追加した回送道路を含めても、公開4社の出発道路ノードから往復可能な経路を確認できない市内区間。"},"geometry":{"type":"LineString","coordinates":[[141.403976,42.968358],[141.403892,42.96824]]}},{"type":"Feature","properties":{"task_id":"224456523:9:2332785522:2332785509","reason":"追加した回送道路を含めても、公開4社の出発道路ノードから往復可能な経路を確認できない市内区間。"},"geometry":{"type":"LineString","coordinates":[[141.403892,42.96824],[141.403815,42.968071]]}},{"type":"Feature","properties":{"task_id":"224456523:8:2332785509:2332785506","reason":"追加した回送道路を含めても、公開4社の出発道路ノードから往復可能な経路を確認できない市内区間。"},"geometry":{"type":"LineString","coordinates":[[141.403815,42.968071],[141.403746,42.967981]]}},{"type":"Feature","properties":{"task_id":"224456523:7:2332785506:2332785502","reason":"追加した回送道路を含めても、公開4社の出発道路ノードから往復可能な経路を確認できない市内区間。"},"geometry":{"type":"LineString","coordinates":[[141.403746,42.967981],[141.403685,42.967931]]}},{"type":"Feature","properties":{"task_id":"224456523:6:2332785502:2332785497","reason":"追加した回送道路を含めても、公開4社の出発道路ノードから往復可能な経路を確認できない市内区間。"},"geometry":{"type":"LineString","coordinates":[[141.403685,42.967931],[141.403586,42.967874]]}},{"type":"Feature","properties":{"task_id":"224456523:5:2332785497:2332785492","reason":"追加した回送道路を含めても、公開4社の出発道路ノードから往復可能な経路を確認できない市内区間。"},"geometry":{"type":"LineString","coordinates":[[141.403586,42.967874],[141.403447,42.967813]]}},{"type":"Feature","properties":{"task_id":"224456523:4:2332785492:2332785485","reason":"追加した回送道路を含めても、公開4社の出発道路ノードから往復可能な経路を確認できない市内区間。"},"geometry":{"type":"LineString","coordinates":[[141.403447,42.967813],[141.403332,42.967728]]}},{"type":"Feature","properties":{"task_id":"224456523:3:2332785485:2332785477","reason":"追加した回送道路を含めても、公開4社の出発道路ノードから往復可能な経路を確認できない市内区間。"},"geometry":{"type":"LineString","coordinates":[[141.403332,42.967728],[141.403249,42.967621]]}},{"type":"Feature","properties":{"task_id":"224456523:2:2332785477:2332785468","reason":"追加した回送道路を含めても、公開4社の出発道路ノードから往復可能な経路を確認できない市内区間。"},"geometry":{"type":"LineString","coordinates":[[141.403249,42.967621],[141.403195,42.967514]]}},{"type":"Feature","properties":{"task_id":"224456523:1:2332785468:2332785450","reason":"追加した回送道路を含めても、公開4社の出発道路ノードから往復可能な経路を確認できない市内区間。"},"geometry":{"type":"LineString","coordinates":[[141.403195,42.967514],[141.403149,42.967361]]}},{"type":"Feature","properties":{"task_id":"224456523:0:2332785450:2332785441","reason":"追加した回送道路を含めても、公開4社の出発道路ノードから往復可能な経路を確認できない市内区間。"},"geometry":{"type":"LineString","coordinates":[[141.403149,42.967361],[141.403095,42.967283]]}},{"type":"Feature","properties":{"task_id":"224456055:16:2332785441:2332785426","reason":"追加した回送道路を含めても、公開4社の出発道路ノードから往復可能な経路を確認できない市内区間。"},"geometry":{"type":"LineString","coordinates":[[141.403095,42.967283],[141.403195,42.967013]]}},{"type":"Feature","properties":{"task_id":"224456055:15:2332785426:2332785404","reason":"追加した回送道路を含めても、公開4社の出発道路ノードから往復可能な経路を確認できない市内区間。"},"geometry":{"type":"LineString","coordinates":[[141.403195,42.967013],[141.403379,42.966708]]}},{"type":"Feature","properties":{"task_id":"224456055:14:2332785404:2332785381","reason":"追加した回送道路を含めても、公開4社の出発道路ノードから往復可能な経路を確認できない市内区間。"},"geometry":{"type":"LineString","coordinates":[[141.403379,42.966708],[141.403577,42.966445]]}},{"type":"Feature","properties":{"task_id":"224456055:13:2332785381:2332785366","reason":"追加した回送道路を含めても、公開4社の出発道路ノードから往復可能な経路を確認できない市内区間。"},"geometry":{"type":"LineString","coordinates":[[141.403577,42.966445],[141.403647,42.966286]]}},{"type":"Feature","properties":{"task_id":"224456055:13:2332785366:2332785381","reason":"追加した回送道路を含めても、公開4社の出発道路ノードから往復可能な経路を確認できない市内区間。"},"geometry":{"type":"LineString","coordinates":[[141.403647,42.966286],[141.403577,42.966445]]}},{"type":"Feature","properties":{"task_id":"224456055:14:2332785381:2332785404","reason":"追加した回送道路を含めても、公開4社の出発道路ノードから往復可能な経路を確認できない市内区間。"},"geometry":{"type":"LineString","coordinates":[[141.403577,42.966445],[141.403379,42.966708]]}},{"type":"Feature","properties":{"task_id":"224456055:15:2332785404:2332785426","reason":"追加した回送道路を含めても、公開4社の出発道路ノードから往復可能な経路を確認できない市内区間。"},"geometry":{"type":"LineString","coordinates":[[141.403379,42.966708],[141.403195,42.967013]]}},{"type":"Feature","properties":{"task_id":"224456055:16:2332785426:2332785441","reason":"追加した回送道路を含めても、公開4社の出発道路ノードから往復可能な経路を確認できない市内区間。"},"geometry":{"type":"LineString","coordinates":[[141.403195,42.967013],[141.403095,42.967283]]}},{"type":"Feature","properties":{"task_id":"224456417:0:2332785441:2332785453","reason":"追加した回送道路を含めても、公開4社の出発道路ノードから往復可能な経路を確認できない市内区間。"},"geometry":{"type":"LineString","coordinates":[[141.403095,42.967283],[141.402827,42.967379]]}},{"type":"Feature","properties":{"task_id":"224456417:1:2332785453:2332785459","reason":"追加した回送道路を含めても、公開4社の出発道路ノードから往復可能な経路を確認できない市内区間。"},"geometry":{"type":"LineString","coordinates":[[141.402827,42.967379],[141.402682,42.967452]]}},{"type":"Feature","properties":{"task_id":"224456417:2:2332785459:2332785465","reason":"追加した回送道路を含めても、公開4社の出発道路ノードから往復可能な経路を確認できない市内区間。"},"geometry":{"type":"LineString","coordinates":[[141.402682,42.967452],[141.402536,42.967497]]}},{"type":"Feature","properties":{"task_id":"224456417:3:2332785465:2332785467","reason":"追加した回送道路を含めても、公開4社の出発道路ノードから往復可能な経路を確認できない市内区間。"},"geometry":{"type":"LineString","coordinates":[[141.402536,42.967497],[141.402397,42.967508]]}},{"type":"Feature","properties":{"task_id":"224456417:4:2332785467:2332785464","reason":"追加した回送道路を含めても、公開4社の出発道路ノードから往復可能な経路を確認できない市内区間。"},"geometry":{"type":"LineString","coordinates":[[141.402397,42.967508],[141.402222,42.967486]]}},{"type":"Feature","properties":{"task_id":"224456417:5:2332785464:2332785458","reason":"追加した回送道路を含めても、公開4社の出発道路ノードから往復可能な経路を確認できない市内区間。"},"geometry":{"type":"LineString","coordinates":[[141.402222,42.967486],[141.402092,42.967441]]}},{"type":"Feature","properties":{"task_id":"224456417:6:2332785458:2332785452","reason":"追加した回送道路を含めても、公開4社の出発道路ノードから往復可能な経路を確認できない市内区間。"},"geometry":{"type":"LineString","coordinates":[[141.402092,42.967441],[141.401939,42.967368]]}},{"type":"Feature","properties":{"task_id":"224456417:7:2332785452:2332785446","reason":"追加した回送道路を含めても、公開4社の出発道路ノードから往復可能な経路を確認できない市内区間。"},"geometry":{"type":"LineString","coordinates":[[141.401939,42.967368],[141.401877,42.967323]]}},{"type":"Feature","properties":{"task_id":"224456417:8:2332785446:2332785438","reason":"追加した回送道路を含めても、公開4社の出発道路ノードから往復可能な経路を確認できない市内区間。"},"geometry":{"type":"LineString","coordinates":[[141.401877,42.967323],[141.401817,42.967244]]}},{"type":"Feature","properties":{"task_id":"224456417:9:2332785438:2332785421","reason":"追加した回送道路を含めても、公開4社の出発道路ノードから往復可能な経路を確認できない市内区間。"},"geometry":{"type":"LineString","coordinates":[[141.401817,42.967244],[141.401679,42.966905]]}},{"type":"Feature","properties":{"task_id":"224456417:10:2332785421:2332785406","reason":"追加した回送道路を含めても、公開4社の出発道路ノードから往復可能な経路を確認できない市内区間。"},"geometry":{"type":"LineString","coordinates":[[141.401679,42.966905],[141.401586,42.966709]]}},{"type":"Feature","properties":{"task_id":"224456417:11:2332785406:2332785379","reason":"追加した回送道路を含めても、公開4社の出発道路ノードから往復可能な経路を確認できない市内区間。"},"geometry":{"type":"LineString","coordinates":[[141.401586,42.966709],[141.401356,42.96641]]}},{"type":"Feature","properties":{"task_id":"224456417:12:2332785379:2332785356","reason":"追加した回送道路を含めても、公開4社の出発道路ノードから往復可能な経路を確認できない市内区間。"},"geometry":{"type":"LineString","coordinates":[[141.401356,42.96641],[141.401211,42.966202]]}},{"type":"Feature","properties":{"task_id":"224456417:13:2332785356:2332785348","reason":"追加した回送道路を含めても、公開4社の出発道路ノードから往復可能な経路を確認できない市内区間。"},"geometry":{"type":"LineString","coordinates":[[141.401211,42.966202],[141.401096,42.966135]]}},{"type":"Feature","properties":{"task_id":"224456417:14:2332785348:2332785342","reason":"追加した回送道路を含めても、公開4社の出発道路ノードから往復可能な経路を確認できない市内区間。"},"geometry":{"type":"LineString","coordinates":[[141.401096,42.966135],[141.400958,42.9661]]}},{"type":"Feature","properties":{"task_id":"224456417:15:2332785342:2332785340","reason":"追加した回送道路を含めても、公開4社の出発道路ノードから往復可能な経路を確認できない市内区間。"},"geometry":{"type":"LineString","coordinates":[[141.400958,42.9661],[141.40072,42.966061]]}},{"type":"Feature","properties":{"task_id":"224456417:16:2332785340:2332785332","reason":"追加した回送道路を含めても、公開4社の出発道路ノードから往復可能な経路を確認できない市内区間。"},"geometry":{"type":"LineString","coordinates":[[141.40072,42.966061],[141.400414,42.965948]]}},{"type":"Feature","properties":{"task_id":"224456417:17:2332785332:2332785321","reason":"追加した回送道路を含めても、公開4社の出発道路ノードから往復可能な経路を確認できない市内区間。"},"geometry":{"type":"LineString","coordinates":[[141.400414,42.965948],[141.400162,42.965825]]}},{"type":"Feature","properties":{"task_id":"224456417:18:2332785321:2332785315","reason":"追加した回送道路を含めても、公開4社の出発道路ノードから往復可能な経路を確認できない市内区間。"},"geometry":{"type":"LineString","coordinates":[[141.400162,42.965825],[141.400108,42.965791]]}},{"type":"Feature","properties":{"task_id":"224456417:19:2332785315:2332785311","reason":"追加した回送道路を含めても、公開4社の出発道路ノードから往復可能な経路を確認できない市内区間。"},"geometry":{"type":"LineString","coordinates":[[141.400108,42.965791],[141.399962,42.965735]]}},{"type":"Feature","properties":{"task_id":"224456417:20:2332785311:2332785303","reason":"追加した回送道路を含めても、公開4社の出発道路ノードから往復可能な経路を確認できない市内区間。"},"geometry":{"type":"LineString","coordinates":[[141.399962,42.965735],[141.399809,42.965695]]}},{"type":"Feature","properties":{"task_id":"224456417:21:2332785303:2332785295","reason":"追加した回送道路を含めても、公開4社の出発道路ノードから往復可能な経路を確認できない市内区間。"},"geometry":{"type":"LineString","coordinates":[[141.399809,42.965695],[141.399695,42.96565]]}},{"type":"Feature","properties":{"task_id":"224456417:22:2332785295:2332785288","reason":"追加した回送道路を含めても、公開4社の出発道路ノードから往復可能な経路を確認できない市内区間。"},"geometry":{"type":"LineString","coordinates":[[141.399695,42.96565],[141.399626,42.965616]]}},{"type":"Feature","properties":{"task_id":"224456417:23:2332785288:2332785282","reason":"追加した回送道路を含めても、公開4社の出発道路ノードから往復可能な経路を確認できない市内区間。"},"geometry":{"type":"LineString","coordinates":[[141.399626,42.965616],[141.399503,42.965505]]}},{"type":"Feature","properties":{"task_id":"224456417:24:2332785282:2332785273","reason":"追加した回送道路を含めても、公開4社の出発道路ノードから往復可能な経路を確認できない市内区間。"},"geometry":{"type":"LineString","coordinates":[[141.399503,42.965505],[141.399366,42.965323]]}},{"type":"Feature","properties":{"task_id":"224456417:25:2332785273:2332785265","reason":"追加した回送道路を含めても、公開4社の出発道路ノードから往復可能な経路を確認できない市内区間。"},"geometry":{"type":"LineString","coordinates":[[141.399366,42.965323],[141.399251,42.965228]]}},{"type":"Feature","properties":{"task_id":"224456417:26:2332785265:2332785262","reason":"追加した回送道路を含めても、公開4社の出発道路ノードから往復可能な経路を確認できない市内区間。"},"geometry":{"type":"LineString","coordinates":[[141.399251,42.965228],[141.399175,42.965138]]}},{"type":"Feature","properties":{"task_id":"224456417:27:2332785262:2332785259","reason":"追加した回送道路を含めても、公開4社の出発道路ノードから往復可能な経路を確認できない市内区間。"},"geometry":{"type":"LineString","coordinates":[[141.399175,42.965138],[141.399198,42.964997]]}},{"type":"Feature","properties":{"task_id":"224456417:28:2332785259:2332785257","reason":"追加した回送道路を含めても、公開4社の出発道路ノードから往復可能な経路を確認できない市内区間。"},"geometry":{"type":"LineString","coordinates":[[141.399198,42.964997],[141.399221,42.964935]]}},{"type":"Feature","properties":{"task_id":"224456417:29:2332785257:2332785252","reason":"追加した回送道路を含めても、公開4社の出発道路ノードから往復可能な経路を確認できない市内区間。"},"geometry":{"type":"LineString","coordinates":[[141.399221,42.964935],[141.399228,42.96475]]}},{"type":"Feature","properties":{"task_id":"224456417:30:2332785252:2332785238","reason":"追加した回送道路を含めても、公開4社の出発道路ノードから往復可能な経路を確認できない市内区間。"},"geometry":{"type":"LineString","coordinates":[[141.399228,42.96475],[141.399152,42.964553]]}},{"type":"Feature","properties":{"task_id":"224456417:31:2332785238:2332785206","reason":"追加した回送道路を含めても、公開4社の出発道路ノードから往復可能な経路を確認できない市内区間。"},"geometry":{"type":"LineString","coordinates":[[141.399152,42.964553],[141.399022,42.964288]]}},{"type":"Feature","properties":{"task_id":"224456417:32:2332785206:2332785186","reason":"追加した回送道路を含めても、公開4社の出発道路ノードから往復可能な経路を確認できない市内区間。"},"geometry":{"type":"LineString","coordinates":[[141.399022,42.964288],[141.398914,42.964085]]}},{"type":"Feature","properties":{"task_id":"224456417:33:2332785186:2332785180","reason":"追加した回送道路を含めても、公開4社の出発道路ノードから往復可能な経路を確認できない市内区間。"},"geometry":{"type":"LineString","coordinates":[[141.398914,42.964085],[141.39883,42.963995]]}},{"type":"Feature","properties":{"task_id":"224456417:34:2332785180:2332785173","reason":"追加した回送道路を含めても、公開4社の出発道路ノードから往復可能な経路を確認できない市内区間。"},"geometry":{"type":"LineString","coordinates":[[141.39883,42.963995],[141.398715,42.96394]]}},{"type":"Feature","properties":{"task_id":"224456417:35:2332785173:2332785164","reason":"追加した回送道路を含めても、公開4社の出発道路ノードから往復可能な経路を確認できない市内区間。"},"geometry":{"type":"LineString","coordinates":[[141.398715,42.96394],[141.398447,42.963877]]}},{"type":"Feature","properties":{"task_id":"224456417:36:2332785164:2332785159","reason":"追加した回送道路を含めても、公開4社の出発道路ノードから往復可能な経路を確認できない市内区間。"},"geometry":{"type":"LineString","coordinates":[[141.398447,42.963877],[141.398064,42.963838]]}},{"type":"Feature","properties":{"task_id":"224456417:37:2332785159:2332785154","reason":"追加した回送道路を含めても、公開4社の出発道路ノードから往復可能な経路を確認できない市内区間。"},"geometry":{"type":"LineString","coordinates":[[141.398064,42.963838],[141.397651,42.963805]]}},{"type":"Feature","properties":{"task_id":"224456417:38:2332785154:2332785153","reason":"追加した回送道路を含めても、公開4社の出発道路ノードから往復可能な経路を確認できない市内区間。"},"geometry":{"type":"LineString","coordinates":[[141.397651,42.963805],[141.397482,42.963776]]}},{"type":"Feature","properties":{"task_id":"224456417:39:2332785153:2332785146","reason":"追加した回送道路を含めても、公開4社の出発道路ノードから往復可能な経路を確認できない市内区間。"},"geometry":{"type":"LineString","coordinates":[[141.397482,42.963776],[141.397413,42.963737]]}},{"type":"Feature","properties":{"task_id":"224456417:40:2332785146:2332785140","reason":"追加した回送道路を含めても、公開4社の出発道路ノードから往復可能な経路を確認できない市内区間。"},"geometry":{"type":"LineString","coordinates":[[141.397413,42.963737],[141.397368,42.96367]]}},{"type":"Feature","properties":{"task_id":"224456417:41:2332785140:2332785133","reason":"追加した回送道路を含めても、公開4社の出発道路ノードから往復可能な経路を確認できない市内区間。"},"geometry":{"type":"LineString","coordinates":[[141.397368,42.96367],[141.397375,42.963585]]}},{"type":"Feature","properties":{"task_id":"224456417:42:2332785133:2332785130","reason":"追加した回送道路を含めても、公開4社の出発道路ノードから往復可能な経路を確認できない市内区間。"},"geometry":{"type":"LineString","coordinates":[[141.397375,42.963585],[141.397452,42.963528]]}},{"type":"Feature","properties":{"task_id":"224456417:43:2332785130:2332785125","reason":"追加した回送道路を含めても、公開4社の出発道路ノードから往復可能な経路を確認できない市内区間。"},"geometry":{"type":"LineString","coordinates":[[141.397452,42.963528],[141.397536,42.963411]]}},{"type":"Feature","properties":{"task_id":"224456417:44:2332785125:2332785119","reason":"追加した回送道路を含めても、公開4社の出発道路ノードから往復可能な経路を確認できない市内区間。"},"geometry":{"type":"LineString","coordinates":[[141.397536,42.963411],[141.397529,42.963315]]}},{"type":"Feature","properties":{"task_id":"224456417:45:2332785119:2332785114","reason":"追加した回送道路を含めても、公開4社の出発道路ノードから往復可能な経路を確認できない市内区間。"},"geometry":{"type":"LineString","coordinates":[[141.397529,42.963315],[141.39749,42.963259]]}},{"type":"Feature","properties":{"task_id":"224456417:46:2332785114:2332785098","reason":"追加した回送道路を含めても、公開4社の出発道路ノードから往復可能な経路を確認できない市内区間。"},"geometry":{"type":"LineString","coordinates":[[141.39749,42.963259],[141.397368,42.963141]]}},{"type":"Feature","properties":{"task_id":"224456417:47:2332785098:2332785080","reason":"追加した回送道路を含めても、公開4社の出発道路ノードから往復可能な経路を確認できない市内区間。"},"geometry":{"type":"LineString","coordinates":[[141.397368,42.963141],[141.397261,42.963079]]}},{"type":"Feature","properties":{"task_id":"224456417:48:2332785080:2332785073","reason":"追加した回送道路を含めても、公開4社の出発道路ノードから往復可能な経路を確認できない市内区間。"},"geometry":{"type":"LineString","coordinates":[[141.397261,42.963079],[141.397061,42.963028]]}},{"type":"Feature","properties":{"task_id":"224456552:5:2332785073:2332785046","reason":"追加した回送道路を含めても、公開4社の出発道路ノードから往復可能な経路を確認できない市内区間。"},"geometry":{"type":"LineString","coordinates":[[141.397061,42.963028],[141.39713,42.962781]]}},{"type":"Feature","properties":{"task_id":"224456552:4:2332785046:2332785027","reason":"追加した回送道路を含めても、公開4社の出発道路ノードから往復可能な経路を確認できない市内区間。"},"geometry":{"type":"LineString","coordinates":[[141.39713,42.962781],[141.397253,42.962544]]}},{"type":"Feature","properties":{"task_id":"224456552:3:2332785027:2332785001","reason":"追加した回送道路を含めても、公開4社の出発道路ノードから往復可能な経路を確認できない市内区間。"},"geometry":{"type":"LineString","coordinates":[[141.397253,42.962544],[141.397498,42.962269]]}},{"type":"Feature","properties":{"task_id":"224456552:2:2332785001:2332784978","reason":"追加した回送道路を含めても、公開4社の出発道路ノードから往復可能な経路を確認できない市内区間。"},"geometry":{"type":"LineString","coordinates":[[141.397498,42.962269],[141.397659,42.962117]]}},{"type":"Feature","properties":{"task_id":"224456552:1:2332784978:2332784934","reason":"追加した回送道路を含めても、公開4社の出発道路ノードから往復可能な経路を確認できない市内区間。"},"geometry":{"type":"LineString","coordinates":[[141.397659,42.962117],[141.398156,42.961728]]}},{"type":"Feature","properties":{"task_id":"224456552:0:2332784934:2332784925","reason":"追加した回送道路を含めても、公開4社の出発道路ノードから往復可能な経路を確認できない市内区間。"},"geometry":{"type":"LineString","coordinates":[[141.398156,42.961728],[141.398297,42.961625]]}},{"type":"Feature","properties":{"task_id":"224456351:45:2332784925:2332784923","reason":"追加した回送道路を含めても、公開4社の出発道路ノードから往復可能な経路を確認できない市内区間。"},"geometry":{"type":"LineString","coordinates":[[141.398297,42.961625],[141.39834,42.961593]]}},{"type":"Feature","properties":{"task_id":"224456351:44:2332784923:2332784921","reason":"追加した回送道路を含めても、公開4社の出発道路ノードから往復可能な経路を確認できない市内区間。"},"geometry":{"type":"LineString","coordinates":[[141.39834,42.961593],[141.398356,42.961571]]}},{"type":"Feature","properties":{"task_id":"224456351:43:2332784921:2332784914","reason":"追加した回送道路を含めても、公開4社の出発道路ノードから往復可能な経路を確認できない市内区間。"},"geometry":{"type":"LineString","coordinates":[[141.398356,42.961571],[141.398555,42.961424]]}},{"type":"Feature","properties":{"task_id":"224456351:42:2332784914:2332784909","reason":"追加した回送道路を含めても、公開4社の出発道路ノードから往復可能な経路を確認できない市内区間。"},"geometry":{"type":"LineString","coordinates":[[141.398555,42.961424],[141.398624,42.961357]]}},{"type":"Feature","properties":{"task_id":"224456351:41:2332784909:2332784894","reason":"追加した回送道路を含めても、公開4社の出発道路ノードから往復可能な経路を確認できない市内区間。"},"geometry":{"type":"LineString","coordinates":[[141.398624,42.961357],[141.398746,42.961115]]}},{"type":"Feature","properties":{"task_id":"224456351:40:2332784894:2332784875","reason":"追加した回送道路を含めても、公開4社の出発道路ノードから往復可能な経路を確認できない市内区間。"},"geometry":{"type":"LineString","coordinates":[[141.398746,42.961115],[141.398838,42.960968]]}},{"type":"Feature","properties":{"task_id":"224456351:39:2332784875:2332784871","reason":"追加した回送道路を含めても、公開4社の出発道路ノードから往復可能な経路を確認できない市内区間。"},"geometry":{"type":"LineString","coordinates":[[141.398838,42.960968],[141.398953,42.96085]]}},{"type":"Feature","properties":{"task_id":"224456351:38:2332784871:2332784859","reason":"追加した回送道路を含めても、公開4社の出発道路ノードから往復可能な経路を確認できない市内区間。"},"geometry":{"type":"LineString","coordinates":[[141.398953,42.96085],[141.399068,42.96076]]}},{"type":"Feature","properties":{"task_id":"224456351:37:2332784859:2332784856","reason":"追加した回送道路を含めても、公開4社の出発道路ノードから往復可能な経路を確認できない市内区間。"},"geometry":{"type":"LineString","coordinates":[[141.399068,42.96076],[141.399144,42.960726]]}},{"type":"Feature","properties":{"task_id":"224456351:36:2332784856:2332784853","reason":"追加した回送道路を含めても、公開4社の出発道路ノードから往復可能な経路を確認できない市内区間。"},"geometry":{"type":"LineString","coordinates":[[141.399144,42.960726],[141.399275,42.960648]]}},{"type":"Feature","properties":{"task_id":"224456351:35:2332784853:2332784846","reason":"追加した回送道路を含めても、公開4社の出発道路ノードから往復可能な経路を確認できない市内区間。"},"geometry":{"type":"LineString","coordinates":[[141.399275,42.960648],[141.399374,42.960535]]}},{"type":"Feature","properties":{"task_id":"224456351:34:2332784846:2332784837","reason":"追加した回送道路を含めても、公開4社の出発道路ノードから往復可能な経路を確認できない市内区間。"},"geometry":{"type":"LineString","coordinates":[[141.399374,42.960535],[141.399458,42.960411]]}},{"type":"Feature","properties":{"task_id":"224456351:33:2332784837:2332784828","reason":"追加した回送道路を含めても、公開4社の出発道路ノードから往復可能な経路を確認できない市内区間。"},"geometry":{"type":"LineString","coordinates":[[141.399458,42.960411],[141.399596,42.960085]]}},{"type":"Feature","properties":{"task_id":"224456351:32:2332784828:2332784821","reason":"追加した回送道路を含めても、公開4社の出発道路ノードから往復可能な経路を確認できない市内区間。"},"geometry":{"type":"LineString","coordinates":[[141.399596,42.960085],[141.399757,42.959792]]}},{"type":"Feature","properties":{"task_id":"224456351:31:2332784821:2332784815","reason":"追加した回送道路を含めても、公開4社の出発道路ノードから往復可能な経路を確認できない市内区間。"},"geometry":{"type":"LineString","coordinates":[[141.399757,42.959792],[141.399857,42.959652]]}},{"type":"Feature","properties":{"task_id":"224456351:30:2332784815:2332784808","reason":"追加した回送道路を含めても、公開4社の出発道路ノードから往復可能な経路を確認できない市内区間。"},"geometry":{"type":"LineString","coordinates":[[141.399857,42.959652],[141.400056,42.959432]]}},{"type":"Feature","properties":{"task_id":"224456351:29:2332784808:2332784790","reason":"追加した回送道路を含めても、公開4社の出発道路ノードから往復可能な経路を確認できない市内区間。"},"geometry":{"type":"LineString","coordinates":[[141.400056,42.959432],[141.400293,42.959224]]}},{"type":"Feature","properties":{"task_id":"224456351:28:2332784790:2332784785","reason":"追加した回送道路を含めても、公開4社の出発道路ノードから往復可能な経路を確認できない市内区間。"},"geometry":{"type":"LineString","coordinates":[[141.400293,42.959224],[141.400462,42.959055]]}},{"type":"Feature","properties":{"task_id":"224456351:27:2332784785:2332784777","reason":"追加した回送道路を含めても、公開4社の出発道路ノードから往復可能な経路を確認できない市内区間。"},"geometry":{"type":"LineString","coordinates":[[141.400462,42.959055],[141.400577,42.958909]]}},{"type":"Feature","properties":{"task_id":"224456351:26:2332784777:2332784773","reason":"追加した回送道路を含めても、公開4社の出発道路ノードから往復可能な経路を確認できない市内区間。"},"geometry":{"type":"LineString","coordinates":[[141.400577,42.958909],[141.400607,42.958807]]}},{"type":"Feature","properties":{"task_id":"224456351:25:2332784773:2332784763","reason":"追加した回送道路を含めても、公開4社の出発道路ノードから往復可能な経路を確認できない市内区間。"},"geometry":{"type":"LineString","coordinates":[[141.400607,42.958807],[141.400607,42.958712]]}},{"type":"Feature","properties":{"task_id":"224456351:24:2332784763:2332784757","reason":"追加した回送道路を含めても、公開4社の出発道路ノードから往復可能な経路を確認できない市内区間。"},"geometry":{"type":"LineString","coordinates":[[141.400607,42.958712],[141.400646,42.958547]]}},{"type":"Feature","properties":{"task_id":"224456351:23:2332784757:2332784748","reason":"追加した回送道路を含めても、公開4社の出発道路ノードから往復可能な経路を確認できない市内区間。"},"geometry":{"type":"LineString","coordinates":[[141.400646,42.958547],[141.40076,42.958362]]}},{"type":"Feature","properties":{"task_id":"224456351:22:2332784748:2332784742","reason":"追加した回送道路を含めても、公開4社の出発道路ノードから往復可能な経路を確認できない市内区間。"},"geometry":{"type":"LineString","coordinates":[[141.40076,42.958362],[141.400921,42.95825]]}},{"type":"Feature","properties":{"task_id":"224456351:21:2332784742:2332784730","reason":"追加した回送道路を含めても、公開4社の出発道路ノードから往復可能な経路を確認できない市内区間。"},"geometry":{"type":"LineString","coordinates":[[141.400921,42.95825],[141.401373,42.958126]]}},{"type":"Feature","properties":{"task_id":"224456351:20:2332784730:2332784722","reason":"追加した回送道路を含めても、公開4社の出発道路ノードから往復可能な経路を確認できない市内区間。"},"geometry":{"type":"LineString","coordinates":[[141.401373,42.958126],[141.401526,42.958042]]}},{"type":"Feature","properties":{"task_id":"224456351:19:2332784722:2332784717","reason":"追加した回送道路を含めても、公開4社の出発道路ノードから往復可能な経路を確認できない市内区間。"},"geometry":{"type":"LineString","coordinates":[[141.401526,42.958042],[141.401611,42.957957]]}},{"type":"Feature","properties":{"task_id":"224456351:18:2332784717:2332784666","reason":"追加した回送道路を含めても、公開4社の出発道路ノードから往復可能な経路を確認できない市内区間。"},"geometry":{"type":"LineString","coordinates":[[141.401611,42.957957],[141.401878,42.957298]]}},{"type":"Feature","properties":{"task_id":"224456351:17:2332784666:2332784638","reason":"追加した回送道路を含めても、公開4社の出発道路ノードから往復可能な経路を確認できない市内区間。"},"geometry":{"type":"LineString","coordinates":[[141.401878,42.957298],[141.401978,42.957022]]}},{"type":"Feature","properties":{"task_id":"224456351:16:2332784638:2332784624","reason":"追加した回送道路を含めても、公開4社の出発道路ノードから往復可能な経路を確認できない市内区間。"},"geometry":{"type":"LineString","coordinates":[[141.401978,42.957022],[141.402047,42.956792]]}},{"type":"Feature","properties":{"task_id":"224456351:15:2332784624:2332784622","reason":"追加した回送道路を含めても、公開4社の出発道路ノードから往復可能な経路を確認できない市内区間。"},"geometry":{"type":"LineString","coordinates":[[141.402047,42.956792],[141.40207,42.956741]]}},{"type":"Feature","properties":{"task_id":"224456351:14:2332784622:2332784599","reason":"追加した回送道路を含めても、公開4社の出発道路ノードから往復可能な経路を確認できない市内区間。"},"geometry":{"type":"LineString","coordinates":[[141.40207,42.956741],[141.402139,42.956471]]}},{"type":"Feature","properties":{"task_id":"224456351:13:2332784599:2332784597","reason":"追加した回送道路を含めても、公開4社の出発道路ノードから往復可能な経路を確認できない市内区間。"},"geometry":{"type":"LineString","coordinates":[[141.402139,42.956471],[141.402154,42.95646]]}},{"type":"Feature","properties":{"task_id":"224456351:12:2332784597:2332784553","reason":"追加した回送道路を含めても、公開4社の出発道路ノードから往復可能な経路を確認できない市内区間。"},"geometry":{"type":"LineString","coordinates":[[141.402154,42.95646],[141.402216,42.956185]]}},{"type":"Feature","properties":{"task_id":"224456351:11:2332784553:2332784551","reason":"追加した回送道路を含めても、公開4社の出発道路ノードから往復可能な経路を確認できない市内区間。"},"geometry":{"type":"LineString","coordinates":[[141.402216,42.956185],[141.402231,42.956146]]}},{"type":"Feature","properties":{"task_id":"224456351:10:2332784551:2332784458","reason":"追加した回送道路を含めても、公開4社の出発道路ノードから往復可能な経路を確認できない市内区間。"},"geometry":{"type":"LineString","coordinates":[[141.402231,42.956146],[141.402323,42.955723]]}},{"type":"Feature","properties":{"task_id":"224456351:9:2332784458:2332784423","reason":"追加した回送道路を含めても、公開4社の出発道路ノードから往復可能な経路を確認できない市内区間。"},"geometry":{"type":"LineString","coordinates":[[141.402323,42.955723],[141.402315,42.955599]]}},{"type":"Feature","properties":{"task_id":"224456351:8:2332784423:2332784387","reason":"追加した回送道路を含めても、公開4社の出発道路ノードから往復可能な経路を確認できない市内区間。"},"geometry":{"type":"LineString","coordinates":[[141.402315,42.955599],[141.402261,42.955442]]}},{"type":"Feature","properties":{"task_id":"224456351:7:2332784387:2332784345","reason":"追加した回送道路を含めても、公開4社の出発道路ノードから往復可能な経路を確認できない市内区間。"},"geometry":{"type":"LineString","coordinates":[[141.402261,42.955442],[141.402223,42.955239]]}},{"type":"Feature","properties":{"task_id":"224456351:6:2332784345:2332784324","reason":"追加した回送道路を含めても、公開4社の出発道路ノードから往復可能な経路を確認できない市内区間。"},"geometry":{"type":"LineString","coordinates":[[141.402223,42.955239],[141.402239,42.955087]]}},{"type":"Feature","properties":{"task_id":"224456351:5:2332784324:2332784310","reason":"追加した回送道路を含めても、公開4社の出発道路ノードから往復可能な経路を確認できない市内区間。"},"geometry":{"type":"LineString","coordinates":[[141.402239,42.955087],[141.402453,42.954969]]}},{"type":"Feature","properties":{"task_id":"224456351:4:2332784310:2332784305","reason":"追加した回送道路を含めても、公開4社の出発道路ノードから往復可能な経路を確認できない市内区間。"},"geometry":{"type":"LineString","coordinates":[[141.402453,42.954969],[141.402545,42.954913]]}},{"type":"Feature","properties":{"task_id":"224456351:3:2332784305:2332784294","reason":"追加した回送道路を含めても、公開4社の出発道路ノードから往復可能な経路を確認できない市内区間。"},"geometry":{"type":"LineString","coordinates":[[141.402545,42.954913],[141.40266,42.9548]]}},{"type":"Feature","properties":{"task_id":"224456351:2:2332784294:2332784239","reason":"追加した回送道路を含めても、公開4社の出発道路ノードから往復可能な経路を確認できない市内区間。"},"geometry":{"type":"LineString","coordinates":[[141.40266,42.9548],[141.402874,42.954288]]}},{"type":"Feature","properties":{"task_id":"224456351:1:2332784239:2332784219","reason":"追加した回送道路を含めても、公開4社の出発道路ノードから往復可能な経路を確認できない市内区間。"},"geometry":{"type":"LineString","coordinates":[[141.402874,42.954288],[141.402974,42.954097]]}},{"type":"Feature","properties":{"task_id":"224456351:0:2332784219:2332784198","reason":"追加した回送道路を含めても、公開4社の出発道路ノードから往復可能な経路を確認できない市内区間。"},"geometry":{"type":"LineString","coordinates":[[141.402974,42.954097],[141.403037,42.953992]]}},{"type":"Feature","properties":{"task_id":"224456305:0:2332784198:2332784180","reason":"追加した回送道路を含めても、公開4社の出発道路ノードから往復可能な経路を確認できない市内区間。"},"geometry":{"type":"LineString","coordinates":[[141.403037,42.953992],[141.403051,42.953919]]}},{"type":"Feature","properties":{"task_id":"224456305:1:2332784180:2332784167","reason":"追加した回送道路を含めても、公開4社の出発道路ノードから往復可能な経路を確認できない市内区間。"},"geometry":{"type":"LineString","coordinates":[[141.403051,42.953919],[141.403043,42.953855]]}},{"type":"Feature","properties":{"task_id":"224456305:2:2332784167:2332784143","reason":"追加した回送道路を含めても、公開4社の出発道路ノードから往復可能な経路を確認できない市内区間。"},"geometry":{"type":"LineString","coordinates":[[141.403043,42.953855],[141.402982,42.953714]]}},{"type":"Feature","properties":{"task_id":"224456243:1:2332784143:2332784142","reason":"追加した回送道路を含めても、公開4社の出発道路ノードから往復可能な経路を確認できない市内区間。"},"geometry":{"type":"LineString","coordinates":[[141.402982,42.953714],[141.402859,42.953714]]}},{"type":"Feature","properties":{"task_id":"224456243:0:2332784142:2332784147","reason":"追加した回送道路を含めても、公開4社の出発道路ノードから往復可能な経路を確認できない市内区間。"},"geometry":{"type":"LineString","coordinates":[[141.402859,42.953714],[141.402706,42.953742]]}},{"type":"Feature","properties":{"task_id":"224456265:0:2332784147:2332784156","reason":"追加した回送道路を含めても、公開4社の出発道路ノードから往復可能な経路を確認できない市内区間。"},"geometry":{"type":"LineString","coordinates":[[141.402706,42.953742],[141.402507,42.953793]]}},{"type":"Feature","properties":{"task_id":"224456265:1:2332784156:2332784171","reason":"追加した回送道路を含めても、公開4社の出発道路ノードから往復可能な経路を確認できない市内区間。"},"geometry":{"type":"LineString","coordinates":[[141.402507,42.953793],[141.402354,42.953883]]}},{"type":"Feature","properties":{"task_id":"224456550:0:2332784171:2332784227","reason":"追加した回送道路を含めても、公開4社の出発道路ノードから往復可能な経路を確認できない市内区間。"},"geometry":{"type":"LineString","coordinates":[[141.402354,42.953883],[141.402315,42.954153]]}},{"type":"Feature","properties":{"task_id":"224456550:1:2332784227:2332784229","reason":"追加した回送道路を含めても、公開4社の出発道路ノードから往復可能な経路を確認できない市内区間。"},"geometry":{"type":"LineString","coordinates":[[141.402315,42.954153],[141.402308,42.954193]]}},{"type":"Feature","properties":{"task_id":"224456550:2:2332784229:2332784233","reason":"追加した回送道路を含めても、公開4社の出発道路ノードから往復可能な経路を確認できない市内区間。"},"geometry":{"type":"LineString","coordinates":[[141.402308,42.954193],[141.402277,42.954249]]}},{"type":"Feature","properties":{"task_id":"224456550:3:2332784233:2332784242","reason":"追加した回送道路を含めても、公開4社の出発道路ノードから往復可能な経路を確認できない市内区間。"},"geometry":{"type":"LineString","coordinates":[[141.402277,42.954249],[141.40217,42.954322]]}},{"type":"Feature","properties":{"task_id":"224456550:4:2332784242:2332784244","reason":"追加した回送道路を含めても、公開4社の出発道路ノードから往復可能な経路を確認できない市内区間。"},"geometry":{"type":"LineString","coordinates":[[141.40217,42.954322],[141.402101,42.954333]]}},{"type":"Feature","properties":{"task_id":"224456550:5:2332784244:2332784245","reason":"追加した回送道路を含めても、公開4社の出発道路ノードから往復可能な経路を確認できない市内区間。"},"geometry":{"type":"LineString","coordinates":[[141.402101,42.954333],[141.401902,42.954339]]}},{"type":"Feature","properties":{"task_id":"224456033:0:2332784245:2332784238","reason":"追加した回送道路を含めても、公開4社の出発道路ノードから往復可能な経路を確認できない市内区間。"},"geometry":{"type":"LineString","coordinates":[[141.401902,42.954339],[141.401794,42.954277]]}},{"type":"Feature","properties":{"task_id":"224456033:1:2332784238:2332784222","reason":"追加した回送道路を含めても、公開4社の出発道路ノードから往復可能な経路を確認できない市内区間。"},"geometry":{"type":"LineString","coordinates":[[141.401794,42.954277],[141.40161,42.954119]]}},{"type":"Feature","properties":{"task_id":"224456033:2:2332784222:2332784200","reason":"追加した回送道路を含めても、公開4社の出発道路ノードから往復可能な経路を確認できない市内区間。"},"geometry":{"type":"LineString","coordinates":[[141.40161,42.954119],[141.401389,42.954018]]}},{"type":"Feature","properties":{"task_id":"224456033:3:2332784200:2332784192","reason":"追加した回送道路を含めても、公開4社の出発道路ノードから往復可能な経路を確認できない市内区間。"},"geometry":{"type":"LineString","coordinates":[[141.401389,42.954018],[141.401228,42.953962]]}},{"type":"Feature","properties":{"task_id":"224456033:4:2332784192:2332784190","reason":"追加した回送道路を含めても、公開4社の出発道路ノードから往復可能な経路を確認できない市内区間。"},"geometry":{"type":"LineString","coordinates":[[141.401228,42.953962],[141.401143,42.953945]]}},{"type":"Feature","properties":{"task_id":"224456033:5:2332784190:2332784166","reason":"追加した回送道路を含めても、公開4社の出発道路ノードから往復可能な経路を確認できない市内区間。"},"geometry":{"type":"LineString","coordinates":[[141.401143,42.953945],[141.400905,42.953849]]}},{"type":"Feature","properties":{"task_id":"224456033:6:2332784166:2332784154","reason":"追加した回送道路を含めても、公開4社の出発道路ノードから往復可能な経路を確認できない市内区間。"},"geometry":{"type":"LineString","coordinates":[[141.400905,42.953849],[141.400775,42.953776]]}},{"type":"Feature","properties":{"task_id":"224456033:7:2332784154:2332784132","reason":"追加した回送道路を含めても、公開4社の出発道路ノードから往復可能な経路を確認できない市内区間。"},"geometry":{"type":"LineString","coordinates":[[141.400775,42.953776],[141.400607,42.953585]]}},{"type":"Feature","properties":{"task_id":"224456033:8:2332784132:2332784060","reason":"追加した回送道路を含めても、公開4社の出発道路ノードから往復可能な経路を確認できない市内区間。"},"geometry":{"type":"LineString","coordinates":[[141.400607,42.953585],[141.400277,42.953134]]}},{"type":"Feature","properties":{"task_id":"224456033:9:2332784060:2332784055","reason":"追加した回送道路を含めても、公開4社の出発道路ノードから往復可能な経路を確認できない市内区間。"},"geometry":{"type":"LineString","coordinates":[[141.400277,42.953134],[141.400193,42.95305]]}},{"type":"Feature","properties":{"task_id":"224456033:10:2332784055:2332784044","reason":"追加した回送道路を含めても、公開4社の出発道路ノードから往復可能な経路を確認できない市内区間。"},"geometry":{"type":"LineString","coordinates":[[141.400193,42.95305],[141.400017,42.952915]]}},{"type":"Feature","properties":{"task_id":"224456033:11:2332784044:2332784028","reason":"追加した回送道路を含めても、公開4社の出発道路ノードから往復可能な経路を確認できない市内区間。"},"geometry":{"type":"LineString","coordinates":[[141.400017,42.952915],[141.399642,42.952735]]}},{"type":"Feature","properties":{"task_id":"224456033:12:2332784028:2332784020","reason":"追加した回送道路を含めても、公開4社の出発道路ノードから往復可能な経路を確認できない市内区間。"},"geometry":{"type":"LineString","coordinates":[[141.399642,42.952735],[141.399515,42.95266]]}},{"type":"Feature","properties":{"task_id":"224456568:0:2332784020:2332783994","reason":"追加した回送道路を含めても、公開4社の出発道路ノードから往復可能な経路を確認できない市内区間。"},"geometry":{"type":"LineString","coordinates":[[141.399515,42.95266],[141.399113,42.952526]]}},{"type":"Feature","properties":{"task_id":"224456568:1:2332783994:2332783989","reason":"追加した回送道路を含めても、公開4社の出発道路ノードから往復可能な経路を確認できない市内区間。"},"geometry":{"type":"LineString","coordinates":[[141.399113,42.952526],[141.398868,42.952504]]}},{"type":"Feature","properties":{"task_id":"224456568:2:2332783989:2332783988","reason":"追加した回送道路を含めても、公開4社の出発道路ノードから往復可能な経路を確認できない市内区間。"},"geometry":{"type":"LineString","coordinates":[[141.398868,42.952504],[141.397344,42.952498]]}},{"type":"Feature","properties":{"task_id":"224456568:3:2332783988:2332783985","reason":"追加した回送道路を含めても、公開4社の出発道路ノードから往復可能な経路を確認できない市内区間。"},"geometry":{"type":"LineString","coordinates":[[141.397344,42.952498],[141.397184,42.952487]]}},{"type":"Feature","properties":{"task_id":"224456568:4:2332783985:2332783975","reason":"追加した回送道路を含めても、公開4社の出発道路ノードから往復可能な経路を確認できない市内区間。"},"geometry":{"type":"LineString","coordinates":[[141.397184,42.952487],[141.396817,42.952425]]}},{"type":"Feature","properties":{"task_id":"224456568:5:2332783975:2332783965","reason":"追加した回送道路を含めても、公開4社の出発道路ノードから往復可能な経路を確認できない市内区間。"},"geometry":{"type":"LineString","coordinates":[[141.396817,42.952425],[141.396564,42.952363]]}},{"type":"Feature","properties":{"task_id":"224456568:6:2332783965:2332783958","reason":"追加した回送道路を含めても、公開4社の出発道路ノードから往復可能な経路を確認できない市内区間。"},"geometry":{"type":"LineString","coordinates":[[141.396564,42.952363],[141.396495,42.952341]]}},{"type":"Feature","properties":{"task_id":"224456317:0:2332783958:2332783937","reason":"追加した回送道路を含めても、公開4社の出発道路ノードから往復可能な経路を確認できない市内区間。"},"geometry":{"type":"LineString","coordinates":[[141.396495,42.952341],[141.396373,42.952189]]}},{"type":"Feature","properties":{"task_id":"224456317:1:2332783937:2332783918","reason":"追加した回送道路を含めても、公開4社の出発道路ノードから往復可能な経路を確認できない市内区間。"},"geometry":{"type":"LineString","coordinates":[[141.396373,42.952189],[141.396449,42.952076]]}},{"type":"Feature","properties":{"task_id":"224456317:2:2332783918:2332783883","reason":"追加した回送道路を含めても、公開4社の出発道路ノードから往復可能な経路を確認できない市内区間。"},"geometry":{"type":"LineString","coordinates":[[141.396449,42.952076],[141.396556,42.951851]]}},{"type":"Feature","properties":{"task_id":"224456317:2:2332783883:2332783918","reason":"追加した回送道路を含めても、公開4社の出発道路ノードから往復可能な経路を確認できない市内区間。"},"geometry":{"type":"LineString","coordinates":[[141.396556,42.951851],[141.396449,42.952076]]}},{"type":"Feature","properties":{"task_id":"224456317:1:2332783918:2332783937","reason":"追加した回送道路を含めても、公開4社の出発道路ノードから往復可能な経路を確認できない市内区間。"},"geometry":{"type":"LineString","coordinates":[[141.396449,42.952076],[141.396373,42.952189]]}},{"type":"Feature","properties":{"task_id":"224456317:0:2332783937:2332783958","reason":"追加した回送道路を含めても、公開4社の出発道路ノードから往復可能な経路を確認できない市内区間。"},"geometry":{"type":"LineString","coordinates":[[141.396373,42.952189],[141.396495,42.952341]]}},{"type":"Feature","properties":{"task_id":"224456568:6:2332783958:2332783965","reason":"追加した回送道路を含めても、公開4社の出発道路ノードから往復可能な経路を確認できない市内区間。"},"geometry":{"type":"LineString","coordinates":[[141.396495,42.952341],[141.396564,42.952363]]}},{"type":"Feature","properties":{"task_id":"224456568:5:2332783965:2332783975","reason":"追加した回送道路を含めても、公開4社の出発道路ノードから往復可能な経路を確認できない市内区間。"},"geometry":{"type":"LineString","coordinates":[[141.396564,42.952363],[141.396817,42.952425]]}},{"type":"Feature","properties":{"task_id":"224456568:4:2332783975:2332783985","reason":"追加した回送道路を含めても、公開4社の出発道路ノードから往復可能な経路を確認できない市内区間。"},"geometry":{"type":"LineString","coordinates":[[141.396817,42.952425],[141.397184,42.952487]]}},{"type":"Feature","properties":{"task_id":"224456568:3:2332783985:2332783988","reason":"追加した回送道路を含めても、公開4社の出発道路ノードから往復可能な経路を確認できない市内区間。"},"geometry":{"type":"LineString","coordinates":[[141.397184,42.952487],[141.397344,42.952498]]}},{"type":"Feature","properties":{"task_id":"224456568:2:2332783988:2332783989","reason":"追加した回送道路を含めても、公開4社の出発道路ノードから往復可能な経路を確認できない市内区間。"},"geometry":{"type":"LineString","coordinates":[[141.397344,42.952498],[141.398868,42.952504]]}},{"type":"Feature","properties":{"task_id":"224456568:1:2332783989:2332783994","reason":"追加した回送道路を含めても、公開4社の出発道路ノードから往復可能な経路を確認できない市内区間。"},"geometry":{"type":"LineString","coordinates":[[141.398868,42.952504],[141.399113,42.952526]]}},{"type":"Feature","properties":{"task_id":"224456568:0:2332783994:2332784020","reason":"追加した回送道路を含めても、公開4社の出発道路ノードから往復可能な経路を確認できない市内区間。"},"geometry":{"type":"LineString","coordinates":[[141.399113,42.952526],[141.399515,42.95266]]}},{"type":"Feature","properties":{"task_id":"224456559:0:2332784020:2332783973","reason":"追加した回送道路を含めても、公開4社の出発道路ノードから往復可能な経路を確認できない市内区間。"},"geometry":{"type":"LineString","coordinates":[[141.399515,42.95266],[141.399535,42.952414]]}},{"type":"Feature","properties":{"task_id":"224456559:1:2332783973:2332783928","reason":"追加した回送道路を含めても、公開4社の出発道路ノードから往復可能な経路を確認できない市内区間。"},"geometry":{"type":"LineString","coordinates":[[141.399535,42.952414],[141.399497,42.952127]]}},{"type":"Feature","properties":{"task_id":"224456559:2:2332783928:2332783917","reason":"追加した回送道路を含めても、公開4社の出発道路ノードから往復可能な経路を確認できない市内区間。"},"geometry":{"type":"LineString","coordinates":[[141.399497,42.952127],[141.399481,42.952071]]}},{"type":"Feature","properties":{"task_id":"224456559:3:2332783917:2332783893","reason":"追加した回送道路を含めても、公開4社の出発道路ノードから往復可能な経路を確認できない市内区間。"},"geometry":{"type":"LineString","coordinates":[[141.399481,42.952071],[141.39939,42.951885]]}},{"type":"Feature","properties":{"task_id":"224456559:4:2332783893:2332783819","reason":"追加した回送道路を含めても、公開4社の出発道路ノードから往復可能な経路を確認できない市内区間。"},"geometry":{"type":"LineString","coordinates":[[141.39939,42.951885],[141.399228,42.951654]]}},{"type":"Feature","properties":{"task_id":"224456559:5:2332783819:2332783779","reason":"追加した回送道路を含めても、公開4社の出発道路ノードから往復可能な経路を確認できない市内区間。"},"geometry":{"type":"LineString","coordinates":[[141.399228,42.951654],[141.399029,42.951474]]}},{"type":"Feature","properties":{"task_id":"224456257:0:2332783779:2332783748","reason":"追加した回送道路を含めても、公開4社の出発道路ノードから往復可能な経路を確認できない市内区間。"},"geometry":{"type":"LineString","coordinates":[[141.399029,42.951474],[141.39873,42.95135]]}},{"type":"Feature","properties":{"task_id":"224456257:1:2332783748:2332783716","reason":"追加した回送道路を含めても、公開4社の出発道路ノードから往復可能な経路を確認できない市内区間。"},"geometry":{"type":"LineString","coordinates":[[141.39873,42.95135],[141.398502,42.951294]]}},{"type":"Feature","properties":{"task_id":"224456331:0:2332783716:2332783712","reason":"追加した回送道路を含めても、公開4社の出発道路ノードから往復可能な経路を確認できない市内区間。"},"geometry":{"type":"LineString","coordinates":[[141.398502,42.951294],[141.398463,42.951283]]}},{"type":"Feature","properties":{"task_id":"224456331:1:2332783712:2332783703","reason":"追加した回送道路を含めても、公開4社の出発道路ノードから往復可能な経路を確認できない市内区間。"},"geometry":{"type":"LineString","coordinates":[[141.398463,42.951283],[141.397789,42.95126]]}},{"type":"Feature","properties":{"task_id":"224456331:1:2332783703:2332783712","reason":"追加した回送道路を含めても、公開4社の出発道路ノードから往復可能な経路を確認できない市内区間。"},"geometry":{"type":"LineString","coordinates":[[141.397789,42.95126],[141.398463,42.951283]]}},{"type":"Feature","properties":{"task_id":"224456331:0:2332783712:2332783716","reason":"追加した回送道路を含めても、公開4社の出発道路ノードから往復可能な経路を確認できない市内区間。"},"geometry":{"type":"LineString","coordinates":[[141.398463,42.951283],[141.398502,42.951294]]}},{"type":"Feature","properties":{"task_id":"224456505:4:2332783716:2332783708","reason":"追加した回送道路を含めても、公開4社の出発道路ノードから往復可能な経路を確認できない市内区間。"},"geometry":{"type":"LineString","coordinates":[[141.398502,42.951294],[141.398502,42.951266]]}},{"type":"Feature","properties":{"task_id":"224456505:3:2332783708:2332783526","reason":"追加した回送道路を含めても、公開4社の出発道路ノードから往復可能な経路を確認できない市内区間。"},"geometry":{"type":"LineString","coordinates":[[141.398502,42.951266],[141.39841,42.950574]]}},{"type":"Feature","properties":{"task_id":"224456505:2:2332783526:2332783395","reason":"追加した回送道路を含めても、公開4社の出発道路ノードから往復可能な経路を確認できない市内区間。"},"geometry":{"type":"LineString","coordinates":[[141.39841,42.950574],[141.398264,42.94956]]}},{"type":"Feature","properties":{"task_id":"224456505:1:2332783395:2332783314","reason":"追加した回送道路を含めても、公開4社の出発道路ノードから往復可能な経路を確認できない市内区間。"},"geometry":{"type":"LineString","coordinates":[[141.398264,42.94956],[141.398211,42.94916]]}},{"type":"Feature","properties":{"task_id":"224456505:0:2332783314:2332783236","reason":"追加した回送道路を含めても、公開4社の出発道路ノードから往復可能な経路を確認できない市内区間。"},"geometry":{"type":"LineString","coordinates":[[141.398211,42.94916],[141.398142,42.948738]]}},{"type":"Feature","properties":{"task_id":"224456302:2:2332783236:2332783248","reason":"追加した回送道路を含めても、公開4社の出発道路ノードから往復可能な経路を確認できない市内区間。"},"geometry":{"type":"LineString","coordinates":[[141.398142,42.948738],[141.398395,42.948822]]}},{"type":"Feature","properties":{"task_id":"224456302:1:2332783248:2332783272","reason":"追加した回送道路を含めても、公開4社の出発道路ノードから往復可能な経路を確認できない市内区間。"},"geometry":{"type":"LineString","coordinates":[[141.398395,42.948822],[141.398762,42.948997]]}},{"type":"Feature","properties":{"task_id":"224456302:0:2332783272:2332783284","reason":"追加した回送道路を含めても、公開4社の出発道路ノードから往復可能な経路を確認できない市内区間。"},"geometry":{"type":"LineString","coordinates":[[141.398762,42.948997],[141.398816,42.949025]]}},{"type":"Feature","properties":{"task_id":"224456597:0:2332783284:2332783295","reason":"追加した回送道路を含めても、公開4社の出発道路ノードから往復可能な経路を確認できない市内区間。"},"geometry":{"type":"LineString","coordinates":[[141.398816,42.949025],[141.398893,42.949065]]}},{"type":"Feature","properties":{"task_id":"224456597:1:2332783295:2332783297","reason":"追加した回送道路を含めても、公開4社の出発道路ノードから往復可能な経路を確認できない市内区間。"},"geometry":{"type":"LineString","coordinates":[[141.398893,42.949065],[141.398916,42.94907]]}},{"type":"Feature","properties":{"task_id":"224456597:2:2332783297:2332783312","reason":"追加した回送道路を含めても、公開4社の出発道路ノードから往復可能な経路を確認できない市内区間。"},"geometry":{"type":"LineString","coordinates":[[141.398916,42.94907],[141.399038,42.949155]]}},{"type":"Feature","properties":{"task_id":"224456597:3:2332783312:2332783316","reason":"追加した回送道路を含めても、公開4社の出発道路ノードから往復可能な経路を確認できない市内区間。"},"geometry":{"type":"LineString","coordinates":[[141.399038,42.949155],[141.399038,42.94916]]}},{"type":"Feature","properties":{"task_id":"224456597:4:2332783316:2332783325","reason":"追加した回送道路を含めても、公開4社の出発道路ノードから往復可能な経路を確認できない市内区間。"},"geometry":{"type":"LineString","coordinates":[[141.399038,42.94916],[141.399069,42.949233]]}},{"type":"Feature","properties":{"task_id":"224456597:5:2332783325:2332783434","reason":"追加した回送道路を含めても、公開4社の出発道路ノードから往復可能な経路を確認できない市内区間。"},"geometry":{"type":"LineString","coordinates":[[141.399069,42.949233],[141.399099,42.949887]]}},{"type":"Feature","properties":{"task_id":"224456597:6:2332783434:2332783443","reason":"追加した回送道路を含めても、公開4社の出発道路ノードから往復可能な経路を確認できない市内区間。"},"geometry":{"type":"LineString","coordinates":[[141.399099,42.949887],[141.399114,42.950005]]}},{"type":"Feature","properties":{"task_id":"224456597:6:2332783443:2332783434","reason":"追加した回送道路を含めても、公開4社の出発道路ノードから往復可能な経路を確認できない市内区間。"},"geometry":{"type":"LineString","coordinates":[[141.399114,42.950005],[141.399099,42.949887]]}},{"type":"Feature","properties":{"task_id":"224456597:5:2332783434:2332783325","reason":"追加した回送道路を含めても、公開4社の出発道路ノードから往復可能な経路を確認できない市内区間。"},"geometry":{"type":"LineString","coordinates":[[141.399099,42.949887],[141.399069,42.949233]]}},{"type":"Feature","properties":{"task_id":"224456597:4:2332783325:2332783316","reason":"追加した回送道路を含めても、公開4社の出発道路ノードから往復可能な経路を確認できない市内区間。"},"geometry":{"type":"LineString","coordinates":[[141.399069,42.949233],[141.399038,42.94916]]}},{"type":"Feature","properties":{"task_id":"224456597:3:2332783316:2332783312","reason":"追加した回送道路を含めても、公開4社の出発道路ノードから往復可能な経路を確認できない市内区間。"},"geometry":{"type":"LineString","coordinates":[[141.399038,42.94916],[141.399038,42.949155]]}},{"type":"Feature","properties":{"task_id":"224456597:2:2332783312:2332783297","reason":"追加した回送道路を含めても、公開4社の出発道路ノードから往復可能な経路を確認できない市内区間。"},"geometry":{"type":"LineString","coordinates":[[141.399038,42.949155],[141.398916,42.94907]]}},{"type":"Feature","properties":{"task_id":"224456597:1:2332783297:2332783295","reason":"追加した回送道路を含めても、公開4社の出発道路ノードから往復可能な経路を確認できない市内区間。"},"geometry":{"type":"LineString","coordinates":[[141.398916,42.94907],[141.398893,42.949065]]}},{"type":"Feature","properties":{"task_id":"224456597:0:2332783295:2332783284","reason":"追加した回送道路を含めても、公開4社の出発道路ノードから往復可能な経路を確認できない市内区間。"},"geometry":{"type":"LineString","coordinates":[[141.398893,42.949065],[141.398816,42.949025]]}},{"type":"Feature","properties":{"task_id":"224456152:0:2332783284:2332783214","reason":"追加した回送道路を含めても、公開4社の出発道路ノードから往復可能な経路を確認できない市内区間。"},"geometry":{"type":"LineString","coordinates":[[141.398816,42.949025],[141.398941,42.9485]]}},{"type":"Feature","properties":{"task_id":"224456046:0:2332783214:2332783172","reason":"追加した回送道路を含めても、公開4社の出発道路ノードから往復可能な経路を確認できない市内区間。"},"geometry":{"type":"LineString","coordinates":[[141.398941,42.9485],[141.398847,42.94826]]}},{"type":"Feature","properties":{"task_id":"224456046:1:2332783172:2332783149","reason":"追加した回送道路を含めても、公開4社の出発道路ノードから往復可能な経路を確認できない市内区間。"},"geometry":{"type":"LineString","coordinates":[[141.398847,42.94826],[141.398847,42.948137]]}},{"type":"Feature","properties":{"task_id":"224456046:2:2332783149:2332783083","reason":"追加した回送道路を含めても、公開4社の出発道路ノードから往復可能な経路を確認できない市内区間。"},"geometry":{"type":"LineString","coordinates":[[141.398847,42.948137],[141.398992,42.947758]]}},{"type":"Feature","properties":{"task_id":"224456046:3:2332783083:2332783082","reason":"追加した回送道路を含めても、公開4社の出発道路ノードから往復可能な経路を確認できない市内区間。"},"geometry":{"type":"LineString","coordinates":[[141.398992,42.947758],[141.399008,42.947737]]}},{"type":"Feature","properties":{"task_id":"224456046:4:2332783082:2332783056","reason":"追加した回送道路を含めても、公開4社の出発道路ノードから往復可能な経路を確認できない市内区間。"},"geometry":{"type":"LineString","coordinates":[[141.399008,42.947737],[141.399038,42.947585]]}},{"type":"Feature","properties":{"task_id":"224456046:5:2332783056:2332783036","reason":"追加した回送道路を含めても、公開4社の出発道路ノードから往復可能な経路を確認できない市内区間。"},"geometry":{"type":"LineString","coordinates":[[141.399038,42.947585],[141.399023,42.947477]]}},{"type":"Feature","properties":{"task_id":"224456046:6:2332783036:2332783023","reason":"追加した回送道路を含めても、公開4社の出発道路ノードから往復可能な経路を確認できない市内区間。"},"geometry":{"type":"LineString","coordinates":[[141.399023,42.947477],[141.398984,42.947393]]}},{"type":"Feature","properties":{"task_id":"224456046:7:2332783023:2332783001","reason":"追加した回送道路を含めても、公開4社の出発道路ノードから往復可能な経路を確認できない市内区間。"},"geometry":{"type":"LineString","coordinates":[[141.398984,42.947393],[141.398893,42.947286]]}},{"type":"Feature","properties":{"task_id":"224456046:8:2332783001:2332782987","reason":"追加した回送道路を含めても、公開4社の出発道路ノードから往復可能な経路を確認できない市内区間。"},"geometry":{"type":"LineString","coordinates":[[141.398893,42.947286],[141.39877,42.947212]]}},{"type":"Feature","properties":{"task_id":"224456046:9:2332782987:2332782977","reason":"追加した回送道路を含めても、公開4社の出発道路ノードから往復可能な経路を確認できない市内区間。"},"geometry":{"type":"LineString","coordinates":[[141.39877,42.947212],[141.398624,42.947167]]}},{"type":"Feature","properties":{"task_id":"224456046:9:2332782977:2332782987","reason":"追加した回送道路を含めても、公開4社の出発道路ノードから往復可能な経路を確認できない市内区間。"},"geometry":{"type":"LineString","coordinates":[[141.398624,42.947167],[141.39877,42.947212]]}},{"type":"Feature","properties":{"task_id":"224456046:8:2332782987:2332783001","reason":"追加した回送道路を含めても、公開4社の出発道路ノードから往復可能な経路を確認できない市内区間。"},"geometry":{"type":"LineString","coordinates":[[141.39877,42.947212],[141.398893,42.947286]]}},{"type":"Feature","properties":{"task_id":"224456046:7:2332783001:2332783023","reason":"追加した回送道路を含めても、公開4社の出発道路ノードから往復可能な経路を確認できない市内区間。"},"geometry":{"type":"LineString","coordinates":[[141.398893,42.947286],[141.398984,42.947393]]}},{"type":"Feature","properties":{"task_id":"224456046:6:2332783023:2332783036","reason":"追加した回送道路を含めても、公開4社の出発道路ノードから往復可能な経路を確認できない市内区間。"},"geometry":{"type":"LineString","coordinates":[[141.398984,42.947393],[141.399023,42.947477]]}},{"type":"Feature","properties":{"task_id":"224456046:5:2332783036:2332783056","reason":"追加した回送道路を含めても、公開4社の出発道路ノードから往復可能な経路を確認できない市内区間。"},"geometry":{"type":"LineString","coordinates":[[141.399023,42.947477],[141.399038,42.947585]]}},{"type":"Feature","properties":{"task_id":"224456046:4:2332783056:2332783082","reason":"追加した回送道路を含めても、公開4社の出発道路ノードから往復可能な経路を確認できない市内区間。"},"geometry":{"type":"LineString","coordinates":[[141.399038,42.947585],[141.399008,42.947737]]}},{"type":"Feature","properties":{"task_id":"224456046:3:2332783082:2332783083","reason":"追加した回送道路を含めても、公開4社の出発道路ノードから往復可能な経路を確認できない市内区間。"},"geometry":{"type":"LineString","coordinates":[[141.399008,42.947737],[141.398992,42.947758]]}},{"type":"Feature","properties":{"task_id":"224456046:2:2332783083:2332783149","reason":"追加した回送道路を含めても、公開4社の出発道路ノードから往復可能な経路を確認できない市内区間。"},"geometry":{"type":"LineString","coordinates":[[141.398992,42.947758],[141.398847,42.948137]]}},{"type":"Feature","properties":{"task_id":"224456046:1:2332783149:2332783172","reason":"追加した回送道路を含めても、公開4社の出発道路ノードから往復可能な経路を確認できない市内区間。"},"geometry":{"type":"LineString","coordinates":[[141.398847,42.948137],[141.398847,42.94826]]}},{"type":"Feature","properties":{"task_id":"224456046:0:2332783172:2332783214","reason":"追加した回送道路を含めても、公開4社の出発道路ノードから往復可能な経路を確認できない市内区間。"},"geometry":{"type":"LineString","coordinates":[[141.398847,42.94826],[141.398941,42.9485]]}},{"type":"Feature","properties":{"task_id":"224456152:0:2332783214:2332783284","reason":"追加した回送道路を含めても、公開4社の出発道路ノードから往復可能な経路を確認できない市内区間。"},"geometry":{"type":"LineString","coordinates":[[141.398941,42.9485],[141.398816,42.949025]]}},{"type":"Feature","properties":{"task_id":"224456302:0:2332783284:2332783272","reason":"追加した回送道路を含めても、公開4社の出発道路ノードから往復可能な経路を確認できない市内区間。"},"geometry":{"type":"LineString","coordinates":[[141.398816,42.949025],[141.398762,42.948997]]}},{"type":"Feature","properties":{"task_id":"224456302:1:2332783272:2332783248","reason":"追加した回送道路を含めても、公開4社の出発道路ノードから往復可能な経路を確認できない市内区間。"},"geometry":{"type":"LineString","coordinates":[[141.398762,42.948997],[141.398395,42.948822]]}},{"type":"Feature","properties":{"task_id":"224456302:2:2332783248:2332783236","reason":"追加した回送道路を含めても、公開4社の出発道路ノードから往復可能な経路を確認できない市内区間。"},"geometry":{"type":"LineString","coordinates":[[141.398395,42.948822],[141.398142,42.948738]]}},{"type":"Feature","properties":{"task_id":"224456316:0:2332783236:2332783220","reason":"追加した回送道路を含めても、公開4社の出発道路ノードから往復可能な経路を確認できない市内区間。"},"geometry":{"type":"LineString","coordinates":[[141.398142,42.948738],[141.398111,42.948552]]}},{"type":"Feature","properties":{"task_id":"224456316:1:2332783220:2332783204","reason":"追加した回送道路を含めても、公開4社の出発道路ノードから往復可能な経路を確認できない市内区間。"},"geometry":{"type":"LineString","coordinates":[[141.398111,42.948552],[141.398104,42.948445]]}},{"type":"Feature","properties":{"task_id":"224456316:2:2332783204:2332783085","reason":"追加した回送道路を含めても、公開4社の出発道路ノードから往復可能な経路を確認できない市内区間。"},"geometry":{"type":"LineString","coordinates":[[141.398104,42.948445],[141.398012,42.947775]]}},{"type":"Feature","properties":{"task_id":"224456316:2:2332783085:2332783204","reason":"追加した回送道路を含めても、公開4社の出発道路ノードから往復可能な経路を確認できない市内区間。"},"geometry":{"type":"LineString","coordinates":[[141.398012,42.947775],[141.398104,42.948445]]}},{"type":"Feature","properties":{"task_id":"224456316:1:2332783204:2332783220","reason":"追加した回送道路を含めても、公開4社の出発道路ノードから往復可能な経路を確認できない市内区間。"},"geometry":{"type":"LineString","coordinates":[[141.398104,42.948445],[141.398111,42.948552]]}},{"type":"Feature","properties":{"task_id":"224456316:0:2332783220:2332783236","reason":"追加した回送道路を含めても、公開4社の出発道路ノードから往復可能な経路を確認できない市内区間。"},"geometry":{"type":"LineString","coordinates":[[141.398111,42.948552],[141.398142,42.948738]]}},{"type":"Feature","properties":{"task_id":"224456505:0:2332783236:2332783314","reason":"追加した回送道路を含めても、公開4社の出発道路ノードから往復可能な経路を確認できない市内区間。"},"geometry":{"type":"LineString","coordinates":[[141.398142,42.948738],[141.398211,42.94916]]}},{"type":"Feature","properties":{"task_id":"224456505:1:2332783314:2332783395","reason":"追加した回送道路を含めても、公開4社の出発道路ノードから往復可能な経路を確認できない市内区間。"},"geometry":{"type":"LineString","coordinates":[[141.398211,42.94916],[141.398264,42.94956]]}},{"type":"Feature","properties":{"task_id":"224456505:2:2332783395:2332783526","reason":"追加した回送道路を含めても、公開4社の出発道路ノードから往復可能な経路を確認できない市内区間。"},"geometry":{"type":"LineString","coordinates":[[141.398264,42.94956],[141.39841,42.950574]]}},{"type":"Feature","properties":{"task_id":"224456505:3:2332783526:2332783708","reason":"追加した回送道路を含めても、公開4社の出発道路ノードから往復可能な経路を確認できない市内区間。"},"geometry":{"type":"LineString","coordinates":[[141.39841,42.950574],[141.398502,42.951266]]}},{"type":"Feature","properties":{"task_id":"224456505:4:2332783708:2332783716","reason":"追加した回送道路を含めても、公開4社の出発道路ノードから往復可能な経路を確認できない市内区間。"},"geometry":{"type":"LineString","coordinates":[[141.398502,42.951266],[141.398502,42.951294]]}},{"type":"Feature","properties":{"task_id":"224456257:1:2332783716:2332783748","reason":"追加した回送道路を含めても、公開4社の出発道路ノードから往復可能な経路を確認できない市内区間。"},"geometry":{"type":"LineString","coordinates":[[141.398502,42.951294],[141.39873,42.95135]]}},{"type":"Feature","properties":{"task_id":"224456257:0:2332783748:2332783779","reason":"追加した回送道路を含めても、公開4社の出発道路ノードから往復可能な経路を確認できない市内区間。"},"geometry":{"type":"LineString","coordinates":[[141.39873,42.95135],[141.399029,42.951474]]}},{"type":"Feature","properties":{"task_id":"224456597:7:2332783779:2332783443","reason":"追加した回送道路を含めても、公開4社の出発道路ノードから往復可能な経路を確認できない市内区間。"},"geometry":{"type":"LineString","coordinates":[[141.399029,42.951474],[141.399114,42.950005]]}},{"type":"Feature","properties":{"task_id":"224456597:7:2332783443:2332783779","reason":"追加した回送道路を含めても、公開4社の出発道路ノードから往復可能な経路を確認できない市内区間。"},"geometry":{"type":"LineString","coordinates":[[141.399114,42.950005],[141.399029,42.951474]]}},{"type":"Feature","properties":{"task_id":"224456559:5:2332783779:2332783819","reason":"追加した回送道路を含めても、公開4社の出発道路ノードから往復可能な経路を確認できない市内区間。"},"geometry":{"type":"LineString","coordinates":[[141.399029,42.951474],[141.399228,42.951654]]}},{"type":"Feature","properties":{"task_id":"224456559:4:2332783819:2332783893","reason":"追加した回送道路を含めても、公開4社の出発道路ノードから往復可能な経路を確認できない市内区間。"},"geometry":{"type":"LineString","coordinates":[[141.399228,42.951654],[141.39939,42.951885]]}},{"type":"Feature","properties":{"task_id":"224456559:3:2332783893:2332783917","reason":"追加した回送道路を含めても、公開4社の出発道路ノードから往復可能な経路を確認できない市内区間。"},"geometry":{"type":"LineString","coordinates":[[141.39939,42.951885],[141.399481,42.952071]]}},{"type":"Feature","properties":{"task_id":"224456559:2:2332783917:2332783928","reason":"追加した回送道路を含めても、公開4社の出発道路ノードから往復可能な経路を確認できない市内区間。"},"geometry":{"type":"LineString","coordinates":[[141.399481,42.952071],[141.399497,42.952127]]}},{"type":"Feature","properties":{"task_id":"224456559:1:2332783928:2332783973","reason":"追加した回送道路を含めても、公開4社の出発道路ノードから往復可能な経路を確認できない市内区間。"},"geometry":{"type":"LineString","coordinates":[[141.399497,42.952127],[141.399535,42.952414]]}},{"type":"Feature","properties":{"task_id":"224456559:0:2332783973:2332784020","reason":"追加した回送道路を含めても、公開4社の出発道路ノードから往復可能な経路を確認できない市内区間。"},"geometry":{"type":"LineString","coordinates":[[141.399535,42.952414],[141.399515,42.95266]]}},{"type":"Feature","properties":{"task_id":"224456602:7:2332784020:2332783963","reason":"追加した回送道路を含めても、公開4社の出発道路ノードから往復可能な経路を確認できない市内区間。"},"geometry":{"type":"LineString","coordinates":[[141.399515,42.95266],[141.399022,42.952358]]}},{"type":"Feature","properties":{"task_id":"224456602:6:2332783963:2332783946","reason":"追加した回送道路を含めても、公開4社の出発道路ノードから往復可能な経路を確認できない市内区間。"},"geometry":{"type":"LineString","coordinates":[[141.399022,42.952358],[141.39877,42.952251]]}},{"type":"Feature","properties":{"task_id":"224456602:5:2332783946:2332783934","reason":"追加した回送道路を含めても、公開4社の出発道路ノードから往復可能な経路を確認できない市内区間。"},"geometry":{"type":"LineString","coordinates":[[141.39877,42.952251],[141.398485,42.952166]]}},{"type":"Feature","properties":{"task_id":"224456602:4:2332783934:2332783931","reason":"追加した回送道路を含めても、公開4社の出発道路ノードから往復可能な経路を確認できない市内区間。"},"geometry":{"type":"LineString","coordinates":[[141.398485,42.952166],[141.39847,42.952155]]}},{"type":"Feature","properties":{"task_id":"224456602:3:2332783931:2332783922","reason":"追加した回送道路を含めても、公開4社の出発道路ノードから往復可能な経路を確認できない市内区間。"},"geometry":{"type":"LineString","coordinates":[[141.39847,42.952155],[141.398172,42.952104]]}},{"type":"Feature","properties":{"task_id":"224456602:2:2332783922:2332783910","reason":"追加した回送道路を含めても、公開4社の出発道路ノードから往復可能な経路を確認できない市内区間。"},"geometry":{"type":"LineString","coordinates":[[141.398172,42.952104],[141.397644,42.95202]]}},{"type":"Feature","properties":{"task_id":"224456602:1:2332783910:2332783903","reason":"追加した回送道路を含めても、公開4社の出発道路ノードから往復可能な経路を確認できない市内区間。"},"geometry":{"type":"LineString","coordinates":[[141.397644,42.95202],[141.397345,42.951964]]}},{"type":"Feature","properties":{"task_id":"224456602:0:2332783903:2332783883","reason":"追加した回送道路を含めても、公開4社の出発道路ノードから往復可能な経路を確認できない市内区間。"},"geometry":{"type":"LineString","coordinates":[[141.397345,42.951964],[141.396556,42.951851]]}},{"type":"Feature","properties":{"task_id":"224456474:4:2332783883:2332783839","reason":"追加した回送道路を含めても、公開4社の出発道路ノードから往復可能な経路を確認できない市内区間。"},"geometry":{"type":"LineString","coordinates":[[141.396556,42.951851],[141.396656,42.951688]]}},{"type":"Feature","properties":{"task_id":"224456474:3:2332783839:2332783731","reason":"追加した回送道路を含めても、公開4社の出発道路ノードから往復可能な経路を確認できない市内区間。"},"geometry":{"type":"LineString","coordinates":[[141.396656,42.951688],[141.396855,42.951333]]}},{"type":"Feature","properties":{"task_id":"224456474:2:2332783731:2332783710","reason":"追加した回送道路を含めても、公開4社の出発道路ノードから往復可能な経路を確認できない市内区間。"},"geometry":{"type":"LineString","coordinates":[[141.396855,42.951333],[141.396993,42.951283]]}},{"type":"Feature","properties":{"task_id":"224456474:1:2332783710:2332783705","reason":"追加した回送道路を含めても、公開4社の出発道路ノードから往復可能な経路を確認できない市内区間。"},"geometry":{"type":"LineString","coordinates":[[141.396993,42.951283],[141.397131,42.951266]]}},{"type":"Feature","properties":{"task_id":"224456474:0:2332783705:2332783701","reason":"追加した回送道路を含めても、公開4社の出発道路ノードから往復可能な経路を確認できない市内区間。"},"geometry":{"type":"LineString","coordinates":[[141.397131,42.951266],[141.397698,42.95126]]}},{"type":"Feature","properties":{"task_id":"224456331:2:2332783701:2332783703","reason":"追加した回送道路を含めても、公開4社の出発道路ノードから往復可能な経路を確認できない市内区間。"},"geometry":{"type":"LineString","coordinates":[[141.397698,42.95126],[141.397789,42.95126]]}},{"type":"Feature","properties":{"task_id":"224456331:2:2332783703:2332783701","reason":"追加した回送道路を含めても、公開4社の出発道路ノードから往復可能な経路を確認できない市内区間。"},"geometry":{"type":"LineString","coordinates":[[141.397789,42.95126],[141.397698,42.95126]]}},{"type":"Feature","properties":{"task_id":"224455993:8:2332783701:2332783672","reason":"追加した回送道路を含めても、公開4社の出発道路ノードから往復可能な経路を確認できない市内区間。"},"geometry":{"type":"LineString","coordinates":[[141.397698,42.95126],[141.397698,42.951159]]}},{"type":"Feature","properties":{"task_id":"224455993:7:2332783672:2332783560","reason":"追加した回送道路を含めても、公開4社の出発道路ノードから往復可能な経路を確認できない市内区間。"},"geometry":{"type":"LineString","coordinates":[[141.397698,42.951159],[141.397644,42.950843]]}},{"type":"Feature","properties":{"task_id":"224455993:6:2332783560:2332783476","reason":"追加した回送道路を含めても、公開4社の出発道路ノードから往復可能な経路を確認できない市内区間。"},"geometry":{"type":"LineString","coordinates":[[141.397644,42.950843],[141.397552,42.950179]]}},{"type":"Feature","properties":{"task_id":"224455993:5:2332783476:2332783187","reason":"追加した回送道路を含めても、公開4社の出発道路ノードから往復可能な経路を確認できない市内区間。"},"geometry":{"type":"LineString","coordinates":[[141.397552,42.950179],[141.397537,42.948367]]}},{"type":"Feature","properties":{"task_id":"224455993:4:2332783187:2332783163","reason":"追加した回送道路を含めても、公開4社の出発道路ノードから往復可能な経路を確認できない市内区間。"},"geometry":{"type":"LineString","coordinates":[[141.397537,42.948367],[141.39756,42.948203]]}},{"type":"Feature","properties":{"task_id":"224455993:3:2332783163:2332783144","reason":"追加した回送道路を含めても、公開4社の出発道路ノードから往復可能な経路を確認できない市内区間。"},"geometry":{"type":"LineString","coordinates":[[141.39756,42.948203],[141.397598,42.948102]]}},{"type":"Feature","properties":{"task_id":"224455993:2:2332783144:2332783122","reason":"追加した回送道路を含めても、公開4社の出発道路ノードから往復可能な経路を確認できない市内区間。"},"geometry":{"type":"LineString","coordinates":[[141.397598,42.948102],[141.397713,42.947955]]}},{"type":"Feature","properties":{"task_id":"224455993:1:2332783122:2332783103","reason":"追加した回送道路を含めても、公開4社の出発道路ノードから往復可能な経路を確認できない市内区間。"},"geometry":{"type":"LineString","coordinates":[[141.397713,42.947955],[141.397859,42.947855]]}},{"type":"Feature","properties":{"task_id":"224455993:0:2332783103:2332783085","reason":"追加した回送道路を含めても、公開4社の出発道路ノードから往復可能な経路を確認できない市内区間。"},"geometry":{"type":"LineString","coordinates":[[141.397859,42.947855],[141.398012,42.947775]]}},{"type":"Feature","properties":{"task_id":"224456046:14:2332783085:2332783067","reason":"追加した回送道路を含めても、公開4社の出発道路ノードから往復可能な経路を確認できない市内区間。"},"geometry":{"type":"LineString","coordinates":[[141.398012,42.947775],[141.398012,42.947652]]}},{"type":"Feature","properties":{"task_id":"224456046:13:2332783067:2332783025","reason":"追加した回送道路を含めても、公開4社の出発道路ノードから往復可能な経路を確認できない市内区間。"},"geometry":{"type":"LineString","coordinates":[[141.398012,42.947652],[141.398234,42.947405]]}},{"type":"Feature","properties":{"task_id":"224456046:12:2332783025:2332782982","reason":"追加した回送道路を含めても、公開4社の出発道路ノードから往復可能な経路を確認できない市内区間。"},"geometry":{"type":"LineString","coordinates":[[141.398234,42.947405],[141.398441,42.94719]]}},{"type":"Feature","properties":{"task_id":"224456046:11:2332782982:2332782981","reason":"追加した回送道路を含めても、公開4社の出発道路ノードから往復可能な経路を確認できない市内区間。"},"geometry":{"type":"LineString","coordinates":[[141.398441,42.94719],[141.398502,42.947173]]}},{"type":"Feature","properties":{"task_id":"224456046:10:2332782981:2332782977","reason":"追加した回送道路を含めても、公開4社の出発道路ノードから往復可能な経路を確認できない市内区間。"},"geometry":{"type":"LineString","coordinates":[[141.398502,42.947173],[141.398624,42.947167]]}},{"type":"Feature","properties":{"task_id":"224456046:10:2332782977:2332782981","reason":"追加した回送道路を含めても、公開4社の出発道路ノードから往復可能な経路を確認できない市内区間。"},"geometry":{"type":"LineString","coordinates":[[141.398624,42.947167],[141.398502,42.947173]]}},{"type":"Feature","properties":{"task_id":"224456046:11:2332782981:2332782982","reason":"追加した回送道路を含めても、公開4社の出発道路ノードから往復可能な経路を確認できない市内区間。"},"geometry":{"type":"LineString","coordinates":[[141.398502,42.947173],[141.398441,42.94719]]}},{"type":"Feature","properties":{"task_id":"224456046:12:2332782982:2332783025","reason":"追加した回送道路を含めても、公開4社の出発道路ノードから往復可能な経路を確認できない市内区間。"},"geometry":{"type":"LineString","coordinates":[[141.398441,42.94719],[141.398234,42.947405]]}},{"type":"Feature","properties":{"task_id":"224456046:13:2332783025:2332783067","reason":"追加した回送道路を含めても、公開4社の出発道路ノードから往復可能な経路を確認できない市内区間。"},"geometry":{"type":"LineString","coordinates":[[141.398234,42.947405],[141.398012,42.947652]]}},{"type":"Feature","properties":{"task_id":"224456046:14:2332783067:2332783085","reason":"追加した回送道路を含めても、公開4社の出発道路ノードから往復可能な経路を確認できない市内区間。"},"geometry":{"type":"LineString","coordinates":[[141.398012,42.947652],[141.398012,42.947775]]}},{"type":"Feature","properties":{"task_id":"224455993:0:2332783085:2332783103","reason":"追加した回送道路を含めても、公開4社の出発道路ノードから往復可能な経路を確認できない市内区間。"},"geometry":{"type":"LineString","coordinates":[[141.398012,42.947775],[141.397859,42.947855]]}},{"type":"Feature","properties":{"task_id":"224455993:1:2332783103:2332783122","reason":"追加した回送道路を含めても、公開4社の出発道路ノードから往復可能な経路を確認できない市内区間。"},"geometry":{"type":"LineString","coordinates":[[141.397859,42.947855],[141.397713,42.947955]]}},{"type":"Feature","properties":{"task_id":"224455993:2:2332783122:2332783144","reason":"追加した回送道路を含めても、公開4社の出発道路ノードから往復可能な経路を確認できない市内区間。"},"geometry":{"type":"LineString","coordinates":[[141.397713,42.947955],[141.397598,42.948102]]}},{"type":"Feature","properties":{"task_id":"224455993:3:2332783144:2332783163","reason":"追加した回送道路を含めても、公開4社の出発道路ノードから往復可能な経路を確認できない市内区間。"},"geometry":{"type":"LineString","coordinates":[[141.397598,42.948102],[141.39756,42.948203]]}},{"type":"Feature","properties":{"task_id":"224455993:4:2332783163:2332783187","reason":"追加した回送道路を含めても、公開4社の出発道路ノードから往復可能な経路を確認できない市内区間。"},"geometry":{"type":"LineString","coordinates":[[141.39756,42.948203],[141.397537,42.948367]]}},{"type":"Feature","properties":{"task_id":"224455993:5:2332783187:2332783476","reason":"追加した回送道路を含めても、公開4社の出発道路ノードから往復可能な経路を確認できない市内区間。"},"geometry":{"type":"LineString","coordinates":[[141.397537,42.948367],[141.397552,42.950179]]}},{"type":"Feature","properties":{"task_id":"224455993:6:2332783476:2332783560","reason":"追加した回送道路を含めても、公開4社の出発道路ノードから往復可能な経路を確認できない市内区間。"},"geometry":{"type":"LineString","coordinates":[[141.397552,42.950179],[141.397644,42.950843]]}},{"type":"Feature","properties":{"task_id":"224455993:7:2332783560:2332783672","reason":"追加した回送道路を含めても、公開4社の出発道路ノードから往復可能な経路を確認できない市内区間。"},"geometry":{"type":"LineString","coordinates":[[141.397644,42.950843],[141.397698,42.951159]]}},{"type":"Feature","properties":{"task_id":"224455993:8:2332783672:2332783701","reason":"追加した回送道路を含めても、公開4社の出発道路ノードから往復可能な経路を確認できない市内区間。"},"geometry":{"type":"LineString","coordinates":[[141.397698,42.951159],[141.397698,42.95126]]}},{"type":"Feature","properties":{"task_id":"224456474:0:2332783701:2332783705","reason":"追加した回送道路を含めても、公開4社の出発道路ノードから往復可能な経路を確認できない市内区間。"},"geometry":{"type":"LineString","coordinates":[[141.397698,42.95126],[141.397131,42.951266]]}},{"type":"Feature","properties":{"task_id":"224456474:1:2332783705:2332783710","reason":"追加した回送道路を含めても、公開4社の出発道路ノードから往復可能な経路を確認できない市内区間。"},"geometry":{"type":"LineString","coordinates":[[141.397131,42.951266],[141.396993,42.951283]]}},{"type":"Feature","properties":{"task_id":"224456474:2:2332783710:2332783731","reason":"追加した回送道路を含めても、公開4社の出発道路ノードから往復可能な経路を確認できない市内区間。"},"geometry":{"type":"LineString","coordinates":[[141.396993,42.951283],[141.396855,42.951333]]}},{"type":"Feature","properties":{"task_id":"224456474:3:2332783731:2332783839","reason":"追加した回送道路を含めても、公開4社の出発道路ノードから往復可能な経路を確認できない市内区間。"},"geometry":{"type":"LineString","coordinates":[[141.396855,42.951333],[141.396656,42.951688]]}},{"type":"Feature","properties":{"task_id":"224456474:4:2332783839:2332783883","reason":"追加した回送道路を含めても、公開4社の出発道路ノードから往復可能な経路を確認できない市内区間。"},"geometry":{"type":"LineString","coordinates":[[141.396656,42.951688],[141.396556,42.951851]]}},{"type":"Feature","properties":{"task_id":"224456602:0:2332783883:2332783903","reason":"追加した回送道路を含めても、公開4社の出発道路ノードから往復可能な経路を確認できない市内区間。"},"geometry":{"type":"LineString","coordinates":[[141.396556,42.951851],[141.397345,42.951964]]}},{"type":"Feature","properties":{"task_id":"224456602:1:2332783903:2332783910","reason":"追加した回送道路を含めても、公開4社の出発道路ノードから往復可能な経路を確認できない市内区間。"},"geometry":{"type":"LineString","coordinates":[[141.397345,42.951964],[141.397644,42.95202]]}},{"type":"Feature","properties":{"task_id":"224456602:2:2332783910:2332783922","reason":"追加した回送道路を含めても、公開4社の出発道路ノードから往復可能な経路を確認できない市内区間。"},"geometry":{"type":"LineString","coordinates":[[141.397644,42.95202],[141.398172,42.952104]]}},{"type":"Feature","properties":{"task_id":"224456602:3:2332783922:2332783931","reason":"追加した回送道路を含めても、公開4社の出発道路ノードから往復可能な経路を確認できない市内区間。"},"geometry":{"type":"LineString","coordinates":[[141.398172,42.952104],[141.39847,42.952155]]}},{"type":"Feature","properties":{"task_id":"224456602:4:2332783931:2332783934","reason":"追加した回送道路を含めても、公開4社の出発道路ノードから往復可能な経路を確認できない市内区間。"},"geometry":{"type":"LineString","coordinates":[[141.39847,42.952155],[141.398485,42.952166]]}},{"type":"Feature","properties":{"task_id":"224456602:5:2332783934:2332783946","reason":"追加した回送道路を含めても、公開4社の出発道路ノードから往復可能な経路を確認できない市内区間。"},"geometry":{"type":"LineString","coordinates":[[141.398485,42.952166],[141.39877,42.952251]]}},{"type":"Feature","properties":{"task_id":"224456602:6:2332783946:2332783963","reason":"追加した回送道路を含めても、公開4社の出発道路ノードから往復可能な経路を確認できない市内区間。"},"geometry":{"type":"LineString","coordinates":[[141.39877,42.952251],[141.399022,42.952358]]}},{"type":"Feature","properties":{"task_id":"224456602:7:2332783963:2332784020","reason":"追加した回送道路を含めても、公開4社の出発道路ノードから往復可能な経路を確認できない市内区間。"},"geometry":{"type":"LineString","coordinates":[[141.399022,42.952358],[141.399515,42.95266]]}},{"type":"Feature","properties":{"task_id":"224456033:12:2332784020:2332784028","reason":"追加した回送道路を含めても、公開4社の出発道路ノードから往復可能な経路を確認できない市内区間。"},"geometry":{"type":"LineString","coordinates":[[141.399515,42.95266],[141.399642,42.952735]]}},{"type":"Feature","properties":{"task_id":"224456033:11:2332784028:2332784044","reason":"追加した回送道路を含めても、公開4社の出発道路ノードから往復可能な経路を確認できない市内区間。"},"geometry":{"type":"LineString","coordinates":[[141.399642,42.952735],[141.400017,42.952915]]}},{"type":"Feature","properties":{"task_id":"224456033:10:2332784044:2332784055","reason":"追加した回送道路を含めても、公開4社の出発道路ノードから往復可能な経路を確認できない市内区間。"},"geometry":{"type":"LineString","coordinates":[[141.400017,42.952915],[141.400193,42.95305]]}},{"type":"Feature","properties":{"task_id":"224456033:9:2332784055:2332784060","reason":"追加した回送道路を含めても、公開4社の出発道路ノードから往復可能な経路を確認できない市内区間。"},"geometry":{"type":"LineString","coordinates":[[141.400193,42.95305],[141.400277,42.953134]]}},{"type":"Feature","properties":{"task_id":"224456033:8:2332784060:2332784132","reason":"追加した回送道路を含めても、公開4社の出発道路ノードから往復可能な経路を確認できない市内区間。"},"geometry":{"type":"LineString","coordinates":[[141.400277,42.953134],[141.400607,42.953585]]}},{"type":"Feature","properties":{"task_id":"224456033:7:2332784132:2332784154","reason":"追加した回送道路を含めても、公開4社の出発道路ノードから往復可能な経路を確認できない市内区間。"},"geometry":{"type":"LineString","coordinates":[[141.400607,42.953585],[141.400775,42.953776]]}},{"type":"Feature","properties":{"task_id":"224456033:6:2332784154:2332784166","reason":"追加した回送道路を含めても、公開4社の出発道路ノードから往復可能な経路を確認できない市内区間。"},"geometry":{"type":"LineString","coordinates":[[141.400775,42.953776],[141.400905,42.953849]]}},{"type":"Feature","properties":{"task_id":"224456033:5:2332784166:2332784190","reason":"追加した回送道路を含めても、公開4社の出発道路ノードから往復可能な経路を確認できない市内区間。"},"geometry":{"type":"LineString","coordinates":[[141.400905,42.953849],[141.401143,42.953945]]}},{"type":"Feature","properties":{"task_id":"224456033:4:2332784190:2332784192","reason":"追加した回送道路を含めても、公開4社の出発道路ノードから往復可能な経路を確認できない市内区間。"},"geometry":{"type":"LineString","coordinates":[[141.401143,42.953945],[141.401228,42.953962]]}},{"type":"Feature","properties":{"task_id":"224456033:3:2332784192:2332784200","reason":"追加した回送道路を含めても、公開4社の出発道路ノードから往復可能な経路を確認できない市内区間。"},"geometry":{"type":"LineString","coordinates":[[141.401228,42.953962],[141.401389,42.954018]]}},{"type":"Feature","properties":{"task_id":"224456033:2:2332784200:2332784222","reason":"追加した回送道路を含めても、公開4社の出発道路ノードから往復可能な経路を確認できない市内区間。"},"geometry":{"type":"LineString","coordinates":[[141.401389,42.954018],[141.40161,42.954119]]}},{"type":"Feature","properties":{"task_id":"224456033:1:2332784222:2332784238","reason":"追加した回送道路を含めても、公開4社の出発道路ノードから往復可能な経路を確認できない市内区間。"},"geometry":{"type":"LineString","coordinates":[[141.40161,42.954119],[141.401794,42.954277]]}},{"type":"Feature","properties":{"task_id":"224456033:0:2332784238:2332784245","reason":"追加した回送道路を含めても、公開4社の出発道路ノードから往復可能な経路を確認できない市内区間。"},"geometry":{"type":"LineString","coordinates":[[141.401794,42.954277],[141.401902,42.954339]]}},{"type":"Feature","properties":{"task_id":"224456550:5:2332784245:2332784244","reason":"追加した回送道路を含めても、公開4社の出発道路ノードから往復可能な経路を確認できない市内区間。"},"geometry":{"type":"LineString","coordinates":[[141.401902,42.954339],[141.402101,42.954333]]}},{"type":"Feature","properties":{"task_id":"224456550:4:2332784244:2332784242","reason":"追加した回送道路を含めても、公開4社の出発道路ノードから往復可能な経路を確認できない市内区間。"},"geometry":{"type":"LineString","coordinates":[[141.402101,42.954333],[141.40217,42.954322]]}},{"type":"Feature","properties":{"task_id":"224456550:3:2332784242:2332784233","reason":"追加した回送道路を含めても、公開4社の出発道路ノードから往復可能な経路を確認できない市内区間。"},"geometry":{"type":"LineString","coordinates":[[141.40217,42.954322],[141.402277,42.954249]]}},{"type":"Feature","properties":{"task_id":"224456550:2:2332784233:2332784229","reason":"追加した回送道路を含めても、公開4社の出発道路ノードから往復可能な経路を確認できない市内区間。"},"geometry":{"type":"LineString","coordinates":[[141.402277,42.954249],[141.402308,42.954193]]}},{"type":"Feature","properties":{"task_id":"224456550:1:2332784229:2332784227","reason":"追加した回送道路を含めても、公開4社の出発道路ノードから往復可能な経路を確認できない市内区間。"},"geometry":{"type":"LineString","coordinates":[[141.402308,42.954193],[141.402315,42.954153]]}},{"type":"Feature","properties":{"task_id":"224456550:0:2332784227:2332784171","reason":"追加した回送道路を含めても、公開4社の出発道路ノードから往復可能な経路を確認できない市内区間。"},"geometry":{"type":"LineString","coordinates":[[141.402315,42.954153],[141.402354,42.953883]]}},{"type":"Feature","properties":{"task_id":"224456265:1:2332784171:2332784156","reason":"追加した回送道路を含めても、公開4社の出発道路ノードから往復可能な経路を確認できない市内区間。"},"geometry":{"type":"LineString","coordinates":[[141.402354,42.953883],[141.402507,42.953793]]}},{"type":"Feature","properties":{"task_id":"224456265:0:2332784156:2332784147","reason":"追加した回送道路を含めても、公開4社の出発道路ノードから往復可能な経路を確認できない市内区間。"},"geometry":{"type":"LineString","coordinates":[[141.402507,42.953793],[141.402706,42.953742]]}},{"type":"Feature","properties":{"task_id":"224456243:0:2332784147:2332784142","reason":"追加した回送道路を含めても、公開4社の出発道路ノードから往復可能な経路を確認できない市内区間。"},"geometry":{"type":"LineString","coordinates":[[141.402706,42.953742],[141.402859,42.953714]]}},{"type":"Feature","properties":{"task_id":"224456243:1:2332784142:2332784143","reason":"追加した回送道路を含めても、公開4社の出発道路ノードから往復可能な経路を確認できない市内区間。"},"geometry":{"type":"LineString","coordinates":[[141.402859,42.953714],[141.402982,42.953714]]}},{"type":"Feature","properties":{"task_id":"224456305:2:2332784143:2332784167","reason":"追加した回送道路を含めても、公開4社の出発道路ノードから往復可能な経路を確認できない市内区間。"},"geometry":{"type":"LineString","coordinates":[[141.402982,42.953714],[141.403043,42.953855]]}},{"type":"Feature","properties":{"task_id":"224456305:1:2332784167:2332784180","reason":"追加した回送道路を含めても、公開4社の出発道路ノードから往復可能な経路を確認できない市内区間。"},"geometry":{"type":"LineString","coordinates":[[141.403043,42.953855],[141.403051,42.953919]]}},{"type":"Feature","properties":{"task_id":"224456305:0:2332784180:2332784198","reason":"追加した回送道路を含めても、公開4社の出発道路ノードから往復可能な経路を確認できない市内区間。"},"geometry":{"type":"LineString","coordinates":[[141.403051,42.953919],[141.403037,42.953992]]}},{"type":"Feature","properties":{"task_id":"224456351:0:2332784198:2332784219","reason":"追加した回送道路を含めても、公開4社の出発道路ノードから往復可能な経路を確認できない市内区間。"},"geometry":{"type":"LineString","coordinates":[[141.403037,42.953992],[141.402974,42.954097]]}},{"type":"Feature","properties":{"task_id":"224456351:1:2332784219:2332784239","reason":"追加した回送道路を含めても、公開4社の出発道路ノードから往復可能な経路を確認できない市内区間。"},"geometry":{"type":"LineString","coordinates":[[141.402974,42.954097],[141.402874,42.954288]]}},{"type":"Feature","properties":{"task_id":"224456351:2:2332784239:2332784294","reason":"追加した回送道路を含めても、公開4社の出発道路ノードから往復可能な経路を確認できない市内区間。"},"geometry":{"type":"LineString","coordinates":[[141.402874,42.954288],[141.40266,42.9548]]}},{"type":"Feature","properties":{"task_id":"224456351:3:2332784294:2332784305","reason":"追加した回送道路を含めても、公開4社の出発道路ノードから往復可能な経路を確認できない市内区間。"},"geometry":{"type":"LineString","coordinates":[[141.40266,42.9548],[141.402545,42.954913]]}},{"type":"Feature","properties":{"task_id":"224456351:4:2332784305:2332784310","reason":"追加した回送道路を含めても、公開4社の出発道路ノードから往復可能な経路を確認できない市内区間。"},"geometry":{"type":"LineString","coordinates":[[141.402545,42.954913],[141.402453,42.954969]]}},{"type":"Feature","properties":{"task_id":"224456351:5:2332784310:2332784324","reason":"追加した回送道路を含めても、公開4社の出発道路ノードから往復可能な経路を確認できない市内区間。"},"geometry":{"type":"LineString","coordinates":[[141.402453,42.954969],[141.402239,42.955087]]}},{"type":"Feature","properties":{"task_id":"224456351:6:2332784324:2332784345","reason":"追加した回送道路を含めても、公開4社の出発道路ノードから往復可能な経路を確認できない市内区間。"},"geometry":{"type":"LineString","coordinates":[[141.402239,42.955087],[141.402223,42.955239]]}},{"type":"Feature","properties":{"task_id":"224456351:7:2332784345:2332784387","reason":"追加した回送道路を含めても、公開4社の出発道路ノードから往復可能な経路を確認できない市内区間。"},"geometry":{"type":"LineString","coordinates":[[141.402223,42.955239],[141.402261,42.955442]]}},{"type":"Feature","properties":{"task_id":"224456351:8:2332784387:2332784423","reason":"追加した回送道路を含めても、公開4社の出発道路ノードから往復可能な経路を確認できない市内区間。"},"geometry":{"type":"LineString","coordinates":[[141.402261,42.955442],[141.402315,42.955599]]}},{"type":"Feature","properties":{"task_id":"224456351:9:2332784423:2332784458","reason":"追加した回送道路を含めても、公開4社の出発道路ノードから往復可能な経路を確認できない市内区間。"},"geometry":{"type":"LineString","coordinates":[[141.402315,42.955599],[141.402323,42.955723]]}},{"type":"Feature","properties":{"task_id":"224456351:10:2332784458:2332784551","reason":"追加した回送道路を含めても、公開4社の出発道路ノードから往復可能な経路を確認できない市内区間。"},"geometry":{"type":"LineString","coordinates":[[141.402323,42.955723],[141.402231,42.956146]]}},{"type":"Feature","properties":{"task_id":"224456351:11:2332784551:2332784553","reason":"追加した回送道路を含めても、公開4社の出発道路ノードから往復可能な経路を確認できない市内区間。"},"geometry":{"type":"LineString","coordinates":[[141.402231,42.956146],[141.402216,42.956185]]}},{"type":"Feature","properties":{"task_id":"224456351:12:2332784553:2332784597","reason":"追加した回送道路を含めても、公開4社の出発道路ノードから往復可能な経路を確認できない市内区間。"},"geometry":{"type":"LineString","coordinates":[[141.402216,42.956185],[141.402154,42.95646]]}},{"type":"Feature","properties":{"task_id":"224456351:13:2332784597:2332784599","reason":"追加した回送道路を含めても、公開4社の出発道路ノードから往復可能な経路を確認できない市内区間。"},"geometry":{"type":"LineString","coordinates":[[141.402154,42.95646],[141.402139,42.956471]]}},{"type":"Feature","properties":{"task_id":"224456351:14:2332784599:2332784622","reason":"追加した回送道路を含めても、公開4社の出発道路ノードから往復可能な経路を確認できない市内区間。"},"geometry":{"type":"LineString","coordinates":[[141.402139,42.956471],[141.40207,42.956741]]}},{"type":"Feature","properties":{"task_id":"224456351:15:2332784622:2332784624","reason":"追加した回送道路を含めても、公開4社の出発道路ノードから往復可能な経路を確認できない市内区間。"},"geometry":{"type":"LineString","coordinates":[[141.40207,42.956741],[141.402047,42.956792]]}},{"type":"Feature","properties":{"task_id":"224456351:16:2332784624:2332784638","reason":"追加した回送道路を含めても、公開4社の出発道路ノードから往復可能な経路を確認できない市内区間。"},"geometry":{"type":"LineString","coordinates":[[141.402047,42.956792],[141.401978,42.957022]]}},{"type":"Feature","properties":{"task_id":"224456351:17:2332784638:2332784666","reason":"追加した回送道路を含めても、公開4社の出発道路ノードから往復可能な経路を確認できない市内区間。"},"geometry":{"type":"LineString","coordinates":[[141.401978,42.957022],[141.401878,42.957298]]}},{"type":"Feature","properties":{"task_id":"224456351:18:2332784666:2332784717","reason":"追加した回送道路を含めても、公開4社の出発道路ノードから往復可能な経路を確認できない市内区間。"},"geometry":{"type":"LineString","coordinates":[[141.401878,42.957298],[141.401611,42.957957]]}},{"type":"Feature","properties":{"task_id":"224456351:19:2332784717:2332784722","reason":"追加した回送道路を含めても、公開4社の出発道路ノードから往復可能な経路を確認できない市内区間。"},"geometry":{"type":"LineString","coordinates":[[141.401611,42.957957],[141.401526,42.958042]]}},{"type":"Feature","properties":{"task_id":"224456351:20:2332784722:2332784730","reason":"追加した回送道路を含めても、公開4社の出発道路ノードから往復可能な経路を確認できない市内区間。"},"geometry":{"type":"LineString","coordinates":[[141.401526,42.958042],[141.401373,42.958126]]}},{"type":"Feature","properties":{"task_id":"224456351:21:2332784730:2332784742","reason":"追加した回送道路を含めても、公開4社の出発道路ノードから往復可能な経路を確認できない市内区間。"},"geometry":{"type":"LineString","coordinates":[[141.401373,42.958126],[141.400921,42.95825]]}},{"type":"Feature","properties":{"task_id":"224456351:22:2332784742:2332784748","reason":"追加した回送道路を含めても、公開4社の出発道路ノードから往復可能な経路を確認できない市内区間。"},"geometry":{"type":"LineString","coordinates":[[141.400921,42.95825],[141.40076,42.958362]]}},{"type":"Feature","properties":{"task_id":"224456351:23:2332784748:2332784757","reason":"追加した回送道路を含めても、公開4社の出発道路ノードから往復可能な経路を確認できない市内区間。"},"geometry":{"type":"LineString","coordinates":[[141.40076,42.958362],[141.400646,42.958547]]}},{"type":"Feature","properties":{"task_id":"224456351:24:2332784757:2332784763","reason":"追加した回送道路を含めても、公開4社の出発道路ノードから往復可能な経路を確認できない市内区間。"},"geometry":{"type":"LineString","coordinates":[[141.400646,42.958547],[141.400607,42.958712]]}},{"type":"Feature","properties":{"task_id":"224456351:25:2332784763:2332784773","reason":"追加した回送道路を含めても、公開4社の出発道路ノードから往復可能な経路を確認できない市内区間。"},"geometry":{"type":"LineString","coordinates":[[141.400607,42.958712],[141.400607,42.958807]]}},{"type":"Feature","properties":{"task_id":"224456351:26:2332784773:2332784777","reason":"追加した回送道路を含めても、公開4社の出発道路ノードから往復可能な経路を確認できない市内区間。"},"geometry":{"type":"LineString","coordinates":[[141.400607,42.958807],[141.400577,42.958909]]}},{"type":"Feature","properties":{"task_id":"224456351:27:2332784777:2332784785","reason":"追加した回送道路を含めても、公開4社の出発道路ノードから往復可能な経路を確認できない市内区間。"},"geometry":{"type":"LineString","coordinates":[[141.400577,42.958909],[141.400462,42.959055]]}},{"type":"Feature","properties":{"task_id":"224456351:28:2332784785:2332784790","reason":"追加した回送道路を含めても、公開4社の出発道路ノードから往復可能な経路を確認できない市内区間。"},"geometry":{"type":"LineString","coordinates":[[141.400462,42.959055],[141.400293,42.959224]]}},{"type":"Feature","properties":{"task_id":"224456351:29:2332784790:2332784808","reason":"追加した回送道路を含めても、公開4社の出発道路ノードから往復可能な経路を確認できない市内区間。"},"geometry":{"type":"LineString","coordinates":[[141.400293,42.959224],[141.400056,42.959432]]}},{"type":"Feature","properties":{"task_id":"224456351:30:2332784808:2332784815","reason":"追加した回送道路を含めても、公開4社の出発道路ノードから往復可能な経路を確認できない市内区間。"},"geometry":{"type":"LineString","coordinates":[[141.400056,42.959432],[141.399857,42.959652]]}},{"type":"Feature","properties":{"task_id":"224456351:31:2332784815:2332784821","reason":"追加した回送道路を含めても、公開4社の出発道路ノードから往復可能な経路を確認できない市内区間。"},"geometry":{"type":"LineString","coordinates":[[141.399857,42.959652],[141.399757,42.959792]]}},{"type":"Feature","properties":{"task_id":"224456351:32:2332784821:2332784828","reason":"追加した回送道路を含めても、公開4社の出発道路ノードから往復可能な経路を確認できない市内区間。"},"geometry":{"type":"LineString","coordinates":[[141.399757,42.959792],[141.399596,42.960085]]}},{"type":"Feature","properties":{"task_id":"224456351:33:2332784828:2332784837","reason":"追加した回送道路を含めても、公開4社の出発道路ノードから往復可能な経路を確認できない市内区間。"},"geometry":{"type":"LineString","coordinates":[[141.399596,42.960085],[141.399458,42.960411]]}},{"type":"Feature","properties":{"task_id":"224456351:34:2332784837:2332784846","reason":"追加した回送道路を含めても、公開4社の出発道路ノードから往復可能な経路を確認できない市内区間。"},"geometry":{"type":"LineString","coordinates":[[141.399458,42.960411],[141.399374,42.960535]]}},{"type":"Feature","properties":{"task_id":"224456351:35:2332784846:2332784853","reason":"追加した回送道路を含めても、公開4社の出発道路ノードから往復可能な経路を確認できない市内区間。"},"geometry":{"type":"LineString","coordinates":[[141.399374,42.960535],[141.399275,42.960648]]}},{"type":"Feature","properties":{"task_id":"224456351:36:2332784853:2332784856","reason":"追加した回送道路を含めても、公開4社の出発道路ノードから往復可能な経路を確認できない市内区間。"},"geometry":{"type":"LineString","coordinates":[[141.399275,42.960648],[141.399144,42.960726]]}},{"type":"Feature","properties":{"task_id":"224456351:37:2332784856:2332784859","reason":"追加した回送道路を含めても、公開4社の出発道路ノードから往復可能な経路を確認できない市内区間。"},"geometry":{"type":"LineString","coordinates":[[141.399144,42.960726],[141.399068,42.96076]]}},{"type":"Feature","properties":{"task_id":"224456351:38:2332784859:2332784871","reason":"追加した回送道路を含めても、公開4社の出発道路ノードから往復可能な経路を確認できない市内区間。"},"geometry":{"type":"LineString","coordinates":[[141.399068,42.96076],[141.398953,42.96085]]}},{"type":"Feature","properties":{"task_id":"224456351:39:2332784871:2332784875","reason":"追加した回送道路を含めても、公開4社の出発道路ノードから往復可能な経路を確認できない市内区間。"},"geometry":{"type":"LineString","coordinates":[[141.398953,42.96085],[141.398838,42.960968]]}},{"type":"Feature","properties":{"task_id":"224456351:40:2332784875:2332784894","reason":"追加した回送道路を含めても、公開4社の出発道路ノードから往復可能な経路を確認できない市内区間。"},"geometry":{"type":"LineString","coordinates":[[141.398838,42.960968],[141.398746,42.961115]]}},{"type":"Feature","properties":{"task_id":"224456351:41:2332784894:2332784909","reason":"追加した回送道路を含めても、公開4社の出発道路ノードから往復可能な経路を確認できない市内区間。"},"geometry":{"type":"LineString","coordinates":[[141.398746,42.961115],[141.398624,42.961357]]}},{"type":"Feature","properties":{"task_id":"224456351:42:2332784909:2332784914","reason":"追加した回送道路を含めても、公開4社の出発道路ノードから往復可能な経路を確認できない市内区間。"},"geometry":{"type":"LineString","coordinates":[[141.398624,42.961357],[141.398555,42.961424]]}},{"type":"Feature","properties":{"task_id":"224456351:43:2332784914:2332784921","reason":"追加した回送道路を含めても、公開4社の出発道路ノードから往復可能な経路を確認できない市内区間。"},"geometry":{"type":"LineString","coordinates":[[141.398555,42.961424],[141.398356,42.961571]]}},{"type":"Feature","properties":{"task_id":"224456351:44:2332784921:2332784923","reason":"追加した回送道路を含めても、公開4社の出発道路ノードから往復可能な経路を確認できない市内区間。"},"geometry":{"type":"LineString","coordinates":[[141.398356,42.961571],[141.39834,42.961593]]}},{"type":"Feature","properties":{"task_id":"224456351:45:2332784923:2332784925","reason":"追加した回送道路を含めても、公開4社の出発道路ノードから往復可能な経路を確認できない市内区間。"},"geometry":{"type":"LineString","coordinates":[[141.39834,42.961593],[141.398297,42.961625]]}},{"type":"Feature","properties":{"task_id":"224456552:0:2332784925:2332784934","reason":"追加した回送道路を含めても、公開4社の出発道路ノードから往復可能な経路を確認できない市内区間。"},"geometry":{"type":"LineString","coordinates":[[141.398297,42.961625],[141.398156,42.961728]]}},{"type":"Feature","properties":{"task_id":"224456552:1:2332784934:2332784978","reason":"追加した回送道路を含めても、公開4社の出発道路ノードから往復可能な経路を確認できない市内区間。"},"geometry":{"type":"LineString","coordinates":[[141.398156,42.961728],[141.397659,42.962117]]}},{"type":"Feature","properties":{"task_id":"224456552:2:2332784978:2332785001","reason":"追加した回送道路を含めても、公開4社の出発道路ノードから往復可能な経路を確認できない市内区間。"},"geometry":{"type":"LineString","coordinates":[[141.397659,42.962117],[141.397498,42.962269]]}},{"type":"Feature","properties":{"task_id":"224456552:3:2332785001:2332785027","reason":"追加した回送道路を含めても、公開4社の出発道路ノードから往復可能な経路を確認できない市内区間。"},"geometry":{"type":"LineString","coordinates":[[141.397498,42.962269],[141.397253,42.962544]]}},{"type":"Feature","properties":{"task_id":"224456552:4:2332785027:2332785046","reason":"追加した回送道路を含めても、公開4社の出発道路ノードから往復可能な経路を確認できない市内区間。"},"geometry":{"type":"LineString","coordinates":[[141.397253,42.962544],[141.39713,42.962781]]}},{"type":"Feature","properties":{"task_id":"224456552:5:2332785046:2332785073","reason":"追加した回送道路を含めても、公開4社の出発道路ノードから往復可能な経路を確認できない市内区間。"},"geometry":{"type":"LineString","coordinates":[[141.39713,42.962781],[141.397061,42.963028]]}},{"type":"Feature","properties":{"task_id":"224456234:1:2332785073:2332785071","reason":"追加した回送道路を含めても、公開4社の出発道路ノードから往復可能な経路を確認できない市内区間。"},"geometry":{"type":"LineString","coordinates":[[141.397061,42.963028],[141.397031,42.963023]]}},{"type":"Feature","properties":{"task_id":"224456234:0:2332785071:2332785069","reason":"追加した回送道路を含めても、公開4社の出発道路ノードから往復可能な経路を確認できない市内区間。"},"geometry":{"type":"LineString","coordinates":[[141.397031,42.963023],[141.396571,42.963017]]}},{"type":"Feature","properties":{"task_id":"224456037:13:2332785069:2332785061","reason":"追加した回送道路を含めても、公開4社の出発道路ノードから往復可能な経路を確認できない市内区間。"},"geometry":{"type":"LineString","coordinates":[[141.396571,42.963017],[141.39628,42.962983]]}},{"type":"Feature","properties":{"task_id":"224456037:12:2332785061:2332785056","reason":"追加した回送道路を含めても、公開4社の出発道路ノードから往復可能な経路を確認できない市内区間。"},"geometry":{"type":"LineString","coordinates":[[141.39628,42.962983],[141.396135,42.962938]]}},{"type":"Feature","properties":{"task_id":"224456037:11:2332785056:2332785052","reason":"追加した回送道路を含めても、公開4社の出発道路ノードから往復可能な経路を確認できない市内区間。"},"geometry":{"type":"LineString","coordinates":[[141.396135,42.962938],[141.396081,42.962904]]}},{"type":"Feature","properties":{"task_id":"224456037:10:2332785052:2332785048","reason":"追加した回送道路を含めても、公開4社の出発道路ノードから往復可能な経路を確認できない市内区間。"},"geometry":{"type":"LineString","coordinates":[[141.396081,42.962904],[141.395997,42.962814]]}},{"type":"Feature","properties":{"task_id":"224456037:9:2332785048:2332785039","reason":"追加した回送道路を含めても、公開4社の出発道路ノードから往復可能な経路を確認できない市内区間。"},"geometry":{"type":"LineString","coordinates":[[141.395997,42.962814],[141.395936,42.962696]]}},{"type":"Feature","properties":{"task_id":"224456037:8:2332785039:2332785029","reason":"追加した回送道路を含めても、公開4社の出発道路ノードから往復可能な経路を確認できない市内区間。"},"geometry":{"type":"LineString","coordinates":[[141.395936,42.962696],[141.395905,42.962556]]}},{"type":"Feature","properties":{"task_id":"224456037:7:2332785029:2332785010","reason":"追加した回送道路を含めても、公開4社の出発道路ノードから往復可能な経路を確認できない市内区間。"},"geometry":{"type":"LineString","coordinates":[[141.395905,42.962556],[141.395874,42.962308]]}},{"type":"Feature","properties":{"task_id":"224456037:6:2332785010:2332784983","reason":"追加した回送道路を含めても、公開4社の出発道路ノードから往復可能な経路を確認できない市内区間。"},"geometry":{"type":"LineString","coordinates":[[141.395874,42.962308],[141.395828,42.962133]]}},{"type":"Feature","properties":{"task_id":"224456037:5:2332784983:2332784956","reason":"追加した回送道路を含めても、公開4社の出発道路ノードから往復可能な経路を確認できない市内区間。"},"geometry":{"type":"LineString","coordinates":[[141.395828,42.962133],[141.395821,42.961959]]}},{"type":"Feature","properties":{"task_id":"224456037:4:2332784956:2332784926","reason":"追加した回送道路を含めても、公開4社の出発道路ノードから往復可能な経路を確認できない市内区間。"},"geometry":{"type":"LineString","coordinates":[[141.395821,42.961959],[141.395905,42.961649]]}},{"type":"Feature","properties":{"task_id":"224456037:3:2332784926:2332784902","reason":"追加した回送道路を含めても、公開4社の出発道路ノードから往復可能な経路を確認できない市内区間。"},"geometry":{"type":"LineString","coordinates":[[141.395905,42.961649],[141.39592,42.961233]]}},{"type":"Feature","properties":{"task_id":"224456037:2:2332784902:2332784893","reason":"追加した回送道路を含めても、公開4社の出発道路ノードから往復可能な経路を確認できない市内区間。"},"geometry":{"type":"LineString","coordinates":[[141.39592,42.961233],[141.395943,42.961115]]}},{"type":"Feature","properties":{"task_id":"224456037:1:2332784893:2332784880","reason":"追加した回送道路を含めても、公開4社の出発道路ノードから往復可能な経路を確認できない市内区間。"},"geometry":{"type":"LineString","coordinates":[[141.395943,42.961115],[141.395989,42.961025]]}},{"type":"Feature","properties":{"task_id":"224456037:0:2332784880:2332784879","reason":"追加した回送道路を含めても、公開4社の出発道路ノードから往復可能な経路を確認できない市内区間。"},"geometry":{"type":"LineString","coordinates":[[141.395989,42.961025],[141.396,42.960993]]}},{"type":"Feature","properties":{"task_id":"224456451:54:2332784879:2332784858","reason":"追加した回送道路を含めても、公開4社の出発道路ノードから往復可能な経路を確認できない市内区間。"},"geometry":{"type":"LineString","coordinates":[[141.396,42.960993],[141.396081,42.960754]]}},{"type":"Feature","properties":{"task_id":"224456451:53:2332784858:2332784836","reason":"追加した回送道路を含めても、公開4社の出発道路ノードから往復可能な経路を確認できない市内区間。"},"geometry":{"type":"LineString","coordinates":[[141.396081,42.960754],[141.396104,42.960394]]}},{"type":"Feature","properties":{"task_id":"224456451:52:2332784836:2332784827","reason":"追加した回送道路を含めても、公開4社の出発道路ノードから往復可能な経路を確認できない市内区間。"},"geometry":{"type":"LineString","coordinates":[[141.396104,42.960394],[141.396074,42.960085]]}},{"type":"Feature","properties":{"task_id":"224456451:51:2332784827:2332784823","reason":"追加した回送道路を含めても、公開4社の出発道路ノードから往復可能な経路を確認できない市内区間。"},"geometry":{"type":"LineString","coordinates":[[141.396074,42.960085],[141.396051,42.959972]]}},{"type":"Feature","properties":{"task_id":"224456451:50:2332784823:2332784818","reason":"追加した回送道路を含めても、公開4社の出発道路ノードから往復可能な経路を確認できない市内区間。"},"geometry":{"type":"LineString","coordinates":[[141.396051,42.959972],[141.395989,42.959724]]}},{"type":"Feature","properties":{"task_id":"224456451:49:2332784818:2332784812","reason":"追加した回送道路を含めても、公開4社の出発道路ノードから往復可能な経路を確認できない市内区間。"},"geometry":{"type":"LineString","coordinates":[[141.395989,42.959724],[141.395928,42.959561]]}},{"type":"Feature","properties":{"task_id":"224456451:48:2332784812:2332784796","reason":"追加した回送道路を含めても、公開4社の出発道路ノードから往復可能な経路を確認できない市内区間。"},"geometry":{"type":"LineString","coordinates":[[141.395928,42.959561],[141.395774,42.959291]]}},{"type":"Feature","properties":{"task_id":"224456451:47:2332784796:2332784787","reason":"追加した回送道路を含めても、公開4社の出発道路ノードから往復可能な経路を確認できない市内区間。"},"geometry":{"type":"LineString","coordinates":[[141.395774,42.959291],[141.395607,42.959083]]}},{"type":"Feature","properties":{"task_id":"224456451:46:2332784787:2332784764","reason":"追加した回送道路を含めても、公開4社の出発道路ノードから往復可能な経路を確認できない市内区間。"},"geometry":{"type":"LineString","coordinates":[[141.395607,42.959083],[141.395338,42.958717]]}},{"type":"Feature","properties":{"task_id":"224456451:45:2332784764:2332784758","reason":"追加した回送道路を含めても、公開4社の出発道路ノードから往復可能な経路を確認できない市内区間。"},"geometry":{"type":"LineString","coordinates":[[141.395338,42.958717],[141.395277,42.958571]]}},{"type":"Feature","properties":{"task_id":"224456451:44:2332784758:2332784751","reason":"追加した回送道路を含めても、公開4社の出発道路ノードから往復可能な経路を確認できない市内区間。"},"geometry":{"type":"LineString","coordinates":[[141.395277,42.958571],[141.395253,42.958402]]}},{"type":"Feature","properties":{"task_id":"224456451:43:2332784751:2332784747","reason":"追加した回送道路を含めても、公開4社の出発道路ノードから往復可能な経路を確認できない市内区間。"},"geometry":{"type":"LineString","coordinates":[[141.395253,42.958402],[141.39523,42.958346]]}},{"type":"Feature","properties":{"task_id":"224456451:42:2332784747:2332784743","reason":"追加した回送道路を含めても、公開4社の出発道路ノードから往復可能な経路を確認できない市内区間。"},"geometry":{"type":"LineString","coordinates":[[141.39523,42.958346],[141.395123,42.958278]]}},{"type":"Feature","properties":{"task_id":"224456451:41:2332784743:2332784739","reason":"追加した回送道路を含めても、公開4社の出発道路ノードから往復可能な経路を確認できない市内区間。"},"geometry":{"type":"LineString","coordinates":[[141.395123,42.958278],[141.394955,42.958244]]}},{"type":"Feature","properties":{"task_id":"224456451:40:2332784739:2332784738","reason":"追加した回送道路を含めても、公開4社の出発道路ノードから往復可能な経路を確認できない市内区間。"},"geometry":{"type":"LineString","coordinates":[[141.394955,42.958244],[141.39484,42.958239]]}},{"type":"Feature","properties":{"task_id":"224456451:39:2332784738:2332784735","reason":"追加した回送道路を含めても、公開4社の出発道路ノードから往復可能な経路を確認できない市内区間。"},"geometry":{"type":"LineString","coordinates":[[141.39484,42.958239],[141.394648,42.958211]]}},{"type":"Feature","properties":{"task_id":"224456451:38:2332784735:2332784734","reason":"追加した回送道路を含めても、公開4社の出発道路ノードから往復可能な経路を確認できない市内区間。"},"geometry":{"type":"LineString","coordinates":[[141.394648,42.958211],[141.39448,42.958171]]}},{"type":"Feature","properties":{"task_id":"224456451:37:2332784734:2332784732","reason":"追加した回送道路を含めても、公開4社の出発道路ノードから往復可能な経路を確認できない市内区間。"},"geometry":{"type":"LineString","coordinates":[[141.39448,42.958171],[141.394442,42.958132]]}},{"type":"Feature","properties":{"task_id":"224456451:36:2332784732:2332784725","reason":"追加した回送道路を含めても、公開4社の出発道路ノードから往復可能な経路を確認できない市内区間。"},"geometry":{"type":"LineString","coordinates":[[141.394442,42.958132],[141.394403,42.95807]]}},{"type":"Feature","properties":{"task_id":"224456451:35:2332784725:2332784707","reason":"追加した回送道路を含めても、公開4社の出発道路ノードから往復可能な経路を確認できない市内区間。"},"geometry":{"type":"LineString","coordinates":[[141.394403,42.95807],[141.394403,42.957867]]}},{"type":"Feature","properties":{"task_id":"224456451:34:2332784707:2332784701","reason":"追加した回送道路を含めても、公開4社の出発道路ノードから往復可能な経路を確認できない市内区間。"},"geometry":{"type":"LineString","coordinates":[[141.394403,42.957867],[141.394327,42.957805]]}},{"type":"Feature","properties":{"task_id":"224456451:33:2332784701:2332784689","reason":"追加した回送道路を含めても、公開4社の出発道路ノードから往復可能な経路を確認できない市内区間。"},"geometry":{"type":"LineString","coordinates":[[141.394327,42.957805],[141.393807,42.957607]]}},{"type":"Feature","properties":{"task_id":"224456451:32:2332784689:2332784684","reason":"追加した回送道路を含めても、公開4社の出発道路ノードから往復可能な経路を確認できない市内区間。"},"geometry":{"type":"LineString","coordinates":[[141.393807,42.957607],[141.3936,42.957484]]}},{"type":"Feature","properties":{"task_id":"224456451:31:2332784684:2332784672","reason":"追加した回送道路を含めても、公開4社の出発道路ノードから往復可能な経路を確認できない市内区間。"},"geometry":{"type":"LineString","coordinates":[[141.3936,42.957484],[141.393485,42.957366]]}},{"type":"Feature","properties":{"task_id":"224456451:30:2332784672:2332784661","reason":"追加した回送道路を含めても、公開4社の出発道路ノードから往復可能な経路を確認できない市内区間。"},"geometry":{"type":"LineString","coordinates":[[141.393485,42.957366],[141.393431,42.957254]]}},{"type":"Feature","properties":{"task_id":"224456451:29:2332784661:2332784647","reason":"追加した回送道路を含めても、公開4社の出発道路ノードから往復可能な経路を確認できない市内区間。"},"geometry":{"type":"LineString","coordinates":[[141.393431,42.957254],[141.393431,42.957074]]}},{"type":"Feature","properties":{"task_id":"226171922:17:2350234624:2350234605","reason":"追加した回送道路を含めても、公開4社の出発道路ノードから往復可能な経路を確認できない市内区間。"},"geometry":{"type":"LineString","coordinates":[[141.335825,42.958341],[141.335768,42.958214]]}},{"type":"Feature","properties":{"task_id":"226171922:18:2350234605:2350234589","reason":"追加した回送道路を含めても、公開4社の出発道路ノードから往復可能な経路を確認できない市内区間。"},"geometry":{"type":"LineString","coordinates":[[141.335768,42.958214],[141.335681,42.958002]]}},{"type":"Feature","properties":{"task_id":"226171922:19:2350234589:12887880669","reason":"追加した回送道路を含めても、公開4社の出発道路ノードから往復可能な経路を確認できない市内区間。"},"geometry":{"type":"LineString","coordinates":[[141.335681,42.958002],[141.335577,42.957813]]}},{"type":"Feature","properties":{"task_id":"226171922:20:12887880669:2350234550","reason":"追加した回送道路を含めても、公開4社の出発道路ノードから往復可能な経路を確認できない市内区間。"},"geometry":{"type":"LineString","coordinates":[[141.335577,42.957813],[141.335305,42.957371]]}},{"type":"Feature","properties":{"task_id":"226171922:21:2350234550:2350234544","reason":"追加した回送道路を含めても、公開4社の出発道路ノードから往復可能な経路を確認できない市内区間。"},"geometry":{"type":"LineString","coordinates":[[141.335305,42.957371],[141.335162,42.957155]]}},{"type":"Feature","properties":{"task_id":"226171922:22:2350234544:2350234529","reason":"追加した回送道路を含めても、公開4社の出発道路ノードから往復可能な経路を確認できない市内区間。"},"geometry":{"type":"LineString","coordinates":[[141.335162,42.957155],[141.335046,42.956992]]}},{"type":"Feature","properties":{"task_id":"226171922:23:2350234529:2350234514","reason":"追加した回送道路を含めても、公開4社の出発道路ノードから往復可能な経路を確認できない市内区間。"},"geometry":{"type":"LineString","coordinates":[[141.335046,42.956992],[141.334963,42.956838]]}},{"type":"Feature","properties":{"task_id":"226172703:0:2350234514:12887880670","reason":"追加した回送道路を含めても、公開4社の出発道路ノードから往復可能な経路を確認できない市内区間。"},"geometry":{"type":"LineString","coordinates":[[141.334963,42.956838],[141.334848,42.956649]]}},{"type":"Feature","properties":{"task_id":"226172703:1:12887880670:2350234505","reason":"追加した回送道路を含めても、公開4社の出発道路ノードから往復可能な経路を確認できない市内区間。"},"geometry":{"type":"LineString","coordinates":[[141.334848,42.956649],[141.334773,42.956585]]}},{"type":"Feature","properties":{"task_id":"226172703:2:2350234505:12887880671","reason":"追加した回送道路を含めても、公開4社の出発道路ノードから往復可能な経路を確認できない市内区間。"},"geometry":{"type":"LineString","coordinates":[[141.334773,42.956585],[141.334577,42.956458]]}},{"type":"Feature","properties":{"task_id":"226172703:3:12887880671:2350234476","reason":"追加した回送道路を含めても、公開4社の出発道路ノードから往復可能な経路を確認できない市内区間。"},"geometry":{"type":"LineString","coordinates":[[141.334577,42.956458],[141.334185,42.956261]]}},{"type":"Feature","properties":{"task_id":"226172703:4:2350234476:2350234465","reason":"追加した回送道路を含めても、公開4社の出発道路ノードから往復可能な経路を確認できない市内区間。"},"geometry":{"type":"LineString","coordinates":[[141.334185,42.956261],[141.333989,42.95614]]}},{"type":"Feature","properties":{"task_id":"226172703:5:2350234465:2350234458","reason":"追加した回送道路を含めても、公開4社の出発道路ノードから往復可能な経路を確認できない市内区間。"},"geometry":{"type":"LineString","coordinates":[[141.333989,42.95614],[141.333945,42.956071]]}},{"type":"Feature","properties":{"task_id":"226172697:0:2350234458:2350234453","reason":"追加した回送道路を含めても、公開4社の出発道路ノードから往復可能な経路を確認できない市内区間。"},"geometry":{"type":"LineString","coordinates":[[141.333945,42.956071],[141.333947,42.956003]]}},{"type":"Feature","properties":{"task_id":"226172697:1:2350234453:2350234441","reason":"追加した回送道路を含めても、公開4社の出発道路ノードから往復可能な経路を確認できない市内区間。"},"geometry":{"type":"LineString","coordinates":[[141.333947,42.956003],[141.333995,42.955852]]}},{"type":"Feature","properties":{"task_id":"226172697:2:2350234441:2350234427","reason":"追加した回送道路を含めても、公開4社の出発道路ノードから往復可能な経路を確認できない市内区間。"},"geometry":{"type":"LineString","coordinates":[[141.333995,42.955852],[141.334013,42.955774]]}},{"type":"Feature","properties":{"task_id":"226172697:3:2350234427:2350234385","reason":"追加した回送道路を含めても、公開4社の出発道路ノードから往復可能な経路を確認できない市内区間。"},"geometry":{"type":"LineString","coordinates":[[141.334013,42.955774],[141.334082,42.955562]]}},{"type":"Feature","properties":{"task_id":"1392248808:0:2350234385:12887880683","reason":"追加した回送道路を含めても、公開4社の出発道路ノードから往復可能な経路を確認できない市内区間。"},"geometry":{"type":"LineString","coordinates":[[141.334082,42.955562],[141.334103,42.955501]]}},{"type":"Feature","properties":{"task_id":"1392248807:0:12887880683:12887880682","reason":"追加した回送道路を含めても、公開4社の出発道路ノードから往復可能な経路を確認できない市内区間。"},"geometry":{"type":"LineString","coordinates":[[141.334103,42.955501],[141.334131,42.955415]]}},{"type":"Feature","properties":{"task_id":"226172774:0:12887880682:2350234374","reason":"追加した回送道路を含めても、公開4社の出発道路ノードから往復可能な経路を確認できない市内区間。"},"geometry":{"type":"LineString","coordinates":[[141.334131,42.955415],[141.334147,42.955371]]}},{"type":"Feature","properties":{"task_id":"226172774:1:2350234374:2350234357","reason":"追加した回送道路を含めても、公開4社の出発道路ノードから往復可能な経路を確認できない市内区間。"},"geometry":{"type":"LineString","coordinates":[[141.334147,42.955371],[141.334156,42.955269]]}},{"type":"Feature","properties":{"task_id":"226172774:2:2350234357:2350234344","reason":"追加した回送道路を含めても、公開4社の出発道路ノードから往復可能な経路を確認できない市内区間。"},"geometry":{"type":"LineString","coordinates":[[141.334156,42.955269],[141.334236,42.955013]]}},{"type":"Feature","properties":{"task_id":"226172774:3:2350234344:2350234337","reason":"追加した回送道路を含めても、公開4社の出発道路ノードから往復可能な経路を確認できない市内区間。"},"geometry":{"type":"LineString","coordinates":[[141.334236,42.955013],[141.334199,42.954889]]}},{"type":"Feature","properties":{"task_id":"226172774:4:2350234337:2350234331","reason":"追加した回送道路を含めても、公開4社の出発道路ノードから往復可能な経路を確認できない市内区間。"},"geometry":{"type":"LineString","coordinates":[[141.334199,42.954889],[141.334143,42.954799]]}},{"type":"Feature","properties":{"task_id":"226172774:5:2350234331:2350234315","reason":"追加した回送道路を含めても、公開4社の出発道路ノードから往復可能な経路を確認できない市内区間。"},"geometry":{"type":"LineString","coordinates":[[141.334143,42.954799],[141.334053,42.954668]]}},{"type":"Feature","properties":{"task_id":"226172774:6:2350234315:2350234306","reason":"追加した回送道路を含めても、公開4社の出発道路ノードから往復可能な経路を確認できない市内区間。"},"geometry":{"type":"LineString","coordinates":[[141.334053,42.954668],[141.333986,42.954528]]}},{"type":"Feature","properties":{"task_id":"226172774:7:2350234306:2350234303","reason":"追加した回送道路を含めても、公開4社の出発道路ノードから往復可能な経路を確認できない市内区間。"},"geometry":{"type":"LineString","coordinates":[[141.333986,42.954528],[141.333974,42.954476]]}},{"type":"Feature","properties":{"task_id":"226172774:8:2350234303:2350234285","reason":"追加した回送道路を含めても、公開4社の出発道路ノードから往復可能な経路を確認できない市内区間。"},"geometry":{"type":"LineString","coordinates":[[141.333974,42.954476],[141.333958,42.954307]]}},{"type":"Feature","properties":{"task_id":"226172774:9:2350234285:2350234278","reason":"追加した回送道路を含めても、公開4社の出発道路ノードから往復可能な経路を確認できない市内区間。"},"geometry":{"type":"LineString","coordinates":[[141.333958,42.954307],[141.333944,42.954241]]}},{"type":"Feature","properties":{"task_id":"226172774:10:2350234278:2350234264","reason":"追加した回送道路を含めても、公開4社の出発道路ノードから往復可能な経路を確認できない市内区間。"},"geometry":{"type":"LineString","coordinates":[[141.333944,42.954241],[141.333891,42.954063]]}},{"type":"Feature","properties":{"task_id":"226172774:11:2350234264:2350234258","reason":"追加した回送道路を含めても、公開4社の出発道路ノードから往復可能な経路を確認できない市内区間。"},"geometry":{"type":"LineString","coordinates":[[141.333891,42.954063],[141.333851,42.953961]]}},{"type":"Feature","properties":{"task_id":"226172774:12:2350234258:2350234251","reason":"追加した回送道路を含めても、公開4社の出発道路ノードから往復可能な経路を確認できない市内区間。"},"geometry":{"type":"LineString","coordinates":[[141.333851,42.953961],[141.333789,42.953815]]}},{"type":"Feature","properties":{"task_id":"226172774:13:2350234251:2350234244","reason":"追加した回送道路を含めても、公開4社の出発道路ノードから往復可能な経路を確認できない市内区間。"},"geometry":{"type":"LineString","coordinates":[[141.333789,42.953815],[141.333782,42.953741]]}},{"type":"Feature","properties":{"task_id":"226172774:14:2350234244:2350234239","reason":"追加した回送道路を含めても、公開4社の出発道路ノードから往復可能な経路を確認できない市内区間。"},"geometry":{"type":"LineString","coordinates":[[141.333782,42.953741],[141.333794,42.953653]]}},{"type":"Feature","properties":{"task_id":"226172774:15:2350234239:2350234199","reason":"追加した回送道路を含めても、公開4社の出発道路ノードから往復可能な経路を確認できない市内区間。"},"geometry":{"type":"LineString","coordinates":[[141.333794,42.953653],[141.333888,42.953362]]}},{"type":"Feature","properties":{"task_id":"226172774:16:2350234199:2350234186","reason":"追加した回送道路を含めても、公開4社の出発道路ノードから往復可能な経路を確認できない市内区間。"},"geometry":{"type":"LineString","coordinates":[[141.333888,42.953362],[141.333918,42.953264]]}},{"type":"Feature","properties":{"task_id":"226172774:17:2350234186:2350234066","reason":"追加した回送道路を含めても、公開4社の出発道路ノードから往復可能な経路を確認できない市内区間。"},"geometry":{"type":"LineString","coordinates":[[141.333918,42.953264],[141.333943,42.952829]]}},{"type":"Feature","properties":{"task_id":"226172774:18:2350234066:2350234017","reason":"追加した回送道路を含めても、公開4社の出発道路ノードから往復可能な経路を確認できない市内区間。"},"geometry":{"type":"LineString","coordinates":[[141.333943,42.952829],[141.333981,42.952233]]}},{"type":"Feature","properties":{"task_id":"226172774:19:2350234017:2350233941","reason":"追加した回送道路を含めても、公開4社の出発道路ノードから往復可能な経路を確認できない市内区間。"},"geometry":{"type":"LineString","coordinates":[[141.333981,42.952233],[141.334008,42.951539]]}},{"type":"Feature","properties":{"task_id":"226172774:20:2350233941:2350233905","reason":"追加した回送道路を含めても、公開4社の出発道路ノードから往復可能な経路を確認できない市内区間。"},"geometry":{"type":"LineString","coordinates":[[141.334008,42.951539],[141.334044,42.951216]]}},{"type":"Feature","properties":{"task_id":"226172774:21:2350233905:2350233889","reason":"追加した回送道路を含めても、公開4社の出発道路ノードから往復可能な経路を確認できない市内区間。"},"geometry":{"type":"LineString","coordinates":[[141.334044,42.951216],[141.334108,42.95096]]}},{"type":"Feature","properties":{"task_id":"226172774:22:2350233889:2350233867","reason":"追加した回送道路を含めても、公開4社の出発道路ノードから往復可能な経路を確認できない市内区間。"},"geometry":{"type":"LineString","coordinates":[[141.334108,42.95096],[141.3342,42.950724]]}},{"type":"Feature","properties":{"task_id":"226172774:23:2350233867:2350233856","reason":"追加した回送道路を含めても、公開4社の出発道路ノードから往復可能な経路を確認できない市内区間。"},"geometry":{"type":"LineString","coordinates":[[141.3342,42.950724],[141.334226,42.950638]]}},{"type":"Feature","properties":{"task_id":"226172774:24:2350233856:2350233836","reason":"追加した回送道路を含めても、公開4社の出発道路ノードから往復可能な経路を確認できない市内区間。"},"geometry":{"type":"LineString","coordinates":[[141.334226,42.950638],[141.334193,42.950385]]}},{"type":"Feature","properties":{"task_id":"226172774:25:2350233836:2350233811","reason":"追加した回送道路を含めても、公開4社の出発道路ノードから往復可能な経路を確認できない市内区間。"},"geometry":{"type":"LineString","coordinates":[[141.334193,42.950385],[141.334202,42.950249]]}},{"type":"Feature","properties":{"task_id":"226172774:26:2350233811:2350233745","reason":"追加した回送道路を含めても、公開4社の出発道路ノードから往復可能な経路を確認できない市内区間。"},"geometry":{"type":"LineString","coordinates":[[141.334202,42.950249],[141.334293,42.950035]]}},{"type":"Feature","properties":{"task_id":"226172774:27:2350233745:2350233729","reason":"追加した回送道路を含めても、公開4社の出発道路ノードから往復可能な経路を確認できない市内区間。"},"geometry":{"type":"LineString","coordinates":[[141.334293,42.950035],[141.334344,42.949934]]}},{"type":"Feature","properties":{"task_id":"226172774:28:2350233729:2350233709","reason":"追加した回送道路を含めても、公開4社の出発道路ノードから往復可能な経路を確認できない市内区間。"},"geometry":{"type":"LineString","coordinates":[[141.334344,42.949934],[141.334385,42.949875]]}},{"type":"Feature","properties":{"task_id":"226172774:29:2350233709:2350233692","reason":"追加した回送道路を含めても、公開4社の出発道路ノードから往復可能な経路を確認できない市内区間。"},"geometry":{"type":"LineString","coordinates":[[141.334385,42.949875],[141.334422,42.949808]]}},{"type":"Feature","properties":{"task_id":"226172774:30:2350233692:2350233650","reason":"追加した回送道路を含めても、公開4社の出発道路ノードから往復可能な経路を確認できない市内区間。"},"geometry":{"type":"LineString","coordinates":[[141.334422,42.949808],[141.334389,42.949701]]}},{"type":"Feature","properties":{"task_id":"226172774:31:2350233650:2350233602","reason":"追加した回送道路を含めても、公開4社の出発道路ノードから往復可能な経路を確認できない市内区間。"},"geometry":{"type":"LineString","coordinates":[[141.334389,42.949701],[141.334285,42.949628]]}},{"type":"Feature","properties":{"task_id":"226172774:32:2350233602:2350233584","reason":"追加した回送道路を含めても、公開4社の出発道路ノードから往復可能な経路を確認できない市内区間。"},"geometry":{"type":"LineString","coordinates":[[141.334285,42.949628],[141.33419,42.949595]]}},{"type":"Feature","properties":{"task_id":"226172774:33:2350233584:2350233569","reason":"追加した回送道路を含めても、公開4社の出発道路ノードから往復可能な経路を確認できない市内区間。"},"geometry":{"type":"LineString","coordinates":[[141.33419,42.949595],[141.334073,42.949519]]}},{"type":"Feature","properties":{"task_id":"226172774:34:2350233569:2350233554","reason":"追加した回送道路を含めても、公開4社の出発道路ノードから往復可能な経路を確認できない市内区間。"},"geometry":{"type":"LineString","coordinates":[[141.334073,42.949519],[141.333983,42.94943]]}},{"type":"Feature","properties":{"task_id":"226172774:35:2350233554:2350233518","reason":"追加した回送道路を含めても、公開4社の出発道路ノードから往復可能な経路を確認できない市内区間。"},"geometry":{"type":"LineString","coordinates":[[141.333983,42.94943],[141.333927,42.949329]]}},{"type":"Feature","properties":{"task_id":"226172774:36:2350233518:2350233469","reason":"追加した回送道路を含めても、公開4社の出発道路ノードから往復可能な経路を確認できない市内区間。"},"geometry":{"type":"LineString","coordinates":[[141.333927,42.949329],[141.333892,42.949231]]}},{"type":"Feature","properties":{"task_id":"226172774:37:2350233469:2350233439","reason":"追加した回送道路を含めても、公開4社の出発道路ノードから往復可能な経路を確認できない市内区間。"},"geometry":{"type":"LineString","coordinates":[[141.333892,42.949231],[141.333882,42.94914]]}},{"type":"Feature","properties":{"task_id":"226172774:38:2350233439:2350233398","reason":"追加した回送道路を含めても、公開4社の出発道路ノードから往復可能な経路を確認できない市内区間。"},"geometry":{"type":"LineString","coordinates":[[141.333882,42.94914],[141.333878,42.949]]}},{"type":"Feature","properties":{"task_id":"226172774:39:2350233398:2350233339","reason":"追加した回送道路を含めても、公開4社の出発道路ノードから往復可能な経路を確認できない市内区間。"},"geometry":{"type":"LineString","coordinates":[[141.333878,42.949],[141.333885,42.948864]]}},{"type":"Feature","properties":{"task_id":"226172774:40:2350233339:2350233308","reason":"追加した回送道路を含めても、公開4社の出発道路ノードから往復可能な経路を確認できない市内区間。"},"geometry":{"type":"LineString","coordinates":[[141.333885,42.948864],[141.333903,42.948808]]}},{"type":"Feature","properties":{"task_id":"226172774:41:2350233308:2350233285","reason":"追加した回送道路を含めても、公開4社の出発道路ノードから往復可能な経路を確認できない市内区間。"},"geometry":{"type":"LineString","coordinates":[[141.333903,42.948808],[141.33394,42.948711]]}},{"type":"Feature","properties":{"task_id":"226172774:42:2350233285:2350233197","reason":"追加した回送道路を含めても、公開4社の出発道路ノードから往復可能な経路を確認できない市内区間。"},"geometry":{"type":"LineString","coordinates":[[141.33394,42.948711],[141.334048,42.948382]]}},{"type":"Feature","properties":{"task_id":"226172774:43:2350233197:2350233165","reason":"追加した回送道路を含めても、公開4社の出発道路ノードから往復可能な経路を確認できない市内区間。"},"geometry":{"type":"LineString","coordinates":[[141.334048,42.948382],[141.334108,42.948156]]}},{"type":"Feature","properties":{"task_id":"226172774:44:2350233165:2350233148","reason":"追加した回送道路を含めても、公開4社の出発道路ノードから往復可能な経路を確認できない市内区間。"},"geometry":{"type":"LineString","coordinates":[[141.334108,42.948156],[141.334142,42.948]]}},{"type":"Feature","properties":{"task_id":"226172774:45:2350233148:2350233126","reason":"追加した回送道路を含めても、公開4社の出発道路ノードから往復可能な経路を確認できない市内区間。"},"geometry":{"type":"LineString","coordinates":[[141.334142,42.948],[141.334125,42.94787]]}},{"type":"Feature","properties":{"task_id":"226172774:46:2350233126:2350233091","reason":"追加した回送道路を含めても、公開4社の出発道路ノードから往復可能な経路を確認できない市内区間。"},"geometry":{"type":"LineString","coordinates":[[141.334125,42.94787],[141.334092,42.94762]]}},{"type":"Feature","properties":{"task_id":"226172774:47:2350233091:2350233050","reason":"追加した回送道路を含めても、公開4社の出発道路ノードから往復可能な経路を確認できない市内区間。"},"geometry":{"type":"LineString","coordinates":[[141.334092,42.94762],[141.334047,42.947406]]}},{"type":"Feature","properties":{"task_id":"226172774:48:2350233050:2350233029","reason":"追加した回送道路を含めても、公開4社の出発道路ノードから往復可能な経路を確認できない市内区間。"},"geometry":{"type":"LineString","coordinates":[[141.334047,42.947406],[141.33402,42.947263]]}},{"type":"Feature","properties":{"task_id":"226172774:49:2350233029:2350233001","reason":"追加した回送道路を含めても、公開4社の出発道路ノードから往復可能な経路を確認できない市内区間。"},"geometry":{"type":"LineString","coordinates":[[141.33402,42.947263],[141.334042,42.947127]]}},{"type":"Feature","properties":{"task_id":"226172774:50:2350233001:2350232979","reason":"追加した回送道路を含めても、公開4社の出発道路ノードから往復可能な経路を確認できない市内区間。"},"geometry":{"type":"LineString","coordinates":[[141.334042,42.947127],[141.334182,42.94693]]}},{"type":"Feature","properties":{"task_id":"226172774:51:2350232979:2350232961","reason":"追加した回送道路を含めても、公開4社の出発道路ノードから往復可能な経路を確認できない市内区間。"},"geometry":{"type":"LineString","coordinates":[[141.334182,42.94693],[141.334247,42.946815]]}},{"type":"Feature","properties":{"task_id":"226172774:51:2350232961:2350232979","reason":"追加した回送道路を含めても、公開4社の出発道路ノードから往復可能な経路を確認できない市内区間。"},"geometry":{"type":"LineString","coordinates":[[141.334247,42.946815],[141.334182,42.94693]]}},{"type":"Feature","properties":{"task_id":"226172774:50:2350232979:2350233001","reason":"追加した回送道路を含めても、公開4社の出発道路ノードから往復可能な経路を確認できない市内区間。"},"geometry":{"type":"LineString","coordinates":[[141.334182,42.94693],[141.334042,42.947127]]}},{"type":"Feature","properties":{"task_id":"226172774:49:2350233001:2350233029","reason":"追加した回送道路を含めても、公開4社の出発道路ノードから往復可能な経路を確認できない市内区間。"},"geometry":{"type":"LineString","coordinates":[[141.334042,42.947127],[141.33402,42.947263]]}},{"type":"Feature","properties":{"task_id":"226172774:48:2350233029:2350233050","reason":"追加した回送道路を含めても、公開4社の出発道路ノードから往復可能な経路を確認できない市内区間。"},"geometry":{"type":"LineString","coordinates":[[141.33402,42.947263],[141.334047,42.947406]]}},{"type":"Feature","properties":{"task_id":"226172774:47:2350233050:2350233091","reason":"追加した回送道路を含めても、公開4社の出発道路ノードから往復可能な経路を確認できない市内区間。"},"geometry":{"type":"LineString","coordinates":[[141.334047,42.947406],[141.334092,42.94762]]}},{"type":"Feature","properties":{"task_id":"226172774:46:2350233091:2350233126","reason":"追加した回送道路を含めても、公開4社の出発道路ノードから往復可能な経路を確認できない市内区間。"},"geometry":{"type":"LineString","coordinates":[[141.334092,42.94762],[141.334125,42.94787]]}},{"type":"Feature","properties":{"task_id":"226172774:45:2350233126:2350233148","reason":"追加した回送道路を含めても、公開4社の出発道路ノードから往復可能な経路を確認できない市内区間。"},"geometry":{"type":"LineString","coordinates":[[141.334125,42.94787],[141.334142,42.948]]}},{"type":"Feature","properties":{"task_id":"226172774:44:2350233148:2350233165","reason":"追加した回送道路を含めても、公開4社の出発道路ノードから往復可能な経路を確認できない市内区間。"},"geometry":{"type":"LineString","coordinates":[[141.334142,42.948],[141.334108,42.948156]]}},{"type":"Feature","properties":{"task_id":"226172774:43:2350233165:2350233197","reason":"追加した回送道路を含めても、公開4社の出発道路ノードから往復可能な経路を確認できない市内区間。"},"geometry":{"type":"LineString","coordinates":[[141.334108,42.948156],[141.334048,42.948382]]}},{"type":"Feature","properties":{"task_id":"226172774:42:2350233197:2350233285","reason":"追加した回送道路を含めても、公開4社の出発道路ノードから往復可能な経路を確認できない市内区間。"},"geometry":{"type":"LineString","coordinates":[[141.334048,42.948382],[141.33394,42.948711]]}},{"type":"Feature","properties":{"task_id":"226172774:41:2350233285:2350233308","reason":"追加した回送道路を含めても、公開4社の出発道路ノードから往復可能な経路を確認できない市内区間。"},"geometry":{"type":"LineString","coordinates":[[141.33394,42.948711],[141.333903,42.948808]]}},{"type":"Feature","properties":{"task_id":"226172774:40:2350233308:2350233339","reason":"追加した回送道路を含めても、公開4社の出発道路ノードから往復可能な経路を確認できない市内区間。"},"geometry":{"type":"LineString","coordinates":[[141.333903,42.948808],[141.333885,42.948864]]}},{"type":"Feature","properties":{"task_id":"226172774:39:2350233339:2350233398","reason":"追加した回送道路を含めても、公開4社の出発道路ノードから往復可能な経路を確認できない市内区間。"},"geometry":{"type":"LineString","coordinates":[[141.333885,42.948864],[141.333878,42.949]]}},{"type":"Feature","properties":{"task_id":"226172774:38:2350233398:2350233439","reason":"追加した回送道路を含めても、公開4社の出発道路ノードから往復可能な経路を確認できない市内区間。"},"geometry":{"type":"LineString","coordinates":[[141.333878,42.949],[141.333882,42.94914]]}},{"type":"Feature","properties":{"task_id":"226172774:37:2350233439:2350233469","reason":"追加した回送道路を含めても、公開4社の出発道路ノードから往復可能な経路を確認できない市内区間。"},"geometry":{"type":"LineString","coordinates":[[141.333882,42.94914],[141.333892,42.949231]]}},{"type":"Feature","properties":{"task_id":"226172774:36:2350233469:2350233518","reason":"追加した回送道路を含めても、公開4社の出発道路ノードから往復可能な経路を確認できない市内区間。"},"geometry":{"type":"LineString","coordinates":[[141.333892,42.949231],[141.333927,42.949329]]}},{"type":"Feature","properties":{"task_id":"226172774:35:2350233518:2350233554","reason":"追加した回送道路を含めても、公開4社の出発道路ノードから往復可能な経路を確認できない市内区間。"},"geometry":{"type":"LineString","coordinates":[[141.333927,42.949329],[141.333983,42.94943]]}},{"type":"Feature","properties":{"task_id":"226172774:34:2350233554:2350233569","reason":"追加した回送道路を含めても、公開4社の出発道路ノードから往復可能な経路を確認できない市内区間。"},"geometry":{"type":"LineString","coordinates":[[141.333983,42.94943],[141.334073,42.949519]]}},{"type":"Feature","properties":{"task_id":"226172774:33:2350233569:2350233584","reason":"追加した回送道路を含めても、公開4社の出発道路ノードから往復可能な経路を確認できない市内区間。"},"geometry":{"type":"LineString","coordinates":[[141.334073,42.949519],[141.33419,42.949595]]}},{"type":"Feature","properties":{"task_id":"226172774:32:2350233584:2350233602","reason":"追加した回送道路を含めても、公開4社の出発道路ノードから往復可能な経路を確認できない市内区間。"},"geometry":{"type":"LineString","coordinates":[[141.33419,42.949595],[141.334285,42.949628]]}},{"type":"Feature","properties":{"task_id":"226172774:31:2350233602:2350233650","reason":"追加した回送道路を含めても、公開4社の出発道路ノードから往復可能な経路を確認できない市内区間。"},"geometry":{"type":"LineString","coordinates":[[141.334285,42.949628],[141.334389,42.949701]]}},{"type":"Feature","properties":{"task_id":"226172774:30:2350233650:2350233692","reason":"追加した回送道路を含めても、公開4社の出発道路ノードから往復可能な経路を確認できない市内区間。"},"geometry":{"type":"LineString","coordinates":[[141.334389,42.949701],[141.334422,42.949808]]}},{"type":"Feature","properties":{"task_id":"226172774:29:2350233692:2350233709","reason":"追加した回送道路を含めても、公開4社の出発道路ノードから往復可能な経路を確認できない市内区間。"},"geometry":{"type":"LineString","coordinates":[[141.334422,42.949808],[141.334385,42.949875]]}},{"type":"Feature","properties":{"task_id":"226172774:28:2350233709:2350233729","reason":"追加した回送道路を含めても、公開4社の出発道路ノードから往復可能な経路を確認できない市内区間。"},"geometry":{"type":"LineString","coordinates":[[141.334385,42.949875],[141.334344,42.949934]]}},{"type":"Feature","properties":{"task_id":"226172774:27:2350233729:2350233745","reason":"追加した回送道路を含めても、公開4社の出発道路ノードから往復可能な経路を確認できない市内区間。"},"geometry":{"type":"LineString","coordinates":[[141.334344,42.949934],[141.334293,42.950035]]}},{"type":"Feature","properties":{"task_id":"226172774:26:2350233745:2350233811","reason":"追加した回送道路を含めても、公開4社の出発道路ノードから往復可能な経路を確認できない市内区間。"},"geometry":{"type":"LineString","coordinates":[[141.334293,42.950035],[141.334202,42.950249]]}},{"type":"Feature","properties":{"task_id":"226172774:25:2350233811:2350233836","reason":"追加した回送道路を含めても、公開4社の出発道路ノードから往復可能な経路を確認できない市内区間。"},"geometry":{"type":"LineString","coordinates":[[141.334202,42.950249],[141.334193,42.950385]]}},{"type":"Feature","properties":{"task_id":"226172774:24:2350233836:2350233856","reason":"追加した回送道路を含めても、公開4社の出発道路ノードから往復可能な経路を確認できない市内区間。"},"geometry":{"type":"LineString","coordinates":[[141.334193,42.950385],[141.334226,42.950638]]}},{"type":"Feature","properties":{"task_id":"226172774:23:2350233856:2350233867","reason":"追加した回送道路を含めても、公開4社の出発道路ノードから往復可能な経路を確認できない市内区間。"},"geometry":{"type":"LineString","coordinates":[[141.334226,42.950638],[141.3342,42.950724]]}},{"type":"Feature","properties":{"task_id":"226172774:22:2350233867:2350233889","reason":"追加した回送道路を含めても、公開4社の出発道路ノードから往復可能な経路を確認できない市内区間。"},"geometry":{"type":"LineString","coordinates":[[141.3342,42.950724],[141.334108,42.95096]]}},{"type":"Feature","properties":{"task_id":"226172774:21:2350233889:2350233905","reason":"追加した回送道路を含めても、公開4社の出発道路ノードから往復可能な経路を確認できない市内区間。"},"geometry":{"type":"LineString","coordinates":[[141.334108,42.95096],[141.334044,42.951216]]}},{"type":"Feature","properties":{"task_id":"226172774:20:2350233905:2350233941","reason":"追加した回送道路を含めても、公開4社の出発道路ノードから往復可能な経路を確認できない市内区間。"},"geometry":{"type":"LineString","coordinates":[[141.334044,42.951216],[141.334008,42.951539]]}},{"type":"Feature","properties":{"task_id":"226172774:19:2350233941:2350234017","reason":"追加した回送道路を含めても、公開4社の出発道路ノードから往復可能な経路を確認できない市内区間。"},"geometry":{"type":"LineString","coordinates":[[141.334008,42.951539],[141.333981,42.952233]]}},{"type":"Feature","properties":{"task_id":"226172774:18:2350234017:2350234066","reason":"追加した回送道路を含めても、公開4社の出発道路ノードから往復可能な経路を確認できない市内区間。"},"geometry":{"type":"LineString","coordinates":[[141.333981,42.952233],[141.333943,42.952829]]}},{"type":"Feature","properties":{"task_id":"226172774:17:2350234066:2350234186","reason":"追加した回送道路を含めても、公開4社の出発道路ノードから往復可能な経路を確認できない市内区間。"},"geometry":{"type":"LineString","coordinates":[[141.333943,42.952829],[141.333918,42.953264]]}},{"type":"Feature","properties":{"task_id":"226172774:16:2350234186:2350234199","reason":"追加した回送道路を含めても、公開4社の出発道路ノードから往復可能な経路を確認できない市内区間。"},"geometry":{"type":"LineString","coordinates":[[141.333918,42.953264],[141.333888,42.953362]]}},{"type":"Feature","properties":{"task_id":"226172774:15:2350234199:2350234239","reason":"追加した回送道路を含めても、公開4社の出発道路ノードから往復可能な経路を確認できない市内区間。"},"geometry":{"type":"LineString","coordinates":[[141.333888,42.953362],[141.333794,42.953653]]}},{"type":"Feature","properties":{"task_id":"226172774:14:2350234239:2350234244","reason":"追加した回送道路を含めても、公開4社の出発道路ノードから往復可能な経路を確認できない市内区間。"},"geometry":{"type":"LineString","coordinates":[[141.333794,42.953653],[141.333782,42.953741]]}},{"type":"Feature","properties":{"task_id":"226172774:13:2350234244:2350234251","reason":"追加した回送道路を含めても、公開4社の出発道路ノードから往復可能な経路を確認できない市内区間。"},"geometry":{"type":"LineString","coordinates":[[141.333782,42.953741],[141.333789,42.953815]]}},{"type":"Feature","properties":{"task_id":"226172774:12:2350234251:2350234258","reason":"追加した回送道路を含めても、公開4社の出発道路ノードから往復可能な経路を確認できない市内区間。"},"geometry":{"type":"LineString","coordinates":[[141.333789,42.953815],[141.333851,42.953961]]}},{"type":"Feature","properties":{"task_id":"226172774:11:2350234258:2350234264","reason":"追加した回送道路を含めても、公開4社の出発道路ノードから往復可能な経路を確認できない市内区間。"},"geometry":{"type":"LineString","coordinates":[[141.333851,42.953961],[141.333891,42.954063]]}},{"type":"Feature","properties":{"task_id":"226172774:10:2350234264:2350234278","reason":"追加した回送道路を含めても、公開4社の出発道路ノードから往復可能な経路を確認できない市内区間。"},"geometry":{"type":"LineString","coordinates":[[141.333891,42.954063],[141.333944,42.954241]]}},{"type":"Feature","properties":{"task_id":"226172774:9:2350234278:2350234285","reason":"追加した回送道路を含めても、公開4社の出発道路ノードから往復可能な経路を確認できない市内区間。"},"geometry":{"type":"LineString","coordinates":[[141.333944,42.954241],[141.333958,42.954307]]}},{"type":"Feature","properties":{"task_id":"226172774:8:2350234285:2350234303","reason":"追加した回送道路を含めても、公開4社の出発道路ノードから往復可能な経路を確認できない市内区間。"},"geometry":{"type":"LineString","coordinates":[[141.333958,42.954307],[141.333974,42.954476]]}},{"type":"Feature","properties":{"task_id":"226172774:7:2350234303:2350234306","reason":"追加した回送道路を含めても、公開4社の出発道路ノードから往復可能な経路を確認できない市内区間。"},"geometry":{"type":"LineString","coordinates":[[141.333974,42.954476],[141.333986,42.954528]]}},{"type":"Feature","properties":{"task_id":"226172774:6:2350234306:2350234315","reason":"追加した回送道路を含めても、公開4社の出発道路ノードから往復可能な経路を確認できない市内区間。"},"geometry":{"type":"LineString","coordinates":[[141.333986,42.954528],[141.334053,42.954668]]}},{"type":"Feature","properties":{"task_id":"226172774:5:2350234315:2350234331","reason":"追加した回送道路を含めても、公開4社の出発道路ノードから往復可能な経路を確認できない市内区間。"},"geometry":{"type":"LineString","coordinates":[[141.334053,42.954668],[141.334143,42.954799]]}},{"type":"Feature","properties":{"task_id":"226172774:4:2350234331:2350234337","reason":"追加した回送道路を含めても、公開4社の出発道路ノードから往復可能な経路を確認できない市内区間。"},"geometry":{"type":"LineString","coordinates":[[141.334143,42.954799],[141.334199,42.954889]]}},{"type":"Feature","properties":{"task_id":"226172774:3:2350234337:2350234344","reason":"追加した回送道路を含めても、公開4社の出発道路ノードから往復可能な経路を確認できない市内区間。"},"geometry":{"type":"LineString","coordinates":[[141.334199,42.954889],[141.334236,42.955013]]}},{"type":"Feature","properties":{"task_id":"226172774:2:2350234344:2350234357","reason":"追加した回送道路を含めても、公開4社の出発道路ノードから往復可能な経路を確認できない市内区間。"},"geometry":{"type":"LineString","coordinates":[[141.334236,42.955013],[141.334156,42.955269]]}},{"type":"Feature","properties":{"task_id":"226172774:1:2350234357:2350234374","reason":"追加した回送道路を含めても、公開4社の出発道路ノードから往復可能な経路を確認できない市内区間。"},"geometry":{"type":"LineString","coordinates":[[141.334156,42.955269],[141.334147,42.955371]]}},{"type":"Feature","properties":{"task_id":"226172774:0:2350234374:12887880682","reason":"追加した回送道路を含めても、公開4社の出発道路ノードから往復可能な経路を確認できない市内区間。"},"geometry":{"type":"LineString","coordinates":[[141.334147,42.955371],[141.334131,42.955415]]}},{"type":"Feature","properties":{"task_id":"1392248807:0:12887880682:12887880683","reason":"追加した回送道路を含めても、公開4社の出発道路ノードから往復可能な経路を確認できない市内区間。"},"geometry":{"type":"LineString","coordinates":[[141.334131,42.955415],[141.334103,42.955501]]}},{"type":"Feature","properties":{"task_id":"1392248808:0:12887880683:2350234385","reason":"追加した回送道路を含めても、公開4社の出発道路ノードから往復可能な経路を確認できない市内区間。"},"geometry":{"type":"LineString","coordinates":[[141.334103,42.955501],[141.334082,42.955562]]}},{"type":"Feature","properties":{"task_id":"226172688:2:2350234385:2350234376","reason":"追加した回送道路を含めても、公開4社の出発道路ノードから往復可能な経路を確認できない市内区間。"},"geometry":{"type":"LineString","coordinates":[[141.334082,42.955562],[141.333994,42.955445]]}},{"type":"Feature","properties":{"task_id":"226172688:1:2350234376:2350234358","reason":"追加した回送道路を含めても、公開4社の出発道路ノードから往復可能な経路を確認できない市内区間。"},"geometry":{"type":"LineString","coordinates":[[141.333994,42.955445],[141.333856,42.955315]]}},{"type":"Feature","properties":{"task_id":"226172688:0:2350234358:2350234347","reason":"追加した回送道路を含めても、公開4社の出発道路ノードから往復可能な経路を確認できない市内区間。"},"geometry":{"type":"LineString","coordinates":[[141.333856,42.955315],[141.333796,42.955163]]}},{"type":"Feature","properties":{"task_id":"226172688:0:2350234347:2350234358","reason":"追加した回送道路を含めても、公開4社の出発道路ノードから往復可能な経路を確認できない市内区間。"},"geometry":{"type":"LineString","coordinates":[[141.333796,42.955163],[141.333856,42.955315]]}},{"type":"Feature","properties":{"task_id":"226172688:1:2350234358:2350234376","reason":"追加した回送道路を含めても、公開4社の出発道路ノードから往復可能な経路を確認できない市内区間。"},"geometry":{"type":"LineString","coordinates":[[141.333856,42.955315],[141.333994,42.955445]]}},{"type":"Feature","properties":{"task_id":"226172688:2:2350234376:2350234385","reason":"追加した回送道路を含めても、公開4社の出発道路ノードから往復可能な経路を確認できない市内区間。"},"geometry":{"type":"LineString","coordinates":[[141.333994,42.955445],[141.334082,42.955562]]}},{"type":"Feature","properties":{"task_id":"226172697:3:2350234385:2350234427","reason":"追加した回送道路を含めても、公開4社の出発道路ノードから往復可能な経路を確認できない市内区間。"},"geometry":{"type":"LineString","coordinates":[[141.334082,42.955562],[141.334013,42.955774]]}},{"type":"Feature","properties":{"task_id":"226172697:2:2350234427:2350234441","reason":"追加した回送道路を含めても、公開4社の出発道路ノードから往復可能な経路を確認できない市内区間。"},"geometry":{"type":"LineString","coordinates":[[141.334013,42.955774],[141.333995,42.955852]]}},{"type":"Feature","properties":{"task_id":"226172697:1:2350234441:2350234453","reason":"追加した回送道路を含めても、公開4社の出発道路ノードから往復可能な経路を確認できない市内区間。"},"geometry":{"type":"LineString","coordinates":[[141.333995,42.955852],[141.333947,42.956003]]}},{"type":"Feature","properties":{"task_id":"226172697:0:2350234453:2350234458","reason":"追加した回送道路を含めても、公開4社の出発道路ノードから往復可能な経路を確認できない市内区間。"},"geometry":{"type":"LineString","coordinates":[[141.333947,42.956003],[141.333945,42.956071]]}},{"type":"Feature","properties":{"task_id":"226172703:5:2350234458:2350234465","reason":"追加した回送道路を含めても、公開4社の出発道路ノードから往復可能な経路を確認できない市内区間。"},"geometry":{"type":"LineString","coordinates":[[141.333945,42.956071],[141.333989,42.95614]]}},{"type":"Feature","properties":{"task_id":"226172703:4:2350234465:2350234476","reason":"追加した回送道路を含めても、公開4社の出発道路ノードから往復可能な経路を確認できない市内区間。"},"geometry":{"type":"LineString","coordinates":[[141.333989,42.95614],[141.334185,42.956261]]}},{"type":"Feature","properties":{"task_id":"226172703:3:2350234476:12887880671","reason":"追加した回送道路を含めても、公開4社の出発道路ノードから往復可能な経路を確認できない市内区間。"},"geometry":{"type":"LineString","coordinates":[[141.334185,42.956261],[141.334577,42.956458]]}},{"type":"Feature","properties":{"task_id":"226172703:2:12887880671:2350234505","reason":"追加した回送道路を含めても、公開4社の出発道路ノードから往復可能な経路を確認できない市内区間。"},"geometry":{"type":"LineString","coordinates":[[141.334577,42.956458],[141.334773,42.956585]]}},{"type":"Feature","properties":{"task_id":"226172703:1:2350234505:12887880670","reason":"追加した回送道路を含めても、公開4社の出発道路ノードから往復可能な経路を確認できない市内区間。"},"geometry":{"type":"LineString","coordinates":[[141.334773,42.956585],[141.334848,42.956649]]}},{"type":"Feature","properties":{"task_id":"226172703:0:12887880670:2350234514","reason":"追加した回送道路を含めても、公開4社の出発道路ノードから往復可能な経路を確認できない市内区間。"},"geometry":{"type":"LineString","coordinates":[[141.334848,42.956649],[141.334963,42.956838]]}},{"type":"Feature","properties":{"task_id":"226171922:23:2350234514:2350234529","reason":"追加した回送道路を含めても、公開4社の出発道路ノードから往復可能な経路を確認できない市内区間。"},"geometry":{"type":"LineString","coordinates":[[141.334963,42.956838],[141.335046,42.956992]]}},{"type":"Feature","properties":{"task_id":"226171922:22:2350234529:2350234544","reason":"追加した回送道路を含めても、公開4社の出発道路ノードから往復可能な経路を確認できない市内区間。"},"geometry":{"type":"LineString","coordinates":[[141.335046,42.956992],[141.335162,42.957155]]}},{"type":"Feature","properties":{"task_id":"226171922:21:2350234544:2350234550","reason":"追加した回送道路を含めても、公開4社の出発道路ノードから往復可能な経路を確認できない市内区間。"},"geometry":{"type":"LineString","coordinates":[[141.335162,42.957155],[141.335305,42.957371]]}},{"type":"Feature","properties":{"task_id":"226171922:20:2350234550:12887880669","reason":"追加した回送道路を含めても、公開4社の出発道路ノードから往復可能な経路を確認できない市内区間。"},"geometry":{"type":"LineString","coordinates":[[141.335305,42.957371],[141.335577,42.957813]]}},{"type":"Feature","properties":{"task_id":"226171922:19:12887880669:2350234589","reason":"追加した回送道路を含めても、公開4社の出発道路ノードから往復可能な経路を確認できない市内区間。"},"geometry":{"type":"LineString","coordinates":[[141.335577,42.957813],[141.335681,42.958002]]}},{"type":"Feature","properties":{"task_id":"226171922:18:2350234589:2350234605","reason":"追加した回送道路を含めても、公開4社の出発道路ノードから往復可能な経路を確認できない市内区間。"},"geometry":{"type":"LineString","coordinates":[[141.335681,42.958002],[141.335768,42.958214]]}},{"type":"Feature","properties":{"task_id":"226171922:17:2350234605:2350234624","reason":"追加した回送道路を含めても、公開4社の出発道路ノードから往復可能な経路を確認できない市内区間。"},"geometry":{"type":"LineString","coordinates":[[141.335768,42.958214],[141.335825,42.958341]]}},{"type":"Feature","properties":{"task_id":"226171922:16:2350234624:2350235602","reason":"追加した回送道路を含めても、公開4社の出発道路ノードから往復可能な経路を確認できない市内区間。"},"geometry":{"type":"LineString","coordinates":[[141.335825,42.958341],[141.335871,42.958449]]}},{"type":"Feature","properties":{"task_id":"226171922:15:2350235602:2350235611","reason":"追加した回送道路を含めても、公開4社の出発道路ノードから往復可能な経路を確認できない市内区間。"},"geometry":{"type":"LineString","coordinates":[[141.335871,42.958449],[141.335882,42.958573]]}},{"type":"Feature","properties":{"task_id":"226171922:14:2350235611:2350235637","reason":"追加した回送道路を含めても、公開4社の出発道路ノードから往復可能な経路を確認できない市内区間。"},"geometry":{"type":"LineString","coordinates":[[141.335882,42.958573],[141.335912,42.95888]]}},{"type":"Feature","properties":{"task_id":"226171922:13:2350235637:2350235645","reason":"追加した回送道路を含めても、公開4社の出発道路ノードから往復可能な経路を確認できない市内区間。"},"geometry":{"type":"LineString","coordinates":[[141.335912,42.95888],[141.335923,42.959042]]}},{"type":"Feature","properties":{"task_id":"226171922:12:2350235645:2350235654","reason":"追加した回送道路を含めても、公開4社の出発道路ノードから往復可能な経路を確認できない市内区間。"},"geometry":{"type":"LineString","coordinates":[[141.335923,42.959042],[141.335973,42.959151]]}},{"type":"Feature","properties":{"task_id":"226171922:11:2350235654:2350235676","reason":"追加した回送道路を含めても、公開4社の出発道路ノードから往復可能な経路を確認できない市内区間。"},"geometry":{"type":"LineString","coordinates":[[141.335973,42.959151],[141.33607,42.959267]]}},{"type":"Feature","properties":{"task_id":"226171922:10:2350235676:2350235684","reason":"追加した回送道路を含めても、公開4社の出発道路ノードから往復可能な経路を確認できない市内区間。"},"geometry":{"type":"LineString","coordinates":[[141.33607,42.959267],[141.336392,42.959477]]}},{"type":"Feature","properties":{"task_id":"226171922:9:2350235684:2350235714","reason":"追加した回送道路を含めても、公開4社の出発道路ノードから往復可能な経路を確認できない市内区間。"},"geometry":{"type":"LineString","coordinates":[[141.336392,42.959477],[141.336753,42.959722]]}},{"type":"Feature","properties":{"task_id":"226171922:8:2350235714:2350235734","reason":"追加した回送道路を含めても、公開4社の出発道路ノードから往復可能な経路を確認できない市内区間。"},"geometry":{"type":"LineString","coordinates":[[141.336753,42.959722],[141.33696,42.959891]]}},{"type":"Feature","properties":{"task_id":"226171922:7:2350235734:2350235739","reason":"追加した回送道路を含めても、公開4社の出発道路ノードから往復可能な経路を確認できない市内区間。"},"geometry":{"type":"LineString","coordinates":[[141.33696,42.959891],[141.337107,42.960021]]}},{"type":"Feature","properties":{"task_id":"226171922:6:2350235739:2350235759","reason":"追加した回送道路を含めても、公開4社の出発道路ノードから往復可能な経路を確認できない市内区間。"},"geometry":{"type":"LineString","coordinates":[[141.337107,42.960021],[141.337165,42.960086]]}},{"type":"Feature","properties":{"task_id":"226171922:5:2350235759:2350235778","reason":"追加した回送道路を含めても、公開4社の出発道路ノードから往復可能な経路を確認できない市内区間。"},"geometry":{"type":"LineString","coordinates":[[141.337165,42.960086],[141.337258,42.960183]]}},{"type":"Feature","properties":{"task_id":"226171922:4:2350235778:12887880668","reason":"追加した回送道路を含めても、公開4社の出発道路ノードから往復可能な経路を確認できない市内区間。"},"geometry":{"type":"LineString","coordinates":[[141.337258,42.960183],[141.337327,42.960296]]}},{"type":"Feature","properties":{"task_id":"226171922:3:12887880668:12887880667","reason":"追加した回送道路を含めても、公開4社の出発道路ノードから往復可能な経路を確認できない市内区間。"},"geometry":{"type":"LineString","coordinates":[[141.337327,42.960296],[141.337419,42.960514]]}},{"type":"Feature","properties":{"task_id":"226171922:2:12887880667:2350235806","reason":"追加した回送道路を含めても、公開4社の出発道路ノードから往復可能な経路を確認できない市内区間。"},"geometry":{"type":"LineString","coordinates":[[141.337419,42.960514],[141.337504,42.960698]]}},{"type":"Feature","properties":{"task_id":"226171922:1:2350235806:2350235851","reason":"追加した回送道路を含めても、公開4社の出発道路ノードから往復可能な経路を確認できない市内区間。"},"geometry":{"type":"LineString","coordinates":[[141.337504,42.960698],[141.33767,42.960983]]}},{"type":"Feature","properties":{"task_id":"226171922:0:2350235851:2350235859","reason":"追加した回送道路を含めても、公開4社の出発道路ノードから往復可能な経路を確認できない市内区間。"},"geometry":{"type":"LineString","coordinates":[[141.33767,42.960983],[141.337739,42.961115]]}},{"type":"Feature","properties":{"task_id":"226171922:0:2350235859:2350235851","reason":"追加した回送道路を含めても、公開4社の出発道路ノードから往復可能な経路を確認できない市内区間。"},"geometry":{"type":"LineString","coordinates":[[141.337739,42.961115],[141.33767,42.960983]]}},{"type":"Feature","properties":{"task_id":"226171922:1:2350235851:2350235806","reason":"追加した回送道路を含めても、公開4社の出発道路ノードから往復可能な経路を確認できない市内区間。"},"geometry":{"type":"LineString","coordinates":[[141.33767,42.960983],[141.337504,42.960698]]}},{"type":"Feature","properties":{"task_id":"226171922:2:2350235806:12887880667","reason":"追加した回送道路を含めても、公開4社の出発道路ノードから往復可能な経路を確認できない市内区間。"},"geometry":{"type":"LineString","coordinates":[[141.337504,42.960698],[141.337419,42.960514]]}},{"type":"Feature","properties":{"task_id":"226171922:3:12887880667:12887880668","reason":"追加した回送道路を含めても、公開4社の出発道路ノードから往復可能な経路を確認できない市内区間。"},"geometry":{"type":"LineString","coordinates":[[141.337419,42.960514],[141.337327,42.960296]]}},{"type":"Feature","properties":{"task_id":"226171922:4:12887880668:2350235778","reason":"追加した回送道路を含めても、公開4社の出発道路ノードから往復可能な経路を確認できない市内区間。"},"geometry":{"type":"LineString","coordinates":[[141.337327,42.960296],[141.337258,42.960183]]}},{"type":"Feature","properties":{"task_id":"226171922:5:2350235778:2350235759","reason":"追加した回送道路を含めても、公開4社の出発道路ノードから往復可能な経路を確認できない市内区間。"},"geometry":{"type":"LineString","coordinates":[[141.337258,42.960183],[141.337165,42.960086]]}},{"type":"Feature","properties":{"task_id":"226171922:6:2350235759:2350235739","reason":"追加した回送道路を含めても、公開4社の出発道路ノードから往復可能な経路を確認できない市内区間。"},"geometry":{"type":"LineString","coordinates":[[141.337165,42.960086],[141.337107,42.960021]]}},{"type":"Feature","properties":{"task_id":"226171922:7:2350235739:2350235734","reason":"追加した回送道路を含めても、公開4社の出発道路ノードから往復可能な経路を確認できない市内区間。"},"geometry":{"type":"LineString","coordinates":[[141.337107,42.960021],[141.33696,42.959891]]}},{"type":"Feature","properties":{"task_id":"226171922:8:2350235734:2350235714","reason":"追加した回送道路を含めても、公開4社の出発道路ノードから往復可能な経路を確認できない市内区間。"},"geometry":{"type":"LineString","coordinates":[[141.33696,42.959891],[141.336753,42.959722]]}},{"type":"Feature","properties":{"task_id":"226171922:9:2350235714:2350235684","reason":"追加した回送道路を含めても、公開4社の出発道路ノードから往復可能な経路を確認できない市内区間。"},"geometry":{"type":"LineString","coordinates":[[141.336753,42.959722],[141.336392,42.959477]]}},{"type":"Feature","properties":{"task_id":"226171922:10:2350235684:2350235676","reason":"追加した回送道路を含めても、公開4社の出発道路ノードから往復可能な経路を確認できない市内区間。"},"geometry":{"type":"LineString","coordinates":[[141.336392,42.959477],[141.33607,42.959267]]}},{"type":"Feature","properties":{"task_id":"226171922:11:2350235676:2350235654","reason":"追加した回送道路を含めても、公開4社の出発道路ノードから往復可能な経路を確認できない市内区間。"},"geometry":{"type":"LineString","coordinates":[[141.33607,42.959267],[141.335973,42.959151]]}},{"type":"Feature","properties":{"task_id":"226171922:12:2350235654:2350235645","reason":"追加した回送道路を含めても、公開4社の出発道路ノードから往復可能な経路を確認できない市内区間。"},"geometry":{"type":"LineString","coordinates":[[141.335973,42.959151],[141.335923,42.959042]]}},{"type":"Feature","properties":{"task_id":"226171922:13:2350235645:2350235637","reason":"追加した回送道路を含めても、公開4社の出発道路ノードから往復可能な経路を確認できない市内区間。"},"geometry":{"type":"LineString","coordinates":[[141.335923,42.959042],[141.335912,42.95888]]}},{"type":"Feature","properties":{"task_id":"226171922:14:2350235637:2350235611","reason":"追加した回送道路を含めても、公開4社の出発道路ノードから往復可能な経路を確認できない市内区間。"},"geometry":{"type":"LineString","coordinates":[[141.335912,42.95888],[141.335882,42.958573]]}},{"type":"Feature","properties":{"task_id":"226171922:15:2350235611:2350235602","reason":"追加した回送道路を含めても、公開4社の出発道路ノードから往復可能な経路を確認できない市内区間。"},"geometry":{"type":"LineString","coordinates":[[141.335882,42.958573],[141.335871,42.958449]]}},{"type":"Feature","properties":{"task_id":"226171922:16:2350235602:2350234624","reason":"追加した回送道路を含めても、公開4社の出発道路ノードから往復可能な経路を確認できない市内区間。"},"geometry":{"type":"LineString","coordinates":[[141.335871,42.958449],[141.335825,42.958341]]}},{"type":"Feature","properties":{"task_id":"226171651:10:2350239744:2350239713","reason":"追加した回送道路を含めても、公開4社の出発道路ノードから往復可能な経路を確認できない市内区間。"},"geometry":{"type":"LineString","coordinates":[[141.04642,42.977758],[141.046205,42.977544]]}},{"type":"Feature","properties":{"task_id":"226171651:11:2350239713:2350239661","reason":"追加した回送道路を含めても、公開4社の出発道路ノードから往復可能な経路を確認できない市内区間。"},"geometry":{"type":"LineString","coordinates":[[141.046205,42.977544],[141.046013,42.977261]]}},{"type":"Feature","properties":{"task_id":"226171651:12:2350239661:2350239632","reason":"追加した回送道路を含めても、公開4社の出発道路ノードから往復可能な経路を確認できない市内区間。"},"geometry":{"type":"LineString","coordinates":[[141.046013,42.977261],[141.045917,42.977034]]}},{"type":"Feature","properties":{"task_id":"226171651:13:2350239632:2350239555","reason":"追加した回送道路を含めても、公開4社の出発道路ノードから往復可能な経路を確認できない市内区間。"},"geometry":{"type":"LineString","coordinates":[[141.045917,42.977034],[141.045838,42.976794]]}},{"type":"Feature","properties":{"task_id":"226171651:14:2350239555:2350239397","reason":"追加した回送道路を含めても、公開4社の出発道路ノードから往復可能な経路を確認できない市内区間。"},"geometry":{"type":"LineString","coordinates":[[141.045838,42.976794],[141.045738,42.976513]]}},{"type":"Feature","properties":{"task_id":"226171651:15:2350239397:2350239227","reason":"追加した回送道路を含めても、公開4社の出発道路ノードから往復可能な経路を確認できない市内区間。"},"geometry":{"type":"LineString","coordinates":[[141.045738,42.976513],[141.04567,42.97613]]}},{"type":"Feature","properties":{"task_id":"226171651:16:2350239227:2350239166","reason":"追加した回送道路を含めても、公開4社の出発道路ノードから往復可能な経路を確認できない市内区間。"},"geometry":{"type":"LineString","coordinates":[[141.04567,42.97613],[141.045665,42.976047]]}},{"type":"Feature","properties":{"task_id":"226171651:17:2350239166:2350239147","reason":"追加した回送道路を含めても、公開4社の出発道路ノードから往復可能な経路を確認できない市内区間。"},"geometry":{"type":"LineString","coordinates":[[141.045665,42.976047],[141.045662,42.975932]]}},{"type":"Feature","properties":{"task_id":"226171651:17:2350239147:2350239166","reason":"追加した回送道路を含めても、公開4社の出発道路ノードから往復可能な経路を確認できない市内区間。"},"geometry":{"type":"LineString","coordinates":[[141.045662,42.975932],[141.045665,42.976047]]}},{"type":"Feature","properties":{"task_id":"226171651:16:2350239166:2350239227","reason":"追加した回送道路を含めても、公開4社の出発道路ノードから往復可能な経路を確認できない市内区間。"},"geometry":{"type":"LineString","coordinates":[[141.045665,42.976047],[141.04567,42.97613]]}},{"type":"Feature","properties":{"task_id":"226171651:15:2350239227:2350239397","reason":"追加した回送道路を含めても、公開4社の出発道路ノードから往復可能な経路を確認できない市内区間。"},"geometry":{"type":"LineString","coordinates":[[141.04567,42.97613],[141.045738,42.976513]]}},{"type":"Feature","properties":{"task_id":"226171651:14:2350239397:2350239555","reason":"追加した回送道路を含めても、公開4社の出発道路ノードから往復可能な経路を確認できない市内区間。"},"geometry":{"type":"LineString","coordinates":[[141.045738,42.976513],[141.045838,42.976794]]}},{"type":"Feature","properties":{"task_id":"226171651:13:2350239555:2350239632","reason":"追加した回送道路を含めても、公開4社の出発道路ノードから往復可能な経路を確認できない市内区間。"},"geometry":{"type":"LineString","coordinates":[[141.045838,42.976794],[141.045917,42.977034]]}},{"type":"Feature","properties":{"task_id":"226171651:12:2350239632:2350239661","reason":"追加した回送道路を含めても、公開4社の出発道路ノードから往復可能な経路を確認できない市内区間。"},"geometry":{"type":"LineString","coordinates":[[141.045917,42.977034],[141.046013,42.977261]]}},{"type":"Feature","properties":{"task_id":"226171651:11:2350239661:2350239713","reason":"追加した回送道路を含めても、公開4社の出発道路ノードから往復可能な経路を確認できない市内区間。"},"geometry":{"type":"LineString","coordinates":[[141.046013,42.977261],[141.046205,42.977544]]}},{"type":"Feature","properties":{"task_id":"226171651:10:2350239713:2350239744","reason":"追加した回送道路を含めても、公開4社の出発道路ノードから往復可能な経路を確認できない市内区間。"},"geometry":{"type":"LineString","coordinates":[[141.046205,42.977544],[141.04642,42.977758]]}},{"type":"Feature","properties":{"task_id":"226171651:9:2350239744:2350239785","reason":"追加した回送道路を含めても、公開4社の出発道路ノードから往復可能な経路を確認できない市内区間。"},"geometry":{"type":"LineString","coordinates":[[141.04642,42.977758],[141.046673,42.978028]]}},{"type":"Feature","properties":{"task_id":"226171651:8:2350239785:2350239798","reason":"追加した回送道路を含めても、公開4社の出発道路ノードから往復可能な経路を確認できない市内区間。"},"geometry":{"type":"LineString","coordinates":[[141.046673,42.978028],[141.046726,42.978129]]}},{"type":"Feature","properties":{"task_id":"226171651:7:2350239798:2350239829","reason":"追加した回送道路を含めても、公開4社の出発道路ノードから往復可能な経路を確認できない市内区間。"},"geometry":{"type":"LineString","coordinates":[[141.046726,42.978129],[141.046726,42.978377]]}},{"type":"Feature","properties":{"task_id":"226171651:6:2350239829:2350239861","reason":"追加した回送道路を含めても、公開4社の出発道路ノードから往復可能な経路を確認できない市内区間。"},"geometry":{"type":"LineString","coordinates":[[141.046726,42.978377],[141.04665,42.978596]]}},{"type":"Feature","properties":{"task_id":"226171651:5:2350239861:2350239899","reason":"追加した回送道路を含めても、公開4社の出発道路ノードから往復可能な経路を確認できない市内区間。"},"geometry":{"type":"LineString","coordinates":[[141.04665,42.978596],[141.046519,42.978804]]}},{"type":"Feature","properties":{"task_id":"226171651:4:2350239899:2350239912","reason":"追加した回送道路を含めても、公開4社の出発道路ノードから往復可能な経路を確認できない市内区間。"},"geometry":{"type":"LineString","coordinates":[[141.046519,42.978804],[141.046504,42.978866]]}},{"type":"Feature","properties":{"task_id":"226171651:3:2350239912:2350239922","reason":"追加した回送道路を含めても、公開4社の出発道路ノードから往復可能な経路を確認できない市内区間。"},"geometry":{"type":"LineString","coordinates":[[141.046504,42.978866],[141.046528,42.978923]]}},{"type":"Feature","properties":{"task_id":"226171651:2:2350239922:2350239937","reason":"追加した回送道路を含めても、公開4社の出発道路ノードから往復可能な経路を確認できない市内区間。"},"geometry":{"type":"LineString","coordinates":[[141.046528,42.978923],[141.046619,42.979052]]}},{"type":"Feature","properties":{"task_id":"226171651:1:2350239937:2350239973","reason":"追加した回送道路を含めても、公開4社の出発道路ノードから往復可能な経路を確認できない市内区間。"},"geometry":{"type":"LineString","coordinates":[[141.046619,42.979052],[141.046773,42.97926]]}},{"type":"Feature","properties":{"task_id":"226171651:0:2350239973:2350240067","reason":"追加した回送道路を含めても、公開4社の出発道路ノードから往復可能な経路を確認できない市内区間。"},"geometry":{"type":"LineString","coordinates":[[141.046773,42.97926],[141.047066,42.979773]]}},{"type":"Feature","properties":{"task_id":"226172134:0:2350240067:2350240104","reason":"追加した回送道路を含めても、公開4社の出発道路ノードから往復可能な経路を確認できない市内区間。"},"geometry":{"type":"LineString","coordinates":[[141.047066,42.979773],[141.047179,42.979924]]}},{"type":"Feature","properties":{"task_id":"226172134:1:2350240104:2350240220","reason":"追加した回送道路を含めても、公開4社の出発道路ノードから往復可能な経路を確認できない市内区間。"},"geometry":{"type":"LineString","coordinates":[[141.047179,42.979924],[141.047753,42.980358]]}},{"type":"Feature","properties":{"task_id":"226172134:2:2350240220:2350240243","reason":"追加した回送道路を含めても、公開4社の出発道路ノードから往復可能な経路を確認できない市内区間。"},"geometry":{"type":"LineString","coordinates":[[141.047753,42.980358],[141.047929,42.980448]]}},{"type":"Feature","properties":{"task_id":"226172134:3:2350240243:2350240250","reason":"追加した回送道路を含めても、公開4社の出発道路ノードから往復可能な経路を確認できない市内区間。"},"geometry":{"type":"LineString","coordinates":[[141.047929,42.980448],[141.048042,42.980483]]}},{"type":"Feature","properties":{"task_id":"226172134:4:2350240250:2350240256","reason":"追加した回送道路を含めても、公開4社の出発道路ノードから往復可能な経路を確認できない市内区間。"},"geometry":{"type":"LineString","coordinates":[[141.048042,42.980483],[141.048296,42.980527]]}},{"type":"Feature","properties":{"task_id":"226172134:5:2350240256:2350240266","reason":"追加した回送道路を含めても、公開4社の出発道路ノードから往復可能な経路を確認できない市内区間。"},"geometry":{"type":"LineString","coordinates":[[141.048296,42.980527],[141.048572,42.980566]]}},{"type":"Feature","properties":{"task_id":"226172134:6:2350240266:2350240283","reason":"追加した回送道路を含めても、公開4社の出発道路ノードから往復可能な経路を確認できない市内区間。"},"geometry":{"type":"LineString","coordinates":[[141.048572,42.980566],[141.048817,42.980623]]}},{"type":"Feature","properties":{"task_id":"226172134:7:2350240283:2350240298","reason":"追加した回送道路を含めても、公開4社の出発道路ノードから往復可能な経路を確認できない市内区間。"},"geometry":{"type":"LineString","coordinates":[[141.048817,42.980623],[141.04894,42.98069]]}},{"type":"Feature","properties":{"task_id":"226172134:8:2350240298:2350240317","reason":"追加した回送道路を含めても、公開4社の出発道路ノードから往復可能な経路を確認できない市内区間。"},"geometry":{"type":"LineString","coordinates":[[141.04894,42.98069],[141.049024,42.980752]]}},{"type":"Feature","properties":{"task_id":"226172134:9:2350240317:2350240341","reason":"追加した回送道路を含めても、公開4社の出発道路ノードから往復可能な経路を確認できない市内区間。"},"geometry":{"type":"LineString","coordinates":[[141.049024,42.980752],[141.049238,42.980954]]}},{"type":"Feature","properties":{"task_id":"226172134:10:2350240341:2350240351","reason":"追加した回送道路を含めても、公開4社の出発道路ノードから往復可能な経路を確認できない市内区間。"},"geometry":{"type":"LineString","coordinates":[[141.049238,42.980954],[141.0493,42.981033]]}},{"type":"Feature","properties":{"task_id":"226172134:11:2350240351:2350240365","reason":"追加した回送道路を含めても、公開4社の出発道路ノードから往復可能な経路を確認できない市内区間。"},"geometry":{"type":"LineString","coordinates":[[141.0493,42.981033],[141.04933,42.981151]]}},{"type":"Feature","properties":{"task_id":"226172134:12:2350240365:2350240390","reason":"追加した回送道路を含めても、公開4社の出発道路ノードから往復可能な経路を確認できない市内区間。"},"geometry":{"type":"LineString","coordinates":[[141.04933,42.981151],[141.049353,42.981281]]}},{"type":"Feature","properties":{"task_id":"226172134:13:2350240390:2350240406","reason":"追加した回送道路を含めても、公開4社の出発道路ノードから往復可能な経路を確認できない市内区間。"},"geometry":{"type":"LineString","coordinates":[[141.049353,42.981281],[141.049361,42.981343]]}},{"type":"Feature","properties":{"task_id":"226172134:14:2350240406:2350240427","reason":"追加した回送道路を含めても、公開4社の出発道路ノードから往復可能な経路を確認できない市内区間。"},"geometry":{"type":"LineString","coordinates":[[141.049361,42.981343],[141.049347,42.981406]]}},{"type":"Feature","properties":{"task_id":"226172134:15:2350240427:2350240446","reason":"追加した回送道路を含めても、公開4社の出発道路ノードから往復可能な経路を確認できない市内区間。"},"geometry":{"type":"LineString","coordinates":[[141.049347,42.981406],[141.049294,42.981472]]}},{"type":"Feature","properties":{"task_id":"226172134:16:2350240446:2350240462","reason":"追加した回送道路を含めても、公開4社の出発道路ノードから往復可能な経路を確認できない市内区間。"},"geometry":{"type":"LineString","coordinates":[[141.049294,42.981472],[141.049231,42.981501]]}},{"type":"Feature","properties":{"task_id":"226172134:17:2350240462:2350240471","reason":"追加した回送道路を含めても、公開4社の出発道路ノードから往復可能な経路を確認できない市内区間。"},"geometry":{"type":"LineString","coordinates":[[141.049231,42.981501],[141.04915,42.98152]]}},{"type":"Feature","properties":{"task_id":"226172134:18:2350240471:2350240468","reason":"追加した回送道路を含めても、公開4社の出発道路ノードから往復可能な経路を確認できない市内区間。"},"geometry":{"type":"LineString","coordinates":[[141.04915,42.98152],[141.04907,42.981518]]}},{"type":"Feature","properties":{"task_id":"226172134:19:2350240468:2350240386","reason":"追加した回送道路を含めても、公開4社の出発道路ノードから往復可能な経路を確認できない市内区間。"},"geometry":{"type":"LineString","coordinates":[[141.04907,42.981518],[141.048358,42.981264]]}},{"type":"Feature","properties":{"task_id":"226172134:20:2350240386:2350240373","reason":"追加した回送道路を含めても、公開4社の出発道路ノードから往復可能な経路を確認できない市内区間。"},"geometry":{"type":"LineString","coordinates":[[141.048358,42.981264],[141.048028,42.981174]]}},{"type":"Feature","properties":{"task_id":"226172134:21:2350240373:2350240350","reason":"追加した回送道路を含めても、公開4社の出発道路ノードから往復可能な経路を確認できない市内区間。"},"geometry":{"type":"LineString","coordinates":[[141.048028,42.981174],[141.047645,42.981028]]}},{"type":"Feature","properties":{"task_id":"226172134:22:2350240350:2350240338","reason":"追加した回送道路を含めても、公開4社の出発道路ノードから往復可能な経路を確認できない市内区間。"},"geometry":{"type":"LineString","coordinates":[[141.047645,42.981028],[141.047477,42.980943]]}},{"type":"Feature","properties":{"task_id":"226172134:23:2350240338:2350240322","reason":"追加した回送道路を含めても、公開4社の出発道路ノードから往復可能な経路を確認できない市内区間。"},"geometry":{"type":"LineString","coordinates":[[141.047477,42.980943],[141.047224,42.980791]]}},{"type":"Feature","properties":{"task_id":"226172134:24:2350240322:2350240309","reason":"追加した回送道路を含めても、公開4社の出発道路ノードから往復可能な経路を確認できない市内区間。"},"geometry":{"type":"LineString","coordinates":[[141.047224,42.980791],[141.047056,42.980718]]}},{"type":"Feature","properties":{"task_id":"226172134:25:2350240309:2350240301","reason":"追加した回送道路を含めても、公開4社の出発道路ノードから往復可能な経路を確認できない市内区間。"},"geometry":{"type":"LineString","coordinates":[[141.047056,42.980718],[141.046903,42.980696]]}},{"type":"Feature","properties":{"task_id":"226172134:26:2350240301:2350240300","reason":"追加した回送道路を含めても、公開4社の出発道路ノードから往復可能な経路を確認できない市内区間。"},"geometry":{"type":"LineString","coordinates":[[141.046903,42.980696],[141.046351,42.980696]]}},{"type":"Feature","properties":{"task_id":"226172134:27:2350240300:2350240293","reason":"追加した回送道路を含めても、公開4社の出発道路ノードから往復可能な経路を確認できない市内区間。"},"geometry":{"type":"LineString","coordinates":[[141.046351,42.980696],[141.046191,42.980668]]}},{"type":"Feature","properties":{"task_id":"226172134:28:2350240293:2350240282","reason":"追加した回送道路を含めても、公開4社の出発道路ノードから往復可能な経路を確認できない市内区間。"},"geometry":{"type":"LineString","coordinates":[[141.046191,42.980668],[141.046045,42.980623]]}},{"type":"Feature","properties":{"task_id":"226172134:29:2350240282:2350240264","reason":"追加した回送道路を含めても、公開4社の出発道路ノードから往復可能な経路を確認できない市内区間。"},"geometry":{"type":"LineString","coordinates":[[141.046045,42.980623],[141.045745,42.980549]]}},{"type":"Feature","properties":{"task_id":"226172456:2:2350240264:2350240240","reason":"追加した回送道路を含めても、公開4社の出発道路ノードから往復可能な経路を確認できない市内区間。"},"geometry":{"type":"LineString","coordinates":[[141.045745,42.980549],[141.045332,42.980437]]}},{"type":"Feature","properties":{"task_id":"226172456:1:2350240240:2350240224","reason":"追加した回送道路を含めても、公開4社の出発道路ノードから往復可能な経路を確認できない市内区間。"},"geometry":{"type":"LineString","coordinates":[[141.045332,42.980437],[141.044831,42.980371]]}},{"type":"Feature","properties":{"task_id":"226172456:0:2350240224:2350240225","reason":"追加した回送道路を含めても、公開4社の出発道路ノードから往復可能な経路を確認できない市内区間。"},"geometry":{"type":"LineString","coordinates":[[141.044831,42.980371],[141.044752,42.980374]]}},{"type":"Feature","properties":{"task_id":"226172456:0:2350240225:2350240224","reason":"追加した回送道路を含めても、公開4社の出発道路ノードから往復可能な経路を確認できない市内区間。"},"geometry":{"type":"LineString","coordinates":[[141.044752,42.980374],[141.044831,42.980371]]}},{"type":"Feature","properties":{"task_id":"226172456:1:2350240224:2350240240","reason":"追加した回送道路を含めても、公開4社の出発道路ノードから往復可能な経路を確認できない市内区間。"},"geometry":{"type":"LineString","coordinates":[[141.044831,42.980371],[141.045332,42.980437]]}},{"type":"Feature","properties":{"task_id":"226172456:2:2350240240:2350240264","reason":"追加した回送道路を含めても、公開4社の出発道路ノードから往復可能な経路を確認できない市内区間。"},"geometry":{"type":"LineString","coordinates":[[141.045332,42.980437],[141.045745,42.980549]]}},{"type":"Feature","properties":{"task_id":"226171439:8:2350240264:2350240259","reason":"追加した回送道路を含めても、公開4社の出発道路ノードから往復可能な経路を確認できない市内区間。"},"geometry":{"type":"LineString","coordinates":[[141.045745,42.980549],[141.045938,42.980533]]}},{"type":"Feature","properties":{"task_id":"226171439:7:2350240259:2350240253","reason":"追加した回送道路を含めても、公開4社の出発道路ノードから往復可能な経路を確認できない市内区間。"},"geometry":{"type":"LineString","coordinates":[[141.045938,42.980533],[141.046152,42.980504]]}},{"type":"Feature","properties":{"task_id":"226171439:6:2350240253:2350240247","reason":"追加した回送道路を含めても、公開4社の出発道路ノードから往復可能な経路を確認できない市内区間。"},"geometry":{"type":"LineString","coordinates":[[141.046152,42.980504],[141.046528,42.980476]]}},{"type":"Feature","properties":{"task_id":"226171439:5:2350240247:2350240242","reason":"追加した回送道路を含めても、公開4社の出発道路ノードから往復可能な経路を確認できない市内区間。"},"geometry":{"type":"LineString","coordinates":[[141.046528,42.980476],[141.046627,42.980448]]}},{"type":"Feature","properties":{"task_id":"226171439:4:2350240242:2350240227","reason":"追加した回送道路を含めても、公開4社の出発道路ノードから往復可能な経路を確認できない市内区間。"},"geometry":{"type":"LineString","coordinates":[[141.046627,42.980448],[141.046719,42.980387]]}},{"type":"Feature","properties":{"task_id":"226171439:3:2350240227:2350240212","reason":"追加した回送道路を含めても、公開4社の出発道路ノードから往復可能な経路を確認できない市内区間。"},"geometry":{"type":"LineString","coordinates":[[141.046719,42.980387],[141.046803,42.980318]]}},{"type":"Feature","properties":{"task_id":"226171439:3:2350240212:2350240227","reason":"追加した回送道路を含めても、公開4社の出発道路ノードから往復可能な経路を確認できない市内区間。"},"geometry":{"type":"LineString","coordinates":[[141.046803,42.980318],[141.046719,42.980387]]}},{"type":"Feature","properties":{"task_id":"226171439:4:2350240227:2350240242","reason":"追加した回送道路を含めても、公開4社の出発道路ノードから往復可能な経路を確認できない市内区間。"},"geometry":{"type":"LineString","coordinates":[[141.046719,42.980387],[141.046627,42.980448]]}},{"type":"Feature","properties":{"task_id":"226171439:5:2350240242:2350240247","reason":"追加した回送道路を含めても、公開4社の出発道路ノードから往復可能な経路を確認できない市内区間。"},"geometry":{"type":"LineString","coordinates":[[141.046627,42.980448],[141.046528,42.980476]]}},{"type":"Feature","properties":{"task_id":"226171439:6:2350240247:2350240253","reason":"追加した回送道路を含めても、公開4社の出発道路ノードから往復可能な経路を確認できない市内区間。"},"geometry":{"type":"LineString","coordinates":[[141.046528,42.980476],[141.046152,42.980504]]}},{"type":"Feature","properties":{"task_id":"226171439:7:2350240253:2350240259","reason":"追加した回送道路を含めても、公開4社の出発道路ノードから往復可能な経路を確認できない市内区間。"},"geometry":{"type":"LineString","coordinates":[[141.046152,42.980504],[141.045938,42.980533]]}},{"type":"Feature","properties":{"task_id":"226171439:8:2350240259:2350240264","reason":"追加した回送道路を含めても、公開4社の出発道路ノードから往復可能な経路を確認できない市内区間。"},"geometry":{"type":"LineString","coordinates":[[141.045938,42.980533],[141.045745,42.980549]]}},{"type":"Feature","properties":{"task_id":"226172134:29:2350240264:2350240282","reason":"追加した回送道路を含めても、公開4社の出発道路ノードから往復可能な経路を確認できない市内区間。"},"geometry":{"type":"LineString","coordinates":[[141.045745,42.980549],[141.046045,42.980623]]}},{"type":"Feature","properties":{"task_id":"226172134:28:2350240282:2350240293","reason":"追加した回送道路を含めても、公開4社の出発道路ノードから往復可能な経路を確認できない市内区間。"},"geometry":{"type":"LineString","coordinates":[[141.046045,42.980623],[141.046191,42.980668]]}},{"type":"Feature","properties":{"task_id":"226172134:27:2350240293:2350240300","reason":"追加した回送道路を含めても、公開4社の出発道路ノードから往復可能な経路を確認できない市内区間。"},"geometry":{"type":"LineString","coordinates":[[141.046191,42.980668],[141.046351,42.980696]]}},{"type":"Feature","properties":{"task_id":"226172134:26:2350240300:2350240301","reason":"追加した回送道路を含めても、公開4社の出発道路ノードから往復可能な経路を確認できない市内区間。"},"geometry":{"type":"LineString","coordinates":[[141.046351,42.980696],[141.046903,42.980696]]}},{"type":"Feature","properties":{"task_id":"226172134:25:2350240301:2350240309","reason":"追加した回送道路を含めても、公開4社の出発道路ノードから往復可能な経路を確認できない市内区間。"},"geometry":{"type":"LineString","coordinates":[[141.046903,42.980696],[141.047056,42.980718]]}},{"type":"Feature","properties":{"task_id":"226172134:24:2350240309:2350240322","reason":"追加した回送道路を含めても、公開4社の出発道路ノードから往復可能な経路を確認できない市内区間。"},"geometry":{"type":"LineString","coordinates":[[141.047056,42.980718],[141.047224,42.980791]]}},{"type":"Feature","properties":{"task_id":"226172134:23:2350240322:2350240338","reason":"追加した回送道路を含めても、公開4社の出発道路ノードから往復可能な経路を確認できない市内区間。"},"geometry":{"type":"LineString","coordinates":[[141.047224,42.980791],[141.047477,42.980943]]}},{"type":"Feature","properties":{"task_id":"226172134:22:2350240338:2350240350","reason":"追加した回送道路を含めても、公開4社の出発道路ノードから往復可能な経路を確認できない市内区間。"},"geometry":{"type":"LineString","coordinates":[[141.047477,42.980943],[141.047645,42.981028]]}},{"type":"Feature","properties":{"task_id":"226172134:21:2350240350:2350240373","reason":"追加した回送道路を含めても、公開4社の出発道路ノードから往復可能な経路を確認できない市内区間。"},"geometry":{"type":"LineString","coordinates":[[141.047645,42.981028],[141.048028,42.981174]]}},{"type":"Feature","properties":{"task_id":"226172134:20:2350240373:2350240386","reason":"追加した回送道路を含めても、公開4社の出発道路ノードから往復可能な経路を確認できない市内区間。"},"geometry":{"type":"LineString","coordinates":[[141.048028,42.981174],[141.048358,42.981264]]}},{"type":"Feature","properties":{"task_id":"226172134:19:2350240386:2350240468","reason":"追加した回送道路を含めても、公開4社の出発道路ノードから往復可能な経路を確認できない市内区間。"},"geometry":{"type":"LineString","coordinates":[[141.048358,42.981264],[141.04907,42.981518]]}},{"type":"Feature","properties":{"task_id":"226172134:18:2350240468:2350240471","reason":"追加した回送道路を含めても、公開4社の出発道路ノードから往復可能な経路を確認できない市内区間。"},"geometry":{"type":"LineString","coordinates":[[141.04907,42.981518],[141.04915,42.98152]]}},{"type":"Feature","properties":{"task_id":"226172134:17:2350240471:2350240462","reason":"追加した回送道路を含めても、公開4社の出発道路ノードから往復可能な経路を確認できない市内区間。"},"geometry":{"type":"LineString","coordinates":[[141.04915,42.98152],[141.049231,42.981501]]}},{"type":"Feature","properties":{"task_id":"226172134:16:2350240462:2350240446","reason":"追加した回送道路を含めても、公開4社の出発道路ノードから往復可能な経路を確認できない市内区間。"},"geometry":{"type":"LineString","coordinates":[[141.049231,42.981501],[141.049294,42.981472]]}},{"type":"Feature","properties":{"task_id":"226172134:15:2350240446:2350240427","reason":"追加した回送道路を含めても、公開4社の出発道路ノードから往復可能な経路を確認できない市内区間。"},"geometry":{"type":"LineString","coordinates":[[141.049294,42.981472],[141.049347,42.981406]]}},{"type":"Feature","properties":{"task_id":"226172134:14:2350240427:2350240406","reason":"追加した回送道路を含めても、公開4社の出発道路ノードから往復可能な経路を確認できない市内区間。"},"geometry":{"type":"LineString","coordinates":[[141.049347,42.981406],[141.049361,42.981343]]}},{"type":"Feature","properties":{"task_id":"226172134:13:2350240406:2350240390","reason":"追加した回送道路を含めても、公開4社の出発道路ノードから往復可能な経路を確認できない市内区間。"},"geometry":{"type":"LineString","coordinates":[[141.049361,42.981343],[141.049353,42.981281]]}},{"type":"Feature","properties":{"task_id":"226172134:12:2350240390:2350240365","reason":"追加した回送道路を含めても、公開4社の出発道路ノードから往復可能な経路を確認できない市内区間。"},"geometry":{"type":"LineString","coordinates":[[141.049353,42.981281],[141.04933,42.981151]]}},{"type":"Feature","properties":{"task_id":"226172134:11:2350240365:2350240351","reason":"追加した回送道路を含めても、公開4社の出発道路ノードから往復可能な経路を確認できない市内区間。"},"geometry":{"type":"LineString","coordinates":[[141.04933,42.981151],[141.0493,42.981033]]}},{"type":"Feature","properties":{"task_id":"226172134:10:2350240351:2350240341","reason":"追加した回送道路を含めても、公開4社の出発道路ノードから往復可能な経路を確認できない市内区間。"},"geometry":{"type":"LineString","coordinates":[[141.0493,42.981033],[141.049238,42.980954]]}},{"type":"Feature","properties":{"task_id":"226172134:9:2350240341:2350240317","reason":"追加した回送道路を含めても、公開4社の出発道路ノードから往復可能な経路を確認できない市内区間。"},"geometry":{"type":"LineString","coordinates":[[141.049238,42.980954],[141.049024,42.980752]]}},{"type":"Feature","properties":{"task_id":"226172134:8:2350240317:2350240298","reason":"追加した回送道路を含めても、公開4社の出発道路ノードから往復可能な経路を確認できない市内区間。"},"geometry":{"type":"LineString","coordinates":[[141.049024,42.980752],[141.04894,42.98069]]}},{"type":"Feature","properties":{"task_id":"226172134:7:2350240298:2350240283","reason":"追加した回送道路を含めても、公開4社の出発道路ノードから往復可能な経路を確認できない市内区間。"},"geometry":{"type":"LineString","coordinates":[[141.04894,42.98069],[141.048817,42.980623]]}},{"type":"Feature","properties":{"task_id":"226172134:6:2350240283:2350240266","reason":"追加した回送道路を含めても、公開4社の出発道路ノードから往復可能な経路を確認できない市内区間。"},"geometry":{"type":"LineString","coordinates":[[141.048817,42.980623],[141.048572,42.980566]]}},{"type":"Feature","properties":{"task_id":"226172134:5:2350240266:2350240256","reason":"追加した回送道路を含めても、公開4社の出発道路ノードから往復可能な経路を確認できない市内区間。"},"geometry":{"type":"LineString","coordinates":[[141.048572,42.980566],[141.048296,42.980527]]}},{"type":"Feature","properties":{"task_id":"226172134:4:2350240256:2350240250","reason":"追加した回送道路を含めても、公開4社の出発道路ノードから往復可能な経路を確認できない市内区間。"},"geometry":{"type":"LineString","coordinates":[[141.048296,42.980527],[141.048042,42.980483]]}},{"type":"Feature","properties":{"task_id":"226172134:3:2350240250:2350240243","reason":"追加した回送道路を含めても、公開4社の出発道路ノードから往復可能な経路を確認できない市内区間。"},"geometry":{"type":"LineString","coordinates":[[141.048042,42.980483],[141.047929,42.980448]]}},{"type":"Feature","properties":{"task_id":"226172134:2:2350240243:2350240220","reason":"追加した回送道路を含めても、公開4社の出発道路ノードから往復可能な経路を確認できない市内区間。"},"geometry":{"type":"LineString","coordinates":[[141.047929,42.980448],[141.047753,42.980358]]}},{"type":"Feature","properties":{"task_id":"226172134:1:2350240220:2350240104","reason":"追加した回送道路を含めても、公開4社の出発道路ノードから往復可能な経路を確認できない市内区間。"},"geometry":{"type":"LineString","coordinates":[[141.047753,42.980358],[141.047179,42.979924]]}},{"type":"Feature","properties":{"task_id":"226172134:0:2350240104:2350240067","reason":"追加した回送道路を含めても、公開4社の出発道路ノードから往復可能な経路を確認できない市内区間。"},"geometry":{"type":"LineString","coordinates":[[141.047179,42.979924],[141.047066,42.979773]]}},{"type":"Feature","properties":{"task_id":"226171439:0:2350240067:2350240086","reason":"追加した回送道路を含めても、公開4社の出発道路ノードから往復可能な経路を確認できない市内区間。"},"geometry":{"type":"LineString","coordinates":[[141.047066,42.979773],[141.047041,42.979836]]}},{"type":"Feature","properties":{"task_id":"226171439:1:2350240086:2350240172","reason":"追加した回送道路を含めても、公開4社の出発道路ノードから往復可能な経路を確認できない市内区間。"},"geometry":{"type":"LineString","coordinates":[[141.047041,42.979836],[141.046888,42.980195]]}},{"type":"Feature","properties":{"task_id":"226171439:2:2350240172:2350240212","reason":"追加した回送道路を含めても、公開4社の出発道路ノードから往復可能な経路を確認できない市内区間。"},"geometry":{"type":"LineString","coordinates":[[141.046888,42.980195],[141.046803,42.980318]]}},{"type":"Feature","properties":{"task_id":"226171439:2:2350240212:2350240172","reason":"追加した回送道路を含めても、公開4社の出発道路ノードから往復可能な経路を確認できない市内区間。"},"geometry":{"type":"LineString","coordinates":[[141.046803,42.980318],[141.046888,42.980195]]}},{"type":"Feature","properties":{"task_id":"226171439:1:2350240172:2350240086","reason":"追加した回送道路を含めても、公開4社の出発道路ノードから往復可能な経路を確認できない市内区間。"},"geometry":{"type":"LineString","coordinates":[[141.046888,42.980195],[141.047041,42.979836]]}},{"type":"Feature","properties":{"task_id":"226171439:0:2350240086:2350240067","reason":"追加した回送道路を含めても、公開4社の出発道路ノードから往復可能な経路を確認できない市内区間。"},"geometry":{"type":"LineString","coordinates":[[141.047041,42.979836],[141.047066,42.979773]]}},{"type":"Feature","properties":{"task_id":"226171651:0:2350240067:2350239973","reason":"追加した回送道路を含めても、公開4社の出発道路ノードから往復可能な経路を確認できない市内区間。"},"geometry":{"type":"LineString","coordinates":[[141.047066,42.979773],[141.046773,42.97926]]}},{"type":"Feature","properties":{"task_id":"226171651:1:2350239973:2350239937","reason":"追加した回送道路を含めても、公開4社の出発道路ノードから往復可能な経路を確認できない市内区間。"},"geometry":{"type":"LineString","coordinates":[[141.046773,42.97926],[141.046619,42.979052]]}},{"type":"Feature","properties":{"task_id":"226171651:2:2350239937:2350239922","reason":"追加した回送道路を含めても、公開4社の出発道路ノードから往復可能な経路を確認できない市内区間。"},"geometry":{"type":"LineString","coordinates":[[141.046619,42.979052],[141.046528,42.978923]]}},{"type":"Feature","properties":{"task_id":"226171651:3:2350239922:2350239912","reason":"追加した回送道路を含めても、公開4社の出発道路ノードから往復可能な経路を確認できない市内区間。"},"geometry":{"type":"LineString","coordinates":[[141.046528,42.978923],[141.046504,42.978866]]}},{"type":"Feature","properties":{"task_id":"226171651:4:2350239912:2350239899","reason":"追加した回送道路を含めても、公開4社の出発道路ノードから往復可能な経路を確認できない市内区間。"},"geometry":{"type":"LineString","coordinates":[[141.046504,42.978866],[141.046519,42.978804]]}},{"type":"Feature","properties":{"task_id":"226171651:5:2350239899:2350239861","reason":"追加した回送道路を含めても、公開4社の出発道路ノードから往復可能な経路を確認できない市内区間。"},"geometry":{"type":"LineString","coordinates":[[141.046519,42.978804],[141.04665,42.978596]]}},{"type":"Feature","properties":{"task_id":"226171651:6:2350239861:2350239829","reason":"追加した回送道路を含めても、公開4社の出発道路ノードから往復可能な経路を確認できない市内区間。"},"geometry":{"type":"LineString","coordinates":[[141.04665,42.978596],[141.046726,42.978377]]}},{"type":"Feature","properties":{"task_id":"226171651:7:2350239829:2350239798","reason":"追加した回送道路を含めても、公開4社の出発道路ノードから往復可能な経路を確認できない市内区間。"},"geometry":{"type":"LineString","coordinates":[[141.046726,42.978377],[141.046726,42.978129]]}},{"type":"Feature","properties":{"task_id":"226171651:8:2350239798:2350239785","reason":"追加した回送道路を含めても、公開4社の出発道路ノードから往復可能な経路を確認できない市内区間。"},"geometry":{"type":"LineString","coordinates":[[141.046726,42.978129],[141.046673,42.978028]]}},{"type":"Feature","properties":{"task_id":"226171651:9:2350239785:2350239744","reason":"追加した回送道路を含めても、公開4社の出発道路ノードから往復可能な経路を確認できない市内区間。"},"geometry":{"type":"LineString","coordinates":[[141.046673,42.978028],[141.04642,42.977758]]}},{"type":"Feature","properties":{"task_id":"226171476:1:2350223376:6031653213","reason":"追加した回送道路を含めても、公開4社の出発道路ノードから往復可能な経路を確認できない市内区間。"},"geometry":{"type":"LineString","coordinates":[[141.155181,42.914323],[141.155363,42.91432]]}},{"type":"Feature","properties":{"task_id":"226171476:2:6031653213:6038974893","reason":"追加した回送道路を含めても、公開4社の出発道路ノードから往復可能な経路を確認できない市内区間。"},"geometry":{"type":"LineString","coordinates":[[141.155363,42.91432],[141.155491,42.914336]]}},{"type":"Feature","properties":{"task_id":"226171476:3:6038974893:2350223385","reason":"追加した回送道路を含めても、公開4社の出発道路ノードから往復可能な経路を確認できない市内区間。"},"geometry":{"type":"LineString","coordinates":[[141.155491,42.914336],[141.155529,42.914341]]}},{"type":"Feature","properties":{"task_id":"226171476:4:2350223385:2350223453","reason":"追加した回送道路を含めても、公開4社の出発道路ノードから往復可能な経路を確認できない市内区間。"},"geometry":{"type":"LineString","coordinates":[[141.155529,42.914341],[141.155676,42.914399]]}},{"type":"Feature","properties":{"task_id":"226171476:5:2350223453:2350223523","reason":"追加した回送道路を含めても、公開4社の出発道路ノードから往復可能な経路を確認できない市内区間。"},"geometry":{"type":"LineString","coordinates":[[141.155676,42.914399],[141.155778,42.91447]]}},{"type":"Feature","properties":{"task_id":"226171476:6:2350223523:2350223601","reason":"追加した回送道路を含めても、公開4社の出発道路ノードから往復可能な経路を確認できない市内区間。"},"geometry":{"type":"LineString","coordinates":[[141.155778,42.91447],[141.155826,42.914531]]}},{"type":"Feature","properties":{"task_id":"226171476:7:2350223601:2350223723","reason":"追加した回送道路を含めても、公開4社の出発道路ノードから往復可能な経路を確認できない市内区間。"},"geometry":{"type":"LineString","coordinates":[[141.155826,42.914531],[141.155867,42.91462]]}},{"type":"Feature","properties":{"task_id":"226171476:8:2350223723:5712798782","reason":"追加した回送道路を含めても、公開4社の出発道路ノードから往復可能な経路を確認できない市内区間。"},"geometry":{"type":"LineString","coordinates":[[141.155867,42.91462],[141.155869,42.914729]]}},{"type":"Feature","properties":{"task_id":"226171476:9:5712798782:2350223858","reason":"追加した回送道路を含めても、公開4社の出発道路ノードから往復可能な経路を確認できない市内区間。"},"geometry":{"type":"LineString","coordinates":[[141.155869,42.914729],[141.155851,42.914827]]}},{"type":"Feature","properties":{"task_id":"226171476:10:2350223858:5712798783","reason":"追加した回送道路を含めても、公開4社の出発道路ノードから往復可能な経路を確認できない市内区間。"},"geometry":{"type":"LineString","coordinates":[[141.155851,42.914827],[141.155789,42.914908]]}},{"type":"Feature","properties":{"task_id":"226171476:11:5712798783:2350224041","reason":"追加した回送道路を含めても、公開4社の出発道路ノードから往復可能な経路を確認できない市内区間。"},"geometry":{"type":"LineString","coordinates":[[141.155789,42.914908],[141.155659,42.915008]]}},{"type":"Feature","properties":{"task_id":"226171847:0:2350224041:2350224068","reason":"追加した回送道路を含めても、公開4社の出発道路ノードから往復可能な経路を確認できない市内区間。"},"geometry":{"type":"LineString","coordinates":[[141.155659,42.915008],[141.155569,42.915072]]}},{"type":"Feature","properties":{"task_id":"226171810:0:2350224068:2350224106","reason":"追加した回送道路を含めても、公開4社の出発道路ノードから往復可能な経路を確認できない市内区間。"},"geometry":{"type":"LineString","coordinates":[[141.155569,42.915072],[141.155668,42.915192]]}},{"type":"Feature","properties":{"task_id":"226171810:0:2350224106:2350224068","reason":"追加した回送道路を含めても、公開4社の出発道路ノードから往復可能な経路を確認できない市内区間。"},"geometry":{"type":"LineString","coordinates":[[141.155668,42.915192],[141.155569,42.915072]]}},{"type":"Feature","properties":{"task_id":"226171847:0:2350224068:2350224041","reason":"追加した回送道路を含めても、公開4社の出発道路ノードから往復可能な経路を確認できない市内区間。"},"geometry":{"type":"LineString","coordinates":[[141.155569,42.915072],[141.155659,42.915008]]}},{"type":"Feature","properties":{"task_id":"226171476:11:2350224041:5712798783","reason":"追加した回送道路を含めても、公開4社の出発道路ノードから往復可能な経路を確認できない市内区間。"},"geometry":{"type":"LineString","coordinates":[[141.155659,42.915008],[141.155789,42.914908]]}},{"type":"Feature","properties":{"task_id":"226171476:10:5712798783:2350223858","reason":"追加した回送道路を含めても、公開4社の出発道路ノードから往復可能な経路を確認できない市内区間。"},"geometry":{"type":"LineString","coordinates":[[141.155789,42.914908],[141.155851,42.914827]]}},{"type":"Feature","properties":{"task_id":"226171476:9:2350223858:5712798782","reason":"追加した回送道路を含めても、公開4社の出発道路ノードから往復可能な経路を確認できない市内区間。"},"geometry":{"type":"LineString","coordinates":[[141.155851,42.914827],[141.155869,42.914729]]}},{"type":"Feature","properties":{"task_id":"226171476:8:5712798782:2350223723","reason":"追加した回送道路を含めても、公開4社の出発道路ノードから往復可能な経路を確認できない市内区間。"},"geometry":{"type":"LineString","coordinates":[[141.155869,42.914729],[141.155867,42.91462]]}},{"type":"Feature","properties":{"task_id":"226171476:7:2350223723:2350223601","reason":"追加した回送道路を含めても、公開4社の出発道路ノードから往復可能な経路を確認できない市内区間。"},"geometry":{"type":"LineString","coordinates":[[141.155867,42.91462],[141.155826,42.914531]]}},{"type":"Feature","properties":{"task_id":"226171476:6:2350223601:2350223523","reason":"追加した回送道路を含めても、公開4社の出発道路ノードから往復可能な経路を確認できない市内区間。"},"geometry":{"type":"LineString","coordinates":[[141.155826,42.914531],[141.155778,42.91447]]}},{"type":"Feature","properties":{"task_id":"226171476:5:2350223523:2350223453","reason":"追加した回送道路を含めても、公開4社の出発道路ノードから往復可能な経路を確認できない市内区間。"},"geometry":{"type":"LineString","coordinates":[[141.155778,42.91447],[141.155676,42.914399]]}},{"type":"Feature","properties":{"task_id":"226171476:4:2350223453:2350223385","reason":"追加した回送道路を含めても、公開4社の出発道路ノードから往復可能な経路を確認できない市内区間。"},"geometry":{"type":"LineString","coordinates":[[141.155676,42.914399],[141.155529,42.914341]]}},{"type":"Feature","properties":{"task_id":"226171476:3:2350223385:6038974893","reason":"追加した回送道路を含めても、公開4社の出発道路ノードから往復可能な経路を確認できない市内区間。"},"geometry":{"type":"LineString","coordinates":[[141.155529,42.914341],[141.155491,42.914336]]}},{"type":"Feature","properties":{"task_id":"226171476:2:6038974893:6031653213","reason":"追加した回送道路を含めても、公開4社の出発道路ノードから往復可能な経路を確認できない市内区間。"},"geometry":{"type":"LineString","coordinates":[[141.155491,42.914336],[141.155363,42.91432]]}},{"type":"Feature","properties":{"task_id":"226171476:1:6031653213:2350223376","reason":"追加した回送道路を含めても、公開4社の出発道路ノードから往復可能な経路を確認できない市内区間。"},"geometry":{"type":"LineString","coordinates":[[141.155363,42.91432],[141.155181,42.914323]]}},{"type":"Feature","properties":{"task_id":"226171476:0:2350223376:2350223404","reason":"追加した回送道路を含めても、公開4社の出発道路ノードから往復可能な経路を確認できない市内区間。"},"geometry":{"type":"LineString","coordinates":[[141.155181,42.914323],[141.154948,42.914352]]}},{"type":"Feature","properties":{"task_id":"600954051:10:2350223404:2350223424","reason":"追加した回送道路を含めても、公開4社の出発道路ノードから往復可能な経路を確認できない市内区間。"},"geometry":{"type":"LineString","coordinates":[[141.154948,42.914352],[141.154796,42.914377]]}},{"type":"Feature","properties":{"task_id":"600954051:9:2350223424:5712798776","reason":"追加した回送道路を含めても、公開4社の出発道路ノードから往復可能な経路を確認できない市内区間。"},"geometry":{"type":"LineString","coordinates":[[141.154796,42.914377],[141.154607,42.914419]]}},{"type":"Feature","properties":{"task_id":"600954051:8:5712798776:6031653214","reason":"追加した回送道路を含めても、公開4社の出発道路ノードから往復可能な経路を確認できない市内区間。"},"geometry":{"type":"LineString","coordinates":[[141.154607,42.914419],[141.154519,42.914427]]}},{"type":"Feature","properties":{"task_id":"600954051:7:6031653214:5712798775","reason":"追加した回送道路を含めても、公開4社の出発道路ノードから往復可能な経路を確認できない市内区間。"},"geometry":{"type":"LineString","coordinates":[[141.154519,42.914427],[141.154428,42.914423]]}},{"type":"Feature","properties":{"task_id":"600954051:6:5712798775:2350223422","reason":"追加した回送道路を含めても、公開4社の出発道路ノードから往復可能な経路を確認できない市内区間。"},"geometry":{"type":"LineString","coordinates":[[141.154428,42.914423],[141.154334,42.914379]]}},{"type":"Feature","properties":{"task_id":"600954051:5:2350223422:2350223268","reason":"追加した回送道路を含めても、公開4社の出発道路ノードから往復可能な経路を確認できない市内区間。"},"geometry":{"type":"LineString","coordinates":[[141.154334,42.914379],[141.15389,42.914017]]}},{"type":"Feature","properties":{"task_id":"600954051:4:2350223268:2350223171","reason":"追加した回送道路を含めても、公開4社の出発道路ノードから往復可能な経路を確認できない市内区間。"},"geometry":{"type":"LineString","coordinates":[[141.15389,42.914017],[141.153675,42.913699]]}},{"type":"Feature","properties":{"task_id":"600954051:3:2350223171:2350223128","reason":"追加した回送道路を含めても、公開4社の出発道路ノードから往復可能な経路を確認できない市内区間。"},"geometry":{"type":"LineString","coordinates":[[141.153675,42.913699],[141.153652,42.913589]]}},{"type":"Feature","properties":{"task_id":"600954051:2:2350223128:5712798754","reason":"追加した回送道路を含めても、公開4社の出発道路ノードから往復可能な経路を確認できない市内区間。"},"geometry":{"type":"LineString","coordinates":[[141.153652,42.913589],[141.153667,42.913507]]}},{"type":"Feature","properties":{"task_id":"600954051:1:5712798754:2350223057","reason":"追加した回送道路を含めても、公開4社の出発道路ノードから往復可能な経路を確認できない市内区間。"},"geometry":{"type":"LineString","coordinates":[[141.153667,42.913507],[141.15375,42.913438]]}},{"type":"Feature","properties":{"task_id":"600954051:0:2350223057:2350223014","reason":"追加した回送道路を含めても、公開4社の出発道路ノードから往復可能な経路を確認できない市内区間。"},"geometry":{"type":"LineString","coordinates":[[141.15375,42.913438],[141.153915,42.913345]]}},{"type":"Feature","properties":{"task_id":"600954051:0:2350223014:2350223057","reason":"追加した回送道路を含めても、公開4社の出発道路ノードから往復可能な経路を確認できない市内区間。"},"geometry":{"type":"LineString","coordinates":[[141.153915,42.913345],[141.15375,42.913438]]}},{"type":"Feature","properties":{"task_id":"600954051:1:2350223057:5712798754","reason":"追加した回送道路を含めても、公開4社の出発道路ノードから往復可能な経路を確認できない市内区間。"},"geometry":{"type":"LineString","coordinates":[[141.15375,42.913438],[141.153667,42.913507]]}},{"type":"Feature","properties":{"task_id":"600954051:2:5712798754:2350223128","reason":"追加した回送道路を含めても、公開4社の出発道路ノードから往復可能な経路を確認できない市内区間。"},"geometry":{"type":"LineString","coordinates":[[141.153667,42.913507],[141.153652,42.913589]]}},{"type":"Feature","properties":{"task_id":"600954051:3:2350223128:2350223171","reason":"追加した回送道路を含めても、公開4社の出発道路ノードから往復可能な経路を確認できない市内区間。"},"geometry":{"type":"LineString","coordinates":[[141.153652,42.913589],[141.153675,42.913699]]}},{"type":"Feature","properties":{"task_id":"600954051:4:2350223171:2350223268","reason":"追加した回送道路を含めても、公開4社の出発道路ノードから往復可能な経路を確認できない市内区間。"},"geometry":{"type":"LineString","coordinates":[[141.153675,42.913699],[141.15389,42.914017]]}},{"type":"Feature","properties":{"task_id":"600954051:5:2350223268:2350223422","reason":"追加した回送道路を含めても、公開4社の出発道路ノードから往復可能な経路を確認できない市内区間。"},"geometry":{"type":"LineString","coordinates":[[141.15389,42.914017],[141.154334,42.914379]]}},{"type":"Feature","properties":{"task_id":"600954051:6:2350223422:5712798775","reason":"追加した回送道路を含めても、公開4社の出発道路ノードから往復可能な経路を確認できない市内区間。"},"geometry":{"type":"LineString","coordinates":[[141.154334,42.914379],[141.154428,42.914423]]}},{"type":"Feature","properties":{"task_id":"600954051:7:5712798775:6031653214","reason":"追加した回送道路を含めても、公開4社の出発道路ノードから往復可能な経路を確認できない市内区間。"},"geometry":{"type":"LineString","coordinates":[[141.154428,42.914423],[141.154519,42.914427]]}},{"type":"Feature","properties":{"task_id":"600954051:8:6031653214:5712798776","reason":"追加した回送道路を含めても、公開4社の出発道路ノードから往復可能な経路を確認できない市内区間。"},"geometry":{"type":"LineString","coordinates":[[141.154519,42.914427],[141.154607,42.914419]]}},{"type":"Feature","properties":{"task_id":"600954051:9:5712798776:2350223424","reason":"追加した回送道路を含めても、公開4社の出発道路ノードから往復可能な経路を確認できない市内区間。"},"geometry":{"type":"LineString","coordinates":[[141.154607,42.914419],[141.154796,42.914377]]}},{"type":"Feature","properties":{"task_id":"600954051:10:2350223424:2350223404","reason":"追加した回送道路を含めても、公開4社の出発道路ノードから往復可能な経路を確認できない市内区間。"},"geometry":{"type":"LineString","coordinates":[[141.154796,42.914377],[141.154948,42.914352]]}},{"type":"Feature","properties":{"task_id":"226171476:0:2350223404:2350223376","reason":"追加した回送道路を含めても、公開4社の出発道路ノードから往復可能な経路を確認できない市内区間。"},"geometry":{"type":"LineString","coordinates":[[141.154948,42.914352],[141.155181,42.914323]]}},{"type":"Feature","properties":{"task_id":"226164071:6:2350155264:2350155250","reason":"追加した回送道路を含めても、公開4社の出発道路ノードから往復可能な経路を確認できない市内区間。"},"geometry":{"type":"LineString","coordinates":[[141.275539,43.044829],[141.275125,43.044278]]}},{"type":"Feature","properties":{"task_id":"226164071:7:2350155250:2350155249","reason":"追加した回送道路を含めても、公開4社の出発道路ノードから往復可能な経路を確認できない市内区間。"},"geometry":{"type":"LineString","coordinates":[[141.275125,43.044278],[141.275094,43.044249]]}},{"type":"Feature","properties":{"task_id":"226164071:8:2350155249:2350155230","reason":"追加した回送道路を含めても、公開4社の出発道路ノードから往復可能な経路を確認できない市内区間。"},"geometry":{"type":"LineString","coordinates":[[141.275094,43.044249],[141.274788,43.043782]]}},{"type":"Feature","properties":{"task_id":"226164071:9:2350155230:2350155215","reason":"追加した回送道路を含めても、公開4社の出発道路ノードから往復可能な経路を確認できない市内区間。"},"geometry":{"type":"LineString","coordinates":[[141.274788,43.043782],[141.27465,43.043473]]}},{"type":"Feature","properties":{"task_id":"226164137:2:2350155215:2350155216","reason":"追加した回送道路を含めても、公開4社の出発道路ノードから往復可能な経路を確認できない市内区間。"},"geometry":{"type":"LineString","coordinates":[[141.27465,43.043473],[141.274588,43.043478]]}},{"type":"Feature","properties":{"task_id":"226164137:1:2350155216:2350155221","reason":"追加した回送道路を含めても、公開4社の出発道路ノードから往復可能な経路を確認できない市内区間。"},"geometry":{"type":"LineString","coordinates":[[141.274588,43.043478],[141.27363,43.043602]]}},{"type":"Feature","properties":{"task_id":"226164137:0:2350155221:2350155226","reason":"追加した回送道路を含めても、公開4社の出発道路ノードから往復可能な経路を確認できない市内区間。"},"geometry":{"type":"LineString","coordinates":[[141.27363,43.043602],[141.273116,43.043658]]}},{"type":"Feature","properties":{"task_id":"226164137:0:2350155226:2350155221","reason":"追加した回送道路を含めても、公開4社の出発道路ノードから往復可能な経路を確認できない市内区間。"},"geometry":{"type":"LineString","coordinates":[[141.273116,43.043658],[141.27363,43.043602]]}},{"type":"Feature","properties":{"task_id":"226164137:1:2350155221:2350155216","reason":"追加した回送道路を含めても、公開4社の出発道路ノードから往復可能な経路を確認できない市内区間。"},"geometry":{"type":"LineString","coordinates":[[141.27363,43.043602],[141.274588,43.043478]]}},{"type":"Feature","properties":{"task_id":"226164137:2:2350155216:2350155215","reason":"追加した回送道路を含めても、公開4社の出発道路ノードから往復可能な経路を確認できない市内区間。"},"geometry":{"type":"LineString","coordinates":[[141.274588,43.043478],[141.27465,43.043473]]}},{"type":"Feature","properties":{"task_id":"226164136:0:2350155215:2350155213","reason":"追加した回送道路を含めても、公開4社の出発道路ノードから往復可能な経路を確認できない市内区間。"},"geometry":{"type":"LineString","coordinates":[[141.27465,43.043473],[141.274619,43.04336]]}},{"type":"Feature","properties":{"task_id":"226164136:1:2350155213:2350155205","reason":"追加した回送道路を含めても、公開4社の出発道路ノードから往復可能な経路を確認できない市内区間。"},"geometry":{"type":"LineString","coordinates":[[141.274619,43.04336],[141.274604,43.043208]]}},{"type":"Feature","properties":{"task_id":"226164136:2:2350155205:2350155195","reason":"追加した回送道路を含めても、公開4社の出発道路ノードから往復可能な経路を確認できない市内区間。"},"geometry":{"type":"LineString","coordinates":[[141.274604,43.043208],[141.27432,43.042977]]}},{"type":"Feature","properties":{"task_id":"226164148:3:2350155195:2350155198","reason":"追加した回送道路を含めても、公開4社の出発道路ノードから往復可能な経路を確認できない市内区間。"},"geometry":{"type":"LineString","coordinates":[[141.27432,43.042977],[141.273829,43.04305]]}},{"type":"Feature","properties":{"task_id":"226164148:2:2350155198:2350155204","reason":"追加した回送道路を含めても、公開4社の出発道路ノードから往復可能な経路を確認できない市内区間。"},"geometry":{"type":"LineString","coordinates":[[141.273829,43.04305],[141.272825,43.043208]]}},{"type":"Feature","properties":{"task_id":"226164148:1:2350155204:2350155208","reason":"追加した回送道路を含めても、公開4社の出発道路ノードから往復可能な経路を確認できない市内区間。"},"geometry":{"type":"LineString","coordinates":[[141.272825,43.043208],[141.272526,43.043253]]}},{"type":"Feature","properties":{"task_id":"226164148:0:2350155208:2350155207","reason":"追加した回送道路を含めても、公開4社の出発道路ノードから往復可能な経路を確認できない市内区間。"},"geometry":{"type":"LineString","coordinates":[[141.272526,43.043253],[141.272403,43.043253]]}},{"type":"Feature","properties":{"task_id":"226164148:0:2350155207:2350155208","reason":"追加した回送道路を含めても、公開4社の出発道路ノードから往復可能な経路を確認できない市内区間。"},"geometry":{"type":"LineString","coordinates":[[141.272403,43.043253],[141.272526,43.043253]]}},{"type":"Feature","properties":{"task_id":"226164148:1:2350155208:2350155204","reason":"追加した回送道路を含めても、公開4社の出発道路ノードから往復可能な経路を確認できない市内区間。"},"geometry":{"type":"LineString","coordinates":[[141.272526,43.043253],[141.272825,43.043208]]}},{"type":"Feature","properties":{"task_id":"226164148:2:2350155204:2350155198","reason":"追加した回送道路を含めても、公開4社の出発道路ノードから往復可能な経路を確認できない市内区間。"},"geometry":{"type":"LineString","coordinates":[[141.272825,43.043208],[141.273829,43.04305]]}},{"type":"Feature","properties":{"task_id":"226164148:3:2350155198:2350155195","reason":"追加した回送道路を含めても、公開4社の出発道路ノードから往復可能な経路を確認できない市内区間。"},"geometry":{"type":"LineString","coordinates":[[141.273829,43.04305],[141.27432,43.042977]]}},{"type":"Feature","properties":{"task_id":"226164110:0:2350155195:2350155193","reason":"追加した回送道路を含めても、公開4社の出発道路ノードから往復可能な経路を確認できない市内区間。"},"geometry":{"type":"LineString","coordinates":[[141.27432,43.042977],[141.274274,43.042938]]}},{"type":"Feature","properties":{"task_id":"226164110:1:2350155193:2350155178","reason":"追加した回送道路を含めても、公開4社の出発道路ノードから往復可能な経路を確認できない市内区間。"},"geometry":{"type":"LineString","coordinates":[[141.274274,43.042938],[141.274274,43.042572]]}},{"type":"Feature","properties":{"task_id":"226164110:1:2350155178:2350155193","reason":"追加した回送道路を含めても、公開4社の出発道路ノードから往復可能な経路を確認できない市内区間。"},"geometry":{"type":"LineString","coordinates":[[141.274274,43.042572],[141.274274,43.042938]]}},{"type":"Feature","properties":{"task_id":"226164110:0:2350155193:2350155195","reason":"追加した回送道路を含めても、公開4社の出発道路ノードから往復可能な経路を確認できない市内区間。"},"geometry":{"type":"LineString","coordinates":[[141.274274,43.042938],[141.27432,43.042977]]}},{"type":"Feature","properties":{"task_id":"226164136:2:2350155195:2350155205","reason":"追加した回送道路を含めても、公開4社の出発道路ノードから往復可能な経路を確認できない市内区間。"},"geometry":{"type":"LineString","coordinates":[[141.27432,43.042977],[141.274604,43.043208]]}},{"type":"Feature","properties":{"task_id":"226164136:1:2350155205:2350155213","reason":"追加した回送道路を含めても、公開4社の出発道路ノードから往復可能な経路を確認できない市内区間。"},"geometry":{"type":"LineString","coordinates":[[141.274604,43.043208],[141.274619,43.04336]]}},{"type":"Feature","properties":{"task_id":"226164136:0:2350155213:2350155215","reason":"追加した回送道路を含めても、公開4社の出発道路ノードから往復可能な経路を確認できない市内区間。"},"geometry":{"type":"LineString","coordinates":[[141.274619,43.04336],[141.27465,43.043473]]}},{"type":"Feature","properties":{"task_id":"226164071:9:2350155215:2350155230","reason":"追加した回送道路を含めても、公開4社の出発道路ノードから往復可能な経路を確認できない市内区間。"},"geometry":{"type":"LineString","coordinates":[[141.27465,43.043473],[141.274788,43.043782]]}},{"type":"Feature","properties":{"task_id":"226164071:8:2350155230:2350155249","reason":"追加した回送道路を含めても、公開4社の出発道路ノードから往復可能な経路を確認できない市内区間。"},"geometry":{"type":"LineString","coordinates":[[141.274788,43.043782],[141.275094,43.044249]]}},{"type":"Feature","properties":{"task_id":"226164071:7:2350155249:2350155250","reason":"追加した回送道路を含めても、公開4社の出発道路ノードから往復可能な経路を確認できない市内区間。"},"geometry":{"type":"LineString","coordinates":[[141.275094,43.044249],[141.275125,43.044278]]}},{"type":"Feature","properties":{"task_id":"226164071:6:2350155250:2350155264","reason":"追加した回送道路を含めても、公開4社の出発道路ノードから往復可能な経路を確認できない市内区間。"},"geometry":{"type":"LineString","coordinates":[[141.275125,43.044278],[141.275539,43.044829]]}},{"type":"Feature","properties":{"task_id":"226164071:5:2350155264:2350155266","reason":"追加した回送道路を含めても、公開4社の出発道路ノードから往復可能な経路を確認できない市内区間。"},"geometry":{"type":"LineString","coordinates":[[141.275539,43.044829],[141.27567,43.044964]]}},{"type":"Feature","properties":{"task_id":"226164071:4:2350155266:2350155270","reason":"追加した回送道路を含めても、公開4社の出発道路ノードから往復可能な経路を確認できない市内区間。"},"geometry":{"type":"LineString","coordinates":[[141.27567,43.044964],[141.275731,43.044998]]}},{"type":"Feature","properties":{"task_id":"226164071:3:2350155270:2350155271","reason":"追加した回送道路を含めても、公開4社の出発道路ノードから往復可能な経路を確認できない市内区間。"},"geometry":{"type":"LineString","coordinates":[[141.275731,43.044998],[141.275976,43.044998]]}},{"type":"Feature","properties":{"task_id":"226164071:2:2350155271:2350155268","reason":"追加した回送道路を含めても、公開4社の出発道路ノードから往復可能な経路を確認できない市内区間。"},"geometry":{"type":"LineString","coordinates":[[141.275976,43.044998],[141.276153,43.044981]]}},{"type":"Feature","properties":{"task_id":"226164071:1:2350155268:2350155267","reason":"追加した回送道路を含めても、公開4社の出発道路ノードから往復可能な経路を確認できない市内区間。"},"geometry":{"type":"LineString","coordinates":[[141.276153,43.044981],[141.27649,43.044975]]}},{"type":"Feature","properties":{"task_id":"226164071:0:2350155267:2350155273","reason":"追加した回送道路を含めても、公開4社の出発道路ノードから往復可能な経路を確認できない市内区間。"},"geometry":{"type":"LineString","coordinates":[[141.27649,43.044975],[141.277072,43.045032]]}},{"type":"Feature","properties":{"task_id":"226164071:0:2350155273:2350155267","reason":"追加した回送道路を含めても、公開4社の出発道路ノードから往復可能な経路を確認できない市内区間。"},"geometry":{"type":"LineString","coordinates":[[141.277072,43.045032],[141.27649,43.044975]]}},{"type":"Feature","properties":{"task_id":"226164071:1:2350155267:2350155268","reason":"追加した回送道路を含めても、公開4社の出発道路ノードから往復可能な経路を確認できない市内区間。"},"geometry":{"type":"LineString","coordinates":[[141.27649,43.044975],[141.276153,43.044981]]}},{"type":"Feature","properties":{"task_id":"226164071:2:2350155268:2350155271","reason":"追加した回送道路を含めても、公開4社の出発道路ノードから往復可能な経路を確認できない市内区間。"},"geometry":{"type":"LineString","coordinates":[[141.276153,43.044981],[141.275976,43.044998]]}},{"type":"Feature","properties":{"task_id":"226164071:3:2350155271:2350155270","reason":"追加した回送道路を含めても、公開4社の出発道路ノードから往復可能な経路を確認できない市内区間。"},"geometry":{"type":"LineString","coordinates":[[141.275976,43.044998],[141.275731,43.044998]]}},{"type":"Feature","properties":{"task_id":"226164071:4:2350155270:2350155266","reason":"追加した回送道路を含めても、公開4社の出発道路ノードから往復可能な経路を確認できない市内区間。"},"geometry":{"type":"LineString","coordinates":[[141.275731,43.044998],[141.27567,43.044964]]}},{"type":"Feature","properties":{"task_id":"226164071:5:2350155266:2350155264","reason":"追加した回送道路を含めても、公開4社の出発道路ノードから往復可能な経路を確認できない市内区間。"},"geometry":{"type":"LineString","coordinates":[[141.27567,43.044964],[141.275539,43.044829]]}},{"type":"Feature","properties":{"task_id":"842164465:7:7856788291:7856788300","reason":"追加した回送道路を含めても、公開4社の出発道路ノードから往復可能な経路を確認できない市内区間。"},"geometry":{"type":"LineString","coordinates":[[141.271037,43.04939],[141.270887,43.049363]]}},{"type":"Feature","properties":{"task_id":"842164465:8:7856788300:7856788293","reason":"追加した回送道路を含めても、公開4社の出発道路ノードから往復可能な経路を確認できない市内区間。"},"geometry":{"type":"LineString","coordinates":[[141.270887,43.049363],[141.27086,43.049343]]}},{"type":"Feature","properties":{"task_id":"842164465:9:7856788293:7856788301","reason":"追加した回送道路を含めても、公開4社の出発道路ノードから往復可能な経路を確認できない市内区間。"},"geometry":{"type":"LineString","coordinates":[[141.27086,43.049343],[141.27086,43.049296]]}},{"type":"Feature","properties":{"task_id":"842164465:10:7856788301:7856788295","reason":"追加した回送道路を含めても、公開4社の出発道路ノードから往復可能な経路を確認できない市内区間。"},"geometry":{"type":"LineString","coordinates":[[141.27086,43.049296],[141.270962,43.049131]]}},{"type":"Feature","properties":{"task_id":"842164465:11:7856788295:7856788302","reason":"追加した回送道路を含めても、公開4社の出発道路ノードから往復可能な経路を確認できない市内区間。"},"geometry":{"type":"LineString","coordinates":[[141.270962,43.049131],[141.270994,43.049037]]}},{"type":"Feature","properties":{"task_id":"842164465:12:7856788302:7856788297","reason":"追加した回送道路を含めても、公開4社の出発道路ノードから往復可能な経路を確認できない市内区間。"},"geometry":{"type":"LineString","coordinates":[[141.270994,43.049037],[141.27101,43.048881]]}},{"type":"Feature","properties":{"task_id":"842164465:13:7856788297:7856788304","reason":"追加した回送道路を含めても、公開4社の出発道路ノードから往復可能な経路を確認できない市内区間。"},"geometry":{"type":"LineString","coordinates":[[141.27101,43.048881],[141.270999,43.048708]]}},{"type":"Feature","properties":{"task_id":"842164465:14:7856788304:7856788299","reason":"追加した回送道路を含めても、公開4社の出発道路ノードから往復可能な経路を確認できない市内区間。"},"geometry":{"type":"LineString","coordinates":[[141.270999,43.048708],[141.270972,43.04863]]}},{"type":"Feature","properties":{"task_id":"842164465:15:7856788299:5140636918","reason":"追加した回送道路を含めても、公開4社の出発道路ノードから往復可能な経路を確認できない市内区間。"},"geometry":{"type":"LineString","coordinates":[[141.270972,43.04863],[141.270718,43.048318]]}},{"type":"Feature","properties":{"task_id":"842164465:15:5140636918:7856788299","reason":"追加した回送道路を含めても、公開4社の出発道路ノードから往復可能な経路を確認できない市内区間。"},"geometry":{"type":"LineString","coordinates":[[141.270718,43.048318],[141.270972,43.04863]]}},{"type":"Feature","properties":{"task_id":"842164465:14:7856788299:7856788304","reason":"追加した回送道路を含めても、公開4社の出発道路ノードから往復可能な経路を確認できない市内区間。"},"geometry":{"type":"LineString","coordinates":[[141.270972,43.04863],[141.270999,43.048708]]}},{"type":"Feature","properties":{"task_id":"842164465:13:7856788304:7856788297","reason":"追加した回送道路を含めても、公開4社の出発道路ノードから往復可能な経路を確認できない市内区間。"},"geometry":{"type":"LineString","coordinates":[[141.270999,43.048708],[141.27101,43.048881]]}},{"type":"Feature","properties":{"task_id":"842164465:12:7856788297:7856788302","reason":"追加した回送道路を含めても、公開4社の出発道路ノードから往復可能な経路を確認できない市内区間。"},"geometry":{"type":"LineString","coordinates":[[141.27101,43.048881],[141.270994,43.049037]]}},{"type":"Feature","properties":{"task_id":"842164465:11:7856788302:7856788295","reason":"追加した回送道路を含めても、公開4社の出発道路ノードから往復可能な経路を確認できない市内区間。"},"geometry":{"type":"LineString","coordinates":[[141.270994,43.049037],[141.270962,43.049131]]}},{"type":"Feature","properties":{"task_id":"842164465:10:7856788295:7856788301","reason":"追加した回送道路を含めても、公開4社の出発道路ノードから往復可能な経路を確認できない市内区間。"},"geometry":{"type":"LineString","coordinates":[[141.270962,43.049131],[141.27086,43.049296]]}},{"type":"Feature","properties":{"task_id":"842164465:9:7856788301:7856788293","reason":"追加した回送道路を含めても、公開4社の出発道路ノードから往復可能な経路を確認できない市内区間。"},"geometry":{"type":"LineString","coordinates":[[141.27086,43.049296],[141.27086,43.049343]]}},{"type":"Feature","properties":{"task_id":"842164465:8:7856788293:7856788300","reason":"追加した回送道路を含めても、公開4社の出発道路ノードから往復可能な経路を確認できない市内区間。"},"geometry":{"type":"LineString","coordinates":[[141.27086,43.049343],[141.270887,43.049363]]}},{"type":"Feature","properties":{"task_id":"842164465:7:7856788300:7856788291","reason":"追加した回送道路を含めても、公開4社の出発道路ノードから往復可能な経路を確認できない市内区間。"},"geometry":{"type":"LineString","coordinates":[[141.270887,43.049363],[141.271037,43.04939]]}},{"type":"Feature","properties":{"task_id":"842164465:6:7856788291:7856788298","reason":"追加した回送道路を含めても、公開4社の出発道路ノードから往復可能な経路を確認できない市内区間。"},"geometry":{"type":"LineString","coordinates":[[141.271037,43.04939],[141.271198,43.049359]]}},{"type":"Feature","properties":{"task_id":"842164465:5:7856788298:7856788306","reason":"追加した回送道路を含めても、公開4社の出発道路ノードから往復可能な経路を確認できない市内区間。"},"geometry":{"type":"LineString","coordinates":[[141.271198,43.049359],[141.271353,43.049292]]}},{"type":"Feature","properties":{"task_id":"842164465:4:7856788306:7856788296","reason":"追加した回送道路を含めても、公開4社の出発道路ノードから往復可能な経路を確認できない市内区間。"},"geometry":{"type":"LineString","coordinates":[[141.271353,43.049292],[141.271579,43.049096]]}},{"type":"Feature","properties":{"task_id":"842164465:3:7856788296:7856788305","reason":"追加した回送道路を含めても、公開4社の出発道路ノードから往復可能な経路を確認できない市内区間。"},"geometry":{"type":"LineString","coordinates":[[141.271579,43.049096],[141.271627,43.049069]]}},{"type":"Feature","properties":{"task_id":"842164465:2:7856788305:7856788294","reason":"追加した回送道路を含めても、公開4社の出発道路ノードから往復可能な経路を確認できない市内区間。"},"geometry":{"type":"LineString","coordinates":[[141.271627,43.049069],[141.271761,43.049076]]}},{"type":"Feature","properties":{"task_id":"842164465:1:7856788294:7856788303","reason":"追加した回送道路を含めても、公開4社の出発道路ノードから往復可能な経路を確認できない市内区間。"},"geometry":{"type":"LineString","coordinates":[[141.271761,43.049076],[141.271863,43.049159]]}},{"type":"Feature","properties":{"task_id":"842164465:0:7856788303:7856788292","reason":"追加した回送道路を含めても、公開4社の出発道路ノードから往復可能な経路を確認できない市内区間。"},"geometry":{"type":"LineString","coordinates":[[141.271863,43.049159],[141.271836,43.049496]]}},{"type":"Feature","properties":{"task_id":"842164465:0:7856788292:7856788303","reason":"追加した回送道路を含めても、公開4社の出発道路ノードから往復可能な経路を確認できない市内区間。"},"geometry":{"type":"LineString","coordinates":[[141.271836,43.049496],[141.271863,43.049159]]}},{"type":"Feature","properties":{"task_id":"842164465:1:7856788303:7856788294","reason":"追加した回送道路を含めても、公開4社の出発道路ノードから往復可能な経路を確認できない市内区間。"},"geometry":{"type":"LineString","coordinates":[[141.271863,43.049159],[141.271761,43.049076]]}},{"type":"Feature","properties":{"task_id":"842164465:2:7856788294:7856788305","reason":"追加した回送道路を含めても、公開4社の出発道路ノードから往復可能な経路を確認できない市内区間。"},"geometry":{"type":"LineString","coordinates":[[141.271761,43.049076],[141.271627,43.049069]]}},{"type":"Feature","properties":{"task_id":"842164465:3:7856788305:7856788296","reason":"追加した回送道路を含めても、公開4社の出発道路ノードから往復可能な経路を確認できない市内区間。"},"geometry":{"type":"LineString","coordinates":[[141.271627,43.049069],[141.271579,43.049096]]}},{"type":"Feature","properties":{"task_id":"842164465:4:7856788296:7856788306","reason":"追加した回送道路を含めても、公開4社の出発道路ノードから往復可能な経路を確認できない市内区間。"},"geometry":{"type":"LineString","coordinates":[[141.271579,43.049096],[141.271353,43.049292]]}},{"type":"Feature","properties":{"task_id":"842164465:5:7856788306:7856788298","reason":"追加した回送道路を含めても、公開4社の出発道路ノードから往復可能な経路を確認できない市内区間。"},"geometry":{"type":"LineString","coordinates":[[141.271353,43.049292],[141.271198,43.049359]]}},{"type":"Feature","properties":{"task_id":"842164465:6:7856788298:7856788291","reason":"追加した回送道路を含めても、公開4社の出発道路ノードから往復可能な経路を確認できない市内区間。"},"geometry":{"type":"LineString","coordinates":[[141.271198,43.049359],[141.271037,43.04939]]}},{"type":"Feature","properties":{"task_id":"226164073:2:2350155232:2350155228","reason":"追加した回送道路を含めても、公開4社の出発道路ノードから往復可能な経路を確認できない市内区間。"},"geometry":{"type":"LineString","coordinates":[[141.208726,43.043879],[141.208473,43.04375]]}},{"type":"Feature","properties":{"task_id":"226164073:3:2350155228:2350155225","reason":"追加した回送道路を含めても、公開4社の出発道路ノードから往復可能な経路を確認できない市内区間。"},"geometry":{"type":"LineString","coordinates":[[141.208473,43.04375],[141.20832,43.043649]]}},{"type":"Feature","properties":{"task_id":"226164073:4:2350155225:2350155214","reason":"追加した回送道路を含めても、公開4社の出発道路ノードから往復可能な経路を確認できない市内区間。"},"geometry":{"type":"LineString","coordinates":[[141.20832,43.043649],[141.208036,43.043377]]}},{"type":"Feature","properties":{"task_id":"226164073:5:2350155214:2350155211","reason":"追加した回送道路を含めても、公開4社の出発道路ノードから往復可能な経路を確認できない市内区間。"},"geometry":{"type":"LineString","coordinates":[[141.208036,43.043377],[141.208005,43.043305]]}},{"type":"Feature","properties":{"task_id":"226164073:6:2350155211:2350155201","reason":"追加した回送道路を含めても、公開4社の出発道路ノードから往復可能な経路を確認できない市内区間。"},"geometry":{"type":"LineString","coordinates":[[141.208005,43.043305],[141.207967,43.043102]]}},{"type":"Feature","properties":{"task_id":"226164073:7:2350155201:2350155190","reason":"追加した回送道路を含めても、公開4社の出発道路ノードから往復可能な経路を確認できない市内区間。"},"geometry":{"type":"LineString","coordinates":[[141.207967,43.043102],[141.207967,43.042781]]}},{"type":"Feature","properties":{"task_id":"226164073:8:2350155190:2350155183","reason":"追加した回送道路を含めても、公開4社の出発道路ノードから往復可能な経路を確認できない市内区間。"},"geometry":{"type":"LineString","coordinates":[[141.207967,43.042781],[141.20799,43.042618]]}},{"type":"Feature","properties":{"task_id":"226164073:9:2350155183:2350155171","reason":"追加した回送道路を含めても、公開4社の出発道路ノードから往復可能な経路を確認できない市内区間。"},"geometry":{"type":"LineString","coordinates":[[141.20799,43.042618],[141.207982,43.042432]]}},{"type":"Feature","properties":{"task_id":"226164073:10:2350155171:2350155161","reason":"追加した回送道路を含めても、公開4社の出発道路ノードから往復可能な経路を確認できない市内区間。"},"geometry":{"type":"LineString","coordinates":[[141.207982,43.042432],[141.207853,43.042102]]}},{"type":"Feature","properties":{"task_id":"226164073:10:2350155161:2350155171","reason":"追加した回送道路を含めても、公開4社の出発道路ノードから往復可能な経路を確認できない市内区間。"},"geometry":{"type":"LineString","coordinates":[[141.207853,43.042102],[141.207982,43.042432]]}},{"type":"Feature","properties":{"task_id":"226164073:9:2350155171:2350155183","reason":"追加した回送道路を含めても、公開4社の出発道路ノードから往復可能な経路を確認できない市内区間。"},"geometry":{"type":"LineString","coordinates":[[141.207982,43.042432],[141.20799,43.042618]]}},{"type":"Feature","properties":{"task_id":"226164073:8:2350155183:2350155190","reason":"追加した回送道路を含めても、公開4社の出発道路ノードから往復可能な経路を確認できない市内区間。"},"geometry":{"type":"LineString","coordinates":[[141.20799,43.042618],[141.207967,43.042781]]}},{"type":"Feature","properties":{"task_id":"226164073:7:2350155190:2350155201","reason":"追加した回送道路を含めても、公開4社の出発道路ノードから往復可能な経路を確認できない市内区間。"},"geometry":{"type":"LineString","coordinates":[[141.207967,43.042781],[141.207967,43.043102]]}},{"type":"Feature","properties":{"task_id":"226164073:6:2350155201:2350155211","reason":"追加した回送道路を含めても、公開4社の出発道路ノードから往復可能な経路を確認できない市内区間。"},"geometry":{"type":"LineString","coordinates":[[141.207967,43.043102],[141.208005,43.043305]]}},{"type":"Feature","properties":{"task_id":"226164073:5:2350155211:2350155214","reason":"追加した回送道路を含めても、公開4社の出発道路ノードから往復可能な経路を確認できない市内区間。"},"geometry":{"type":"LineString","coordinates":[[141.208005,43.043305],[141.208036,43.043377]]}},{"type":"Feature","properties":{"task_id":"226164073:4:2350155214:2350155225","reason":"追加した回送道路を含めても、公開4社の出発道路ノードから往復可能な経路を確認できない市内区間。"},"geometry":{"type":"LineString","coordinates":[[141.208036,43.043377],[141.20832,43.043649]]}},{"type":"Feature","properties":{"task_id":"226164073:3:2350155225:2350155228","reason":"追加した回送道路を含めても、公開4社の出発道路ノードから往復可能な経路を確認できない市内区間。"},"geometry":{"type":"LineString","coordinates":[[141.20832,43.043649],[141.208473,43.04375]]}},{"type":"Feature","properties":{"task_id":"226164073:2:2350155228:2350155232","reason":"追加した回送道路を含めても、公開4社の出発道路ノードから往復可能な経路を確認できない市内区間。"},"geometry":{"type":"LineString","coordinates":[[141.208473,43.04375],[141.208726,43.043879]]}},{"type":"Feature","properties":{"task_id":"226164073:1:2350155232:2350155235","reason":"追加した回送道路を含めても、公開4社の出発道路ノードから往復可能な経路を確認できない市内区間。"},"geometry":{"type":"LineString","coordinates":[[141.208726,43.043879],[141.208926,43.043952]]}},{"type":"Feature","properties":{"task_id":"226164073:0:2350155235:2350155236","reason":"追加した回送道路を含めても、公開4社の出発道路ノードから往復可能な経路を確認できない市内区間。"},"geometry":{"type":"LineString","coordinates":[[141.208926,43.043952],[141.209109,43.044004]]}},{"type":"Feature","properties":{"task_id":"226164073:0:2350155236:2350155235","reason":"追加した回送道路を含めても、公開4社の出発道路ノードから往復可能な経路を確認できない市内区間。"},"geometry":{"type":"LineString","coordinates":[[141.209109,43.044004],[141.208926,43.043952]]}},{"type":"Feature","properties":{"task_id":"226164073:1:2350155235:2350155232","reason":"追加した回送道路を含めても、公開4社の出発道路ノードから往復可能な経路を確認できない市内区間。"},"geometry":{"type":"LineString","coordinates":[[141.208926,43.043952],[141.208726,43.043879]]}},{"type":"Feature","properties":{"task_id":"226173008:3:2350214308:2350214264","reason":"追加した回送道路を含めても、公開4社の出発道路ノードから往復可能な経路を確認できない市内区間。"},"geometry":{"type":"LineString","coordinates":[[141.301643,42.901319],[141.301826,42.901235]]}},{"type":"Feature","properties":{"task_id":"226173008:2:2350214264:2350214926","reason":"追加した回送道路を含めても、公開4社の出発道路ノードから往復可能な経路を確認できない市内区間。"},"geometry":{"type":"LineString","coordinates":[[141.301826,42.901235],[141.302531,42.902276]]}},{"type":"Feature","properties":{"task_id":"226173008:1:2350214926:2350215406","reason":"追加した回送道路を含めても、公開4社の出発道路ノードから往復可能な経路を確認できない市内区間。"},"geometry":{"type":"LineString","coordinates":[[141.302531,42.902276],[141.302898,42.90267]]}},{"type":"Feature","properties":{"task_id":"226173008:0:2350215406:2350215934","reason":"追加した回送道路を含めても、公開4社の出発道路ノードから往復可能な経路を確認できない市内区間。"},"geometry":{"type":"LineString","coordinates":[[141.302898,42.90267],[141.303571,42.903503]]}},{"type":"Feature","properties":{"task_id":"226173008:0:2350215934:2350215406","reason":"追加した回送道路を含めても、公開4社の出発道路ノードから往復可能な経路を確認できない市内区間。"},"geometry":{"type":"LineString","coordinates":[[141.303571,42.903503],[141.302898,42.90267]]}},{"type":"Feature","properties":{"task_id":"226173008:1:2350215406:2350214926","reason":"追加した回送道路を含めても、公開4社の出発道路ノードから往復可能な経路を確認できない市内区間。"},"geometry":{"type":"LineString","coordinates":[[141.302898,42.90267],[141.302531,42.902276]]}},{"type":"Feature","properties":{"task_id":"226173008:2:2350214926:2350214264","reason":"追加した回送道路を含めても、公開4社の出発道路ノードから往復可能な経路を確認できない市内区間。"},"geometry":{"type":"LineString","coordinates":[[141.302531,42.902276],[141.301826,42.901235]]}},{"type":"Feature","properties":{"task_id":"226173008:3:2350214264:2350214308","reason":"追加した回送道路を含めても、公開4社の出発道路ノードから往復可能な経路を確認できない市内区間。"},"geometry":{"type":"LineString","coordinates":[[141.301826,42.901235],[141.301643,42.901319]]}},{"type":"Feature","properties":{"task_id":"226173008:4:2350214308:2350214706","reason":"追加した回送道路を含めても、公開4社の出発道路ノードから往復可能な経路を確認できない市内区間。"},"geometry":{"type":"LineString","coordinates":[[141.301643,42.901319],[141.299823,42.902096]]}},{"type":"Feature","properties":{"task_id":"226173008:5:2350214706:2350214789","reason":"追加した回送道路を含めても、公開4社の出発道路ノードから往復可能な経路を確認できない市内区間。"},"geometry":{"type":"LineString","coordinates":[[141.299823,42.902096],[141.29965,42.902166]]}},{"type":"Feature","properties":{"task_id":"226173008:6:2350214789:2350214296","reason":"追加した回送道路を含めても、公開4社の出発道路ノードから往復可能な経路を確認できない市内区間。"},"geometry":{"type":"LineString","coordinates":[[141.29965,42.902166],[141.29847,42.901302]]}},{"type":"Feature","properties":{"task_id":"226173008:6:2350214296:2350214789","reason":"追加した回送道路を含めても、公開4社の出発道路ノードから往復可能な経路を確認できない市内区間。"},"geometry":{"type":"LineString","coordinates":[[141.29847,42.901302],[141.29965,42.902166]]}},{"type":"Feature","properties":{"task_id":"226173008:5:2350214789:2350214706","reason":"追加した回送道路を含めても、公開4社の出発道路ノードから往復可能な経路を確認できない市内区間。"},"geometry":{"type":"LineString","coordinates":[[141.29965,42.902166],[141.299823,42.902096]]}},{"type":"Feature","properties":{"task_id":"226173008:4:2350214706:2350214308","reason":"追加した回送道路を含めても、公開4社の出発道路ノードから往復可能な経路を確認できない市内区間。"},"geometry":{"type":"LineString","coordinates":[[141.299823,42.902096],[141.301643,42.901319]]}},{"type":"Feature","properties":{"task_id":"226171696:0:2350248230:2350248279","reason":"追加した回送道路を含めても、公開4社の出発道路ノードから往復可能な経路を確認できない市内区間。"},"geometry":{"type":"LineString","coordinates":[[141.31429,43.017511],[141.314259,43.017782]]}},{"type":"Feature","properties":{"task_id":"226171696:0:2350248279:2350248230","reason":"追加した回送道路を含めても、公開4社の出発道路ノードから往復可能な経路を確認できない市内区間。"},"geometry":{"type":"LineString","coordinates":[[141.314259,43.017782],[141.31429,43.017511]]}},{"type":"Feature","properties":{"task_id":"226172064:0:2350248230:2350248169","reason":"追加した回送道路を含めても、公開4社の出発道路ノードから往復可能な経路を確認できない市内区間。"},"geometry":{"type":"LineString","coordinates":[[141.31429,43.017511],[141.314359,43.016892]]}},{"type":"Feature","properties":{"task_id":"226172064:1:2350248169:2350248140","reason":"追加した回送道路を含めても、公開4社の出発道路ノードから往復可能な経路を確認できない市内区間。"},"geometry":{"type":"LineString","coordinates":[[141.314359,43.016892],[141.314435,43.016255]]}},{"type":"Feature","properties":{"task_id":"226172064:1:2350248140:2350248169","reason":"追加した回送道路を含めても、公開4社の出発道路ノードから往復可能な経路を確認できない市内区間。"},"geometry":{"type":"LineString","coordinates":[[141.314435,43.016255],[141.314359,43.016892]]}},{"type":"Feature","properties":{"task_id":"226172064:0:2350248169:2350248230","reason":"追加した回送道路を含めても、公開4社の出発道路ノードから往復可能な経路を確認できない市内区間。"},"geometry":{"type":"LineString","coordinates":[[141.314359,43.016892],[141.31429,43.017511]]}},{"type":"Feature","properties":{"task_id":"226172077:0:2350248230:2350248233","reason":"追加した回送道路を含めても、公開4社の出発道路ノードから往復可能な経路を確認できない市内区間。"},"geometry":{"type":"LineString","coordinates":[[141.31429,43.017511],[141.314374,43.017517]]}},{"type":"Feature","properties":{"task_id":"226172077:1:2350248233:2350248243","reason":"追加した回送道路を含めても、公開4社の出発道路ノードから往復可能な経路を確認できない市内区間。"},"geometry":{"type":"LineString","coordinates":[[141.314374,43.017517],[141.315251,43.017557]]}},{"type":"Feature","properties":{"task_id":"226172077:1:2350248243:2350248233","reason":"追加した回送道路を含めても、公開4社の出発道路ノードから往復可能な経路を確認できない市内区間。"},"geometry":{"type":"LineString","coordinates":[[141.315251,43.017557],[141.314374,43.017517]]}},{"type":"Feature","properties":{"task_id":"226172077:0:2350248233:2350248230","reason":"追加した回送道路を含めても、公開4社の出発道路ノードから往復可能な経路を確認できない市内区間。"},"geometry":{"type":"LineString","coordinates":[[141.314374,43.017517],[141.31429,43.017511]]}},{"type":"Feature","properties":{"task_id":"226172449:2:2350207040:2350207026","reason":"追加した回送道路を含めても、公開4社の出発道路ノードから往復可能な経路を確認できない市内区間。"},"geometry":{"type":"LineString","coordinates":[[141.157498,42.887244],[141.157398,42.88722]]}},{"type":"Feature","properties":{"task_id":"226172449:1:2350207026:2350206885","reason":"追加した回送道路を含めても、公開4社の出発道路ノードから往復可能な経路を確認できない市内区間。"},"geometry":{"type":"LineString","coordinates":[[141.157398,42.88722],[141.155584,42.886714]]}},{"type":"Feature","properties":{"task_id":"226172449:0:2350206885:2350206852","reason":"追加した回送道路を含めても、公開4社の出発道路ノードから往復可能な経路を確認できない市内区間。"},"geometry":{"type":"LineString","coordinates":[[141.155584,42.886714],[141.155146,42.88659]]}},{"type":"Feature","properties":{"task_id":"226172449:0:2350206852:2350206885","reason":"追加した回送道路を含めても、公開4社の出発道路ノードから往復可能な経路を確認できない市内区間。"},"geometry":{"type":"LineString","coordinates":[[141.155146,42.88659],[141.155584,42.886714]]}},{"type":"Feature","properties":{"task_id":"226172449:1:2350206885:2350207026","reason":"追加した回送道路を含めても、公開4社の出発道路ノードから往復可能な経路を確認できない市内区間。"},"geometry":{"type":"LineString","coordinates":[[141.155584,42.886714],[141.157398,42.88722]]}},{"type":"Feature","properties":{"task_id":"226172449:2:2350207026:2350207040","reason":"追加した回送道路を含めても、公開4社の出発道路ノードから往復可能な経路を確認できない市内区間。"},"geometry":{"type":"LineString","coordinates":[[141.157398,42.88722],[141.157498,42.887244]]}},{"type":"Feature","properties":{"task_id":"224456249:0:2332781490:2332781494","reason":"追加した回送道路を含めても、公開4社の出発道路ノードから往復可能な経路を確認できない市内区間。"},"geometry":{"type":"LineString","coordinates":[[141.427611,42.925068],[141.428438,42.925169]]}},{"type":"Feature","properties":{"task_id":"224456249:1:2332781494:2332781495","reason":"追加した回送道路を含めても、公開4社の出発道路ノードから往復可能な経路を確認できない市内区間。"},"geometry":{"type":"LineString","coordinates":[[141.428438,42.925169],[141.428576,42.925169]]}},{"type":"Feature","properties":{"task_id":"224456249:1:2332781495:2332781494","reason":"追加した回送道路を含めても、公開4社の出発道路ノードから往復可能な経路を確認できない市内区間。"},"geometry":{"type":"LineString","coordinates":[[141.428576,42.925169],[141.428438,42.925169]]}},{"type":"Feature","properties":{"task_id":"224456249:0:2332781494:2332781490","reason":"追加した回送道路を含めても、公開4社の出発道路ノードから往復可能な経路を確認できない市内区間。"},"geometry":{"type":"LineString","coordinates":[[141.428438,42.925169],[141.427611,42.925068]]}},{"type":"Feature","properties":{"task_id":"224456275:1:2332786163:2332786165","reason":"追加した回送道路を含めても、公開4社の出発道路ノードから往復可能な経路を確認できない市内区間。"},"geometry":{"type":"LineString","coordinates":[[141.41602,42.986217],[141.415829,42.986329]]}},{"type":"Feature","properties":{"task_id":"224456275:1:2332786165:2332786163","reason":"追加した回送道路を含めても、公開4社の出発道路ノードから往復可能な経路を確認できない市内区間。"},"geometry":{"type":"LineString","coordinates":[[141.415829,42.986329],[141.41602,42.986217]]}},{"type":"Feature","properties":{"task_id":"224456275:0:2332786163:2332786156","reason":"追加した回送道路を含めても、公開4社の出発道路ノードから往復可能な経路を確認できない市内区間。"},"geometry":{"type":"LineString","coordinates":[[141.41602,42.986217],[141.416449,42.986003]]}},{"type":"Feature","properties":{"task_id":"224456275:0:2332786156:2332786163","reason":"追加した回送道路を含めても、公開4社の出発道路ノードから往復可能な経路を確認できない市内区間。"},"geometry":{"type":"LineString","coordinates":[[141.416449,42.986003],[141.41602,42.986217]]}},{"type":"Feature","properties":{"task_id":"226171796:1:2350225929:6024383274","reason":"追加した回送道路を含めても、公開4社の出発道路ノードから往復可能な経路を確認できない市内区間。"},"geometry":{"type":"LineString","coordinates":[[141.159819,42.918614],[141.159767,42.918558]]}},{"type":"Feature","properties":{"task_id":"226171796:0:6024383274:6024383276","reason":"追加した回送道路を含めても、公開4社の出発道路ノードから往復可能な経路を確認できない市内区間。"},"geometry":{"type":"LineString","coordinates":[[141.159767,42.918558],[141.159715,42.918505]]}},{"type":"Feature","properties":{"task_id":"226171796:0:6024383276:6024383274","reason":"追加した回送道路を含めても、公開4社の出発道路ノードから往復可能な経路を確認できない市内区間。"},"geometry":{"type":"LineString","coordinates":[[141.159715,42.918505],[141.159767,42.918558]]}},{"type":"Feature","properties":{"task_id":"226171796:1:6024383274:2350225929","reason":"追加した回送道路を含めても、公開4社の出発道路ノードから往復可能な経路を確認できない市内区間。"},"geometry":{"type":"LineString","coordinates":[[141.159767,42.918558],[141.159819,42.918614]]}},{"type":"Feature","properties":{"task_id":"436862790:0:4347196336:4347196337","reason":"追加した回送道路を含めても、公開4社の出発道路ノードから往復可能な経路を確認できない市内区間。"},"geometry":{"type":"LineString","coordinates":[[141.287592,43.02587],[141.287414,43.025246]]}},{"type":"Feature","properties":{"task_id":"1390429343:0:4347196337:4347196348","reason":"追加した回送道路を含めても、公開4社の出発道路ノードから往復可能な経路を確認できない市内区間。"},"geometry":{"type":"LineString","coordinates":[[141.287414,43.025246],[141.287287,43.02484]]}},{"type":"Feature","properties":{"task_id":"1390429343:0:4347196348:4347196337","reason":"追加した回送道路を含めても、公開4社の出発道路ノードから往復可能な経路を確認できない市内区間。"},"geometry":{"type":"LineString","coordinates":[[141.287287,43.02484],[141.287414,43.025246]]}},{"type":"Feature","properties":{"task_id":"436862790:0:4347196337:4347196336","reason":"追加した回送道路を含めても、公開4社の出発道路ノードから往復可能な経路を確認できない市内区間。"},"geometry":{"type":"LineString","coordinates":[[141.287414,43.025246],[141.287592,43.02587]]}},{"type":"Feature","properties":{"task_id":"224456118:0:2332781329:2332781282","reason":"追加した回送道路を含めても、公開4社の出発道路ノードから往復可能な経路を確認できない市内区間。"},"geometry":{"type":"LineString","coordinates":[[141.425677,42.921967],[141.42636,42.921362]]}},{"type":"Feature","properties":{"task_id":"224456118:0:2332781282:2332781329","reason":"追加した回送道路を含めても、公開4社の出発道路ノードから往復可能な経路を確認できない市内区間。"},"geometry":{"type":"LineString","coordinates":[[141.42636,42.921362],[141.425677,42.921967]]}},{"type":"Feature","properties":{"task_id":"226171684:0:2350227225:2350227220","reason":"追加した回送道路を含めても、公開4社の出発道路ノードから往復可能な経路を確認できない市内区間。"},"geometry":{"type":"LineString","coordinates":[[141.257513,42.922771],[141.257478,42.92275]]}},{"type":"Feature","properties":{"task_id":"226171684:0:2350227220:2350227225","reason":"追加した回送道路を含めても、公開4社の出発道路ノードから往復可能な経路を確認できない市内区間。"},"geometry":{"type":"LineString","coordinates":[[141.257478,42.92275],[141.257513,42.922771]]}},{"type":"Feature","properties":{"task_id":"226171785:0:2350225682:2350225695","reason":"追加した回送道路を含めても、公開4社の出発道路ノードから往復可能な経路を確認できない市内区間。"},"geometry":{"type":"LineString","coordinates":[[141.158879,42.917817],[141.159207,42.91809]]}},{"type":"Feature","properties":{"task_id":"226171785:0:2350225695:2350225682","reason":"追加した回送道路を含めても、公開4社の出発道路ノードから往復可能な経路を確認できない市内区間。"},"geometry":{"type":"LineString","coordinates":[[141.159207,42.91809],[141.158879,42.917817]]}},{"type":"Feature","properties":{"task_id":"226171838:0:2350230129:2350230108","reason":"追加した回送道路を含めても、公開4社の出発道路ノードから往復可能な経路を確認できない市内区間。"},"geometry":{"type":"LineString","coordinates":[[141.289771,42.93569],[141.289739,42.935585]]}},{"type":"Feature","properties":{"task_id":"226171838:0:2350230108:2350230129","reason":"追加した回送道路を含めても、公開4社の出発道路ノードから往復可能な経路を確認できない市内区間。"},"geometry":{"type":"LineString","coordinates":[[141.289739,42.935585],[141.289771,42.93569]]}},{"type":"Feature","properties":{"task_id":"436862791:0:4347196338:4347196339","reason":"追加した回送道路を含めても、公開4社の出発道路ノードから往復可能な経路を確認できない市内区間。"},"geometry":{"type":"LineString","coordinates":[[141.288624,43.025899],[141.288367,43.025065]]}},{"type":"Feature","properties":{"task_id":"436862791:0:4347196339:4347196338","reason":"追加した回送道路を含めても、公開4社の出発道路ノードから往復可能な経路を確認できない市内区間。"},"geometry":{"type":"LineString","coordinates":[[141.288367,43.025065],[141.288624,43.025899]]}},{"type":"Feature","properties":{"task_id":"226171692:0:2350256154:2350256183","reason":"追加した回送道路を含めても、公開4社の出発道路ノードから往復可能な経路を確認できない市内区間。"},"geometry":{"type":"LineString","coordinates":[[141.071021,43.089154],[141.070974,43.089625]]}},{"type":"Feature","properties":{"task_id":"226171692:0:2350256183:2350256154","reason":"追加した回送道路を含めても、公開4社の出発道路ノードから往復可能な経路を確認できない市内区間。"},"geometry":{"type":"LineString","coordinates":[[141.070974,43.089625],[141.071021,43.089154]]}},{"type":"Feature","properties":{"task_id":"1037864274:0:9559509017:9559509033","reason":"追加した回送道路を含めても、公開4社の出発道路ノードから往復可能な経路を確認できない市内区間。"},"geometry":{"type":"LineString","coordinates":[[141.219044,42.965091],[141.2191,42.965062]]}},{"type":"Feature","properties":{"task_id":"446937059:0:4441517497:4441517498","reason":"追加した回送道路を含めても、公開4社の出発道路ノードから往復可能な経路を確認できない市内区間。"},"geometry":{"type":"LineString","coordinates":[[141.340068,43.10051],[141.339983,43.100447]]}},{"type":"Feature","properties":{"task_id":"446937059:1:4441517498:1676849044","reason":"追加した回送道路を含めても、公開4社の出発道路ノードから往復可能な経路を確認できない市内区間。"},"geometry":{"type":"LineString","coordinates":[[141.339983,43.100447],[141.339887,43.100401]]}},{"type":"Feature","properties":{"task_id":"446937059:2:1676849044:1676849052","reason":"追加した回送道路を含めても、公開4社の出発道路ノードから往復可能な経路を確認できない市内区間。"},"geometry":{"type":"LineString","coordinates":[[141.339887,43.100401],[141.338863,43.100264]]}}]}