{
  "type": "FeatureCollection",
  "features": [
    {
      "type": "Feature",
      "properties": {
        "task_id": "166708728:0:1781601658:2310745231",
        "way_id": 166708728,
        "name": "名称未登録",
        "highway": "residential",
        "length_m": 9.016801745767285,
        "included": true
      },
      "geometry": {
        "type": "LineString",
        "coordinates": [
          [
            141.311488,
            43.0891433
          ],
          [
            141.3115574,
            43.0892066
          ]
        ]
      }
    },
    {
      "type": "Feature",
      "properties": {
        "task_id": "219227900:20:1781601658:2310745232",
        "way_id": 219227900,
        "name": "下手稲通",
        "highway": "secondary",
        "length_m": 14.014447541049844,
        "included": true
      },
      "geometry": {
        "type": "LineString",
        "coordinates": [
          [
            141.311488,
            43.0891433
          ],
          [
            141.3113532,
            43.089222
          ]
        ]
      }
    },
    {
      "type": "Feature",
      "properties": {
        "task_id": "219227900:21:1781601658:2310745230",
        "way_id": 219227900,
        "name": "下手稲通",
        "highway": "secondary",
        "length_m": 12.655862430213311,
        "included": true
      },
      "geometry": {
        "type": "LineString",
        "coordinates": [
          [
            141.311488,
            43.0891433
          ],
          [
            141.3116097,
            43.0890722
          ]
        ]
      }
    },
    {
      "type": "Feature",
      "properties": {
        "task_id": "166708728:0:2310745231:1781601658",
        "way_id": 166708728,
        "name": "名称未登録",
        "highway": "residential",
        "length_m": 9.016801745767285,
        "included": true
      },
      "geometry": {
        "type": "LineString",
        "coordinates": [
          [
            141.3115574,
            43.0892066
          ],
          [
            141.311488,
            43.0891433
          ]
        ]
      }
    },
    {
      "type": "Feature",
      "properties": {
        "task_id": "166708728:1:2310745231:1800558666",
        "way_id": 166708728,
        "name": "名称未登録",
        "highway": "residential",
        "length_m": 113.76979208404825,
        "included": true
      },
      "geometry": {
        "type": "LineString",
        "coordinates": [
          [
            141.3115574,
            43.0892066
          ],
          [
            141.3124339,
            43.0900048
          ]
        ]
      }
    },
    {
      "type": "Feature",
      "properties": {
        "task_id": "166708728:1:1800558666:2310745231",
        "way_id": 166708728,
        "name": "名称未登録",
        "highway": "residential",
        "length_m": 113.76979208404825,
        "included": true
      },
      "geometry": {
        "type": "LineString",
        "coordinates": [
          [
            141.3124339,
            43.0900048
          ],
          [
            141.3115574,
            43.0892066
          ]
        ]
      }
    },
    {
      "type": "Feature",
      "properties": {
        "task_id": "166708728:2:1800558666:1781601684",
        "way_id": 166708728,
        "name": "名称未登録",
        "highway": "residential",
        "length_m": 31.27557793930516,
        "included": true
      },
      "geometry": {
        "type": "LineString",
        "coordinates": [
          [
            141.3124339,
            43.0900048
          ],
          [
            141.3126749,
            43.0902242
          ]
        ]
      }
    },
    {
      "type": "Feature",
      "properties": {
        "task_id": "168872458:0:1800558666:1800558752",
        "way_id": 168872458,
        "name": "名称未登録",
        "highway": "residential",
        "length_m": 38.565398593324275,
        "included": true
      },
      "geometry": {
        "type": "LineString",
        "coordinates": [
          [
            141.3124339,
            43.0900048
          ],
          [
            141.3120607,
            43.0902193
          ]
        ]
      }
    },
    {
      "type": "Feature",
      "properties": {
        "task_id": "166708728:2:1781601684:1800558666",
        "way_id": 166708728,
        "name": "名称未登録",
        "highway": "residential",
        "length_m": 31.27557793930516,
        "included": true
      },
      "geometry": {
        "type": "LineString",
        "coordinates": [
          [
            141.3126749,
            43.0902242
          ],
          [
            141.3124339,
            43.0900048
          ]
        ]
      }
    },
    {
      "type": "Feature",
      "properties": {
        "task_id": "166708728:3:1781601684:4262339993",
        "way_id": 166708728,
        "name": "名称未登録",
        "highway": "residential",
        "length_m": 32.24201158887647,
        "included": true
      },
      "geometry": {
        "type": "LineString",
        "coordinates": [
          [
            141.3126749,
            43.0902242
          ],
          [
            141.3129228,
            43.0904507
          ]
        ]
      }
    },
    {
      "type": "Feature",
      "properties": {
        "task_id": "166708759:8:1781601684:13374866805",
        "way_id": 166708759,
        "name": "名称未登録",
        "highway": "unclassified",
        "length_m": 6.559323745505059,
        "included": true
      },
      "geometry": {
        "type": "LineString",
        "coordinates": [
          [
            141.3126749,
            43.0902242
          ],
          [
            141.3127391,
            43.0901884
          ]
        ]
      }
    },
    {
      "type": "Feature",
      "properties": {
        "task_id": "166708728:3:4262339993:1781601684",
        "way_id": 166708728,
        "name": "名称未登録",
        "highway": "residential",
        "length_m": 32.24201158887647,
        "included": true
      },
      "geometry": {
        "type": "LineString",
        "coordinates": [
          [
            141.3129228,
            43.0904507
          ],
          [
            141.3126749,
            43.0902242
          ]
        ]
      }
    },
    {
      "type": "Feature",
      "properties": {
        "task_id": "166708728:4:4262339993:1800558735",
        "way_id": 166708728,
        "name": "名称未登録",
        "highway": "residential",
        "length_m": 71.17726465603798,
        "included": true
      },
      "geometry": {
        "type": "LineString",
        "coordinates": [
          [
            141.3129228,
            43.0904507
          ],
          [
            141.3134701,
            43.0909507
          ]
        ]
      }
    },
    {
      "type": "Feature",
      "properties": {
        "task_id": "166708728:4:1800558735:4262339993",
        "way_id": 166708728,
        "name": "名称未登録",
        "highway": "residential",
        "length_m": 71.17726465603798,
        "included": true
      },
      "geometry": {
        "type": "LineString",
        "coordinates": [
          [
            141.3134701,
            43.0909507
          ],
          [
            141.3129228,
            43.0904507
          ]
        ]
      }
    },
    {
      "type": "Feature",
      "properties": {
        "task_id": "166708728:5:1800558735:1781601704",
        "way_id": 166708728,
        "name": "名称未登録",
        "highway": "residential",
        "length_m": 1.591354845016492,
        "included": true
      },
      "geometry": {
        "type": "LineString",
        "coordinates": [
          [
            141.3134701,
            43.0909507
          ],
          [
            141.3134823,
            43.0909619
          ]
        ]
      }
    },
    {
      "type": "Feature",
      "properties": {
        "task_id": "168872503:0:1800558735:13367628373",
        "way_id": 168872503,
        "name": "名称未登録",
        "highway": "unclassified",
        "length_m": 3.973243621180857,
        "included": true
      },
      "geometry": {
        "type": "LineString",
        "coordinates": [
          [
            141.3134701,
            43.0909507
          ],
          [
            141.3134322,
            43.0909733
          ]
        ]
      }
    },
    {
      "type": "Feature",
      "properties": {
        "task_id": "166708728:5:1781601704:1800558735",
        "way_id": 166708728,
        "name": "名称未登録",
        "highway": "residential",
        "length_m": 1.591354845016492,
        "included": true
      },
      "geometry": {
        "type": "LineString",
        "coordinates": [
          [
            141.3134823,
            43.0909619
          ],
          [
            141.3134701,
            43.0909507
          ]
        ]
      }
    },
    {
      "type": "Feature",
      "properties": {
        "task_id": "166708728:6:1781601704:1781601721",
        "way_id": 166708728,
        "name": "名称未登録",
        "highway": "residential",
        "length_m": 62.43560193567699,
        "included": true
      },
      "geometry": {
        "type": "LineString",
        "coordinates": [
          [
            141.3134823,
            43.0909619
          ],
          [
            141.313961,
            43.0914013
          ]
        ]
      }
    },
    {
      "type": "Feature",
      "properties": {
        "task_id": "166708728:6:1781601721:1781601704",
        "way_id": 166708728,
        "name": "名称未登録",
        "highway": "residential",
        "length_m": 62.43560193567699,
        "included": true
      },
      "geometry": {
        "type": "LineString",
        "coordinates": [
          [
            141.313961,
            43.0914013
          ],
          [
            141.3134823,
            43.0909619
          ]
        ]
      }
    },
    {
      "type": "Feature",
      "properties": {
        "task_id": "166708728:7:1781601721:1781601727",
        "way_id": 166708728,
        "name": "名称未登録",
        "highway": "residential",
        "length_m": 40.495933604665474,
        "included": true
      },
      "geometry": {
        "type": "LineString",
        "coordinates": [
          [
            141.313961,
            43.0914013
          ],
          [
            141.3142754,
            43.091684
          ]
        ]
      }
    },
    {
      "type": "Feature",
      "properties": {
        "task_id": "166708755:6:1781601721:13374866811",
        "way_id": 166708755,
        "name": "名称未登録",
        "highway": "unclassified",
        "length_m": 7.016298339221461,
        "included": true
      },
      "geometry": {
        "type": "LineString",
        "coordinates": [
          [
            141.313961,
            43.0914013
          ],
          [
            141.3140286,
            43.091362
          ]
        ]
      }
    },
    {
      "type": "Feature",
      "properties": {
        "task_id": "166708728:7:1781601727:1781601721",
        "way_id": 166708728,
        "name": "名称未登録",
        "highway": "residential",
        "length_m": 40.495933604665474,
        "included": true
      },
      "geometry": {
        "type": "LineString",
        "coordinates": [
          [
            141.3142754,
            43.091684
          ],
          [
            141.313961,
            43.0914013
          ]
        ]
      }
    },
    {
      "type": "Feature",
      "properties": {
        "task_id": "166708728:8:1781601727:1781601730",
        "way_id": 166708728,
        "name": "名称未登録",
        "highway": "residential",
        "length_m": 17.841941879352984,
        "included": true
      },
      "geometry": {
        "type": "LineString",
        "coordinates": [
          [
            141.3142754,
            43.091684
          ],
          [
            141.3144165,
            43.091807
          ]
        ]
      }
    },
    {
      "type": "Feature",
      "properties": {
        "task_id": "166708757:0:1781601727:13374866814",
        "way_id": 166708757,
        "name": "名称未登録",
        "highway": "unclassified",
        "length_m": 7.36178512766706,
        "included": true
      },
      "geometry": {
        "type": "LineString",
        "coordinates": [
          [
            141.3142754,
            43.091684
          ],
          [
            141.3143448,
            43.0916414
          ]
        ]
      }
    },
    {
      "type": "Feature",
      "properties": {
        "task_id": "166708728:8:1781601730:1781601727",
        "way_id": 166708728,
        "name": "名称未登録",
        "highway": "residential",
        "length_m": 17.841941879352984,
        "included": true
      },
      "geometry": {
        "type": "LineString",
        "coordinates": [
          [
            141.3144165,
            43.091807
          ],
          [
            141.3142754,
            43.091684
          ]
        ]
      }
    },
    {
      "type": "Feature",
      "properties": {
        "task_id": "166708728:9:1781601730:4262909790",
        "way_id": 166708728,
        "name": "名称未登録",
        "highway": "residential",
        "length_m": 8.401788870577903,
        "included": true
      },
      "geometry": {
        "type": "LineString",
        "coordinates": [
          [
            141.3144165,
            43.091807
          ],
          [
            141.3144852,
            43.0918635
          ]
        ]
      }
    },
    {
      "type": "Feature",
      "properties": {
        "task_id": "168868782:0:1781601730:13367628370",
        "way_id": 168868782,
        "name": "名称未登録",
        "highway": "residential",
        "length_m": 5.448744674069834,
        "included": true
      },
      "geometry": {
        "type": "LineString",
        "coordinates": [
          [
            141.3144165,
            43.091807
          ],
          [
            141.3143642,
            43.0918377
          ]
        ]
      }
    },
    {
      "type": "Feature",
      "properties": {
        "task_id": "166708728:9:4262909790:1781601730",
        "way_id": 166708728,
        "name": "名称未登録",
        "highway": "residential",
        "length_m": 8.401788870577903,
        "included": true
      },
      "geometry": {
        "type": "LineString",
        "coordinates": [
          [
            141.3144852,
            43.0918635
          ],
          [
            141.3144165,
            43.091807
          ]
        ]
      }
    },
    {
      "type": "Feature",
      "properties": {
        "task_id": "166708728:10:4262909790:1781601735",
        "way_id": 166708728,
        "name": "名称未登録",
        "highway": "residential",
        "length_m": 21.049752019354763,
        "included": true
      },
      "geometry": {
        "type": "LineString",
        "coordinates": [
          [
            141.3144852,
            43.0918635
          ],
          [
            141.314641,
            43.0920148
          ]
        ]
      }
    },
    {
      "type": "Feature",
      "properties": {
        "task_id": "166708728:10:1781601735:4262909790",
        "way_id": 166708728,
        "name": "名称未登録",
        "highway": "residential",
        "length_m": 21.049752019354763,
        "included": true
      },
      "geometry": {
        "type": "LineString",
        "coordinates": [
          [
            141.314641,
            43.0920148
          ],
          [
            141.3144852,
            43.0918635
          ]
        ]
      }
    },
    {
      "type": "Feature",
      "properties": {
        "task_id": "166708728:11:1781601735:1781601740",
        "way_id": 166708728,
        "name": "名称未登録",
        "highway": "residential",
        "length_m": 35.092087375972355,
        "included": true
      },
      "geometry": {
        "type": "LineString",
        "coordinates": [
          [
            141.314641,
            43.0920148
          ],
          [
            141.31491,
            43.0922618
          ]
        ]
      }
    },
    {
      "type": "Feature",
      "properties": {
        "task_id": "166708728:11:1781601740:1781601735",
        "way_id": 166708728,
        "name": "名称未登録",
        "highway": "residential",
        "length_m": 35.092087375972355,
        "included": true
      },
      "geometry": {
        "type": "LineString",
        "coordinates": [
          [
            141.31491,
            43.0922618
          ],
          [
            141.314641,
            43.0920148
          ]
        ]
      }
    },
    {
      "type": "Feature",
      "properties": {
        "task_id": "166708728:12:1781601740:1781601741",
        "way_id": 166708728,
        "name": "名称未登録",
        "highway": "residential",
        "length_m": 10.821776430545514,
        "included": true
      },
      "geometry": {
        "type": "LineString",
        "coordinates": [
          [
            141.31491,
            43.0922618
          ],
          [
            141.3149964,
            43.0923359
          ]
        ]
      }
    },
    {
      "type": "Feature",
      "properties": {
        "task_id": "168868791:0:1781601740:13367628366",
        "way_id": 168868791,
        "name": "名称未登録",
        "highway": "unclassified",
        "length_m": 5.729848471772258,
        "included": true
      },
      "geometry": {
        "type": "LineString",
        "coordinates": [
          [
            141.31491,
            43.0922618
          ],
          [
            141.3148548,
            43.0922939
          ]
        ]
      }
    },
    {
      "type": "Feature",
      "properties": {
        "task_id": "166708728:12:1781601741:1781601740",
        "way_id": 166708728,
        "name": "名称未登録",
        "highway": "residential",
        "length_m": 10.821776430545514,
        "included": true
      },
      "geometry": {
        "type": "LineString",
        "coordinates": [
          [
            141.3149964,
            43.0923359
          ],
          [
            141.31491,
            43.0922618
          ]
        ]
      }
    },
    {
      "type": "Feature",
      "properties": {
        "task_id": "166708732:0:1781601663:1781601668",
        "way_id": 166708732,
        "name": "名称未登録",
        "highway": "unclassified",
        "length_m": 28.01542160857286,
        "included": true
      },
      "geometry": {
        "type": "LineString",
        "coordinates": [
          [
            141.3142559,
            43.0892991
          ],
          [
            141.3144845,
            43.0894878
          ]
        ]
      }
    },
    {
      "type": "Feature",
      "properties": {
        "task_id": "166708759:4:1781601663:1781601656",
        "way_id": 166708759,
        "name": "名称未登録",
        "highway": "unclassified",
        "length_m": 34.453335949996934,
        "included": true
      },
      "geometry": {
        "type": "LineString",
        "coordinates": [
          [
            141.3142559,
            43.0892991
          ],
          [
            141.3145574,
            43.0890811
          ]
        ]
      }
    },
    {
      "type": "Feature",
      "properties": {
        "task_id": "166708759:5:1781601663:1781601674",
        "way_id": 166708759,
        "name": "名称未登録",
        "highway": "unclassified",
        "length_m": 81.82979098226785,
        "included": true
      },
      "geometry": {
        "type": "LineString",
        "coordinates": [
          [
            141.3142559,
            43.0892991
          ],
          [
            141.3134868,
            43.0897746
          ]
        ]
      }
    },
    {
      "type": "Feature",
      "properties": {
        "task_id": "166708732:0:1781601668:1781601663",
        "way_id": 166708732,
        "name": "名称未登録",
        "highway": "unclassified",
        "length_m": 28.01542160857286,
        "included": true
      },
      "geometry": {
        "type": "LineString",
        "coordinates": [
          [
            141.3144845,
            43.0894878
          ],
          [
            141.3142559,
            43.0892991
          ]
        ]
      }
    },
    {
      "type": "Feature",
      "properties": {
        "task_id": "166708762:2:1781601668:1781601672",
        "way_id": 166708762,
        "name": "名称未登録",
        "highway": "unclassified",
        "length_m": 30.82308368210249,
        "included": true
      },
      "geometry": {
        "type": "LineString",
        "coordinates": [
          [
            141.3144845,
            43.0894878
          ],
          [
            141.3141982,
            43.0896698
          ]
        ]
      }
    },
    {
      "type": "Feature",
      "properties": {
        "task_id": "166708735:0:1781601697:1781601701",
        "way_id": 166708735,
        "name": "名称未登録",
        "highway": "unclassified",
        "length_m": 34.04425594748869,
        "included": true
      },
      "geometry": {
        "type": "LineString",
        "coordinates": [
          [
            141.3146639,
            43.0905804
          ],
          [
            141.31494,
            43.0908108
          ]
        ]
      }
    },
    {
      "type": "Feature",
      "properties": {
        "task_id": "166708737:1:1781601697:1781601699",
        "way_id": 166708737,
        "name": "名称未登録",
        "highway": "unclassified",
        "length_m": 22.757045752370527,
        "included": true
      },
      "geometry": {
        "type": "LineString",
        "coordinates": [
          [
            141.3146639,
            43.0905804
          ],
          [
            141.3144546,
            43.0907165
          ]
        ]
      }
    },
    {
      "type": "Feature",
      "properties": {
        "task_id": "166708735:0:1781601701:1781601697",
        "way_id": 166708735,
        "name": "名称未登録",
        "highway": "unclassified",
        "length_m": 34.04425594748869,
        "included": true
      },
      "geometry": {
        "type": "LineString",
        "coordinates": [
          [
            141.31494,
            43.0908108
          ],
          [
            141.3146639,
            43.0905804
          ]
        ]
      }
    },
    {
      "type": "Feature",
      "properties": {
        "task_id": "166708755:4:1781601701:1781601718",
        "way_id": 166708755,
        "name": "名称未登録",
        "highway": "unclassified",
        "length_m": 56.07582026942195,
        "included": true
      },
      "geometry": {
        "type": "LineString",
        "coordinates": [
          [
            141.31494,
            43.0908108
          ],
          [
            141.3144144,
            43.0911379
          ]
        ]
      }
    },
    {
      "type": "Feature",
      "properties": {
        "task_id": "166708737:1:1781601699:1781601697",
        "way_id": 166708737,
        "name": "名称未登録",
        "highway": "unclassified",
        "length_m": 22.757045752370527,
        "included": true
      },
      "geometry": {
        "type": "LineString",
        "coordinates": [
          [
            141.3144546,
            43.0907165
          ],
          [
            141.3146639,
            43.0905804
          ]
        ]
      }
    },
    {
      "type": "Feature",
      "properties": {
        "task_id": "166708741:0:1781601699:1781601703",
        "way_id": 166708741,
        "name": "名称未登録",
        "highway": "unclassified",
        "length_m": 33.33179441927303,
        "included": true
      },
      "geometry": {
        "type": "LineString",
        "coordinates": [
          [
            141.3144546,
            43.0907165
          ],
          [
            141.3141486,
            43.0909163
          ]
        ]
      }
    },
    {
      "type": "Feature",
      "properties": {
        "task_id": "166708758:6:1781601699:1781601696",
        "way_id": 166708758,
        "name": "名称未登録",
        "highway": "unclassified",
        "length_m": 21.275372118640437,
        "included": true
      },
      "geometry": {
        "type": "LineString",
        "coordinates": [
          [
            141.3144546,
            43.0907165
          ],
          [
            141.3142864,
            43.0905698
          ]
        ]
      }
    },
    {
      "type": "Feature",
      "properties": {
        "task_id": "166708739:0:1781601645:13367628389",
        "way_id": 166708739,
        "name": "名称未登録",
        "highway": "unclassified",
        "length_m": 8.636074848519184,
        "included": true
      },
      "geometry": {
        "type": "LineString",
        "coordinates": [
          [
            141.3121296,
            43.0887664
          ],
          [
            141.3121956,
            43.0888273
          ]
        ]
      }
    },
    {
      "type": "Feature",
      "properties": {
        "task_id": "219227900:23:1781601645:1800601839",
        "way_id": 219227900,
        "name": "下手稲通",
        "highway": "secondary",
        "length_m": 29.475765556174675,
        "included": true
      },
      "geometry": {
        "type": "LineString",
        "coordinates": [
          [
            141.3121296,
            43.0887664
          ],
          [
            141.3118476,
            43.0889333
          ]
        ]
      }
    },
    {
      "type": "Feature",
      "properties": {
        "task_id": "219227900:24:1781601645:1800601731",
        "way_id": 219227900,
        "name": "下手稲通",
        "highway": "secondary",
        "length_m": 14.34225339518612,
        "included": true
      },
      "geometry": {
        "type": "LineString",
        "coordinates": [
          [
            141.3121296,
            43.0887664
          ],
          [
            141.312269,
            43.0886872
          ]
        ]
      }
    },
    {
      "type": "Feature",
      "properties": {
        "task_id": "166708739:0:13367628389:1781601645",
        "way_id": 166708739,
        "name": "名称未登録",
        "highway": "unclassified",
        "length_m": 8.636074848519184,
        "included": true
      },
      "geometry": {
        "type": "LineString",
        "coordinates": [
          [
            141.3121956,
            43.0888273
          ],
          [
            141.3121296,
            43.0887664
          ]
        ]
      }
    },
    {
      "type": "Feature",
      "properties": {
        "task_id": "166708739:1:13367628389:1781601669",
        "way_id": 166708739,
        "name": "名称未登録",
        "highway": "unclassified",
        "length_m": 97.92086067666011,
        "included": true
      },
      "geometry": {
        "type": "LineString",
        "coordinates": [
          [
            141.3121956,
            43.0888273
          ],
          [
            141.3129603,
            43.0895082
          ]
        ]
      }
    },
    {
      "type": "Feature",
      "properties": {
        "task_id": "166708739:1:1781601669:13367628389",
        "way_id": 166708739,
        "name": "名称未登録",
        "highway": "unclassified",
        "length_m": 97.92086067666011,
        "included": true
      },
      "geometry": {
        "type": "LineString",
        "coordinates": [
          [
            141.3129603,
            43.0895082
          ],
          [
            141.3121956,
            43.0888273
          ]
        ]
      }
    },
    {
      "type": "Feature",
      "properties": {
        "task_id": "166708739:2:1781601669:4262339536",
        "way_id": 166708739,
        "name": "名称未登録",
        "highway": "unclassified",
        "length_m": 20.588945785774136,
        "included": true
      },
      "geometry": {
        "type": "LineString",
        "coordinates": [
          [
            141.3129603,
            43.0895082
          ],
          [
            141.3131041,
            43.0896607
          ]
        ]
      }
    },
    {
      "type": "Feature",
      "properties": {
        "task_id": "166708752:6:1781601669:1781601653",
        "way_id": 166708752,
        "name": "名称未登録",
        "highway": "unclassified",
        "length_m": 84.48477641239037,
        "included": true
      },
      "geometry": {
        "type": "LineString",
        "coordinates": [
          [
            141.3129603,
            43.0895082
          ],
          [
            141.31377,
            43.0890311
          ]
        ]
      }
    },
    {
      "type": "Feature",
      "properties": {
        "task_id": "166708739:2:4262339536:1781601669",
        "way_id": 166708739,
        "name": "名称未登録",
        "highway": "unclassified",
        "length_m": 20.588945785774136,
        "included": true
      },
      "geometry": {
        "type": "LineString",
        "coordinates": [
          [
            141.3131041,
            43.0896607
          ],
          [
            141.3129603,
            43.0895082
          ]
        ]
      }
    },
    {
      "type": "Feature",
      "properties": {
        "task_id": "166708739:3:4262339536:13408678235",
        "way_id": 166708739,
        "name": "名称未登録",
        "highway": "unclassified",
        "length_m": 24.718113457124865,
        "included": true
      },
      "geometry": {
        "type": "LineString",
        "coordinates": [
          [
            141.3131041,
            43.0896607
          ],
          [
            141.3132971,
            43.0898326
          ]
        ]
      }
    },
    {
      "type": "Feature",
      "properties": {
        "task_id": "166708739:3:13408678235:4262339536",
        "way_id": 166708739,
        "name": "名称未登録",
        "highway": "unclassified",
        "length_m": 24.718113457124865,
        "included": true
      },
      "geometry": {
        "type": "LineString",
        "coordinates": [
          [
            141.3132971,
            43.0898326
          ],
          [
            141.3131041,
            43.0896607
          ]
        ]
      }
    },
    {
      "type": "Feature",
      "properties": {
        "task_id": "166708739:4:13408678235:1781601675",
        "way_id": 166708739,
        "name": "名称未登録",
        "highway": "unclassified",
        "length_m": 3.928087828900623,
        "included": true
      },
      "geometry": {
        "type": "LineString",
        "coordinates": [
          [
            141.3132971,
            43.0898326
          ],
          [
            141.3133278,
            43.0898599
          ]
        ]
      }
    },
    {
      "type": "Feature",
      "properties": {
        "task_id": "166708739:4:1781601675:13408678235",
        "way_id": 166708739,
        "name": "名称未登録",
        "highway": "unclassified",
        "length_m": 3.928087828900623,
        "included": true
      },
      "geometry": {
        "type": "LineString",
        "coordinates": [
          [
            141.3133278,
            43.0898599
          ],
          [
            141.3132971,
            43.0898326
          ]
        ]
      }
    },
    {
      "type": "Feature",
      "properties": {
        "task_id": "166708759:6:1781601675:1781601674",
        "way_id": 166708759,
        "name": "名称未登録",
        "highway": "unclassified",
        "length_m": 16.020895285081725,
        "included": true
      },
      "geometry": {
        "type": "LineString",
        "coordinates": [
          [
            141.3133278,
            43.0898599
          ],
          [
            141.3134868,
            43.0897746
          ]
        ]
      }
    },
    {
      "type": "Feature",
      "properties": {
        "task_id": "166708759:7:1781601675:13374866805",
        "way_id": 166708759,
        "name": "名称未登録",
        "highway": "unclassified",
        "length_m": 60.162652726915226,
        "included": true
      },
      "geometry": {
        "type": "LineString",
        "coordinates": [
          [
            141.3133278,
            43.0898599
          ],
          [
            141.3127391,
            43.0901884
          ]
        ]
      }
    },
    {
      "type": "Feature",
      "properties": {
        "task_id": "166708740:0:1781601673:1781601677",
        "way_id": 166708740,
        "name": "名称未登録",
        "highway": "unclassified",
        "length_m": 52.60341789042883,
        "included": true
      },
      "geometry": {
        "type": "LineString",
        "coordinates": [
          [
            141.3142959,
            43.0897506
          ],
          [
            141.3138092,
            43.0900628
          ]
        ]
      }
    },
    {
      "type": "Feature",
      "properties": {
        "task_id": "166708762:3:1781601673:1781601672",
        "way_id": 166708762,
        "name": "名称未登録",
        "highway": "unclassified",
        "length_m": 11.986033958286681,
        "included": true
      },
      "geometry": {
        "type": "LineString",
        "coordinates": [
          [
            141.3142959,
            43.0897506
          ],
          [
            141.3141982,
            43.0896698
          ]
        ]
      }
    },
    {
      "type": "Feature",
      "properties": {
        "task_id": "166708762:4:1781601673:1781601676",
        "way_id": 166708762,
        "name": "名称未登録",
        "highway": "unclassified",
        "length_m": 31.57741845336228,
        "included": true
      },
      "geometry": {
        "type": "LineString",
        "coordinates": [
          [
            141.3142959,
            43.0897506
          ],
          [
            141.3145534,
            43.0899634
          ]
        ]
      }
    },
    {
      "type": "Feature",
      "properties": {
        "task_id": "166708740:0:1781601677:1781601673",
        "way_id": 166708740,
        "name": "名称未登録",
        "highway": "unclassified",
        "length_m": 52.60341789042883,
        "included": true
      },
      "geometry": {
        "type": "LineString",
        "coordinates": [
          [
            141.3138092,
            43.0900628
          ],
          [
            141.3142959,
            43.0897506
          ]
        ]
      }
    },
    {
      "type": "Feature",
      "properties": {
        "task_id": "166708740:1:1781601677:1781601674",
        "way_id": 166708740,
        "name": "名称未登録",
        "highway": "unclassified",
        "length_m": 41.38080969760244,
        "included": true
      },
      "geometry": {
        "type": "LineString",
        "coordinates": [
          [
            141.3138092,
            43.0900628
          ],
          [
            141.3134868,
            43.0897746
          ]
        ]
      }
    },
    {
      "type": "Feature",
      "properties": {
        "task_id": "166708740:1:1781601674:1781601677",
        "way_id": 166708740,
        "name": "名称未登録",
        "highway": "unclassified",
        "length_m": 41.38080969760244,
        "included": true
      },
      "geometry": {
        "type": "LineString",
        "coordinates": [
          [
            141.3134868,
            43.0897746
          ],
          [
            141.3138092,
            43.0900628
          ]
        ]
      }
    },
    {
      "type": "Feature",
      "properties": {
        "task_id": "166708759:5:1781601674:1781601663",
        "way_id": 166708759,
        "name": "名称未登録",
        "highway": "unclassified",
        "length_m": 81.82979098226785,
        "included": true
      },
      "geometry": {
        "type": "LineString",
        "coordinates": [
          [
            141.3134868,
            43.0897746
          ],
          [
            141.3142559,
            43.0892991
          ]
        ]
      }
    },
    {
      "type": "Feature",
      "properties": {
        "task_id": "166708759:6:1781601674:1781601675",
        "way_id": 166708759,
        "name": "名称未登録",
        "highway": "unclassified",
        "length_m": 16.020895285081725,
        "included": true
      },
      "geometry": {
        "type": "LineString",
        "coordinates": [
          [
            141.3134868,
            43.0897746
          ],
          [
            141.3133278,
            43.0898599
          ]
        ]
      }
    },
    {
      "type": "Feature",
      "properties": {
        "task_id": "166708741:0:1781601703:1781601699",
        "way_id": 166708741,
        "name": "名称未登録",
        "highway": "unclassified",
        "length_m": 33.33179441927303,
        "included": true
      },
      "geometry": {
        "type": "LineString",
        "coordinates": [
          [
            141.3141486,
            43.0909163
          ],
          [
            141.3144546,
            43.0907165
          ]
        ]
      }
    },
    {
      "type": "Feature",
      "properties": {
        "task_id": "166708741:1:1781601703:1781601718",
        "way_id": 166708741,
        "name": "名称未登録",
        "highway": "unclassified",
        "length_m": 32.75700874809454,
        "included": true
      },
      "geometry": {
        "type": "LineString",
        "coordinates": [
          [
            141.3141486,
            43.0909163
          ],
          [
            141.3144144,
            43.0911379
          ]
        ]
      }
    },
    {
      "type": "Feature",
      "properties": {
        "task_id": "166708741:1:1781601718:1781601703",
        "way_id": 166708741,
        "name": "名称未登録",
        "highway": "unclassified",
        "length_m": 32.75700874809454,
        "included": true
      },
      "geometry": {
        "type": "LineString",
        "coordinates": [
          [
            141.3144144,
            43.0911379
          ],
          [
            141.3141486,
            43.0909163
          ]
        ]
      }
    },
    {
      "type": "Feature",
      "properties": {
        "task_id": "166708755:4:1781601718:1781601701",
        "way_id": 166708755,
        "name": "名称未登録",
        "highway": "unclassified",
        "length_m": 56.07582026942195,
        "included": true
      },
      "geometry": {
        "type": "LineString",
        "coordinates": [
          [
            141.3144144,
            43.0911379
          ],
          [
            141.31494,
            43.0908108
          ]
        ]
      }
    },
    {
      "type": "Feature",
      "properties": {
        "task_id": "166708755:5:1781601718:13374866811",
        "way_id": 166708755,
        "name": "名称未登録",
        "highway": "unclassified",
        "length_m": 40.029683481096995,
        "included": true
      },
      "geometry": {
        "type": "LineString",
        "coordinates": [
          [
            141.3144144,
            43.0911379
          ],
          [
            141.3140286,
            43.091362
          ]
        ]
      }
    },
    {
      "type": "Feature",
      "properties": {
        "task_id": "166708742:0:1781601638:13367628392",
        "way_id": 166708742,
        "name": "名称未登録",
        "highway": "unclassified",
        "length_m": 8.246612538247579,
        "included": true
      },
      "geometry": {
        "type": "LineString",
        "coordinates": [
          [
            141.31294,
            43.0882945
          ],
          [
            141.3130038,
            43.0883522
          ]
        ]
      }
    },
    {
      "type": "Feature",
      "properties": {
        "task_id": "219227900:26:1781601638:1800601640",
        "way_id": 219227900,
        "name": "下手稲通",
        "highway": "secondary",
        "length_m": 21.3892973286965,
        "included": true
      },
      "geometry": {
        "type": "LineString",
        "coordinates": [
          [
            141.31294,
            43.0882945
          ],
          [
            141.3127348,
            43.0884151
          ]
        ]
      }
    },
    {
      "type": "Feature",
      "properties": {
        "task_id": "219227900:27:1781601638:1800601752",
        "way_id": 219227900,
        "name": "下手稲通",
        "highway": "secondary",
        "length_m": 31.715804621213856,
        "included": true
      },
      "geometry": {
        "type": "LineString",
        "coordinates": [
          [
            141.31294,
            43.0882945
          ],
          [
            141.3132455,
            43.0881168
          ]
        ]
      }
    },
    {
      "type": "Feature",
      "properties": {
        "task_id": "166708742:0:13367628392:1781601638",
        "way_id": 166708742,
        "name": "名称未登録",
        "highway": "unclassified",
        "length_m": 8.246612538247579,
        "included": true
      },
      "geometry": {
        "type": "LineString",
        "coordinates": [
          [
            141.3130038,
            43.0883522
          ],
          [
            141.31294,
            43.0882945
          ]
        ]
      }
    },
    {
      "type": "Feature",
      "properties": {
        "task_id": "166708742:1:13367628392:1781601644",
        "way_id": 166708742,
        "name": "名称未登録",
        "highway": "unclassified",
        "length_m": 44.867536184239604,
        "included": true
      },
      "geometry": {
        "type": "LineString",
        "coordinates": [
          [
            141.3130038,
            43.0883522
          ],
          [
            141.3133508,
            43.0886662
          ]
        ]
      }
    },
    {
      "type": "Feature",
      "properties": {
        "task_id": "166708742:1:1781601644:13367628392",
        "way_id": 166708742,
        "name": "名称未登録",
        "highway": "unclassified",
        "length_m": 44.867536184239604,
        "included": true
      },
      "geometry": {
        "type": "LineString",
        "coordinates": [
          [
            141.3133508,
            43.0886662
          ],
          [
            141.3130038,
            43.0883522
          ]
        ]
      }
    },
    {
      "type": "Feature",
      "properties": {
        "task_id": "166708742:2:1781601644:1781601653",
        "way_id": 166708742,
        "name": "名称未登録",
        "highway": "unclassified",
        "length_m": 52.963603103546475,
        "included": true
      },
      "geometry": {
        "type": "LineString",
        "coordinates": [
          [
            141.3133508,
            43.0886662
          ],
          [
            141.31377,
            43.0890311
          ]
        ]
      }
    },
    {
      "type": "Feature",
      "properties": {
        "task_id": "166708744:5:1781601644:1781601640",
        "way_id": 166708744,
        "name": "名称未登録",
        "highway": "unclassified",
        "length_m": 47.67820795417132,
        "included": true
      },
      "geometry": {
        "type": "LineString",
        "coordinates": [
          [
            141.3133508,
            43.0886662
          ],
          [
            141.3138143,
            43.088403
          ]
        ]
      }
    },
    {
      "type": "Feature",
      "properties": {
        "task_id": "166708742:2:1781601653:1781601644",
        "way_id": 166708742,
        "name": "名称未登録",
        "highway": "unclassified",
        "length_m": 52.963603103546475,
        "included": true
      },
      "geometry": {
        "type": "LineString",
        "coordinates": [
          [
            141.31377,
            43.0890311
          ],
          [
            141.3133508,
            43.0886662
          ]
        ]
      }
    },
    {
      "type": "Feature",
      "properties": {
        "task_id": "166708752:5:1781601653:13374866886",
        "way_id": 166708752,
        "name": "名称未登録",
        "highway": "unclassified",
        "length_m": 43.48212608123791,
        "included": true
      },
      "geometry": {
        "type": "LineString",
        "coordinates": [
          [
            141.31377,
            43.0890311
          ],
          [
            141.3142109,
            43.0888092
          ]
        ]
      }
    },
    {
      "type": "Feature",
      "properties": {
        "task_id": "166708752:6:1781601653:1781601669",
        "way_id": 166708752,
        "name": "名称未登録",
        "highway": "unclassified",
        "length_m": 84.48477641239037,
        "included": true
      },
      "geometry": {
        "type": "LineString",
        "coordinates": [
          [
            141.31377,
            43.0890311
          ],
          [
            141.3129603,
            43.0895082
          ]
        ]
      }
    },
    {
      "type": "Feature",
      "properties": {
        "task_id": "166708744:2:1781601634:13374866819",
        "way_id": 166708744,
        "name": "名称未登録",
        "highway": "unclassified",
        "length_m": 2.3506577026461786,
        "included": true
      },
      "geometry": {
        "type": "LineString",
        "coordinates": [
          [
            141.3146658,
            43.087899
          ],
          [
            141.3146433,
            43.0879123
          ]
        ]
      }
    },
    {
      "type": "Feature",
      "properties": {
        "task_id": "166708748:1:1781601634:13367628398",
        "way_id": 166708748,
        "name": "名称未登録",
        "highway": "unclassified",
        "length_m": 45.72671844986659,
        "included": true
      },
      "geometry": {
        "type": "LineString",
        "coordinates": [
          [
            141.3146658,
            43.087899
          ],
          [
            141.3143215,
            43.0875736
          ]
        ]
      }
    },
    {
      "type": "Feature",
      "properties": {
        "task_id": "166708744:2:13374866819:1781601634",
        "way_id": 166708744,
        "name": "名称未登録",
        "highway": "unclassified",
        "length_m": 2.3506577026461786,
        "included": true
      },
      "geometry": {
        "type": "LineString",
        "coordinates": [
          [
            141.3146433,
            43.0879123
          ],
          [
            141.3146658,
            43.087899
          ]
        ]
      }
    },
    {
      "type": "Feature",
      "properties": {
        "task_id": "166708744:3:13374866819:13374866824",
        "way_id": 166708744,
        "name": "名称未登録",
        "highway": "unclassified",
        "length_m": 81.87481508372299,
        "included": true
      },
      "geometry": {
        "type": "LineString",
        "coordinates": [
          [
            141.3146433,
            43.0879123
          ],
          [
            141.31386,
            43.0883759
          ]
        ]
      }
    },
    {
      "type": "Feature",
      "properties": {
        "task_id": "166708744:3:13374866824:13374866819",
        "way_id": 166708744,
        "name": "名称未登録",
        "highway": "unclassified",
        "length_m": 81.87481508372299,
        "included": true
      },
      "geometry": {
        "type": "LineString",
        "coordinates": [
          [
            141.31386,
            43.0883759
          ],
          [
            141.3146433,
            43.0879123
          ]
        ]
      }
    },
    {
      "type": "Feature",
      "properties": {
        "task_id": "166708744:4:13374866824:1781601640",
        "way_id": 166708744,
        "name": "名称未登録",
        "highway": "unclassified",
        "length_m": 4.7804619109831,
        "included": true
      },
      "geometry": {
        "type": "LineString",
        "coordinates": [
          [
            141.31386,
            43.0883759
          ],
          [
            141.3138143,
            43.088403
          ]
        ]
      }
    },
    {
      "type": "Feature",
      "properties": {
        "task_id": "166708744:4:1781601640:13374866824",
        "way_id": 166708744,
        "name": "名称未登録",
        "highway": "unclassified",
        "length_m": 4.7804619109831,
        "included": true
      },
      "geometry": {
        "type": "LineString",
        "coordinates": [
          [
            141.3138143,
            43.088403
          ],
          [
            141.31386,
            43.0883759
          ]
        ]
      }
    },
    {
      "type": "Feature",
      "properties": {
        "task_id": "166708744:5:1781601640:1781601644",
        "way_id": 166708744,
        "name": "名称未登録",
        "highway": "unclassified",
        "length_m": 47.67820795417132,
        "included": true
      },
      "geometry": {
        "type": "LineString",
        "coordinates": [
          [
            141.3138143,
            43.088403
          ],
          [
            141.3133508,
            43.0886662
          ]
        ]
      }
    },
    {
      "type": "Feature",
      "properties": {
        "task_id": "166708747:2:1781601640:13374866825",
        "way_id": 166708747,
        "name": "名称未登録",
        "highway": "unclassified",
        "length_m": 4.452232643308557,
        "included": true
      },
      "geometry": {
        "type": "LineString",
        "coordinates": [
          [
            141.3138143,
            43.088403
          ],
          [
            141.3137796,
            43.088372
          ]
        ]
      }
    },
    {
      "type": "Feature",
      "properties": {
        "task_id": "166708747:3:1781601640:13374866884",
        "way_id": 166708747,
        "name": "名称未登録",
        "highway": "unclassified",
        "length_m": 50.39864770969119,
        "included": true
      },
      "geometry": {
        "type": "LineString",
        "coordinates": [
          [
            141.3138143,
            43.088403
          ],
          [
            141.3141986,
            43.0887589
          ]
        ]
      }
    },
    {
      "type": "Feature",
      "properties": {
        "task_id": "166708747:0:1781601635:13367628395",
        "way_id": 166708747,
        "name": "名称未登録",
        "highway": "unclassified",
        "length_m": 7.43531080998372,
        "included": true
      },
      "geometry": {
        "type": "LineString",
        "coordinates": [
          [
            141.3133962,
            43.0880288
          ],
          [
            141.3134541,
            43.0880806
          ]
        ]
      }
    },
    {
      "type": "Feature",
      "properties": {
        "task_id": "219227900:29:1781601635:2310745229",
        "way_id": 219227900,
        "name": "下手稲通",
        "highway": "secondary",
        "length_m": 6.439731773454897,
        "included": true
      },
      "geometry": {
        "type": "LineString",
        "coordinates": [
          [
            141.3133962,
            43.0880288
          ],
          [
            141.3133343,
            43.088065
          ]
        ]
      }
    },
    {
      "type": "Feature",
      "properties": {
        "task_id": "219227900:30:1781601635:1800601766",
        "way_id": 219227900,
        "name": "下手稲通",
        "highway": "secondary",
        "length_m": 15.70207582302169,
        "included": true
      },
      "geometry": {
        "type": "LineString",
        "coordinates": [
          [
            141.3133962,
            43.0880288
          ],
          [
            141.3135452,
            43.0879388
          ]
        ]
      }
    },
    {
      "type": "Feature",
      "properties": {
        "task_id": "166708747:0:13367628395:1781601635",
        "way_id": 166708747,
        "name": "名称未登録",
        "highway": "unclassified",
        "length_m": 7.43531080998372,
        "included": true
      },
      "geometry": {
        "type": "LineString",
        "coordinates": [
          [
            141.3134541,
            43.0880806
          ],
          [
            141.3133962,
            43.0880288
          ]
        ]
      }
    },
    {
      "type": "Feature",
      "properties": {
        "task_id": "166708747:1:13367628395:13374866825",
        "way_id": 166708747,
        "name": "名称未登録",
        "highway": "unclassified",
        "length_m": 41.816103642942466,
        "included": true
      },
      "geometry": {
        "type": "LineString",
        "coordinates": [
          [
            141.3134541,
            43.0880806
          ],
          [
            141.3137796,
            43.088372
          ]
        ]
      }
    },
    {
      "type": "Feature",
      "properties": {
        "task_id": "166708747:1:13374866825:13367628395",
        "way_id": 166708747,
        "name": "名称未登録",
        "highway": "unclassified",
        "length_m": 41.816103642942466,
        "included": true
      },
      "geometry": {
        "type": "LineString",
        "coordinates": [
          [
            141.3137796,
            43.088372
          ],
          [
            141.3134541,
            43.0880806
          ]
        ]
      }
    },
    {
      "type": "Feature",
      "properties": {
        "task_id": "166708747:2:13374866825:1781601640",
        "way_id": 166708747,
        "name": "名称未登録",
        "highway": "unclassified",
        "length_m": 4.452232643308557,
        "included": true
      },
      "geometry": {
        "type": "LineString",
        "coordinates": [
          [
            141.3137796,
            43.088372
          ],
          [
            141.3138143,
            43.088403
          ]
        ]
      }
    },
    {
      "type": "Feature",
      "properties": {
        "task_id": "166708747:3:13374866884:1781601640",
        "way_id": 166708747,
        "name": "名称未登録",
        "highway": "unclassified",
        "length_m": 50.39864770969119,
        "included": true
      },
      "geometry": {
        "type": "LineString",
        "coordinates": [
          [
            141.3141986,
            43.0887589
          ],
          [
            141.3138143,
            43.088403
          ]
        ]
      }
    },
    {
      "type": "Feature",
      "properties": {
        "task_id": "166708747:4:13374866884:1781601646",
        "way_id": 166708747,
        "name": "名称未登録",
        "highway": "unclassified",
        "length_m": 5.099290377197906,
        "included": true
      },
      "geometry": {
        "type": "LineString",
        "coordinates": [
          [
            141.3141986,
            43.0887589
          ],
          [
            141.3142375,
            43.0887949
          ]
        ]
      }
    },
    {
      "type": "Feature",
      "properties": {
        "task_id": "166708747:4:1781601646:13374866884",
        "way_id": 166708747,
        "name": "名称未登録",
        "highway": "unclassified",
        "length_m": 5.099290377197906,
        "included": true
      },
      "geometry": {
        "type": "LineString",
        "coordinates": [
          [
            141.3142375,
            43.0887949
          ],
          [
            141.3141986,
            43.0887589
          ]
        ]
      }
    },
    {
      "type": "Feature",
      "properties": {
        "task_id": "166708747:5:1781601646:13374866888",
        "way_id": 166708747,
        "name": "名称未登録",
        "highway": "unclassified",
        "length_m": 3.0156887682407296,
        "included": true
      },
      "geometry": {
        "type": "LineString",
        "coordinates": [
          [
            141.3142375,
            43.0887949
          ],
          [
            141.314261,
            43.0888159
          ]
        ]
      }
    },
    {
      "type": "Feature",
      "properties": {
        "task_id": "166708752:3:1781601646:13374866889",
        "way_id": 166708752,
        "name": "名称未登録",
        "highway": "unclassified",
        "length_m": 5.48279635683318,
        "included": true
      },
      "geometry": {
        "type": "LineString",
        "coordinates": [
          [
            141.3142375,
            43.0887949
          ],
          [
            141.3142891,
            43.0887631
          ]
        ]
      }
    },
    {
      "type": "Feature",
      "properties": {
        "task_id": "166708752:4:1781601646:13374866886",
        "way_id": 166708752,
        "name": "名称未登録",
        "highway": "unclassified",
        "length_m": 2.682209640714075,
        "included": true
      },
      "geometry": {
        "type": "LineString",
        "coordinates": [
          [
            141.3142375,
            43.0887949
          ],
          [
            141.3142109,
            43.0888092
          ]
        ]
      }
    },
    {
      "type": "Feature",
      "properties": {
        "task_id": "166708747:5:13374866888:1781601646",
        "way_id": 166708747,
        "name": "名称未登録",
        "highway": "unclassified",
        "length_m": 3.0156887682407296,
        "included": true
      },
      "geometry": {
        "type": "LineString",
        "coordinates": [
          [
            141.314261,
            43.0888159
          ],
          [
            141.3142375,
            43.0887949
          ]
        ]
      }
    },
    {
      "type": "Feature",
      "properties": {
        "task_id": "166708747:6:13374866888:1781601656",
        "way_id": 166708747,
        "name": "名称未登録",
        "highway": "unclassified",
        "length_m": 38.06472617001245,
        "included": true
      },
      "geometry": {
        "type": "LineString",
        "coordinates": [
          [
            141.314261,
            43.0888159
          ],
          [
            141.3145574,
            43.0890811
          ]
        ]
      }
    },
    {
      "type": "Feature",
      "properties": {
        "task_id": "166708747:6:1781601656:13374866888",
        "way_id": 166708747,
        "name": "名称未登録",
        "highway": "unclassified",
        "length_m": 38.06472617001245,
        "included": true
      },
      "geometry": {
        "type": "LineString",
        "coordinates": [
          [
            141.3145574,
            43.0890811
          ],
          [
            141.314261,
            43.0888159
          ]
        ]
      }
    },
    {
      "type": "Feature",
      "properties": {
        "task_id": "166708759:4:1781601656:1781601663",
        "way_id": 166708759,
        "name": "名称未登録",
        "highway": "unclassified",
        "length_m": 34.453335949996934,
        "included": true
      },
      "geometry": {
        "type": "LineString",
        "coordinates": [
          [
            141.3145574,
            43.0890811
          ],
          [
            141.3142559,
            43.0892991
          ]
        ]
      }
    },
    {
      "type": "Feature",
      "properties": {
        "task_id": "166708748:0:1781601632:13367628398",
        "way_id": 166708748,
        "name": "名称未登録",
        "highway": "unclassified",
        "length_m": 6.943451460231679,
        "included": true
      },
      "geometry": {
        "type": "LineString",
        "coordinates": [
          [
            141.3142692,
            43.0875242
          ],
          [
            141.3143215,
            43.0875736
          ]
        ]
      }
    },
    {
      "type": "Feature",
      "properties": {
        "task_id": "219227900:31:1781601632:1800601766",
        "way_id": 219227900,
        "name": "下手稲通",
        "highway": "secondary",
        "length_m": 74.71306129758803,
        "included": true
      },
      "geometry": {
        "type": "LineString",
        "coordinates": [
          [
            141.3142692,
            43.0875242
          ],
          [
            141.3135452,
            43.0879388
          ]
        ]
      }
    },
    {
      "type": "Feature",
      "properties": {
        "task_id": "219227900:32:1781601632:1800601628",
        "way_id": 219227900,
        "name": "下手稲通",
        "highway": "secondary",
        "length_m": 17.332673169993203,
        "included": true
      },
      "geometry": {
        "type": "LineString",
        "coordinates": [
          [
            141.3142692,
            43.0875242
          ],
          [
            141.3144354,
            43.0874264
          ]
        ]
      }
    },
    {
      "type": "Feature",
      "properties": {
        "task_id": "166708748:0:13367628398:1781601632",
        "way_id": 166708748,
        "name": "名称未登録",
        "highway": "unclassified",
        "length_m": 6.943451460231679,
        "included": true
      },
      "geometry": {
        "type": "LineString",
        "coordinates": [
          [
            141.3143215,
            43.0875736
          ],
          [
            141.3142692,
            43.0875242
          ]
        ]
      }
    },
    {
      "type": "Feature",
      "properties": {
        "task_id": "166708748:1:13367628398:1781601634",
        "way_id": 166708748,
        "name": "名称未登録",
        "highway": "unclassified",
        "length_m": 45.72671844986659,
        "included": true
      },
      "geometry": {
        "type": "LineString",
        "coordinates": [
          [
            141.3143215,
            43.0875736
          ],
          [
            141.3146658,
            43.087899
          ]
        ]
      }
    },
    {
      "type": "Feature",
      "properties": {
        "task_id": "166708752:3:13374866889:1781601646",
        "way_id": 166708752,
        "name": "名称未登録",
        "highway": "unclassified",
        "length_m": 5.48279635683318,
        "included": true
      },
      "geometry": {
        "type": "LineString",
        "coordinates": [
          [
            141.3142891,
            43.0887631
          ],
          [
            141.3142375,
            43.0887949
          ]
        ]
      }
    },
    {
      "type": "Feature",
      "properties": {
        "task_id": "166708752:4:13374866886:1781601646",
        "way_id": 166708752,
        "name": "名称未登録",
        "highway": "unclassified",
        "length_m": 2.682209640714075,
        "included": true
      },
      "geometry": {
        "type": "LineString",
        "coordinates": [
          [
            141.3142109,
            43.0888092
          ],
          [
            141.3142375,
            43.0887949
          ]
        ]
      }
    },
    {
      "type": "Feature",
      "properties": {
        "task_id": "166708752:5:13374866886:1781601653",
        "way_id": 166708752,
        "name": "名称未登録",
        "highway": "unclassified",
        "length_m": 43.48212608123791,
        "included": true
      },
      "geometry": {
        "type": "LineString",
        "coordinates": [
          [
            141.3142109,
            43.0888092
          ],
          [
            141.31377,
            43.0890311
          ]
        ]
      }
    },
    {
      "type": "Feature",
      "properties": {
        "task_id": "166708755:5:13374866811:1781601718",
        "way_id": 166708755,
        "name": "名称未登録",
        "highway": "unclassified",
        "length_m": 40.029683481096995,
        "included": true
      },
      "geometry": {
        "type": "LineString",
        "coordinates": [
          [
            141.3140286,
            43.091362
          ],
          [
            141.3144144,
            43.0911379
          ]
        ]
      }
    },
    {
      "type": "Feature",
      "properties": {
        "task_id": "166708755:6:13374866811:1781601721",
        "way_id": 166708755,
        "name": "名称未登録",
        "highway": "unclassified",
        "length_m": 7.016298339221461,
        "included": true
      },
      "geometry": {
        "type": "LineString",
        "coordinates": [
          [
            141.3140286,
            43.091362
          ],
          [
            141.313961,
            43.0914013
          ]
        ]
      }
    },
    {
      "type": "Feature",
      "properties": {
        "task_id": "166708756:9:1800527659:1800527615",
        "way_id": 166708756,
        "name": "名称未登録",
        "highway": "residential",
        "length_m": 55.47370833675088,
        "included": true
      },
      "geometry": {
        "type": "LineString",
        "coordinates": [
          [
            141.314702,
            43.093838
          ],
          [
            141.3141637,
            43.0941452
          ]
        ]
      }
    },
    {
      "type": "Feature",
      "properties": {
        "task_id": "168868748:0:1800527659:1800527506",
        "way_id": 168868748,
        "name": "名称未登録",
        "highway": "unclassified",
        "length_m": 29.94277098400158,
        "included": true
      },
      "geometry": {
        "type": "LineString",
        "coordinates": [
          [
            141.314702,
            43.093838
          ],
          [
            141.3144683,
            43.0936297
          ]
        ]
      }
    },
    {
      "type": "Feature",
      "properties": {
        "task_id": "168868783:0:1800527659:1800527525",
        "way_id": 168868783,
        "name": "名称未登録",
        "highway": "residential",
        "length_m": 35.97387229021501,
        "included": true
      },
      "geometry": {
        "type": "LineString",
        "coordinates": [
          [
            141.314702,
            43.093838
          ],
          [
            141.3149757,
            43.0940924
          ]
        ]
      }
    },
    {
      "type": "Feature",
      "properties": {
        "task_id": "166708756:9:1800527615:1800527659",
        "way_id": 166708756,
        "name": "名称未登録",
        "highway": "residential",
        "length_m": 55.47370833675088,
        "included": true
      },
      "geometry": {
        "type": "LineString",
        "coordinates": [
          [
            141.3141637,
            43.0941452
          ],
          [
            141.314702,
            43.093838
          ]
        ]
      }
    },
    {
      "type": "Feature",
      "properties": {
        "task_id": "166708756:10:1800527615:13367628348",
        "way_id": 166708756,
        "name": "名称未登録",
        "highway": "residential",
        "length_m": 3.579917086745726,
        "included": true
      },
      "geometry": {
        "type": "LineString",
        "coordinates": [
          [
            141.3141637,
            43.0941452
          ],
          [
            141.3141304,
            43.0941663
          ]
        ]
      }
    },
    {
      "type": "Feature",
      "properties": {
        "task_id": "168868752:5:1800527615:1800527794",
        "way_id": 168868752,
        "name": "名称未登録",
        "highway": "unclassified",
        "length_m": 35.52417340187355,
        "included": true
      },
      "geometry": {
        "type": "LineString",
        "coordinates": [
          [
            141.3141637,
            43.0941452
          ],
          [
            141.3144395,
            43.0943932
          ]
        ]
      }
    },
    {
      "type": "Feature",
      "properties": {
        "task_id": "166708756:10:13367628348:1800527615",
        "way_id": 166708756,
        "name": "名称未登録",
        "highway": "residential",
        "length_m": 3.579917086745726,
        "included": true
      },
      "geometry": {
        "type": "LineString",
        "coordinates": [
          [
            141.3141304,
            43.0941663
          ],
          [
            141.3141637,
            43.0941452
          ]
        ]
      }
    },
    {
      "type": "Feature",
      "properties": {
        "task_id": "166708756:11:13367628348:1800527545",
        "way_id": 166708756,
        "name": "名称未登録",
        "highway": "residential",
        "length_m": 45.5803433461326,
        "included": true
      },
      "geometry": {
        "type": "LineString",
        "coordinates": [
          [
            141.3141304,
            43.0941663
          ],
          [
            141.313706,
            43.0944346
          ]
        ]
      }
    },
    {
      "type": "Feature",
      "properties": {
        "task_id": "166708756:11:1800527545:13367628348",
        "way_id": 166708756,
        "name": "名称未登録",
        "highway": "residential",
        "length_m": 45.5803433461326,
        "included": true
      },
      "geometry": {
        "type": "LineString",
        "coordinates": [
          [
            141.313706,
            43.0944346
          ],
          [
            141.3141304,
            43.0941663
          ]
        ]
      }
    },
    {
      "type": "Feature",
      "properties": {
        "task_id": "166708756:12:1800527545:1800527734",
        "way_id": 166708756,
        "name": "名称未登録",
        "highway": "residential",
        "length_m": 83.74139572439852,
        "included": true
      },
      "geometry": {
        "type": "LineString",
        "coordinates": [
          [
            141.313706,
            43.0944346
          ],
          [
            141.3129096,
            43.0949131
          ]
        ]
      }
    },
    {
      "type": "Feature",
      "properties": {
        "task_id": "168868800:8:1800527545:1800527456",
        "way_id": 168868800,
        "name": "名称未登録",
        "highway": "residential",
        "length_m": 33.518216644584534,
        "included": true
      },
      "geometry": {
        "type": "LineString",
        "coordinates": [
          [
            141.313706,
            43.0944346
          ],
          [
            141.3139712,
            43.0946656
          ]
        ]
      }
    },
    {
      "type": "Feature",
      "properties": {
        "task_id": "168868800:9:1800527545:1800527472",
        "way_id": 168868800,
        "name": "名称未登録",
        "highway": "residential",
        "length_m": 32.255991099402976,
        "included": true
      },
      "geometry": {
        "type": "LineString",
        "coordinates": [
          [
            141.313706,
            43.0944346
          ],
          [
            141.313449,
            43.0942134
          ]
        ]
      }
    },
    {
      "type": "Feature",
      "properties": {
        "task_id": "166708756:12:1800527734:1800527545",
        "way_id": 166708756,
        "name": "名称未登録",
        "highway": "residential",
        "length_m": 83.74139572439852,
        "included": true
      },
      "geometry": {
        "type": "LineString",
        "coordinates": [
          [
            141.3129096,
            43.0949131
          ],
          [
            141.313706,
            43.0944346
          ]
        ]
      }
    },
    {
      "type": "Feature",
      "properties": {
        "task_id": "168868756:6:1800527734:1800527674",
        "way_id": 168868756,
        "name": "名称未登録",
        "highway": "unclassified",
        "length_m": 88.00527232991318,
        "included": true
      },
      "geometry": {
        "type": "LineString",
        "coordinates": [
          [
            141.3129096,
            43.0949131
          ],
          [
            141.3122154,
            43.0943053
          ]
        ]
      }
    },
    {
      "type": "Feature",
      "properties": {
        "task_id": "166708757:0:13374866814:1781601727",
        "way_id": 166708757,
        "name": "名称未登録",
        "highway": "unclassified",
        "length_m": 7.36178512766706,
        "included": true
      },
      "geometry": {
        "type": "LineString",
        "coordinates": [
          [
            141.3143448,
            43.0916414
          ],
          [
            141.3142754,
            43.091684
          ]
        ]
      }
    },
    {
      "type": "Feature",
      "properties": {
        "task_id": "166708758:4:1781601676:1781601688",
        "way_id": 166708758,
        "name": "名称未登録",
        "highway": "unclassified",
        "length_m": 60.22389589168961,
        "included": true
      },
      "geometry": {
        "type": "LineString",
        "coordinates": [
          [
            141.3145534,
            43.0899634
          ],
          [
            141.3139946,
            43.0903195
          ]
        ]
      }
    },
    {
      "type": "Feature",
      "properties": {
        "task_id": "166708762:4:1781601676:1781601673",
        "way_id": 166708762,
        "name": "名称未登録",
        "highway": "unclassified",
        "length_m": 31.57741845336228,
        "included": true
      },
      "geometry": {
        "type": "LineString",
        "coordinates": [
          [
            141.3145534,
            43.0899634
          ],
          [
            141.3142959,
            43.0897506
          ]
        ]
      }
    },
    {
      "type": "Feature",
      "properties": {
        "task_id": "166708762:5:1781601676:1781601682",
        "way_id": 166708762,
        "name": "名称未登録",
        "highway": "unclassified",
        "length_m": 36.84214214222206,
        "included": true
      },
      "geometry": {
        "type": "LineString",
        "coordinates": [
          [
            141.3145534,
            43.0899634
          ],
          [
            141.3148538,
            43.0902117
          ]
        ]
      }
    },
    {
      "type": "Feature",
      "properties": {
        "task_id": "166708758:4:1781601688:1781601676",
        "way_id": 166708758,
        "name": "名称未登録",
        "highway": "unclassified",
        "length_m": 60.22389589168961,
        "included": true
      },
      "geometry": {
        "type": "LineString",
        "coordinates": [
          [
            141.3139946,
            43.0903195
          ],
          [
            141.3145534,
            43.0899634
          ]
        ]
      }
    },
    {
      "type": "Feature",
      "properties": {
        "task_id": "166708758:5:1781601688:1781601696",
        "way_id": 166708758,
        "name": "名称未登録",
        "highway": "unclassified",
        "length_m": 36.552479799296584,
        "included": true
      },
      "geometry": {
        "type": "LineString",
        "coordinates": [
          [
            141.3139946,
            43.0903195
          ],
          [
            141.3142864,
            43.0905698
          ]
        ]
      }
    },
    {
      "type": "Feature",
      "properties": {
        "task_id": "166708758:5:1781601696:1781601688",
        "way_id": 166708758,
        "name": "名称未登録",
        "highway": "unclassified",
        "length_m": 36.552479799296584,
        "included": true
      },
      "geometry": {
        "type": "LineString",
        "coordinates": [
          [
            141.3142864,
            43.0905698
          ],
          [
            141.3139946,
            43.0903195
          ]
        ]
      }
    },
    {
      "type": "Feature",
      "properties": {
        "task_id": "166708758:6:1781601696:1781601699",
        "way_id": 166708758,
        "name": "名称未登録",
        "highway": "unclassified",
        "length_m": 21.275372118640437,
        "included": true
      },
      "geometry": {
        "type": "LineString",
        "coordinates": [
          [
            141.3142864,
            43.0905698
          ],
          [
            141.3144546,
            43.0907165
          ]
        ]
      }
    },
    {
      "type": "Feature",
      "properties": {
        "task_id": "166708759:7:13374866805:1781601675",
        "way_id": 166708759,
        "name": "名称未登録",
        "highway": "unclassified",
        "length_m": 60.162652726915226,
        "included": true
      },
      "geometry": {
        "type": "LineString",
        "coordinates": [
          [
            141.3127391,
            43.0901884
          ],
          [
            141.3133278,
            43.0898599
          ]
        ]
      }
    },
    {
      "type": "Feature",
      "properties": {
        "task_id": "166708759:8:13374866805:1781601684",
        "way_id": 166708759,
        "name": "名称未登録",
        "highway": "unclassified",
        "length_m": 6.559323745505059,
        "included": true
      },
      "geometry": {
        "type": "LineString",
        "coordinates": [
          [
            141.3127391,
            43.0901884
          ],
          [
            141.3126749,
            43.0902242
          ]
        ]
      }
    },
    {
      "type": "Feature",
      "properties": {
        "task_id": "166708762:2:1781601672:1781601668",
        "way_id": 166708762,
        "name": "名称未登録",
        "highway": "unclassified",
        "length_m": 30.82308368210249,
        "included": true
      },
      "geometry": {
        "type": "LineString",
        "coordinates": [
          [
            141.3141982,
            43.0896698
          ],
          [
            141.3144845,
            43.0894878
          ]
        ]
      }
    },
    {
      "type": "Feature",
      "properties": {
        "task_id": "166708762:3:1781601672:1781601673",
        "way_id": 166708762,
        "name": "名称未登録",
        "highway": "unclassified",
        "length_m": 11.986033958286681,
        "included": true
      },
      "geometry": {
        "type": "LineString",
        "coordinates": [
          [
            141.3141982,
            43.0896698
          ],
          [
            141.3142959,
            43.0897506
          ]
        ]
      }
    },
    {
      "type": "Feature",
      "properties": {
        "task_id": "166708762:5:1781601682:1781601676",
        "way_id": 166708762,
        "name": "名称未登録",
        "highway": "unclassified",
        "length_m": 36.84214214222206,
        "included": true
      },
      "geometry": {
        "type": "LineString",
        "coordinates": [
          [
            141.3148538,
            43.0902117
          ],
          [
            141.3145534,
            43.0899634
          ]
        ]
      }
    },
    {
      "type": "Feature",
      "properties": {
        "task_id": "168081367:3:1793890059:1793890061",
        "way_id": 168081367,
        "name": "名称未登録",
        "highway": "residential",
        "length_m": 44.085913310046955,
        "included": false
      },
      "geometry": {
        "type": "LineString",
        "coordinates": [
          [
            141.3009296,
            43.0852157
          ],
          [
            141.3005122,
            43.0854692
          ]
        ]
      }
    },
    {
      "type": "Feature",
      "properties": {
        "task_id": "168081380:2:1793890059:13370086402",
        "way_id": 168081380,
        "name": "名称未登録",
        "highway": "unclassified",
        "length_m": 8.525232475562019,
        "included": false
      },
      "geometry": {
        "type": "LineString",
        "coordinates": [
          [
            141.3009296,
            43.0852157
          ],
          [
            141.3008393,
            43.0851766
          ]
        ]
      }
    },
    {
      "type": "Feature",
      "properties": {
        "task_id": "168081367:3:1793890061:1793890059",
        "way_id": 168081367,
        "name": "名称未登録",
        "highway": "residential",
        "length_m": 44.085913310046955,
        "included": false
      },
      "geometry": {
        "type": "LineString",
        "coordinates": [
          [
            141.3005122,
            43.0854692
          ],
          [
            141.3009296,
            43.0852157
          ]
        ]
      }
    },
    {
      "type": "Feature",
      "properties": {
        "task_id": "168081376:2:1793890061:1793890040",
        "way_id": 168081376,
        "name": "名称未登録",
        "highway": "unclassified",
        "length_m": 8.476594637302862,
        "included": false
      },
      "geometry": {
        "type": "LineString",
        "coordinates": [
          [
            141.3005122,
            43.0854692
          ],
          [
            141.3004297,
            43.0854225
          ]
        ]
      }
    },
    {
      "type": "Feature",
      "properties": {
        "task_id": "168081376:1:13370086406:1793890040",
        "way_id": 168081376,
        "name": "名称未登録",
        "highway": "unclassified",
        "length_m": 5.2631408784713125,
        "included": false
      },
      "geometry": {
        "type": "LineString",
        "coordinates": [
          [
            141.3003651,
            43.0854187
          ],
          [
            141.3004297,
            43.0854225
          ]
        ]
      }
    },
    {
      "type": "Feature",
      "properties": {
        "task_id": "168081376:1:1793890040:13370086406",
        "way_id": 168081376,
        "name": "名称未登録",
        "highway": "unclassified",
        "length_m": 5.2631408784713125,
        "included": false
      },
      "geometry": {
        "type": "LineString",
        "coordinates": [
          [
            141.3004297,
            43.0854225
          ],
          [
            141.3003651,
            43.0854187
          ]
        ]
      }
    },
    {
      "type": "Feature",
      "properties": {
        "task_id": "168081376:2:1793890040:1793890061",
        "way_id": 168081376,
        "name": "名称未登録",
        "highway": "unclassified",
        "length_m": 8.476594637302862,
        "included": false
      },
      "geometry": {
        "type": "LineString",
        "coordinates": [
          [
            141.3004297,
            43.0854225
          ],
          [
            141.3005122,
            43.0854692
          ]
        ]
      }
    },
    {
      "type": "Feature",
      "properties": {
        "task_id": "168081380:1:1793890062:13370086402",
        "way_id": 168081380,
        "name": "名称未登録",
        "highway": "unclassified",
        "length_m": 2.0615841487837994,
        "included": false
      },
      "geometry": {
        "type": "LineString",
        "coordinates": [
          [
            141.3008175,
            43.0851671
          ],
          [
            141.3008393,
            43.0851766
          ]
        ]
      }
    },
    {
      "type": "Feature",
      "properties": {
        "task_id": "168081380:1:13370086402:1793890062",
        "way_id": 168081380,
        "name": "名称未登録",
        "highway": "unclassified",
        "length_m": 2.0615841487837994,
        "included": false
      },
      "geometry": {
        "type": "LineString",
        "coordinates": [
          [
            141.3008393,
            43.0851766
          ],
          [
            141.3008175,
            43.0851671
          ]
        ]
      }
    },
    {
      "type": "Feature",
      "properties": {
        "task_id": "168081380:2:13370086402:1793890059",
        "way_id": 168081380,
        "name": "名称未登録",
        "highway": "unclassified",
        "length_m": 8.525232475562019,
        "included": false
      },
      "geometry": {
        "type": "LineString",
        "coordinates": [
          [
            141.3008393,
            43.0851766
          ],
          [
            141.3009296,
            43.0852157
          ]
        ]
      }
    },
    {
      "type": "Feature",
      "properties": {
        "task_id": "168661872:3:13372861134:1800510029",
        "way_id": 168661872,
        "name": "名称未登録",
        "highway": "unclassified",
        "length_m": 8.278918032377154,
        "included": true
      },
      "geometry": {
        "type": "LineString",
        "coordinates": [
          [
            141.3142515,
            43.0860956
          ],
          [
            141.3141707,
            43.086141
          ]
        ]
      }
    },
    {
      "type": "Feature",
      "properties": {
        "task_id": "168661872:3:1800510029:13372861134",
        "way_id": 168661872,
        "name": "名称未登録",
        "highway": "unclassified",
        "length_m": 8.278918032377154,
        "included": true
      },
      "geometry": {
        "type": "LineString",
        "coordinates": [
          [
            141.3141707,
            43.086141
          ],
          [
            141.3142515,
            43.0860956
          ]
        ]
      }
    },
    {
      "type": "Feature",
      "properties": {
        "task_id": "426971654:22:1800510029:1800510149",
        "way_id": 426971654,
        "name": "琴似栄町通",
        "highway": "secondary",
        "length_m": 41.810319004394415,
        "included": true
      },
      "geometry": {
        "type": "LineString",
        "coordinates": [
          [
            141.3141707,
            43.086141
          ],
          [
            141.3138482,
            43.0858479
          ]
        ]
      }
    },
    {
      "type": "Feature",
      "properties": {
        "task_id": "426971654:23:1800510029:1800510201",
        "way_id": 426971654,
        "name": "琴似栄町通",
        "highway": "secondary",
        "length_m": 46.611763522715094,
        "included": true
      },
      "geometry": {
        "type": "LineString",
        "coordinates": [
          [
            141.3141707,
            43.086141
          ],
          [
            141.3145288,
            43.0864686
          ]
        ]
      }
    },
    {
      "type": "Feature",
      "properties": {
        "task_id": "168662191:5:1800510077:1798886160",
        "way_id": 168662191,
        "name": "名称未登録",
        "highway": "residential",
        "length_m": 98.76807501704062,
        "included": true
      },
      "geometry": {
        "type": "LineString",
        "coordinates": [
          [
            141.3146084,
            43.0851215
          ],
          [
            141.3136491,
            43.0856675
          ]
        ]
      }
    },
    {
      "type": "Feature",
      "properties": {
        "task_id": "168662191:5:1798886160:1800510077",
        "way_id": 168662191,
        "name": "名称未登録",
        "highway": "residential",
        "length_m": 98.76807501704062,
        "included": true
      },
      "geometry": {
        "type": "LineString",
        "coordinates": [
          [
            141.3136491,
            43.0856675
          ],
          [
            141.3146084,
            43.0851215
          ]
        ]
      }
    },
    {
      "type": "Feature",
      "properties": {
        "task_id": "426971654:18:1798886160:1800510317",
        "way_id": 426971654,
        "name": "琴似栄町通",
        "highway": "secondary",
        "length_m": 89.0639997563471,
        "included": true
      },
      "geometry": {
        "type": "LineString",
        "coordinates": [
          [
            141.3136491,
            43.0856675
          ],
          [
            141.3129663,
            43.0850407
          ]
        ]
      }
    },
    {
      "type": "Feature",
      "properties": {
        "task_id": "426971654:19:1798886160:1800601630",
        "way_id": 426971654,
        "name": "琴似栄町通",
        "highway": "secondary",
        "length_m": 5.55035013778506,
        "included": true
      },
      "geometry": {
        "type": "LineString",
        "coordinates": [
          [
            141.3136491,
            43.0856675
          ],
          [
            141.3136926,
            43.085706
          ]
        ]
      }
    },
    {
      "type": "Feature",
      "properties": {
        "task_id": "168866965:3:13372861131:1800510149",
        "way_id": 168866965,
        "name": "名称未登録",
        "highway": "unclassified",
        "length_m": 8.550492531263478,
        "included": true
      },
      "geometry": {
        "type": "LineString",
        "coordinates": [
          [
            141.313931,
            43.0858004
          ],
          [
            141.3138482,
            43.0858479
          ]
        ]
      }
    },
    {
      "type": "Feature",
      "properties": {
        "task_id": "168866965:3:1800510149:13372861131",
        "way_id": 168866965,
        "name": "名称未登録",
        "highway": "unclassified",
        "length_m": 8.550492531263478,
        "included": true
      },
      "geometry": {
        "type": "LineString",
        "coordinates": [
          [
            141.3138482,
            43.0858479
          ],
          [
            141.313931,
            43.0858004
          ]
        ]
      }
    },
    {
      "type": "Feature",
      "properties": {
        "task_id": "426971654:21:1800510149:3788899359",
        "way_id": 426971654,
        "name": "琴似栄町通",
        "highway": "secondary",
        "length_m": 12.364251366832907,
        "included": true
      },
      "geometry": {
        "type": "LineString",
        "coordinates": [
          [
            141.3138482,
            43.0858479
          ],
          [
            141.3137527,
            43.0857613
          ]
        ]
      }
    },
    {
      "type": "Feature",
      "properties": {
        "task_id": "426971654:22:1800510149:1800510029",
        "way_id": 426971654,
        "name": "琴似栄町通",
        "highway": "secondary",
        "length_m": 41.810319004394415,
        "included": true
      },
      "geometry": {
        "type": "LineString",
        "coordinates": [
          [
            141.3138482,
            43.0858479
          ],
          [
            141.3141707,
            43.086141
          ]
        ]
      }
    },
    {
      "type": "Feature",
      "properties": {
        "task_id": "168866990:5:13372861137:1800510201",
        "way_id": 168866990,
        "name": "名称未登録",
        "highway": "residential",
        "length_m": 8.253022545366033,
        "included": true
      },
      "geometry": {
        "type": "LineString",
        "coordinates": [
          [
            141.3146079,
            43.086422
          ],
          [
            141.3145288,
            43.0864686
          ]
        ]
      }
    },
    {
      "type": "Feature",
      "properties": {
        "task_id": "168866990:5:1800510201:13372861137",
        "way_id": 168866990,
        "name": "名称未登録",
        "highway": "residential",
        "length_m": 8.253022545366033,
        "included": true
      },
      "geometry": {
        "type": "LineString",
        "coordinates": [
          [
            141.3145288,
            43.0864686
          ],
          [
            141.3146079,
            43.086422
          ]
        ]
      }
    },
    {
      "type": "Feature",
      "properties": {
        "task_id": "426971654:23:1800510201:1800510029",
        "way_id": 426971654,
        "name": "琴似栄町通",
        "highway": "secondary",
        "length_m": 46.611763522715094,
        "included": true
      },
      "geometry": {
        "type": "LineString",
        "coordinates": [
          [
            141.3145288,
            43.0864686
          ],
          [
            141.3141707,
            43.086141
          ]
        ]
      }
    },
    {
      "type": "Feature",
      "properties": {
        "task_id": "426971654:24:1800510201:3788899550",
        "way_id": 426971654,
        "name": "琴似栄町通",
        "highway": "secondary",
        "length_m": 6.2866529366731685,
        "included": true
      },
      "geometry": {
        "type": "LineString",
        "coordinates": [
          [
            141.3145288,
            43.0864686
          ],
          [
            141.3145762,
            43.0865133
          ]
        ]
      }
    },
    {
      "type": "Feature",
      "properties": {
        "task_id": "168868746:0:1800527477:1800527783",
        "way_id": 168868746,
        "name": "名称未登録",
        "highway": "unclassified",
        "length_m": 61.01797794296042,
        "included": true
      },
      "geometry": {
        "type": "LineString",
        "coordinates": [
          [
            141.3123173,
            43.0937658
          ],
          [
            141.3118358,
            43.0933445
          ]
        ]
      }
    },
    {
      "type": "Feature",
      "properties": {
        "task_id": "168868791:7:1800527477:1800527580",
        "way_id": 168868791,
        "name": "名称未登録",
        "highway": "unclassified",
        "length_m": 40.950181081236884,
        "included": true
      },
      "geometry": {
        "type": "LineString",
        "coordinates": [
          [
            141.3123173,
            43.0937658
          ],
          [
            141.3127141,
            43.0935385
          ]
        ]
      }
    },
    {
      "type": "Feature",
      "properties": {
        "task_id": "168868791:8:1800527477:1800527668",
        "way_id": 168868791,
        "name": "名称未登録",
        "highway": "unclassified",
        "length_m": 44.78919330962247,
        "included": true
      },
      "geometry": {
        "type": "LineString",
        "coordinates": [
          [
            141.3123173,
            43.0937658
          ],
          [
            141.3118848,
            43.0940158
          ]
        ]
      }
    },
    {
      "type": "Feature",
      "properties": {
        "task_id": "168868746:0:1800527783:1800527477",
        "way_id": 168868746,
        "name": "名称未登録",
        "highway": "unclassified",
        "length_m": 61.01797794296042,
        "included": true
      },
      "geometry": {
        "type": "LineString",
        "coordinates": [
          [
            141.3118358,
            43.0933445
          ],
          [
            141.3123173,
            43.0937658
          ]
        ]
      }
    },
    {
      "type": "Feature",
      "properties": {
        "task_id": "168868782:7:1800527783:1800527443",
        "way_id": 168868782,
        "name": "名称未登録",
        "highway": "residential",
        "length_m": 39.51509565280983,
        "included": true
      },
      "geometry": {
        "type": "LineString",
        "coordinates": [
          [
            141.3118358,
            43.0933445
          ],
          [
            141.3122109,
            43.0931181
          ]
        ]
      }
    },
    {
      "type": "Feature",
      "properties": {
        "task_id": "168868782:8:1800527783:1800558733",
        "way_id": 168868782,
        "name": "名称未登録",
        "highway": "residential",
        "length_m": 12.919528572728243,
        "included": true
      },
      "geometry": {
        "type": "LineString",
        "coordinates": [
          [
            141.3118358,
            43.0933445
          ],
          [
            141.3117106,
            43.0934162
          ]
        ]
      }
    },
    {
      "type": "Feature",
      "properties": {
        "task_id": "168868748:0:1800527506:1800527659",
        "way_id": 168868748,
        "name": "名称未登録",
        "highway": "unclassified",
        "length_m": 29.94277098400158,
        "included": true
      },
      "geometry": {
        "type": "LineString",
        "coordinates": [
          [
            141.3144683,
            43.0936297
          ],
          [
            141.314702,
            43.093838
          ]
        ]
      }
    },
    {
      "type": "Feature",
      "properties": {
        "task_id": "168868748:1:1800527506:1800527791",
        "way_id": 168868748,
        "name": "名称未登録",
        "highway": "unclassified",
        "length_m": 13.13998732100646,
        "included": true
      },
      "geometry": {
        "type": "LineString",
        "coordinates": [
          [
            141.3144683,
            43.0936297
          ],
          [
            141.3143664,
            43.0935379
          ]
        ]
      }
    },
    {
      "type": "Feature",
      "properties": {
        "task_id": "168868773:0:1800527506:1800527440",
        "way_id": 168868773,
        "name": "名称未登録",
        "highway": "unclassified",
        "length_m": 55.84461614951514,
        "included": true
      },
      "geometry": {
        "type": "LineString",
        "coordinates": [
          [
            141.3144683,
            43.0936297
          ],
          [
            141.3139219,
            43.0939347
          ]
        ]
      }
    },
    {
      "type": "Feature",
      "properties": {
        "task_id": "168868748:1:1800527791:1800527506",
        "way_id": 168868748,
        "name": "名称未登録",
        "highway": "unclassified",
        "length_m": 13.13998732100646,
        "included": true
      },
      "geometry": {
        "type": "LineString",
        "coordinates": [
          [
            141.3143664,
            43.0935379
          ],
          [
            141.3144683,
            43.0936297
          ]
        ]
      }
    },
    {
      "type": "Feature",
      "properties": {
        "task_id": "168868748:2:1800527791:1800527808",
        "way_id": 168868748,
        "name": "名称未登録",
        "highway": "unclassified",
        "length_m": 19.3548129651687,
        "included": true
      },
      "geometry": {
        "type": "LineString",
        "coordinates": [
          [
            141.3143664,
            43.0935379
          ],
          [
            141.3142156,
            43.0934031
          ]
        ]
      }
    },
    {
      "type": "Feature",
      "properties": {
        "task_id": "168868748:2:1800527808:1800527791",
        "way_id": 168868748,
        "name": "名称未登録",
        "highway": "unclassified",
        "length_m": 19.3548129651687,
        "included": true
      },
      "geometry": {
        "type": "LineString",
        "coordinates": [
          [
            141.3142156,
            43.0934031
          ],
          [
            141.3143664,
            43.0935379
          ]
        ]
      }
    },
    {
      "type": "Feature",
      "properties": {
        "task_id": "168868748:3:1800527808:1800527787",
        "way_id": 168868748,
        "name": "名称未登録",
        "highway": "unclassified",
        "length_m": 25.23827401034968,
        "included": true
      },
      "geometry": {
        "type": "LineString",
        "coordinates": [
          [
            141.3142156,
            43.0934031
          ],
          [
            141.314019,
            43.0932273
          ]
        ]
      }
    },
    {
      "type": "Feature",
      "properties": {
        "task_id": "168868794:0:1800527808:1800527453",
        "way_id": 168868794,
        "name": "名称未登録",
        "highway": "unclassified",
        "length_m": 56.463500365572514,
        "included": true
      },
      "geometry": {
        "type": "LineString",
        "coordinates": [
          [
            141.3142156,
            43.0934031
          ],
          [
            141.3136689,
            43.0937169
          ]
        ]
      }
    },
    {
      "type": "Feature",
      "properties": {
        "task_id": "168868748:3:1800527787:1800527808",
        "way_id": 168868748,
        "name": "名称未登録",
        "highway": "unclassified",
        "length_m": 25.23827401034968,
        "included": true
      },
      "geometry": {
        "type": "LineString",
        "coordinates": [
          [
            141.314019,
            43.0932273
          ],
          [
            141.3142156,
            43.0934031
          ]
        ]
      }
    },
    {
      "type": "Feature",
      "properties": {
        "task_id": "168868748:4:1800527787:1800527740",
        "way_id": 168868748,
        "name": "名称未登録",
        "highway": "unclassified",
        "length_m": 5.405730533227514,
        "included": true
      },
      "geometry": {
        "type": "LineString",
        "coordinates": [
          [
            141.314019,
            43.0932273
          ],
          [
            141.3139768,
            43.0931897
          ]
        ]
      }
    },
    {
      "type": "Feature",
      "properties": {
        "task_id": "168868748:4:1800527740:1800527787",
        "way_id": 168868748,
        "name": "名称未登録",
        "highway": "unclassified",
        "length_m": 5.405730533227514,
        "included": true
      },
      "geometry": {
        "type": "LineString",
        "coordinates": [
          [
            141.3139768,
            43.0931897
          ],
          [
            141.314019,
            43.0932273
          ]
        ]
      }
    },
    {
      "type": "Feature",
      "properties": {
        "task_id": "168868748:5:1800527740:13367628363",
        "way_id": 168868748,
        "name": "名称未登録",
        "highway": "unclassified",
        "length_m": 30.137158066708277,
        "included": true
      },
      "geometry": {
        "type": "LineString",
        "coordinates": [
          [
            141.3139768,
            43.0931897
          ],
          [
            141.313742,
            43.0929798
          ]
        ]
      }
    },
    {
      "type": "Feature",
      "properties": {
        "task_id": "168868750:0:1800527740:1800527735",
        "way_id": 168868750,
        "name": "名称未登録",
        "highway": "unclassified",
        "length_m": 55.43005309785179,
        "included": true
      },
      "geometry": {
        "type": "LineString",
        "coordinates": [
          [
            141.3139768,
            43.0931897
          ],
          [
            141.3134339,
            43.0934919
          ]
        ]
      }
    },
    {
      "type": "Feature",
      "properties": {
        "task_id": "168868748:5:13367628363:1800527740",
        "way_id": 168868748,
        "name": "名称未登録",
        "highway": "unclassified",
        "length_m": 30.137158066708277,
        "included": true
      },
      "geometry": {
        "type": "LineString",
        "coordinates": [
          [
            141.313742,
            43.0929798
          ],
          [
            141.3139768,
            43.0931897
          ]
        ]
      }
    },
    {
      "type": "Feature",
      "properties": {
        "task_id": "168868748:6:13367628363:1800527678",
        "way_id": 168868748,
        "name": "名称未登録",
        "highway": "unclassified",
        "length_m": 2.7389775766144595,
        "included": true
      },
      "geometry": {
        "type": "LineString",
        "coordinates": [
          [
            141.313742,
            43.0929798
          ],
          [
            141.3137207,
            43.0929607
          ]
        ]
      }
    },
    {
      "type": "Feature",
      "properties": {
        "task_id": "168868748:6:1800527678:13367628363",
        "way_id": 168868748,
        "name": "名称未登録",
        "highway": "unclassified",
        "length_m": 2.7389775766144595,
        "included": true
      },
      "geometry": {
        "type": "LineString",
        "coordinates": [
          [
            141.3137207,
            43.0929607
          ],
          [
            141.313742,
            43.0929798
          ]
        ]
      }
    },
    {
      "type": "Feature",
      "properties": {
        "task_id": "168868791:3:1800527678:4262340743",
        "way_id": 168868791,
        "name": "名称未登録",
        "highway": "unclassified",
        "length_m": 6.809548087689616,
        "included": true
      },
      "geometry": {
        "type": "LineString",
        "coordinates": [
          [
            141.3137207,
            43.0929607
          ],
          [
            141.313787,
            43.0929232
          ]
        ]
      }
    },
    {
      "type": "Feature",
      "properties": {
        "task_id": "168868791:4:1800527678:1800527732",
        "way_id": 168868791,
        "name": "名称未登録",
        "highway": "unclassified",
        "length_m": 54.619483042196705,
        "included": true
      },
      "geometry": {
        "type": "LineString",
        "coordinates": [
          [
            141.3137207,
            43.0929607
          ],
          [
            141.3131886,
            43.0932612
          ]
        ]
      }
    },
    {
      "type": "Feature",
      "properties": {
        "task_id": "168868750:0:1800527735:1800527740",
        "way_id": 168868750,
        "name": "名称未登録",
        "highway": "unclassified",
        "length_m": 55.43005309785179,
        "included": true
      },
      "geometry": {
        "type": "LineString",
        "coordinates": [
          [
            141.3134339,
            43.0934919
          ],
          [
            141.3139768,
            43.0931897
          ]
        ]
      }
    },
    {
      "type": "Feature",
      "properties": {
        "task_id": "168868750:1:1800527735:13367628357",
        "way_id": 168868750,
        "name": "名称未登録",
        "highway": "unclassified",
        "length_m": 3.467297536273504,
        "included": true
      },
      "geometry": {
        "type": "LineString",
        "coordinates": [
          [
            141.3134339,
            43.0934919
          ],
          [
            141.3134008,
            43.0935116
          ]
        ]
      }
    },
    {
      "type": "Feature",
      "properties": {
        "task_id": "168868752:2:1800527735:1800527453",
        "way_id": 168868752,
        "name": "名称未登録",
        "highway": "unclassified",
        "length_m": 31.46518976026819,
        "included": true
      },
      "geometry": {
        "type": "LineString",
        "coordinates": [
          [
            141.3134339,
            43.0934919
          ],
          [
            141.3136689,
            43.0937169
          ]
        ]
      }
    },
    {
      "type": "Feature",
      "properties": {
        "task_id": "168868750:1:13367628357:1800527735",
        "way_id": 168868750,
        "name": "名称未登録",
        "highway": "unclassified",
        "length_m": 3.467297536273504,
        "included": true
      },
      "geometry": {
        "type": "LineString",
        "coordinates": [
          [
            141.3134008,
            43.0935116
          ],
          [
            141.3134339,
            43.0934919
          ]
        ]
      }
    },
    {
      "type": "Feature",
      "properties": {
        "task_id": "168868750:2:13367628357:1800527434",
        "way_id": 168868750,
        "name": "名称未登録",
        "highway": "unclassified",
        "length_m": 44.878676963641354,
        "included": true
      },
      "geometry": {
        "type": "LineString",
        "coordinates": [
          [
            141.3134008,
            43.0935116
          ],
          [
            141.3129725,
            43.0937667
          ]
        ]
      }
    },
    {
      "type": "Feature",
      "properties": {
        "task_id": "168868750:2:1800527434:13367628357",
        "way_id": 168868750,
        "name": "名称未登録",
        "highway": "unclassified",
        "length_m": 44.878676963641354,
        "included": true
      },
      "geometry": {
        "type": "LineString",
        "coordinates": [
          [
            141.3129725,
            43.0937667
          ],
          [
            141.3134008,
            43.0935116
          ]
        ]
      }
    },
    {
      "type": "Feature",
      "properties": {
        "task_id": "168868800:11:1800527434:1800527583",
        "way_id": 168868800,
        "name": "名称未登録",
        "highway": "residential",
        "length_m": 31.67100405611104,
        "included": true
      },
      "geometry": {
        "type": "LineString",
        "coordinates": [
          [
            141.3129725,
            43.0937667
          ],
          [
            141.3132148,
            43.0939899
          ]
        ]
      }
    },
    {
      "type": "Feature",
      "properties": {
        "task_id": "168868800:12:1800527434:1800527580",
        "way_id": 168868800,
        "name": "名称未登録",
        "highway": "residential",
        "length_m": 32.92585153931497,
        "included": true
      },
      "geometry": {
        "type": "LineString",
        "coordinates": [
          [
            141.3129725,
            43.0937667
          ],
          [
            141.3127141,
            43.0935385
          ]
        ]
      }
    },
    {
      "type": "Feature",
      "properties": {
        "task_id": "168868752:0:1800527732:13367628360",
        "way_id": 168868752,
        "name": "名称未登録",
        "highway": "unclassified",
        "length_m": 3.437780312801884,
        "included": true
      },
      "geometry": {
        "type": "LineString",
        "coordinates": [
          [
            141.3131886,
            43.0932612
          ],
          [
            141.3132146,
            43.0932856
          ]
        ]
      }
    },
    {
      "type": "Feature",
      "properties": {
        "task_id": "168868791:4:1800527732:1800527678",
        "way_id": 168868791,
        "name": "名称未登録",
        "highway": "unclassified",
        "length_m": 54.619483042196705,
        "included": true
      },
      "geometry": {
        "type": "LineString",
        "coordinates": [
          [
            141.3131886,
            43.0932612
          ],
          [
            141.3137207,
            43.0929607
          ]
        ]
      }
    },
    {
      "type": "Feature",
      "properties": {
        "task_id": "168868791:5:1800527732:1800527459",
        "way_id": 168868791,
        "name": "名称未登録",
        "highway": "unclassified",
        "length_m": 8.998266082631922,
        "included": true
      },
      "geometry": {
        "type": "LineString",
        "coordinates": [
          [
            141.3131886,
            43.0932612
          ],
          [
            141.3131019,
            43.0933116
          ]
        ]
      }
    },
    {
      "type": "Feature",
      "properties": {
        "task_id": "168868752:1:13367628360:1800527735",
        "way_id": 168868752,
        "name": "名称未登録",
        "highway": "unclassified",
        "length_m": 29.039827413227442,
        "included": true
      },
      "geometry": {
        "type": "LineString",
        "coordinates": [
          [
            141.3132146,
            43.0932856
          ],
          [
            141.3134339,
            43.0934919
          ]
        ]
      }
    },
    {
      "type": "Feature",
      "properties": {
        "task_id": "168868752:3:1800527453:1800527440",
        "way_id": 168868752,
        "name": "名称未登録",
        "highway": "unclassified",
        "length_m": 31.757689737332555,
        "included": true
      },
      "geometry": {
        "type": "LineString",
        "coordinates": [
          [
            141.3136689,
            43.0937169
          ],
          [
            141.3139219,
            43.0939347
          ]
        ]
      }
    },
    {
      "type": "Feature",
      "properties": {
        "task_id": "168868794:0:1800527453:1800527808",
        "way_id": 168868794,
        "name": "名称未登録",
        "highway": "unclassified",
        "length_m": 56.463500365572514,
        "included": true
      },
      "geometry": {
        "type": "LineString",
        "coordinates": [
          [
            141.3136689,
            43.0937169
          ],
          [
            141.3142156,
            43.0934031
          ]
        ]
      }
    },
    {
      "type": "Feature",
      "properties": {
        "task_id": "168868794:1:1800527453:13367628354",
        "way_id": 168868794,
        "name": "名称未登録",
        "highway": "unclassified",
        "length_m": 2.3841855243420325,
        "included": true
      },
      "geometry": {
        "type": "LineString",
        "coordinates": [
          [
            141.3136689,
            43.0937169
          ],
          [
            141.3136462,
            43.0937305
          ]
        ]
      }
    },
    {
      "type": "Feature",
      "properties": {
        "task_id": "168868752:4:1800527440:1800527615",
        "way_id": 168868752,
        "name": "名称未登録",
        "highway": "unclassified",
        "length_m": 30.550808230691736,
        "included": true
      },
      "geometry": {
        "type": "LineString",
        "coordinates": [
          [
            141.3139219,
            43.0939347
          ],
          [
            141.3141637,
            43.0941452
          ]
        ]
      }
    },
    {
      "type": "Feature",
      "properties": {
        "task_id": "168868773:0:1800527440:1800527506",
        "way_id": 168868773,
        "name": "名称未登録",
        "highway": "unclassified",
        "length_m": 55.84461614951514,
        "included": true
      },
      "geometry": {
        "type": "LineString",
        "coordinates": [
          [
            141.3139219,
            43.0939347
          ],
          [
            141.3144683,
            43.0936297
          ]
        ]
      }
    },
    {
      "type": "Feature",
      "properties": {
        "task_id": "168868773:1:1800527440:13367628351",
        "way_id": 168868773,
        "name": "名称未登録",
        "highway": "unclassified",
        "length_m": 2.974060300786784,
        "included": true
      },
      "geometry": {
        "type": "LineString",
        "coordinates": [
          [
            141.3139219,
            43.0939347
          ],
          [
            141.3138934,
            43.0939515
          ]
        ]
      }
    },
    {
      "type": "Feature",
      "properties": {
        "task_id": "168868752:6:1800527794:1800527518",
        "way_id": 168868752,
        "name": "名称未登録",
        "highway": "unclassified",
        "length_m": 32.122595057016454,
        "included": true
      },
      "geometry": {
        "type": "LineString",
        "coordinates": [
          [
            141.3144395,
            43.0943932
          ],
          [
            141.3146854,
            43.0946195
          ]
        ]
      }
    },
    {
      "type": "Feature",
      "properties": {
        "task_id": "168868795:0:1800527794:1800527525",
        "way_id": 168868795,
        "name": "名称未登録",
        "highway": "unclassified",
        "length_m": 54.902890945808664,
        "included": true
      },
      "geometry": {
        "type": "LineString",
        "coordinates": [
          [
            141.3144395,
            43.0943932
          ],
          [
            141.3149757,
            43.0940924
          ]
        ]
      }
    },
    {
      "type": "Feature",
      "properties": {
        "task_id": "168868795:1:1800527794:13367628345",
        "way_id": 168868795,
        "name": "名称未登録",
        "highway": "unclassified",
        "length_m": 2.8614032813194514,
        "included": true
      },
      "geometry": {
        "type": "LineString",
        "coordinates": [
          [
            141.3144395,
            43.0943932
          ],
          [
            141.3144119,
            43.0944092
          ]
        ]
      }
    },
    {
      "type": "Feature",
      "properties": {
        "task_id": "168868752:7:1800527518:1800527643",
        "way_id": 168868752,
        "name": "名称未登録",
        "highway": "unclassified",
        "length_m": 30.89987553107029,
        "included": false
      },
      "geometry": {
        "type": "LineString",
        "coordinates": [
          [
            141.3146854,
            43.0946195
          ],
          [
            141.3149303,
            43.0948322
          ]
        ]
      }
    },
    {
      "type": "Feature",
      "properties": {
        "task_id": "168868770:1:1800527518:13367628342",
        "way_id": 168868770,
        "name": "名称未登録",
        "highway": "unclassified",
        "length_m": 2.3638118580533023,
        "included": true
      },
      "geometry": {
        "type": "LineString",
        "coordinates": [
          [
            141.3146854,
            43.0946195
          ],
          [
            141.3146628,
            43.0946329
          ]
        ]
      }
    },
    {
      "type": "Feature",
      "properties": {
        "task_id": "168868772:1:1800527643:13367628339",
        "way_id": 168868772,
        "name": "名称未登録",
        "highway": "unclassified",
        "length_m": 2.6398479168509494,
        "included": false
      },
      "geometry": {
        "type": "LineString",
        "coordinates": [
          [
            141.3149303,
            43.0948322
          ],
          [
            141.3149051,
            43.0948472
          ]
        ]
      }
    },
    {
      "type": "Feature",
      "properties": {
        "task_id": "168868753:5:1800527708:1800527576",
        "way_id": 168868753,
        "name": "名称未登録",
        "highway": "unclassified",
        "length_m": 40.414450918726786,
        "included": true
      },
      "geometry": {
        "type": "LineString",
        "coordinates": [
          [
            141.3117983,
            43.0945315
          ],
          [
            141.3114705,
            43.094258
          ]
        ]
      }
    },
    {
      "type": "Feature",
      "properties": {
        "task_id": "168868797:0:1800527708:1800527674",
        "way_id": 168868797,
        "name": "名称未登録",
        "highway": "unclassified",
        "length_m": 42.18596422277606,
        "included": true
      },
      "geometry": {
        "type": "LineString",
        "coordinates": [
          [
            141.3117983,
            43.0945315
          ],
          [
            141.3122154,
            43.0943053
          ]
        ]
      }
    },
    {
      "type": "Feature",
      "properties": {
        "task_id": "168868797:1:1800527708:1800527789",
        "way_id": 168868797,
        "name": "名称未登録",
        "highway": "unclassified",
        "length_m": 27.404819903453614,
        "included": true
      },
      "geometry": {
        "type": "LineString",
        "coordinates": [
          [
            141.3117983,
            43.0945315
          ],
          [
            141.3115274,
            43.0946785
          ]
        ]
      }
    },
    {
      "type": "Feature",
      "properties": {
        "task_id": "168868753:5:1800527576:1800527708",
        "way_id": 168868753,
        "name": "名称未登録",
        "highway": "unclassified",
        "length_m": 40.414450918726786,
        "included": true
      },
      "geometry": {
        "type": "LineString",
        "coordinates": [
          [
            141.3114705,
            43.094258
          ],
          [
            141.3117983,
            43.0945315
          ]
        ]
      }
    },
    {
      "type": "Feature",
      "properties": {
        "task_id": "168868753:6:1800527576:1800527666",
        "way_id": 168868753,
        "name": "名称未登録",
        "highway": "unclassified",
        "length_m": 60.67234854148944,
        "included": true
      },
      "geometry": {
        "type": "LineString",
        "coordinates": [
          [
            141.3114705,
            43.094258
          ],
          [
            141.3110093,
            43.0938287
          ]
        ]
      }
    },
    {
      "type": "Feature",
      "properties": {
        "task_id": "168868791:9:1800527576:1800527668",
        "way_id": 168868791,
        "name": "名称未登録",
        "highway": "unclassified",
        "length_m": 43.09270408451314,
        "included": true
      },
      "geometry": {
        "type": "LineString",
        "coordinates": [
          [
            141.3114705,
            43.094258
          ],
          [
            141.3118848,
            43.0940158
          ]
        ]
      }
    },
    {
      "type": "Feature",
      "properties": {
        "task_id": "168868791:10:1800527576:1800527540",
        "way_id": 168868791,
        "name": "名称未登録",
        "highway": "unclassified",
        "length_m": 23.89300623022512,
        "included": true
      },
      "geometry": {
        "type": "LineString",
        "coordinates": [
          [
            141.3114705,
            43.094258
          ],
          [
            141.3112408,
            43.0943923
          ]
        ]
      }
    },
    {
      "type": "Feature",
      "properties": {
        "task_id": "168868753:6:1800527666:1800527576",
        "way_id": 168868753,
        "name": "名称未登録",
        "highway": "unclassified",
        "length_m": 60.67234854148944,
        "included": true
      },
      "geometry": {
        "type": "LineString",
        "coordinates": [
          [
            141.3110093,
            43.0938287
          ],
          [
            141.3114705,
            43.094258
          ]
        ]
      }
    },
    {
      "type": "Feature",
      "properties": {
        "task_id": "168868782:11:1800527666:1800558777",
        "way_id": 168868782,
        "name": "名称未登録",
        "highway": "residential",
        "length_m": 28.767761645539736,
        "included": true
      },
      "geometry": {
        "type": "LineString",
        "coordinates": [
          [
            141.3110093,
            43.0938287
          ],
          [
            141.3112863,
            43.0936674
          ]
        ]
      }
    },
    {
      "type": "Feature",
      "properties": {
        "task_id": "168868782:12:1800527666:4262271088",
        "way_id": 168868782,
        "name": "名称未登録",
        "highway": "residential",
        "length_m": 12.75281108708567,
        "included": true
      },
      "geometry": {
        "type": "LineString",
        "coordinates": [
          [
            141.3110093,
            43.0938287
          ],
          [
            141.3108865,
            43.0939002
          ]
        ]
      }
    },
    {
      "type": "Feature",
      "properties": {
        "task_id": "168868756:6:1800527674:1800527734",
        "way_id": 168868756,
        "name": "名称未登録",
        "highway": "unclassified",
        "length_m": 88.00527232991318,
        "included": true
      },
      "geometry": {
        "type": "LineString",
        "coordinates": [
          [
            141.3122154,
            43.0943053
          ],
          [
            141.3129096,
            43.0949131
          ]
        ]
      }
    },
    {
      "type": "Feature",
      "properties": {
        "task_id": "168868756:7:1800527674:1800527668",
        "way_id": 168868756,
        "name": "名称未登録",
        "highway": "unclassified",
        "length_m": 41.91498404804314,
        "included": true
      },
      "geometry": {
        "type": "LineString",
        "coordinates": [
          [
            141.3122154,
            43.0943053
          ],
          [
            141.3118848,
            43.0940158
          ]
        ]
      }
    },
    {
      "type": "Feature",
      "properties": {
        "task_id": "168868797:0:1800527674:1800527708",
        "way_id": 168868797,
        "name": "名称未登録",
        "highway": "unclassified",
        "length_m": 42.18596422277606,
        "included": true
      },
      "geometry": {
        "type": "LineString",
        "coordinates": [
          [
            141.3122154,
            43.0943053
          ],
          [
            141.3117983,
            43.0945315
          ]
        ]
      }
    },
    {
      "type": "Feature",
      "properties": {
        "task_id": "168868756:7:1800527668:1800527674",
        "way_id": 168868756,
        "name": "名称未登録",
        "highway": "unclassified",
        "length_m": 41.91498404804314,
        "included": true
      },
      "geometry": {
        "type": "LineString",
        "coordinates": [
          [
            141.3118848,
            43.0940158
          ],
          [
            141.3122154,
            43.0943053
          ]
        ]
      }
    },
    {
      "type": "Feature",
      "properties": {
        "task_id": "168868756:8:1800527668:1800527652",
        "way_id": 168868756,
        "name": "名称未登録",
        "highway": "unclassified",
        "length_m": 60.60194511305487,
        "included": true
      },
      "geometry": {
        "type": "LineString",
        "coordinates": [
          [
            141.3118848,
            43.0940158
          ],
          [
            141.3114067,
            43.0935973
          ]
        ]
      }
    },
    {
      "type": "Feature",
      "properties": {
        "task_id": "168868791:8:1800527668:1800527477",
        "way_id": 168868791,
        "name": "名称未登録",
        "highway": "unclassified",
        "length_m": 44.78919330962247,
        "included": true
      },
      "geometry": {
        "type": "LineString",
        "coordinates": [
          [
            141.3118848,
            43.0940158
          ],
          [
            141.3123173,
            43.0937658
          ]
        ]
      }
    },
    {
      "type": "Feature",
      "properties": {
        "task_id": "168868791:9:1800527668:1800527576",
        "way_id": 168868791,
        "name": "名称未登録",
        "highway": "unclassified",
        "length_m": 43.09270408451314,
        "included": true
      },
      "geometry": {
        "type": "LineString",
        "coordinates": [
          [
            141.3118848,
            43.0940158
          ],
          [
            141.3114705,
            43.094258
          ]
        ]
      }
    },
    {
      "type": "Feature",
      "properties": {
        "task_id": "168868756:8:1800527652:1800527668",
        "way_id": 168868756,
        "name": "名称未登録",
        "highway": "unclassified",
        "length_m": 60.60194511305487,
        "included": true
      },
      "geometry": {
        "type": "LineString",
        "coordinates": [
          [
            141.3114067,
            43.0935973
          ],
          [
            141.3118848,
            43.0940158
          ]
        ]
      }
    },
    {
      "type": "Feature",
      "properties": {
        "task_id": "168868782:9:1800527652:1800558733",
        "way_id": 168868782,
        "name": "名称未登録",
        "highway": "residential",
        "length_m": 31.850282987744706,
        "included": true
      },
      "geometry": {
        "type": "LineString",
        "coordinates": [
          [
            141.3114067,
            43.0935973
          ],
          [
            141.3117106,
            43.0934162
          ]
        ]
      }
    },
    {
      "type": "Feature",
      "properties": {
        "task_id": "168868782:10:1800527652:1800558777",
        "way_id": 168868782,
        "name": "名称未登録",
        "highway": "residential",
        "length_m": 12.503418809143776,
        "included": true
      },
      "geometry": {
        "type": "LineString",
        "coordinates": [
          [
            141.3114067,
            43.0935973
          ],
          [
            141.3112863,
            43.0936674
          ]
        ]
      }
    },
    {
      "type": "Feature",
      "properties": {
        "task_id": "168868761:0:1800527672:1800527459",
        "way_id": 168868761,
        "name": "名称未登録",
        "highway": "unclassified",
        "length_m": 62.91447298270485,
        "included": true
      },
      "geometry": {
        "type": "LineString",
        "coordinates": [
          [
            141.3126246,
            43.0928659
          ],
          [
            141.3131019,
            43.0933116
          ]
        ]
      }
    },
    {
      "type": "Feature",
      "properties": {
        "task_id": "168868782:4:1800527672:1800558691",
        "way_id": 168868782,
        "name": "名称未登録",
        "highway": "residential",
        "length_m": 69.40935384007828,
        "included": true
      },
      "geometry": {
        "type": "LineString",
        "coordinates": [
          [
            141.3126246,
            43.0928659
          ],
          [
            141.3132907,
            43.0924747
          ]
        ]
      }
    },
    {
      "type": "Feature",
      "properties": {
        "task_id": "168868782:5:1800527672:1800558761",
        "way_id": 168868782,
        "name": "名称未登録",
        "highway": "residential",
        "length_m": 33.40300821745322,
        "included": true
      },
      "geometry": {
        "type": "LineString",
        "coordinates": [
          [
            141.3126246,
            43.0928659
          ],
          [
            141.3123111,
            43.0930604
          ]
        ]
      }
    },
    {
      "type": "Feature",
      "properties": {
        "task_id": "168872486:0:1800527672:13374785667",
        "way_id": 168872486,
        "name": "名称未登録",
        "highway": "unclassified",
        "length_m": 6.416443815851396,
        "included": true
      },
      "geometry": {
        "type": "LineString",
        "coordinates": [
          [
            141.3126246,
            43.0928659
          ],
          [
            141.3125738,
            43.0928217
          ]
        ]
      }
    },
    {
      "type": "Feature",
      "properties": {
        "task_id": "168868791:5:1800527459:1800527732",
        "way_id": 168868791,
        "name": "名称未登録",
        "highway": "unclassified",
        "length_m": 8.998266082631922,
        "included": true
      },
      "geometry": {
        "type": "LineString",
        "coordinates": [
          [
            141.3131019,
            43.0933116
          ],
          [
            141.3131886,
            43.0932612
          ]
        ]
      }
    },
    {
      "type": "Feature",
      "properties": {
        "task_id": "168868791:6:1800527459:1800527580",
        "way_id": 168868791,
        "name": "名称未登録",
        "highway": "unclassified",
        "length_m": 40.349977802371065,
        "included": true
      },
      "geometry": {
        "type": "LineString",
        "coordinates": [
          [
            141.3131019,
            43.0933116
          ],
          [
            141.3127141,
            43.0935385
          ]
        ]
      }
    },
    {
      "type": "Feature",
      "properties": {
        "task_id": "168868765:0:1800527475:1800527497",
        "way_id": 168868765,
        "name": "名称未登録",
        "highway": "unclassified",
        "length_m": 26.24220776480115,
        "included": true
      },
      "geometry": {
        "type": "LineString",
        "coordinates": [
          [
            141.3116288,
            43.0947818
          ],
          [
            141.3113775,
            43.0949302
          ]
        ]
      }
    },
    {
      "type": "Feature",
      "properties": {
        "task_id": "168868788:3:1800527475:1800527789",
        "way_id": 168868788,
        "name": "名称未登録",
        "highway": "residential",
        "length_m": 14.132508181670913,
        "included": true
      },
      "geometry": {
        "type": "LineString",
        "coordinates": [
          [
            141.3116288,
            43.0947818
          ],
          [
            141.3115274,
            43.0946785
          ]
        ]
      }
    },
    {
      "type": "Feature",
      "properties": {
        "task_id": "168868765:0:1800527497:1800527475",
        "way_id": 168868765,
        "name": "名称未登録",
        "highway": "unclassified",
        "length_m": 26.24220776480115,
        "included": true
      },
      "geometry": {
        "type": "LineString",
        "coordinates": [
          [
            141.3113775,
            43.0949302
          ],
          [
            141.3116288,
            43.0947818
          ]
        ]
      }
    },
    {
      "type": "Feature",
      "properties": {
        "task_id": "168868785:0:1800527497:1800527441",
        "way_id": 168868785,
        "name": "名称未登録",
        "highway": "unclassified",
        "length_m": 51.80578067452909,
        "included": true
      },
      "geometry": {
        "type": "LineString",
        "coordinates": [
          [
            141.3113775,
            43.0949302
          ],
          [
            141.3109871,
            43.0945617
          ]
        ]
      }
    },
    {
      "type": "Feature",
      "properties": {
        "task_id": "168868765:3:1800527680:1800527778",
        "way_id": 168868765,
        "name": "名称未登録",
        "highway": "unclassified",
        "length_m": 30.095532954673143,
        "included": true
      },
      "geometry": {
        "type": "LineString",
        "coordinates": [
          [
            141.3103558,
            43.0945556
          ],
          [
            141.3101203,
            43.0943466
          ]
        ]
      }
    },
    {
      "type": "Feature",
      "properties": {
        "task_id": "168868785:2:1800527680:1800527790",
        "way_id": 168868785,
        "name": "名称未登録",
        "highway": "unclassified",
        "length_m": 40.14001995934852,
        "included": true
      },
      "geometry": {
        "type": "LineString",
        "coordinates": [
          [
            141.3103558,
            43.0945556
          ],
          [
            141.3107415,
            43.0943298
          ]
        ]
      }
    },
    {
      "type": "Feature",
      "properties": {
        "task_id": "168868765:3:1800527778:1800527680",
        "way_id": 168868765,
        "name": "名称未登録",
        "highway": "unclassified",
        "length_m": 30.095532954673143,
        "included": true
      },
      "geometry": {
        "type": "LineString",
        "coordinates": [
          [
            141.3101203,
            43.0943466
          ],
          [
            141.3103558,
            43.0945556
          ]
        ]
      }
    },
    {
      "type": "Feature",
      "properties": {
        "task_id": "168868782:15:1800527778:4262271243",
        "way_id": 168868782,
        "name": "名称未登録",
        "highway": "residential",
        "length_m": 62.405913785578704,
        "included": true
      },
      "geometry": {
        "type": "LineString",
        "coordinates": [
          [
            141.3101203,
            43.0943466
          ],
          [
            141.3107211,
            43.0939966
          ]
        ]
      }
    },
    {
      "type": "Feature",
      "properties": {
        "task_id": "168868782:16:1800527778:1800527676",
        "way_id": 168868782,
        "name": "名称未登録",
        "highway": "residential",
        "length_m": 53.814012134692774,
        "included": true
      },
      "geometry": {
        "type": "LineString",
        "coordinates": [
          [
            141.3101203,
            43.0943466
          ],
          [
            141.3096022,
            43.0946484
          ]
        ]
      }
    },
    {
      "type": "Feature",
      "properties": {
        "task_id": "168868770:1:13367628342:1800527518",
        "way_id": 168868770,
        "name": "名称未登録",
        "highway": "unclassified",
        "length_m": 2.3638118580533023,
        "included": true
      },
      "geometry": {
        "type": "LineString",
        "coordinates": [
          [
            141.3146628,
            43.0946329
          ],
          [
            141.3146854,
            43.0946195
          ]
        ]
      }
    },
    {
      "type": "Feature",
      "properties": {
        "task_id": "168868770:2:13367628342:1800527537",
        "way_id": 168868770,
        "name": "名称未登録",
        "highway": "unclassified",
        "length_m": 45.88338697656924,
        "included": true
      },
      "geometry": {
        "type": "LineString",
        "coordinates": [
          [
            141.3146628,
            43.0946329
          ],
          [
            141.314224,
            43.0948929
          ]
        ]
      }
    },
    {
      "type": "Feature",
      "properties": {
        "task_id": "168868770:2:1800527537:13367628342",
        "way_id": 168868770,
        "name": "名称未登録",
        "highway": "unclassified",
        "length_m": 45.88338697656924,
        "included": true
      },
      "geometry": {
        "type": "LineString",
        "coordinates": [
          [
            141.314224,
            43.0948929
          ],
          [
            141.3146628,
            43.0946329
          ]
        ]
      }
    },
    {
      "type": "Feature",
      "properties": {
        "task_id": "168868800:6:1800527537:1800527567",
        "way_id": 168868800,
        "name": "名称未登録",
        "highway": "residential",
        "length_m": 4.068916216414224,
        "included": true
      },
      "geometry": {
        "type": "LineString",
        "coordinates": [
          [
            141.314224,
            43.0948929
          ],
          [
            141.3142556,
            43.0949213
          ]
        ]
      }
    },
    {
      "type": "Feature",
      "properties": {
        "task_id": "168868800:7:1800527537:1800527456",
        "way_id": 168868800,
        "name": "名称未登録",
        "highway": "residential",
        "length_m": 32.55998749256132,
        "included": true
      },
      "geometry": {
        "type": "LineString",
        "coordinates": [
          [
            141.314224,
            43.0948929
          ],
          [
            141.3139712,
            43.0946656
          ]
        ]
      }
    },
    {
      "type": "Feature",
      "properties": {
        "task_id": "168868772:1:13367628339:1800527643",
        "way_id": 168868772,
        "name": "名称未登録",
        "highway": "unclassified",
        "length_m": 2.6398479168509494,
        "included": false
      },
      "geometry": {
        "type": "LineString",
        "coordinates": [
          [
            141.3149051,
            43.0948472
          ],
          [
            141.3149303,
            43.0948322
          ]
        ]
      }
    },
    {
      "type": "Feature",
      "properties": {
        "task_id": "168868773:1:13367628351:1800527440",
        "way_id": 168868773,
        "name": "名称未登録",
        "highway": "unclassified",
        "length_m": 2.974060300786784,
        "included": true
      },
      "geometry": {
        "type": "LineString",
        "coordinates": [
          [
            141.3138934,
            43.0939515
          ],
          [
            141.3139219,
            43.0939347
          ]
        ]
      }
    },
    {
      "type": "Feature",
      "properties": {
        "task_id": "168868773:2:13367628351:1800527472",
        "way_id": 168868773,
        "name": "名称未登録",
        "highway": "unclassified",
        "length_m": 46.370068807262534,
        "included": true
      },
      "geometry": {
        "type": "LineString",
        "coordinates": [
          [
            141.3138934,
            43.0939515
          ],
          [
            141.313449,
            43.0942134
          ]
        ]
      }
    },
    {
      "type": "Feature",
      "properties": {
        "task_id": "168868773:2:1800527472:13367628351",
        "way_id": 168868773,
        "name": "名称未登録",
        "highway": "unclassified",
        "length_m": 46.370068807262534,
        "included": true
      },
      "geometry": {
        "type": "LineString",
        "coordinates": [
          [
            141.313449,
            43.0942134
          ],
          [
            141.3138934,
            43.0939515
          ]
        ]
      }
    },
    {
      "type": "Feature",
      "properties": {
        "task_id": "168868800:9:1800527472:1800527545",
        "way_id": 168868800,
        "name": "名称未登録",
        "highway": "residential",
        "length_m": 32.255991099402976,
        "included": true
      },
      "geometry": {
        "type": "LineString",
        "coordinates": [
          [
            141.313449,
            43.0942134
          ],
          [
            141.313706,
            43.0944346
          ]
        ]
      }
    },
    {
      "type": "Feature",
      "properties": {
        "task_id": "168868800:10:1800527472:1800527583",
        "way_id": 168868800,
        "name": "名称未登録",
        "highway": "residential",
        "length_m": 31.29311955726857,
        "included": true
      },
      "geometry": {
        "type": "LineString",
        "coordinates": [
          [
            141.313449,
            43.0942134
          ],
          [
            141.3132148,
            43.0939899
          ]
        ]
      }
    },
    {
      "type": "Feature",
      "properties": {
        "task_id": "168868782:0:13367628370:1781601730",
        "way_id": 168868782,
        "name": "名称未登録",
        "highway": "residential",
        "length_m": 5.448744674069834,
        "included": true
      },
      "geometry": {
        "type": "LineString",
        "coordinates": [
          [
            141.3143642,
            43.0918377
          ],
          [
            141.3144165,
            43.091807
          ]
        ]
      }
    },
    {
      "type": "Feature",
      "properties": {
        "task_id": "168868782:1:13367628370:1800558741",
        "way_id": 168868782,
        "name": "名称未登録",
        "highway": "residential",
        "length_m": 33.645197508046074,
        "included": true
      },
      "geometry": {
        "type": "LineString",
        "coordinates": [
          [
            141.3143642,
            43.0918377
          ],
          [
            141.3140414,
            43.0920274
          ]
        ]
      }
    },
    {
      "type": "Feature",
      "properties": {
        "task_id": "168868782:1:1800558741:13367628370",
        "way_id": 168868782,
        "name": "名称未登録",
        "highway": "residential",
        "length_m": 33.645197508046074,
        "included": true
      },
      "geometry": {
        "type": "LineString",
        "coordinates": [
          [
            141.3140414,
            43.0920274
          ],
          [
            141.3143642,
            43.0918377
          ]
        ]
      }
    },
    {
      "type": "Feature",
      "properties": {
        "task_id": "168868782:2:1800558741:1800558667",
        "way_id": 168868782,
        "name": "名称未登録",
        "highway": "residential",
        "length_m": 36.25760616668699,
        "included": true
      },
      "geometry": {
        "type": "LineString",
        "coordinates": [
          [
            141.3140414,
            43.0920274
          ],
          [
            141.3136955,
            43.0922336
          ]
        ]
      }
    },
    {
      "type": "Feature",
      "properties": {
        "task_id": "168872510:0:1800558741:1800558770",
        "way_id": 168872510,
        "name": "名称未登録",
        "highway": "unclassified",
        "length_m": 122.11432806423821,
        "included": true
      },
      "geometry": {
        "type": "LineString",
        "coordinates": [
          [
            141.3140414,
            43.0920274
          ],
          [
            141.3130922,
            43.0911756
          ]
        ]
      }
    },
    {
      "type": "Feature",
      "properties": {
        "task_id": "168868782:2:1800558667:1800558741",
        "way_id": 168868782,
        "name": "名称未登録",
        "highway": "residential",
        "length_m": 36.25760616668699,
        "included": true
      },
      "geometry": {
        "type": "LineString",
        "coordinates": [
          [
            141.3136955,
            43.0922336
          ],
          [
            141.3140414,
            43.0920274
          ]
        ]
      }
    },
    {
      "type": "Feature",
      "properties": {
        "task_id": "168868782:3:1800558667:1800558691",
        "way_id": 168868782,
        "name": "名称未登録",
        "highway": "residential",
        "length_m": 42.41658290840036,
        "included": true
      },
      "geometry": {
        "type": "LineString",
        "coordinates": [
          [
            141.3136955,
            43.0922336
          ],
          [
            141.3132907,
            43.0924747
          ]
        ]
      }
    },
    {
      "type": "Feature",
      "properties": {
        "task_id": "168872495:0:1800558667:1800558719",
        "way_id": 168872495,
        "name": "名称未登録",
        "highway": "unclassified",
        "length_m": 122.14549438592731,
        "included": true
      },
      "geometry": {
        "type": "LineString",
        "coordinates": [
          [
            141.3136955,
            43.0922336
          ],
          [
            141.3127415,
            43.0913843
          ]
        ]
      }
    },
    {
      "type": "Feature",
      "properties": {
        "task_id": "168868782:3:1800558691:1800558667",
        "way_id": 168868782,
        "name": "名称未登録",
        "highway": "residential",
        "length_m": 42.41658290840036,
        "included": true
      },
      "geometry": {
        "type": "LineString",
        "coordinates": [
          [
            141.3132907,
            43.0924747
          ],
          [
            141.3136955,
            43.0922336
          ]
        ]
      }
    },
    {
      "type": "Feature",
      "properties": {
        "task_id": "168868782:4:1800558691:1800527672",
        "way_id": 168868782,
        "name": "名称未登録",
        "highway": "residential",
        "length_m": 69.40935384007828,
        "included": true
      },
      "geometry": {
        "type": "LineString",
        "coordinates": [
          [
            141.3132907,
            43.0924747
          ],
          [
            141.3126246,
            43.0928659
          ]
        ]
      }
    },
    {
      "type": "Feature",
      "properties": {
        "task_id": "168872492:0:1800558691:1800558765",
        "way_id": 168872492,
        "name": "名称未登録",
        "highway": "residential",
        "length_m": 122.16770464474256,
        "included": true
      },
      "geometry": {
        "type": "LineString",
        "coordinates": [
          [
            141.3132907,
            43.0924747
          ],
          [
            141.3123532,
            43.0916154
          ]
        ]
      }
    },
    {
      "type": "Feature",
      "properties": {
        "task_id": "426987897:1:1800558691:4262340742",
        "way_id": 426987897,
        "name": "名称未登録",
        "highway": "unclassified",
        "length_m": 26.109543028715958,
        "included": true
      },
      "geometry": {
        "type": "LineString",
        "coordinates": [
          [
            141.3132907,
            43.0924747
          ],
          [
            141.3134942,
            43.0926565
          ]
        ]
      }
    },
    {
      "type": "Feature",
      "properties": {
        "task_id": "168868782:5:1800558761:1800527672",
        "way_id": 168868782,
        "name": "名称未登録",
        "highway": "residential",
        "length_m": 33.40300821745322,
        "included": true
      },
      "geometry": {
        "type": "LineString",
        "coordinates": [
          [
            141.3123111,
            43.0930604
          ],
          [
            141.3126246,
            43.0928659
          ]
        ]
      }
    },
    {
      "type": "Feature",
      "properties": {
        "task_id": "168868782:6:1800558761:1800527443",
        "way_id": 168868782,
        "name": "名称未登録",
        "highway": "residential",
        "length_m": 10.361576556349677,
        "included": true
      },
      "geometry": {
        "type": "LineString",
        "coordinates": [
          [
            141.3123111,
            43.0930604
          ],
          [
            141.3122109,
            43.0931181
          ]
        ]
      }
    },
    {
      "type": "Feature",
      "properties": {
        "task_id": "168872460:0:1800558761:13374785670",
        "way_id": 168872460,
        "name": "名称未登録",
        "highway": "unclassified",
        "length_m": 5.337287028690055,
        "included": true
      },
      "geometry": {
        "type": "LineString",
        "coordinates": [
          [
            141.3123111,
            43.0930604
          ],
          [
            141.3122699,
            43.093023
          ]
        ]
      }
    },
    {
      "type": "Feature",
      "properties": {
        "task_id": "168868782:6:1800527443:1800558761",
        "way_id": 168868782,
        "name": "名称未登録",
        "highway": "residential",
        "length_m": 10.361576556349677,
        "included": true
      },
      "geometry": {
        "type": "LineString",
        "coordinates": [
          [
            141.3122109,
            43.0931181
          ],
          [
            141.3123111,
            43.0930604
          ]
        ]
      }
    },
    {
      "type": "Feature",
      "properties": {
        "task_id": "168868782:7:1800527443:1800527783",
        "way_id": 168868782,
        "name": "名称未登録",
        "highway": "residential",
        "length_m": 39.51509565280983,
        "included": true
      },
      "geometry": {
        "type": "LineString",
        "coordinates": [
          [
            141.3122109,
            43.0931181
          ],
          [
            141.3118358,
            43.0933445
          ]
        ]
      }
    },
    {
      "type": "Feature",
      "properties": {
        "task_id": "168868800:13:1800527443:1800527580",
        "way_id": 168868800,
        "name": "名称未登録",
        "highway": "residential",
        "length_m": 62.08642945704366,
        "included": true
      },
      "geometry": {
        "type": "LineString",
        "coordinates": [
          [
            141.3122109,
            43.0931181
          ],
          [
            141.3127141,
            43.0935385
          ]
        ]
      }
    },
    {
      "type": "Feature",
      "properties": {
        "task_id": "168868782:8:1800558733:1800527783",
        "way_id": 168868782,
        "name": "名称未登録",
        "highway": "residential",
        "length_m": 12.919528572728243,
        "included": true
      },
      "geometry": {
        "type": "LineString",
        "coordinates": [
          [
            141.3117106,
            43.0934162
          ],
          [
            141.3118358,
            43.0933445
          ]
        ]
      }
    },
    {
      "type": "Feature",
      "properties": {
        "task_id": "168868782:9:1800558733:1800527652",
        "way_id": 168868782,
        "name": "名称未登録",
        "highway": "residential",
        "length_m": 31.850282987744706,
        "included": true
      },
      "geometry": {
        "type": "LineString",
        "coordinates": [
          [
            141.3117106,
            43.0934162
          ],
          [
            141.3114067,
            43.0935973
          ]
        ]
      }
    },
    {
      "type": "Feature",
      "properties": {
        "task_id": "168872538:0:1800558733:1800558829",
        "way_id": 168872538,
        "name": "名称未登録",
        "highway": "unclassified",
        "length_m": 104.36993234003629,
        "included": true
      },
      "geometry": {
        "type": "LineString",
        "coordinates": [
          [
            141.3117106,
            43.0934162
          ],
          [
            141.3109105,
            43.0926816
          ]
        ]
      }
    },
    {
      "type": "Feature",
      "properties": {
        "task_id": "168868782:10:1800558777:1800527652",
        "way_id": 168868782,
        "name": "名称未登録",
        "highway": "residential",
        "length_m": 12.503418809143776,
        "included": true
      },
      "geometry": {
        "type": "LineString",
        "coordinates": [
          [
            141.3112863,
            43.0936674
          ],
          [
            141.3114067,
            43.0935973
          ]
        ]
      }
    },
    {
      "type": "Feature",
      "properties": {
        "task_id": "168868782:11:1800558777:1800527666",
        "way_id": 168868782,
        "name": "名称未登録",
        "highway": "residential",
        "length_m": 28.767761645539736,
        "included": true
      },
      "geometry": {
        "type": "LineString",
        "coordinates": [
          [
            141.3112863,
            43.0936674
          ],
          [
            141.3110093,
            43.0938287
          ]
        ]
      }
    },
    {
      "type": "Feature",
      "properties": {
        "task_id": "168872473:0:1800558777:1800558739",
        "way_id": 168872473,
        "name": "名称未登録",
        "highway": "unclassified",
        "length_m": 104.16808165317875,
        "included": true
      },
      "geometry": {
        "type": "LineString",
        "coordinates": [
          [
            141.3112863,
            43.0936674
          ],
          [
            141.3104784,
            43.0929397
          ]
        ]
      }
    },
    {
      "type": "Feature",
      "properties": {
        "task_id": "168868782:12:4262271088:1800527666",
        "way_id": 168868782,
        "name": "名称未登録",
        "highway": "residential",
        "length_m": 12.75281108708567,
        "included": true
      },
      "geometry": {
        "type": "LineString",
        "coordinates": [
          [
            141.3108865,
            43.0939002
          ],
          [
            141.3110093,
            43.0938287
          ]
        ]
      }
    },
    {
      "type": "Feature",
      "properties": {
        "task_id": "168868782:13:4262271088:1800527781",
        "way_id": 168868782,
        "name": "名称未登録",
        "highway": "residential",
        "length_m": 9.084245570866416,
        "included": true
      },
      "geometry": {
        "type": "LineString",
        "coordinates": [
          [
            141.3108865,
            43.0939002
          ],
          [
            141.3107991,
            43.0939512
          ]
        ]
      }
    },
    {
      "type": "Feature",
      "properties": {
        "task_id": "168868782:13:1800527781:4262271088",
        "way_id": 168868782,
        "name": "名称未登録",
        "highway": "residential",
        "length_m": 9.084245570866416,
        "included": true
      },
      "geometry": {
        "type": "LineString",
        "coordinates": [
          [
            141.3107991,
            43.0939512
          ],
          [
            141.3108865,
            43.0939002
          ]
        ]
      }
    },
    {
      "type": "Feature",
      "properties": {
        "task_id": "168868782:14:1800527781:4262271243",
        "way_id": 168868782,
        "name": "名称未登録",
        "highway": "residential",
        "length_m": 8.099249722802812,
        "included": true
      },
      "geometry": {
        "type": "LineString",
        "coordinates": [
          [
            141.3107991,
            43.0939512
          ],
          [
            141.3107211,
            43.0939966
          ]
        ]
      }
    },
    {
      "type": "Feature",
      "properties": {
        "task_id": "168868788:6:1800527781:4262271247",
        "way_id": 168868788,
        "name": "名称未登録",
        "highway": "residential",
        "length_m": 7.136944763207252,
        "included": true
      },
      "geometry": {
        "type": "LineString",
        "coordinates": [
          [
            141.3107991,
            43.0939512
          ],
          [
            141.310851,
            43.094003
          ]
        ]
      }
    },
    {
      "type": "Feature",
      "properties": {
        "task_id": "168868788:7:1800527781:4262271190",
        "way_id": 168868788,
        "name": "名称未登録",
        "highway": "residential",
        "length_m": 7.092178064830637,
        "included": true
      },
      "geometry": {
        "type": "LineString",
        "coordinates": [
          [
            141.3107991,
            43.0939512
          ],
          [
            141.3107447,
            43.0939013
          ]
        ]
      }
    },
    {
      "type": "Feature",
      "properties": {
        "task_id": "168868782:14:4262271243:1800527781",
        "way_id": 168868782,
        "name": "名称未登録",
        "highway": "residential",
        "length_m": 8.099249722802812,
        "included": true
      },
      "geometry": {
        "type": "LineString",
        "coordinates": [
          [
            141.3107211,
            43.0939966
          ],
          [
            141.3107991,
            43.0939512
          ]
        ]
      }
    },
    {
      "type": "Feature",
      "properties": {
        "task_id": "168868782:15:4262271243:1800527778",
        "way_id": 168868782,
        "name": "名称未登録",
        "highway": "residential",
        "length_m": 62.405913785578704,
        "included": true
      },
      "geometry": {
        "type": "LineString",
        "coordinates": [
          [
            141.3107211,
            43.0939966
          ],
          [
            141.3101203,
            43.0943466
          ]
        ]
      }
    },
    {
      "type": "Feature",
      "properties": {
        "task_id": "168868782:16:1800527676:1800527778",
        "way_id": 168868782,
        "name": "名称未登録",
        "highway": "residential",
        "length_m": 53.814012134692774,
        "included": true
      },
      "geometry": {
        "type": "LineString",
        "coordinates": [
          [
            141.3096022,
            43.0946484
          ],
          [
            141.3101203,
            43.0943466
          ]
        ]
      }
    },
    {
      "type": "Feature",
      "properties": {
        "task_id": "168868782:17:1800527676:1800527802",
        "way_id": 168868782,
        "name": "名称未登録",
        "highway": "residential",
        "length_m": 37.037561294552496,
        "included": true
      },
      "geometry": {
        "type": "LineString",
        "coordinates": [
          [
            141.3096022,
            43.0946484
          ],
          [
            141.3092456,
            43.0948561
          ]
        ]
      }
    },
    {
      "type": "Feature",
      "properties": {
        "task_id": "168868782:17:1800527802:1800527676",
        "way_id": 168868782,
        "name": "名称未登録",
        "highway": "residential",
        "length_m": 37.037561294552496,
        "included": true
      },
      "geometry": {
        "type": "LineString",
        "coordinates": [
          [
            141.3092456,
            43.0948561
          ],
          [
            141.3096022,
            43.0946484
          ]
        ]
      }
    },
    {
      "type": "Feature",
      "properties": {
        "task_id": "168868782:18:1800527802:4262272142",
        "way_id": 168868782,
        "name": "名称未登録",
        "highway": "residential",
        "length_m": 9.910928945227562,
        "included": true
      },
      "geometry": {
        "type": "LineString",
        "coordinates": [
          [
            141.3092456,
            43.0948561
          ],
          [
            141.3091502,
            43.0949117
          ]
        ]
      }
    },
    {
      "type": "Feature",
      "properties": {
        "task_id": "168868782:18:4262272142:1800527802",
        "way_id": 168868782,
        "name": "名称未登録",
        "highway": "residential",
        "length_m": 9.910928945227562,
        "included": true
      },
      "geometry": {
        "type": "LineString",
        "coordinates": [
          [
            141.3091502,
            43.0949117
          ],
          [
            141.3092456,
            43.0948561
          ]
        ]
      }
    },
    {
      "type": "Feature",
      "properties": {
        "task_id": "168868782:19:4262272142:1800558731",
        "way_id": 168868782,
        "name": "名称未登録",
        "highway": "residential",
        "length_m": 10.980766832833499,
        "included": true
      },
      "geometry": {
        "type": "LineString",
        "coordinates": [
          [
            141.3091502,
            43.0949117
          ],
          [
            141.3090445,
            43.0949733
          ]
        ]
      }
    },
    {
      "type": "Feature",
      "properties": {
        "task_id": "168868782:19:1800558731:4262272142",
        "way_id": 168868782,
        "name": "名称未登録",
        "highway": "residential",
        "length_m": 10.980766832833499,
        "included": true
      },
      "geometry": {
        "type": "LineString",
        "coordinates": [
          [
            141.3090445,
            43.0949733
          ],
          [
            141.3091502,
            43.0949117
          ]
        ]
      }
    },
    {
      "type": "Feature",
      "properties": {
        "task_id": "168868782:20:1800558731:1800527640",
        "way_id": 168868782,
        "name": "名称未登録",
        "highway": "residential",
        "length_m": 1.3914311712111163,
        "included": true
      },
      "geometry": {
        "type": "LineString",
        "coordinates": [
          [
            141.3090445,
            43.0949733
          ],
          [
            141.3090311,
            43.0949811
          ]
        ]
      }
    },
    {
      "type": "Feature",
      "properties": {
        "task_id": "168872467:0:1800558731:4262271391",
        "way_id": 168872467,
        "name": "名称未登録",
        "highway": "residential",
        "length_m": 122.9867717833394,
        "included": true
      },
      "geometry": {
        "type": "LineString",
        "coordinates": [
          [
            141.3090445,
            43.0949733
          ],
          [
            141.3081035,
            43.0941066
          ]
        ]
      }
    },
    {
      "type": "Feature",
      "properties": {
        "task_id": "168868782:20:1800527640:1800558731",
        "way_id": 168868782,
        "name": "名称未登録",
        "highway": "residential",
        "length_m": 1.3914311712111163,
        "included": true
      },
      "geometry": {
        "type": "LineString",
        "coordinates": [
          [
            141.3090311,
            43.0949811
          ],
          [
            141.3090445,
            43.0949733
          ]
        ]
      }
    },
    {
      "type": "Feature",
      "properties": {
        "task_id": "168868783:0:1800527525:1800527659",
        "way_id": 168868783,
        "name": "名称未登録",
        "highway": "residential",
        "length_m": 35.97387229021501,
        "included": true
      },
      "geometry": {
        "type": "LineString",
        "coordinates": [
          [
            141.3149757,
            43.0940924
          ],
          [
            141.314702,
            43.093838
          ]
        ]
      }
    },
    {
      "type": "Feature",
      "properties": {
        "task_id": "168868795:0:1800527525:1800527794",
        "way_id": 168868795,
        "name": "名称未登録",
        "highway": "unclassified",
        "length_m": 54.902890945808664,
        "included": true
      },
      "geometry": {
        "type": "LineString",
        "coordinates": [
          [
            141.3149757,
            43.0940924
          ],
          [
            141.3144395,
            43.0943932
          ]
        ]
      }
    },
    {
      "type": "Feature",
      "properties": {
        "task_id": "168868785:0:1800527441:1800527497",
        "way_id": 168868785,
        "name": "名称未登録",
        "highway": "unclassified",
        "length_m": 51.80578067452909,
        "included": true
      },
      "geometry": {
        "type": "LineString",
        "coordinates": [
          [
            141.3109871,
            43.0945617
          ],
          [
            141.3113775,
            43.0949302
          ]
        ]
      }
    },
    {
      "type": "Feature",
      "properties": {
        "task_id": "168868785:1:1800527441:1800527790",
        "way_id": 168868785,
        "name": "名称未登録",
        "highway": "unclassified",
        "length_m": 32.59778633613144,
        "included": true
      },
      "geometry": {
        "type": "LineString",
        "coordinates": [
          [
            141.3109871,
            43.0945617
          ],
          [
            141.3107415,
            43.0943298
          ]
        ]
      }
    },
    {
      "type": "Feature",
      "properties": {
        "task_id": "168868791:11:1800527441:1800527540",
        "way_id": 168868791,
        "name": "名称未登録",
        "highway": "unclassified",
        "length_m": 27.913555937755145,
        "included": true
      },
      "geometry": {
        "type": "LineString",
        "coordinates": [
          [
            141.3109871,
            43.0945617
          ],
          [
            141.3112408,
            43.0943923
          ]
        ]
      }
    },
    {
      "type": "Feature",
      "properties": {
        "task_id": "168868785:1:1800527790:1800527441",
        "way_id": 168868785,
        "name": "名称未登録",
        "highway": "unclassified",
        "length_m": 32.59778633613144,
        "included": true
      },
      "geometry": {
        "type": "LineString",
        "coordinates": [
          [
            141.3107415,
            43.0943298
          ],
          [
            141.3109871,
            43.0945617
          ]
        ]
      }
    },
    {
      "type": "Feature",
      "properties": {
        "task_id": "168868785:2:1800527790:1800527680",
        "way_id": 168868785,
        "name": "名称未登録",
        "highway": "unclassified",
        "length_m": 40.14001995934852,
        "included": true
      },
      "geometry": {
        "type": "LineString",
        "coordinates": [
          [
            141.3107415,
            43.0943298
          ],
          [
            141.3103558,
            43.0945556
          ]
        ]
      }
    },
    {
      "type": "Feature",
      "properties": {
        "task_id": "168868788:3:1800527789:1800527475",
        "way_id": 168868788,
        "name": "名称未登録",
        "highway": "residential",
        "length_m": 14.132508181670913,
        "included": true
      },
      "geometry": {
        "type": "LineString",
        "coordinates": [
          [
            141.3115274,
            43.0946785
          ],
          [
            141.3116288,
            43.0947818
          ]
        ]
      }
    },
    {
      "type": "Feature",
      "properties": {
        "task_id": "168868788:4:1800527789:1800527540",
        "way_id": 168868788,
        "name": "名称未登録",
        "highway": "residential",
        "length_m": 39.42487254459345,
        "included": true
      },
      "geometry": {
        "type": "LineString",
        "coordinates": [
          [
            141.3115274,
            43.0946785
          ],
          [
            141.3112408,
            43.0943923
          ]
        ]
      }
    },
    {
      "type": "Feature",
      "properties": {
        "task_id": "168868797:1:1800527789:1800527708",
        "way_id": 168868797,
        "name": "名称未登録",
        "highway": "unclassified",
        "length_m": 27.404819903453614,
        "included": true
      },
      "geometry": {
        "type": "LineString",
        "coordinates": [
          [
            141.3115274,
            43.0946785
          ],
          [
            141.3117983,
            43.0945315
          ]
        ]
      }
    },
    {
      "type": "Feature",
      "properties": {
        "task_id": "168868788:4:1800527540:1800527789",
        "way_id": 168868788,
        "name": "名称未登録",
        "highway": "residential",
        "length_m": 39.42487254459345,
        "included": true
      },
      "geometry": {
        "type": "LineString",
        "coordinates": [
          [
            141.3112408,
            43.0943923
          ],
          [
            141.3115274,
            43.0946785
          ]
        ]
      }
    },
    {
      "type": "Feature",
      "properties": {
        "task_id": "168868788:5:1800527540:4262271247",
        "way_id": 168868788,
        "name": "名称未登録",
        "highway": "residential",
        "length_m": 53.625183560876216,
        "included": true
      },
      "geometry": {
        "type": "LineString",
        "coordinates": [
          [
            141.3112408,
            43.0943923
          ],
          [
            141.310851,
            43.094003
          ]
        ]
      }
    },
    {
      "type": "Feature",
      "properties": {
        "task_id": "168868791:10:1800527540:1800527576",
        "way_id": 168868791,
        "name": "名称未登録",
        "highway": "unclassified",
        "length_m": 23.89300623022512,
        "included": true
      },
      "geometry": {
        "type": "LineString",
        "coordinates": [
          [
            141.3112408,
            43.0943923
          ],
          [
            141.3114705,
            43.094258
          ]
        ]
      }
    },
    {
      "type": "Feature",
      "properties": {
        "task_id": "168868791:11:1800527540:1800527441",
        "way_id": 168868791,
        "name": "名称未登録",
        "highway": "unclassified",
        "length_m": 27.913555937755145,
        "included": true
      },
      "geometry": {
        "type": "LineString",
        "coordinates": [
          [
            141.3112408,
            43.0943923
          ],
          [
            141.3109871,
            43.0945617
          ]
        ]
      }
    },
    {
      "type": "Feature",
      "properties": {
        "task_id": "168868788:5:4262271247:1800527540",
        "way_id": 168868788,
        "name": "名称未登録",
        "highway": "residential",
        "length_m": 53.625183560876216,
        "included": true
      },
      "geometry": {
        "type": "LineString",
        "coordinates": [
          [
            141.310851,
            43.094003
          ],
          [
            141.3112408,
            43.0943923
          ]
        ]
      }
    },
    {
      "type": "Feature",
      "properties": {
        "task_id": "168868788:6:4262271247:1800527781",
        "way_id": 168868788,
        "name": "名称未登録",
        "highway": "residential",
        "length_m": 7.136944763207252,
        "included": true
      },
      "geometry": {
        "type": "LineString",
        "coordinates": [
          [
            141.310851,
            43.094003
          ],
          [
            141.3107991,
            43.0939512
          ]
        ]
      }
    },
    {
      "type": "Feature",
      "properties": {
        "task_id": "168868788:7:4262271190:1800527781",
        "way_id": 168868788,
        "name": "名称未登録",
        "highway": "residential",
        "length_m": 7.092178064830637,
        "included": true
      },
      "geometry": {
        "type": "LineString",
        "coordinates": [
          [
            141.3107447,
            43.0939013
          ],
          [
            141.3107991,
            43.0939512
          ]
        ]
      }
    },
    {
      "type": "Feature",
      "properties": {
        "task_id": "168868788:8:4262271190:1800558707",
        "way_id": 168868788,
        "name": "名称未登録",
        "highway": "residential",
        "length_m": 98.42834502274448,
        "included": true
      },
      "geometry": {
        "type": "LineString",
        "coordinates": [
          [
            141.3107447,
            43.0939013
          ],
          [
            141.3100008,
            43.0932024
          ]
        ]
      }
    },
    {
      "type": "Feature",
      "properties": {
        "task_id": "168868788:8:1800558707:4262271190",
        "way_id": 168868788,
        "name": "名称未登録",
        "highway": "residential",
        "length_m": 98.42834502274448,
        "included": true
      },
      "geometry": {
        "type": "LineString",
        "coordinates": [
          [
            141.3100008,
            43.0932024
          ],
          [
            141.3107447,
            43.0939013
          ]
        ]
      }
    },
    {
      "type": "Feature",
      "properties": {
        "task_id": "168868788:9:1800558707:4262270356",
        "way_id": 168868788,
        "name": "名称未登録",
        "highway": "residential",
        "length_m": 13.0205328768517,
        "included": true
      },
      "geometry": {
        "type": "LineString",
        "coordinates": [
          [
            141.3100008,
            43.0932024
          ],
          [
            141.3099023,
            43.09311
          ]
        ]
      }
    },
    {
      "type": "Feature",
      "properties": {
        "task_id": "168872499:1:1800558707:1800558739",
        "way_id": 168872499,
        "name": "名称未登録",
        "highway": "unclassified",
        "length_m": 48.551430531725565,
        "included": true
      },
      "geometry": {
        "type": "LineString",
        "coordinates": [
          [
            141.3100008,
            43.0932024
          ],
          [
            141.3104784,
            43.0929397
          ]
        ]
      }
    },
    {
      "type": "Feature",
      "properties": {
        "task_id": "168868788:9:4262270356:1800558707",
        "way_id": 168868788,
        "name": "名称未登録",
        "highway": "residential",
        "length_m": 13.0205328768517,
        "included": true
      },
      "geometry": {
        "type": "LineString",
        "coordinates": [
          [
            141.3099023,
            43.09311
          ],
          [
            141.3100008,
            43.0932024
          ]
        ]
      }
    },
    {
      "type": "Feature",
      "properties": {
        "task_id": "168868788:10:4262270356:1800558708",
        "way_id": 168868788,
        "name": "名称未登録",
        "highway": "residential",
        "length_m": 13.498875243078146,
        "included": true
      },
      "geometry": {
        "type": "LineString",
        "coordinates": [
          [
            141.3099023,
            43.09311
          ],
          [
            141.3097966,
            43.0930163
          ]
        ]
      }
    },
    {
      "type": "Feature",
      "properties": {
        "task_id": "168868788:10:1800558708:4262270356",
        "way_id": 168868788,
        "name": "名称未登録",
        "highway": "residential",
        "length_m": 13.498875243078146,
        "included": true
      },
      "geometry": {
        "type": "LineString",
        "coordinates": [
          [
            141.3097966,
            43.0930163
          ],
          [
            141.3099023,
            43.09311
          ]
        ]
      }
    },
    {
      "type": "Feature",
      "properties": {
        "task_id": "168868788:11:1800558708:1800558726",
        "way_id": 168868788,
        "name": "名称未登録",
        "highway": "residential",
        "length_m": 19.673321344470857,
        "included": true
      },
      "geometry": {
        "type": "LineString",
        "coordinates": [
          [
            141.3097966,
            43.0930163
          ],
          [
            141.3096443,
            43.0928787
          ]
        ]
      }
    },
    {
      "type": "Feature",
      "properties": {
        "task_id": "168872485:0:1800558708:1800558922",
        "way_id": 168872485,
        "name": "名称未登録",
        "highway": "residential",
        "length_m": 92.61497347385384,
        "included": true
      },
      "geometry": {
        "type": "LineString",
        "coordinates": [
          [
            141.3097966,
            43.0930163
          ],
          [
            141.3089182,
            43.0935476
          ]
        ]
      }
    },
    {
      "type": "Feature",
      "properties": {
        "task_id": "168868788:11:1800558726:1800558708",
        "way_id": 168868788,
        "name": "名称未登録",
        "highway": "residential",
        "length_m": 19.673321344470857,
        "included": true
      },
      "geometry": {
        "type": "LineString",
        "coordinates": [
          [
            141.3096443,
            43.0928787
          ],
          [
            141.3097966,
            43.0930163
          ]
        ]
      }
    },
    {
      "type": "Feature",
      "properties": {
        "task_id": "168868788:12:1800558726:1800558679",
        "way_id": 168868788,
        "name": "名称未登録",
        "highway": "residential",
        "length_m": 37.4992308863923,
        "included": true
      },
      "geometry": {
        "type": "LineString",
        "coordinates": [
          [
            141.3096443,
            43.0928787
          ],
          [
            141.3093537,
            43.0926166
          ]
        ]
      }
    },
    {
      "type": "Feature",
      "properties": {
        "task_id": "168868788:12:1800558679:1800558726",
        "way_id": 168868788,
        "name": "名称未登録",
        "highway": "residential",
        "length_m": 37.4992308863923,
        "included": true
      },
      "geometry": {
        "type": "LineString",
        "coordinates": [
          [
            141.3093537,
            43.0926166
          ],
          [
            141.3096443,
            43.0928787
          ]
        ]
      }
    },
    {
      "type": "Feature",
      "properties": {
        "task_id": "168868788:13:1800558679:1800558764",
        "way_id": 168868788,
        "name": "名称未登録",
        "highway": "residential",
        "length_m": 34.23871863969447,
        "included": true
      },
      "geometry": {
        "type": "LineString",
        "coordinates": [
          [
            141.3093537,
            43.0926166
          ],
          [
            141.309086,
            43.0923787
          ]
        ]
      }
    },
    {
      "type": "Feature",
      "properties": {
        "task_id": "168872538:4:1800558679:1800558723",
        "way_id": 168872538,
        "name": "名称未登録",
        "highway": "unclassified",
        "length_m": 48.43463383920792,
        "included": true
      },
      "geometry": {
        "type": "LineString",
        "coordinates": [
          [
            141.3093537,
            43.0926166
          ],
          [
            141.3098209,
            43.0923458
          ]
        ]
      }
    },
    {
      "type": "Feature",
      "properties": {
        "task_id": "168868788:13:1800558764:1800558679",
        "way_id": 168868788,
        "name": "名称未登録",
        "highway": "residential",
        "length_m": 34.23871863969447,
        "included": true
      },
      "geometry": {
        "type": "LineString",
        "coordinates": [
          [
            141.309086,
            43.0923787
          ],
          [
            141.3093537,
            43.0926166
          ]
        ]
      }
    },
    {
      "type": "Feature",
      "properties": {
        "task_id": "168868788:14:1800558764:1800558768",
        "way_id": 168868788,
        "name": "名称未登録",
        "highway": "residential",
        "length_m": 6.492849839456954,
        "included": true
      },
      "geometry": {
        "type": "LineString",
        "coordinates": [
          [
            141.309086,
            43.0923787
          ],
          [
            141.3090364,
            43.0923329
          ]
        ]
      }
    },
    {
      "type": "Feature",
      "properties": {
        "task_id": "168872515:0:1800558764:1800558734",
        "way_id": 168872515,
        "name": "名称未登録",
        "highway": "unclassified",
        "length_m": 77.12810964179819,
        "included": true
      },
      "geometry": {
        "type": "LineString",
        "coordinates": [
          [
            141.309086,
            43.0923787
          ],
          [
            141.3098441,
            43.0919608
          ]
        ]
      }
    },
    {
      "type": "Feature",
      "properties": {
        "task_id": "168868788:14:1800558768:1800558764",
        "way_id": 168868788,
        "name": "名称未登録",
        "highway": "residential",
        "length_m": 6.492849839456954,
        "included": true
      },
      "geometry": {
        "type": "LineString",
        "coordinates": [
          [
            141.3090364,
            43.0923329
          ],
          [
            141.309086,
            43.0923787
          ]
        ]
      }
    },
    {
      "type": "Feature",
      "properties": {
        "task_id": "168868788:15:1800558768:1800558880",
        "way_id": 168868788,
        "name": "名称未登録",
        "highway": "residential",
        "length_m": 23.612849317407882,
        "included": true
      },
      "geometry": {
        "type": "LineString",
        "coordinates": [
          [
            141.3090364,
            43.0923329
          ],
          [
            141.3088515,
            43.092169
          ]
        ]
      }
    },
    {
      "type": "Feature",
      "properties": {
        "task_id": "168872477:0:1800558768:1800558749",
        "way_id": 168872477,
        "name": "名称未登録",
        "highway": "unclassified",
        "length_m": 90.79817430131779,
        "included": true
      },
      "geometry": {
        "type": "LineString",
        "coordinates": [
          [
            141.3090364,
            43.0923329
          ],
          [
            141.3081772,
            43.0928555
          ]
        ]
      }
    },
    {
      "type": "Feature",
      "properties": {
        "task_id": "168868788:15:1800558880:1800558768",
        "way_id": 168868788,
        "name": "名称未登録",
        "highway": "residential",
        "length_m": 23.612849317407882,
        "included": true
      },
      "geometry": {
        "type": "LineString",
        "coordinates": [
          [
            141.3088515,
            43.092169
          ],
          [
            141.3090364,
            43.0923329
          ]
        ]
      }
    },
    {
      "type": "Feature",
      "properties": {
        "task_id": "168868788:16:1800558880:1800558852",
        "way_id": 168868788,
        "name": "名称未登録",
        "highway": "residential",
        "length_m": 5.697512012960996,
        "included": true
      },
      "geometry": {
        "type": "LineString",
        "coordinates": [
          [
            141.3088515,
            43.092169
          ],
          [
            141.3088052,
            43.0921305
          ]
        ]
      }
    },
    {
      "type": "Feature",
      "properties": {
        "task_id": "168872471:0:1800558880:1800558682",
        "way_id": 168872471,
        "name": "名称未登録",
        "highway": "residential",
        "length_m": 90.17745051395012,
        "included": true
      },
      "geometry": {
        "type": "LineString",
        "coordinates": [
          [
            141.3088515,
            43.092169
          ],
          [
            141.3079935,
            43.0926839
          ]
        ]
      }
    },
    {
      "type": "Feature",
      "properties": {
        "task_id": "168868788:16:1800558852:1800558880",
        "way_id": 168868788,
        "name": "名称未登録",
        "highway": "residential",
        "length_m": 5.697512012960996,
        "included": true
      },
      "geometry": {
        "type": "LineString",
        "coordinates": [
          [
            141.3088052,
            43.0921305
          ],
          [
            141.3088515,
            43.092169
          ]
        ]
      }
    },
    {
      "type": "Feature",
      "properties": {
        "task_id": "168868788:17:1800558852:1800558718",
        "way_id": 168868788,
        "name": "名称未登録",
        "highway": "residential",
        "length_m": 34.79274652133846,
        "included": true
      },
      "geometry": {
        "type": "LineString",
        "coordinates": [
          [
            141.3088052,
            43.0921305
          ],
          [
            141.3085272,
            43.0918924
          ]
        ]
      }
    },
    {
      "type": "Feature",
      "properties": {
        "task_id": "168872507:1:1800558852:1800558760",
        "way_id": 168872507,
        "name": "名称未登録",
        "highway": "unclassified",
        "length_m": 78.02068259178954,
        "included": true
      },
      "geometry": {
        "type": "LineString",
        "coordinates": [
          [
            141.3088052,
            43.0921305
          ],
          [
            141.3095566,
            43.0916932
          ]
        ]
      }
    },
    {
      "type": "Feature",
      "properties": {
        "task_id": "168868788:17:1800558718:1800558852",
        "way_id": 168868788,
        "name": "名称未登録",
        "highway": "residential",
        "length_m": 34.79274652133846,
        "included": true
      },
      "geometry": {
        "type": "LineString",
        "coordinates": [
          [
            141.3085272,
            43.0918924
          ],
          [
            141.3088052,
            43.0921305
          ]
        ]
      }
    },
    {
      "type": "Feature",
      "properties": {
        "task_id": "168868788:18:1800558718:13374785684",
        "way_id": 168868788,
        "name": "名称未登録",
        "highway": "residential",
        "length_m": 78.31442690800799,
        "included": true
      },
      "geometry": {
        "type": "LineString",
        "coordinates": [
          [
            141.3085272,
            43.0918924
          ],
          [
            141.3079212,
            43.0913445
          ]
        ]
      }
    },
    {
      "type": "Feature",
      "properties": {
        "task_id": "168872456:4:1800558718:4262268848",
        "way_id": 168872456,
        "name": "名称未登録",
        "highway": "unclassified",
        "length_m": 58.41315190270745,
        "included": true
      },
      "geometry": {
        "type": "LineString",
        "coordinates": [
          [
            141.3085272,
            43.0918924
          ],
          [
            141.3090902,
            43.0915654
          ]
        ]
      }
    },
    {
      "type": "Feature",
      "properties": {
        "task_id": "168868788:18:13374785684:1800558718",
        "way_id": 168868788,
        "name": "名称未登録",
        "highway": "residential",
        "length_m": 78.31442690800799,
        "included": true
      },
      "geometry": {
        "type": "LineString",
        "coordinates": [
          [
            141.3079212,
            43.0913445
          ],
          [
            141.3085272,
            43.0918924
          ]
        ]
      }
    },
    {
      "type": "Feature",
      "properties": {
        "task_id": "168868788:19:13374785684:1800558763",
        "way_id": 168868788,
        "name": "名称未登録",
        "highway": "residential",
        "length_m": 8.873618318370552,
        "included": true
      },
      "geometry": {
        "type": "LineString",
        "coordinates": [
          [
            141.3079212,
            43.0913445
          ],
          [
            141.3078543,
            43.0912814
          ]
        ]
      }
    },
    {
      "type": "Feature",
      "properties": {
        "task_id": "168868788:19:1800558763:13374785684",
        "way_id": 168868788,
        "name": "名称未登録",
        "highway": "residential",
        "length_m": 8.873618318370552,
        "included": true
      },
      "geometry": {
        "type": "LineString",
        "coordinates": [
          [
            141.3078543,
            43.0912814
          ],
          [
            141.3079212,
            43.0913445
          ]
        ]
      }
    },
    {
      "type": "Feature",
      "properties": {
        "task_id": "219227900:12:1800558763:1800558672",
        "way_id": 219227900,
        "name": "下手稲通",
        "highway": "secondary",
        "length_m": 87.20374059638874,
        "included": true
      },
      "geometry": {
        "type": "LineString",
        "coordinates": [
          [
            141.3078543,
            43.0912814
          ],
          [
            141.3070306,
            43.0917846
          ]
        ]
      }
    },
    {
      "type": "Feature",
      "properties": {
        "task_id": "219227900:13:1800558763:2310745233",
        "way_id": 219227900,
        "name": "下手稲通",
        "highway": "secondary",
        "length_m": 61.86976361498626,
        "included": true
      },
      "geometry": {
        "type": "LineString",
        "coordinates": [
          [
            141.3078543,
            43.0912814
          ],
          [
            141.3084394,
            43.090925
          ]
        ]
      }
    },
    {
      "type": "Feature",
      "properties": {
        "task_id": "168868791:0:13367628366:1781601740",
        "way_id": 168868791,
        "name": "名称未登録",
        "highway": "unclassified",
        "length_m": 5.729848471772258,
        "included": true
      },
      "geometry": {
        "type": "LineString",
        "coordinates": [
          [
            141.3148548,
            43.0922939
          ],
          [
            141.31491,
            43.0922618
          ]
        ]
      }
    },
    {
      "type": "Feature",
      "properties": {
        "task_id": "168868791:1:13367628366:4262340741",
        "way_id": 168868791,
        "name": "名称未登録",
        "highway": "unclassified",
        "length_m": 20.36046786065928,
        "included": true
      },
      "geometry": {
        "type": "LineString",
        "coordinates": [
          [
            141.3148548,
            43.0922939
          ],
          [
            141.3146588,
            43.0924081
          ]
        ]
      }
    },
    {
      "type": "Feature",
      "properties": {
        "task_id": "168868791:1:4262340741:13367628366",
        "way_id": 168868791,
        "name": "名称未登録",
        "highway": "unclassified",
        "length_m": 20.36046786065928,
        "included": true
      },
      "geometry": {
        "type": "LineString",
        "coordinates": [
          [
            141.3146588,
            43.0924081
          ],
          [
            141.3148548,
            43.0922939
          ]
        ]
      }
    },
    {
      "type": "Feature",
      "properties": {
        "task_id": "168868791:2:4262340741:4262340743",
        "way_id": 168868791,
        "name": "名称未登録",
        "highway": "unclassified",
        "length_m": 91.05973862729843,
        "included": true
      },
      "geometry": {
        "type": "LineString",
        "coordinates": [
          [
            141.3146588,
            43.0924081
          ],
          [
            141.313787,
            43.0929232
          ]
        ]
      }
    },
    {
      "type": "Feature",
      "properties": {
        "task_id": "426987896:1:4262340741:4262340714",
        "way_id": 426987896,
        "name": "名称未登録",
        "highway": "unclassified",
        "length_m": 35.80604512173215,
        "included": true
      },
      "geometry": {
        "type": "LineString",
        "coordinates": [
          [
            141.3146588,
            43.0924081
          ],
          [
            141.3143824,
            43.0921572
          ]
        ]
      }
    },
    {
      "type": "Feature",
      "properties": {
        "task_id": "168868791:2:4262340743:4262340741",
        "way_id": 168868791,
        "name": "名称未登録",
        "highway": "unclassified",
        "length_m": 91.05973862729843,
        "included": true
      },
      "geometry": {
        "type": "LineString",
        "coordinates": [
          [
            141.313787,
            43.0929232
          ],
          [
            141.3146588,
            43.0924081
          ]
        ]
      }
    },
    {
      "type": "Feature",
      "properties": {
        "task_id": "168868791:3:4262340743:1800527678",
        "way_id": 168868791,
        "name": "名称未登録",
        "highway": "unclassified",
        "length_m": 6.809548087689616,
        "included": true
      },
      "geometry": {
        "type": "LineString",
        "coordinates": [
          [
            141.313787,
            43.0929232
          ],
          [
            141.3137207,
            43.0929607
          ]
        ]
      }
    },
    {
      "type": "Feature",
      "properties": {
        "task_id": "426987897:0:4262340743:4262340742",
        "way_id": 426987897,
        "name": "名称未登録",
        "highway": "unclassified",
        "length_m": 38.00960569240926,
        "included": true
      },
      "geometry": {
        "type": "LineString",
        "coordinates": [
          [
            141.313787,
            43.0929232
          ],
          [
            141.3134942,
            43.0926565
          ]
        ]
      }
    },
    {
      "type": "Feature",
      "properties": {
        "task_id": "168868791:6:1800527580:1800527459",
        "way_id": 168868791,
        "name": "名称未登録",
        "highway": "unclassified",
        "length_m": 40.349977802371065,
        "included": true
      },
      "geometry": {
        "type": "LineString",
        "coordinates": [
          [
            141.3127141,
            43.0935385
          ],
          [
            141.3131019,
            43.0933116
          ]
        ]
      }
    },
    {
      "type": "Feature",
      "properties": {
        "task_id": "168868791:7:1800527580:1800527477",
        "way_id": 168868791,
        "name": "名称未登録",
        "highway": "unclassified",
        "length_m": 40.950181081236884,
        "included": true
      },
      "geometry": {
        "type": "LineString",
        "coordinates": [
          [
            141.3127141,
            43.0935385
          ],
          [
            141.3123173,
            43.0937658
          ]
        ]
      }
    },
    {
      "type": "Feature",
      "properties": {
        "task_id": "168868800:12:1800527580:1800527434",
        "way_id": 168868800,
        "name": "名称未登録",
        "highway": "residential",
        "length_m": 32.92585153931497,
        "included": true
      },
      "geometry": {
        "type": "LineString",
        "coordinates": [
          [
            141.3127141,
            43.0935385
          ],
          [
            141.3129725,
            43.0937667
          ]
        ]
      }
    },
    {
      "type": "Feature",
      "properties": {
        "task_id": "168868800:13:1800527580:1800527443",
        "way_id": 168868800,
        "name": "名称未登録",
        "highway": "residential",
        "length_m": 62.08642945704366,
        "included": true
      },
      "geometry": {
        "type": "LineString",
        "coordinates": [
          [
            141.3127141,
            43.0935385
          ],
          [
            141.3122109,
            43.0931181
          ]
        ]
      }
    },
    {
      "type": "Feature",
      "properties": {
        "task_id": "168868794:1:13367628354:1800527453",
        "way_id": 168868794,
        "name": "名称未登録",
        "highway": "unclassified",
        "length_m": 2.3841855243420325,
        "included": true
      },
      "geometry": {
        "type": "LineString",
        "coordinates": [
          [
            141.3136462,
            43.0937305
          ],
          [
            141.3136689,
            43.0937169
          ]
        ]
      }
    },
    {
      "type": "Feature",
      "properties": {
        "task_id": "168868794:2:13367628354:1800527583",
        "way_id": 168868794,
        "name": "名称未登録",
        "highway": "unclassified",
        "length_m": 45.3763434613229,
        "included": true
      },
      "geometry": {
        "type": "LineString",
        "coordinates": [
          [
            141.3136462,
            43.0937305
          ],
          [
            141.3132148,
            43.0939899
          ]
        ]
      }
    },
    {
      "type": "Feature",
      "properties": {
        "task_id": "168868794:2:1800527583:13367628354",
        "way_id": 168868794,
        "name": "名称未登録",
        "highway": "unclassified",
        "length_m": 45.3763434613229,
        "included": true
      },
      "geometry": {
        "type": "LineString",
        "coordinates": [
          [
            141.3132148,
            43.0939899
          ],
          [
            141.3136462,
            43.0937305
          ]
        ]
      }
    },
    {
      "type": "Feature",
      "properties": {
        "task_id": "168868800:10:1800527583:1800527472",
        "way_id": 168868800,
        "name": "名称未登録",
        "highway": "residential",
        "length_m": 31.29311955726857,
        "included": true
      },
      "geometry": {
        "type": "LineString",
        "coordinates": [
          [
            141.3132148,
            43.0939899
          ],
          [
            141.313449,
            43.0942134
          ]
        ]
      }
    },
    {
      "type": "Feature",
      "properties": {
        "task_id": "168868800:11:1800527583:1800527434",
        "way_id": 168868800,
        "name": "名称未登録",
        "highway": "residential",
        "length_m": 31.67100405611104,
        "included": true
      },
      "geometry": {
        "type": "LineString",
        "coordinates": [
          [
            141.3132148,
            43.0939899
          ],
          [
            141.3129725,
            43.0937667
          ]
        ]
      }
    },
    {
      "type": "Feature",
      "properties": {
        "task_id": "168868795:1:13367628345:1800527794",
        "way_id": 168868795,
        "name": "名称未登録",
        "highway": "unclassified",
        "length_m": 2.8614032813194514,
        "included": true
      },
      "geometry": {
        "type": "LineString",
        "coordinates": [
          [
            141.3144119,
            43.0944092
          ],
          [
            141.3144395,
            43.0943932
          ]
        ]
      }
    },
    {
      "type": "Feature",
      "properties": {
        "task_id": "168868795:2:13367628345:1800527456",
        "way_id": 168868795,
        "name": "名称未登録",
        "highway": "unclassified",
        "length_m": 45.75288054951381,
        "included": true
      },
      "geometry": {
        "type": "LineString",
        "coordinates": [
          [
            141.3144119,
            43.0944092
          ],
          [
            141.3139712,
            43.0946656
          ]
        ]
      }
    },
    {
      "type": "Feature",
      "properties": {
        "task_id": "168868795:2:1800527456:13367628345",
        "way_id": 168868795,
        "name": "名称未登録",
        "highway": "unclassified",
        "length_m": 45.75288054951381,
        "included": true
      },
      "geometry": {
        "type": "LineString",
        "coordinates": [
          [
            141.3139712,
            43.0946656
          ],
          [
            141.3144119,
            43.0944092
          ]
        ]
      }
    },
    {
      "type": "Feature",
      "properties": {
        "task_id": "168868800:7:1800527456:1800527537",
        "way_id": 168868800,
        "name": "名称未登録",
        "highway": "residential",
        "length_m": 32.55998749256132,
        "included": true
      },
      "geometry": {
        "type": "LineString",
        "coordinates": [
          [
            141.3139712,
            43.0946656
          ],
          [
            141.314224,
            43.0948929
          ]
        ]
      }
    },
    {
      "type": "Feature",
      "properties": {
        "task_id": "168868800:8:1800527456:1800527545",
        "way_id": 168868800,
        "name": "名称未登録",
        "highway": "residential",
        "length_m": 33.518216644584534,
        "included": true
      },
      "geometry": {
        "type": "LineString",
        "coordinates": [
          [
            141.3139712,
            43.0946656
          ],
          [
            141.313706,
            43.0944346
          ]
        ]
      }
    },
    {
      "type": "Feature",
      "properties": {
        "task_id": "168868800:6:1800527567:1800527537",
        "way_id": 168868800,
        "name": "名称未登録",
        "highway": "residential",
        "length_m": 4.068916216414224,
        "included": true
      },
      "geometry": {
        "type": "LineString",
        "coordinates": [
          [
            141.3142556,
            43.0949213
          ],
          [
            141.314224,
            43.0948929
          ]
        ]
      }
    },
    {
      "type": "Feature",
      "properties": {
        "task_id": "168872456:0:1800558673:1800558734",
        "way_id": 168872456,
        "name": "名称未登録",
        "highway": "unclassified",
        "length_m": 32.7361663424512,
        "included": true
      },
      "geometry": {
        "type": "LineString",
        "coordinates": [
          [
            141.3100961,
            43.0921906
          ],
          [
            141.3098441,
            43.0919608
          ]
        ]
      }
    },
    {
      "type": "Feature",
      "properties": {
        "task_id": "168872538:2:1800558673:1800558793",
        "way_id": 168872538,
        "name": "名称未登録",
        "highway": "unclassified",
        "length_m": 17.770878001683563,
        "included": true
      },
      "geometry": {
        "type": "LineString",
        "coordinates": [
          [
            141.3100961,
            43.0921906
          ],
          [
            141.3102694,
            43.092093
          ]
        ]
      }
    },
    {
      "type": "Feature",
      "properties": {
        "task_id": "168872538:3:1800558673:1800558723",
        "way_id": 168872538,
        "name": "名称未登録",
        "highway": "unclassified",
        "length_m": 28.234440059076594,
        "included": true
      },
      "geometry": {
        "type": "LineString",
        "coordinates": [
          [
            141.3100961,
            43.0921906
          ],
          [
            141.3098209,
            43.0923458
          ]
        ]
      }
    },
    {
      "type": "Feature",
      "properties": {
        "task_id": "168872456:0:1800558734:1800558673",
        "way_id": 168872456,
        "name": "名称未登録",
        "highway": "unclassified",
        "length_m": 32.7361663424512,
        "included": true
      },
      "geometry": {
        "type": "LineString",
        "coordinates": [
          [
            141.3098441,
            43.0919608
          ],
          [
            141.3100961,
            43.0921906
          ]
        ]
      }
    },
    {
      "type": "Feature",
      "properties": {
        "task_id": "168872456:1:1800558734:1800558760",
        "way_id": 168872456,
        "name": "名称未登録",
        "highway": "unclassified",
        "length_m": 37.82081674908285,
        "included": true
      },
      "geometry": {
        "type": "LineString",
        "coordinates": [
          [
            141.3098441,
            43.0919608
          ],
          [
            141.3095566,
            43.0916932
          ]
        ]
      }
    },
    {
      "type": "Feature",
      "properties": {
        "task_id": "168872515:0:1800558734:1800558764",
        "way_id": 168872515,
        "name": "名称未登録",
        "highway": "unclassified",
        "length_m": 77.12810964179819,
        "included": true
      },
      "geometry": {
        "type": "LineString",
        "coordinates": [
          [
            141.3098441,
            43.0919608
          ],
          [
            141.309086,
            43.0923787
          ]
        ]
      }
    },
    {
      "type": "Feature",
      "properties": {
        "task_id": "168872456:1:1800558760:1800558734",
        "way_id": 168872456,
        "name": "名称未登録",
        "highway": "unclassified",
        "length_m": 37.82081674908285,
        "included": true
      },
      "geometry": {
        "type": "LineString",
        "coordinates": [
          [
            141.3095566,
            43.0916932
          ],
          [
            141.3098441,
            43.0919608
          ]
        ]
      }
    },
    {
      "type": "Feature",
      "properties": {
        "task_id": "168872456:2:1800558760:1800558850",
        "way_id": 168872456,
        "name": "名称未登録",
        "highway": "unclassified",
        "length_m": 35.14968462128712,
        "included": true
      },
      "geometry": {
        "type": "LineString",
        "coordinates": [
          [
            141.3095566,
            43.0916932
          ],
          [
            141.3092824,
            43.0914486
          ]
        ]
      }
    },
    {
      "type": "Feature",
      "properties": {
        "task_id": "168872507:0:1800558760:1800558896",
        "way_id": 168872507,
        "name": "名称未登録",
        "highway": "unclassified",
        "length_m": 20.27143075587994,
        "included": true
      },
      "geometry": {
        "type": "LineString",
        "coordinates": [
          [
            141.3095566,
            43.0916932
          ],
          [
            141.3097564,
            43.0915839
          ]
        ]
      }
    },
    {
      "type": "Feature",
      "properties": {
        "task_id": "168872507:1:1800558760:1800558852",
        "way_id": 168872507,
        "name": "名称未登録",
        "highway": "unclassified",
        "length_m": 78.02068259178954,
        "included": true
      },
      "geometry": {
        "type": "LineString",
        "coordinates": [
          [
            141.3095566,
            43.0916932
          ],
          [
            141.3088052,
            43.0921305
          ]
        ]
      }
    },
    {
      "type": "Feature",
      "properties": {
        "task_id": "168872456:2:1800558850:1800558760",
        "way_id": 168872456,
        "name": "名称未登録",
        "highway": "unclassified",
        "length_m": 35.14968462128712,
        "included": true
      },
      "geometry": {
        "type": "LineString",
        "coordinates": [
          [
            141.3092824,
            43.0914486
          ],
          [
            141.3095566,
            43.0916932
          ]
        ]
      }
    },
    {
      "type": "Feature",
      "properties": {
        "task_id": "168872456:3:1800558850:4262268848",
        "way_id": 168872456,
        "name": "名称未登録",
        "highway": "unclassified",
        "length_m": 20.304060413260615,
        "included": true
      },
      "geometry": {
        "type": "LineString",
        "coordinates": [
          [
            141.3092824,
            43.0914486
          ],
          [
            141.3090902,
            43.0915654
          ]
        ]
      }
    },
    {
      "type": "Feature",
      "properties": {
        "task_id": "168872456:3:4262268848:1800558850",
        "way_id": 168872456,
        "name": "名称未登録",
        "highway": "unclassified",
        "length_m": 20.304060413260615,
        "included": true
      },
      "geometry": {
        "type": "LineString",
        "coordinates": [
          [
            141.3090902,
            43.0915654
          ],
          [
            141.3092824,
            43.0914486
          ]
        ]
      }
    },
    {
      "type": "Feature",
      "properties": {
        "task_id": "168872456:4:4262268848:1800558718",
        "way_id": 168872456,
        "name": "名称未登録",
        "highway": "unclassified",
        "length_m": 58.41315190270745,
        "included": true
      },
      "geometry": {
        "type": "LineString",
        "coordinates": [
          [
            141.3090902,
            43.0915654
          ],
          [
            141.3085272,
            43.0918924
          ]
        ]
      }
    },
    {
      "type": "Feature",
      "properties": {
        "task_id": "168872457:0:1800558839:1800558729",
        "way_id": 168872457,
        "name": "名称未登録",
        "highway": "unclassified",
        "length_m": 53.50047828113863,
        "included": true
      },
      "geometry": {
        "type": "LineString",
        "coordinates": [
          [
            141.3059704,
            43.0944564
          ],
          [
            141.3054578,
            43.0947587
          ]
        ]
      }
    },
    {
      "type": "Feature",
      "properties": {
        "task_id": "168872501:0:1800558839:1800558704",
        "way_id": 168872501,
        "name": "名称未登録",
        "highway": "unclassified",
        "length_m": 46.38012124273797,
        "included": true
      },
      "geometry": {
        "type": "LineString",
        "coordinates": [
          [
            141.3059704,
            43.0944564
          ],
          [
            141.3063308,
            43.09478
          ]
        ]
      }
    },
    {
      "type": "Feature",
      "properties": {
        "task_id": "168872501:1:1800558839:1800558868",
        "way_id": 168872501,
        "name": "名称未登録",
        "highway": "unclassified",
        "length_m": 50.224265329755696,
        "included": true
      },
      "geometry": {
        "type": "LineString",
        "coordinates": [
          [
            141.3059704,
            43.0944564
          ],
          [
            141.305584,
            43.0941037
          ]
        ]
      }
    },
    {
      "type": "Feature",
      "properties": {
        "task_id": "168872457:0:1800558729:1800558839",
        "way_id": 168872457,
        "name": "名称未登録",
        "highway": "unclassified",
        "length_m": 53.50047828113863,
        "included": true
      },
      "geometry": {
        "type": "LineString",
        "coordinates": [
          [
            141.3054578,
            43.0947587
          ],
          [
            141.3059704,
            43.0944564
          ]
        ]
      }
    },
    {
      "type": "Feature",
      "properties": {
        "task_id": "168872472:1:1800558729:1800558684",
        "way_id": 168872472,
        "name": "名称未登録",
        "highway": "unclassified",
        "length_m": 8.97639862000483,
        "included": true
      },
      "geometry": {
        "type": "LineString",
        "coordinates": [
          [
            141.3054578,
            43.0947587
          ],
          [
            141.305525,
            43.0948228
          ]
        ]
      }
    },
    {
      "type": "Feature",
      "properties": {
        "task_id": "168872472:2:1800558729:1800558881",
        "way_id": 168872472,
        "name": "名称未登録",
        "highway": "unclassified",
        "length_m": 50.26265887005459,
        "included": true
      },
      "geometry": {
        "type": "LineString",
        "coordinates": [
          [
            141.3054578,
            43.0947587
          ],
          [
            141.3050813,
            43.0943999
          ]
        ]
      }
    },
    {
      "type": "Feature",
      "properties": {
        "task_id": "168872458:0:1800558752:1800558666",
        "way_id": 168872458,
        "name": "名称未登録",
        "highway": "residential",
        "length_m": 38.565398593324275,
        "included": true
      },
      "geometry": {
        "type": "LineString",
        "coordinates": [
          [
            141.3120607,
            43.0902193
          ],
          [
            141.3124339,
            43.0900048
          ]
        ]
      }
    },
    {
      "type": "Feature",
      "properties": {
        "task_id": "168872458:1:1800558752:1800558816",
        "way_id": 168872458,
        "name": "名称未登録",
        "highway": "residential",
        "length_m": 36.43295107429462,
        "included": true
      },
      "geometry": {
        "type": "LineString",
        "coordinates": [
          [
            141.3120607,
            43.0902193
          ],
          [
            141.3117082,
            43.090422
          ]
        ]
      }
    },
    {
      "type": "Feature",
      "properties": {
        "task_id": "168872510:2:1800558752:13367628377",
        "way_id": 168872510,
        "name": "名称未登録",
        "highway": "unclassified",
        "length_m": 3.7931433497464284,
        "included": true
      },
      "geometry": {
        "type": "LineString",
        "coordinates": [
          [
            141.3120607,
            43.0902193
          ],
          [
            141.3120896,
            43.0902461
          ]
        ]
      }
    },
    {
      "type": "Feature",
      "properties": {
        "task_id": "168872458:1:1800558816:1800558752",
        "way_id": 168872458,
        "name": "名称未登録",
        "highway": "residential",
        "length_m": 36.43295107429462,
        "included": true
      },
      "geometry": {
        "type": "LineString",
        "coordinates": [
          [
            141.3117082,
            43.090422
          ],
          [
            141.3120607,
            43.0902193
          ]
        ]
      }
    },
    {
      "type": "Feature",
      "properties": {
        "task_id": "168872458:2:1800558816:13367628383",
        "way_id": 168872458,
        "name": "名称未登録",
        "highway": "residential",
        "length_m": 36.091142793928526,
        "included": true
      },
      "geometry": {
        "type": "LineString",
        "coordinates": [
          [
            141.3117082,
            43.090422
          ],
          [
            141.3113589,
            43.0906227
          ]
        ]
      }
    },
    {
      "type": "Feature",
      "properties": {
        "task_id": "168872495:2:1800558816:13367628380",
        "way_id": 168872495,
        "name": "名称未登録",
        "highway": "unclassified",
        "length_m": 3.71931745668959,
        "included": true
      },
      "geometry": {
        "type": "LineString",
        "coordinates": [
          [
            141.3117082,
            43.090422
          ],
          [
            141.3117365,
            43.0904483
          ]
        ]
      }
    },
    {
      "type": "Feature",
      "properties": {
        "task_id": "168872458:2:13367628383:1800558816",
        "way_id": 168872458,
        "name": "名称未登録",
        "highway": "residential",
        "length_m": 36.091142793928526,
        "included": true
      },
      "geometry": {
        "type": "LineString",
        "coordinates": [
          [
            141.3113589,
            43.0906227
          ],
          [
            141.3117082,
            43.090422
          ]
        ]
      }
    },
    {
      "type": "Feature",
      "properties": {
        "task_id": "168872458:3:13367628383:1800558699",
        "way_id": 168872458,
        "name": "名称未登録",
        "highway": "residential",
        "length_m": 5.623785728010466,
        "included": true
      },
      "geometry": {
        "type": "LineString",
        "coordinates": [
          [
            141.3113589,
            43.0906227
          ],
          [
            141.3113045,
            43.090654
          ]
        ]
      }
    },
    {
      "type": "Feature",
      "properties": {
        "task_id": "168872458:3:1800558699:13367628383",
        "way_id": 168872458,
        "name": "名称未登録",
        "highway": "residential",
        "length_m": 5.623785728010466,
        "included": true
      },
      "geometry": {
        "type": "LineString",
        "coordinates": [
          [
            141.3113045,
            43.090654
          ],
          [
            141.3113589,
            43.0906227
          ]
        ]
      }
    },
    {
      "type": "Feature",
      "properties": {
        "task_id": "168872492:1:1800558699:1800558765",
        "way_id": 168872492,
        "name": "名称未登録",
        "highway": "residential",
        "length_m": 136.6744808343073,
        "included": true
      },
      "geometry": {
        "type": "LineString",
        "coordinates": [
          [
            141.3113045,
            43.090654
          ],
          [
            141.3123532,
            43.0916154
          ]
        ]
      }
    },
    {
      "type": "Feature",
      "properties": {
        "task_id": "168872492:2:1800558699:13374785663",
        "way_id": 168872492,
        "name": "名称未登録",
        "highway": "residential",
        "length_m": 113.3051253388531,
        "included": true
      },
      "geometry": {
        "type": "LineString",
        "coordinates": [
          [
            141.3113045,
            43.090654
          ],
          [
            141.3104351,
            43.089857
          ]
        ]
      }
    },
    {
      "type": "Feature",
      "properties": {
        "task_id": "168872460:0:13374785670:1800558761",
        "way_id": 168872460,
        "name": "名称未登録",
        "highway": "unclassified",
        "length_m": 5.337287028690055,
        "included": true
      },
      "geometry": {
        "type": "LineString",
        "coordinates": [
          [
            141.3122699,
            43.093023
          ],
          [
            141.3123111,
            43.0930604
          ]
        ]
      }
    },
    {
      "type": "Feature",
      "properties": {
        "task_id": "168872460:1:13374785670:1800558928",
        "way_id": 168872460,
        "name": "名称未登録",
        "highway": "unclassified",
        "length_m": 101.13819292804222,
        "included": true
      },
      "geometry": {
        "type": "LineString",
        "coordinates": [
          [
            141.3122699,
            43.093023
          ],
          [
            141.3114885,
            43.0923147
          ]
        ]
      }
    },
    {
      "type": "Feature",
      "properties": {
        "task_id": "168872460:1:1800558928:13374785670",
        "way_id": 168872460,
        "name": "名称未登録",
        "highway": "unclassified",
        "length_m": 101.13819292804222,
        "included": true
      },
      "geometry": {
        "type": "LineString",
        "coordinates": [
          [
            141.3114885,
            43.0923147
          ],
          [
            141.3122699,
            43.093023
          ]
        ]
      }
    },
    {
      "type": "Feature",
      "properties": {
        "task_id": "168872460:2:1800558928:13374866835",
        "way_id": 168872460,
        "name": "名称未登録",
        "highway": "unclassified",
        "length_m": 29.525111454060205,
        "included": true
      },
      "geometry": {
        "type": "LineString",
        "coordinates": [
          [
            141.3114885,
            43.0923147
          ],
          [
            141.3117694,
            43.0921461
          ]
        ]
      }
    },
    {
      "type": "Feature",
      "properties": {
        "task_id": "168872460:2:13374866835:1800558928",
        "way_id": 168872460,
        "name": "名称未登録",
        "highway": "unclassified",
        "length_m": 29.525111454060205,
        "included": true
      },
      "geometry": {
        "type": "LineString",
        "coordinates": [
          [
            141.3117694,
            43.0921461
          ],
          [
            141.3114885,
            43.0923147
          ]
        ]
      }
    },
    {
      "type": "Feature",
      "properties": {
        "task_id": "168872460:3:13374866835:1800558866",
        "way_id": 168872460,
        "name": "名称未登録",
        "highway": "unclassified",
        "length_m": 3.750444176496302,
        "included": true
      },
      "geometry": {
        "type": "LineString",
        "coordinates": [
          [
            141.3117694,
            43.0921461
          ],
          [
            141.3118051,
            43.0921247
          ]
        ]
      }
    },
    {
      "type": "Feature",
      "properties": {
        "task_id": "168872460:3:1800558866:13374866835",
        "way_id": 168872460,
        "name": "名称未登録",
        "highway": "unclassified",
        "length_m": 3.750444176496302,
        "included": true
      },
      "geometry": {
        "type": "LineString",
        "coordinates": [
          [
            141.3118051,
            43.0921247
          ],
          [
            141.3117694,
            43.0921461
          ]
        ]
      }
    },
    {
      "type": "Feature",
      "properties": {
        "task_id": "168872486:1:1800558866:13374785667",
        "way_id": 168872486,
        "name": "名称未登録",
        "highway": "unclassified",
        "length_m": 99.51288215351485,
        "included": true
      },
      "geometry": {
        "type": "LineString",
        "coordinates": [
          [
            141.3118051,
            43.0921247
          ],
          [
            141.3125738,
            43.0928217
          ]
        ]
      }
    },
    {
      "type": "Feature",
      "properties": {
        "task_id": "168872486:2:1800558866:1800558663",
        "way_id": 168872486,
        "name": "名称未登録",
        "highway": "unclassified",
        "length_m": 46.459276280431304,
        "included": true
      },
      "geometry": {
        "type": "LineString",
        "coordinates": [
          [
            141.3118051,
            43.0921247
          ],
          [
            141.3114335,
            43.091807
          ]
        ]
      }
    },
    {
      "type": "Feature",
      "properties": {
        "task_id": "168872467:0:4262271391:1800558731",
        "way_id": 168872467,
        "name": "名称未登録",
        "highway": "residential",
        "length_m": 122.9867717833394,
        "included": true
      },
      "geometry": {
        "type": "LineString",
        "coordinates": [
          [
            141.3081035,
            43.0941066
          ],
          [
            141.3090445,
            43.0949733
          ]
        ]
      }
    },
    {
      "type": "Feature",
      "properties": {
        "task_id": "168872467:1:4262271391:1800558685",
        "way_id": 168872467,
        "name": "名称未登録",
        "highway": "residential",
        "length_m": 7.647514513808024,
        "included": true
      },
      "geometry": {
        "type": "LineString",
        "coordinates": [
          [
            141.3081035,
            43.0941066
          ],
          [
            141.308045,
            43.0940527
          ]
        ]
      }
    },
    {
      "type": "Feature",
      "properties": {
        "task_id": "168872467:1:1800558685:4262271391",
        "way_id": 168872467,
        "name": "名称未登録",
        "highway": "residential",
        "length_m": 7.647514513808024,
        "included": true
      },
      "geometry": {
        "type": "LineString",
        "coordinates": [
          [
            141.308045,
            43.0940527
          ],
          [
            141.3081035,
            43.0941066
          ]
        ]
      }
    },
    {
      "type": "Feature",
      "properties": {
        "task_id": "168872467:2:1800558685:1800558758",
        "way_id": 168872467,
        "name": "名称未登録",
        "highway": "residential",
        "length_m": 122.03819654382245,
        "included": true
      },
      "geometry": {
        "type": "LineString",
        "coordinates": [
          [
            141.308045,
            43.0940527
          ],
          [
            141.3071109,
            43.0931929
          ]
        ]
      }
    },
    {
      "type": "Feature",
      "properties": {
        "task_id": "168872485:2:1800558685:1800558810",
        "way_id": 168872485,
        "name": "名称未登録",
        "highway": "residential",
        "length_m": 48.17597078434332,
        "included": true
      },
      "geometry": {
        "type": "LineString",
        "coordinates": [
          [
            141.308045,
            43.0940527
          ],
          [
            141.3085101,
            43.0937837
          ]
        ]
      }
    },
    {
      "type": "Feature",
      "properties": {
        "task_id": "168872514:0:1800558685:1800558732",
        "way_id": 168872514,
        "name": "名称未登録",
        "highway": "unclassified",
        "length_m": 48.2458618617078,
        "included": true
      },
      "geometry": {
        "type": "LineString",
        "coordinates": [
          [
            141.308045,
            43.0940527
          ],
          [
            141.3075853,
            43.0943276
          ]
        ]
      }
    },
    {
      "type": "Feature",
      "properties": {
        "task_id": "168872467:2:1800558758:1800558685",
        "way_id": 168872467,
        "name": "名称未登録",
        "highway": "residential",
        "length_m": 122.03819654382245,
        "included": true
      },
      "geometry": {
        "type": "LineString",
        "coordinates": [
          [
            141.3071109,
            43.0931929
          ],
          [
            141.308045,
            43.0940527
          ]
        ]
      }
    },
    {
      "type": "Feature",
      "properties": {
        "task_id": "168872467:3:1800558758:1800558842",
        "way_id": 168872467,
        "name": "名称未登録",
        "highway": "residential",
        "length_m": 126.48288245637725,
        "included": true
      },
      "geometry": {
        "type": "LineString",
        "coordinates": [
          [
            141.3071109,
            43.0931929
          ],
          [
            141.3061371,
            43.0923051
          ]
        ]
      }
    },
    {
      "type": "Feature",
      "properties": {
        "task_id": "168872471:2:1800558758:1800558664",
        "way_id": 168872471,
        "name": "名称未登録",
        "highway": "residential",
        "length_m": 48.290268452202774,
        "included": true
      },
      "geometry": {
        "type": "LineString",
        "coordinates": [
          [
            141.3071109,
            43.0931929
          ],
          [
            141.307581,
            43.0929269
          ]
        ]
      }
    },
    {
      "type": "Feature",
      "properties": {
        "task_id": "168872471:3:1800558758:1800558736",
        "way_id": 168872471,
        "name": "名称未登録",
        "highway": "residential",
        "length_m": 48.58488619088286,
        "included": true
      },
      "geometry": {
        "type": "LineString",
        "coordinates": [
          [
            141.3071109,
            43.0931929
          ],
          [
            141.3066466,
            43.0934685
          ]
        ]
      }
    },
    {
      "type": "Feature",
      "properties": {
        "task_id": "168872467:3:1800558842:1800558758",
        "way_id": 168872467,
        "name": "名称未登録",
        "highway": "residential",
        "length_m": 126.48288245637725,
        "included": true
      },
      "geometry": {
        "type": "LineString",
        "coordinates": [
          [
            141.3061371,
            43.0923051
          ],
          [
            141.3071109,
            43.0931929
          ]
        ]
      }
    },
    {
      "type": "Feature",
      "properties": {
        "task_id": "219227900:7:1800558842:1800558678",
        "way_id": 219227900,
        "name": "下手稲通",
        "highway": "secondary",
        "length_m": 49.811035806865696,
        "included": true
      },
      "geometry": {
        "type": "LineString",
        "coordinates": [
          [
            141.3061371,
            43.0923051
          ],
          [
            141.3056575,
            43.0925844
          ]
        ]
      }
    },
    {
      "type": "Feature",
      "properties": {
        "task_id": "219227900:8:1800558842:2310745236",
        "way_id": 219227900,
        "name": "下手稲通",
        "highway": "secondary",
        "length_m": 64.77673269271546,
        "included": true
      },
      "geometry": {
        "type": "LineString",
        "coordinates": [
          [
            141.3061371,
            43.0923051
          ],
          [
            141.3067607,
            43.0919418
          ]
        ]
      }
    },
    {
      "type": "Feature",
      "properties": {
        "task_id": "168872470:0:1800558810:1800558664",
        "way_id": 168872470,
        "name": "名称未登録",
        "highway": "unclassified",
        "length_m": 121.52478920602421,
        "included": true
      },
      "geometry": {
        "type": "LineString",
        "coordinates": [
          [
            141.3085101,
            43.0937837
          ],
          [
            141.307581,
            43.0929269
          ]
        ]
      }
    },
    {
      "type": "Feature",
      "properties": {
        "task_id": "168872485:1:1800558810:1800558922",
        "way_id": 168872485,
        "name": "名称未登録",
        "highway": "residential",
        "length_m": 42.27653920224458,
        "included": true
      },
      "geometry": {
        "type": "LineString",
        "coordinates": [
          [
            141.3085101,
            43.0937837
          ],
          [
            141.3089182,
            43.0935476
          ]
        ]
      }
    },
    {
      "type": "Feature",
      "properties": {
        "task_id": "168872485:2:1800558810:1800558685",
        "way_id": 168872485,
        "name": "名称未登録",
        "highway": "residential",
        "length_m": 48.17597078434332,
        "included": true
      },
      "geometry": {
        "type": "LineString",
        "coordinates": [
          [
            141.3085101,
            43.0937837
          ],
          [
            141.308045,
            43.0940527
          ]
        ]
      }
    },
    {
      "type": "Feature",
      "properties": {
        "task_id": "168872470:0:1800558664:1800558810",
        "way_id": 168872470,
        "name": "名称未登録",
        "highway": "unclassified",
        "length_m": 121.52478920602421,
        "included": true
      },
      "geometry": {
        "type": "LineString",
        "coordinates": [
          [
            141.307581,
            43.0929269
          ],
          [
            141.3085101,
            43.0937837
          ]
        ]
      }
    },
    {
      "type": "Feature",
      "properties": {
        "task_id": "168872471:1:1800558664:1800558682",
        "way_id": 168872471,
        "name": "名称未登録",
        "highway": "residential",
        "length_m": 43.035068037418824,
        "included": true
      },
      "geometry": {
        "type": "LineString",
        "coordinates": [
          [
            141.307581,
            43.0929269
          ],
          [
            141.3079935,
            43.0926839
          ]
        ]
      }
    },
    {
      "type": "Feature",
      "properties": {
        "task_id": "168872471:2:1800558664:1800558758",
        "way_id": 168872471,
        "name": "名称未登録",
        "highway": "residential",
        "length_m": 48.290268452202774,
        "included": true
      },
      "geometry": {
        "type": "LineString",
        "coordinates": [
          [
            141.307581,
            43.0929269
          ],
          [
            141.3071109,
            43.0931929
          ]
        ]
      }
    },
    {
      "type": "Feature",
      "properties": {
        "task_id": "168872471:0:1800558682:1800558880",
        "way_id": 168872471,
        "name": "名称未登録",
        "highway": "residential",
        "length_m": 90.17745051395012,
        "included": true
      },
      "geometry": {
        "type": "LineString",
        "coordinates": [
          [
            141.3079935,
            43.0926839
          ],
          [
            141.3088515,
            43.092169
          ]
        ]
      }
    },
    {
      "type": "Feature",
      "properties": {
        "task_id": "168872471:1:1800558682:1800558664",
        "way_id": 168872471,
        "name": "名称未登録",
        "highway": "residential",
        "length_m": 43.035068037418824,
        "included": true
      },
      "geometry": {
        "type": "LineString",
        "coordinates": [
          [
            141.3079935,
            43.0926839
          ],
          [
            141.307581,
            43.0929269
          ]
        ]
      }
    },
    {
      "type": "Feature",
      "properties": {
        "task_id": "168872511:3:1800558682:1800558749",
        "way_id": 168872511,
        "name": "名称未登録",
        "highway": "residential",
        "length_m": 24.21957583898643,
        "included": true
      },
      "geometry": {
        "type": "LineString",
        "coordinates": [
          [
            141.3079935,
            43.0926839
          ],
          [
            141.3081772,
            43.0928555
          ]
        ]
      }
    },
    {
      "type": "Feature",
      "properties": {
        "task_id": "168872511:4:1800558682:13374866929",
        "way_id": 168872511,
        "name": "名称未登録",
        "highway": "residential",
        "length_m": 5.506954069991517,
        "included": true
      },
      "geometry": {
        "type": "LineString",
        "coordinates": [
          [
            141.3079935,
            43.0926839
          ],
          [
            141.3079517,
            43.0926449
          ]
        ]
      }
    },
    {
      "type": "Feature",
      "properties": {
        "task_id": "168872471:3:1800558736:1800558758",
        "way_id": 168872471,
        "name": "名称未登録",
        "highway": "residential",
        "length_m": 48.58488619088286,
        "included": true
      },
      "geometry": {
        "type": "LineString",
        "coordinates": [
          [
            141.3066466,
            43.0934685
          ],
          [
            141.3071109,
            43.0931929
          ]
        ]
      }
    },
    {
      "type": "Feature",
      "properties": {
        "task_id": "168872471:4:1800558736:1800558677",
        "way_id": 168872471,
        "name": "名称未登録",
        "highway": "residential",
        "length_m": 47.22047038903069,
        "included": true
      },
      "geometry": {
        "type": "LineString",
        "coordinates": [
          [
            141.3066466,
            43.0934685
          ],
          [
            141.3061924,
            43.0937337
          ]
        ]
      }
    },
    {
      "type": "Feature",
      "properties": {
        "task_id": "168872479:1:1800558736:1800558732",
        "way_id": 168872479,
        "name": "名称未登録",
        "highway": "unclassified",
        "length_m": 122.20962403968898,
        "included": true
      },
      "geometry": {
        "type": "LineString",
        "coordinates": [
          [
            141.3066466,
            43.0934685
          ],
          [
            141.3075853,
            43.0943276
          ]
        ]
      }
    },
    {
      "type": "Feature",
      "properties": {
        "task_id": "168872479:2:1800558736:1800558678",
        "way_id": 168872479,
        "name": "名称未登録",
        "highway": "unclassified",
        "length_m": 126.94414931441085,
        "included": true
      },
      "geometry": {
        "type": "LineString",
        "coordinates": [
          [
            141.3066466,
            43.0934685
          ],
          [
            141.3056575,
            43.0925844
          ]
        ]
      }
    },
    {
      "type": "Feature",
      "properties": {
        "task_id": "168872471:4:1800558677:1800558736",
        "way_id": 168872471,
        "name": "名称未登録",
        "highway": "residential",
        "length_m": 47.22047038903069,
        "included": true
      },
      "geometry": {
        "type": "LineString",
        "coordinates": [
          [
            141.3061924,
            43.0937337
          ],
          [
            141.3066466,
            43.0934685
          ]
        ]
      }
    },
    {
      "type": "Feature",
      "properties": {
        "task_id": "168872471:5:1800558677:1800558868",
        "way_id": 168872471,
        "name": "名称未登録",
        "highway": "residential",
        "length_m": 64.28962034349061,
        "included": true
      },
      "geometry": {
        "type": "LineString",
        "coordinates": [
          [
            141.3061924,
            43.0937337
          ],
          [
            141.305584,
            43.0941037
          ]
        ]
      }
    },
    {
      "type": "Feature",
      "properties": {
        "task_id": "168872498:2:1800558677:1800558794",
        "way_id": 168872498,
        "name": "名称未登録",
        "highway": "unclassified",
        "length_m": 97.25443341665235,
        "included": true
      },
      "geometry": {
        "type": "LineString",
        "coordinates": [
          [
            141.3061924,
            43.0937337
          ],
          [
            141.3069534,
            43.0944091
          ]
        ]
      }
    },
    {
      "type": "Feature",
      "properties": {
        "task_id": "168872498:3:1800558677:1800558668",
        "way_id": 168872498,
        "name": "名称未登録",
        "highway": "unclassified",
        "length_m": 126.40351858490793,
        "included": true
      },
      "geometry": {
        "type": "LineString",
        "coordinates": [
          [
            141.3061924,
            43.0937337
          ],
          [
            141.3052193,
            43.0928464
          ]
        ]
      }
    },
    {
      "type": "Feature",
      "properties": {
        "task_id": "168872471:5:1800558868:1800558677",
        "way_id": 168872471,
        "name": "名称未登録",
        "highway": "residential",
        "length_m": 64.28962034349061,
        "included": true
      },
      "geometry": {
        "type": "LineString",
        "coordinates": [
          [
            141.305584,
            43.0941037
          ],
          [
            141.3061924,
            43.0937337
          ]
        ]
      }
    },
    {
      "type": "Feature",
      "properties": {
        "task_id": "168872471:6:1800558868:1800558881",
        "way_id": 168872471,
        "name": "名称未登録",
        "highway": "residential",
        "length_m": 52.449121152518,
        "included": true
      },
      "geometry": {
        "type": "LineString",
        "coordinates": [
          [
            141.305584,
            43.0941037
          ],
          [
            141.3050813,
            43.0943999
          ]
        ]
      }
    },
    {
      "type": "Feature",
      "properties": {
        "task_id": "168872501:1:1800558868:1800558839",
        "way_id": 168872501,
        "name": "名称未登録",
        "highway": "unclassified",
        "length_m": 50.224265329755696,
        "included": true
      },
      "geometry": {
        "type": "LineString",
        "coordinates": [
          [
            141.305584,
            43.0941037
          ],
          [
            141.3059704,
            43.0944564
          ]
        ]
      }
    },
    {
      "type": "Feature",
      "properties": {
        "task_id": "168872501:2:1800558868:1800558696",
        "way_id": 168872501,
        "name": "名称未登録",
        "highway": "unclassified",
        "length_m": 61.9125912166919,
        "included": true
      },
      "geometry": {
        "type": "LineString",
        "coordinates": [
          [
            141.305584,
            43.0941037
          ],
          [
            141.3051038,
            43.0936712
          ]
        ]
      }
    },
    {
      "type": "Feature",
      "properties": {
        "task_id": "168872471:6:1800558881:1800558868",
        "way_id": 168872471,
        "name": "名称未登録",
        "highway": "residential",
        "length_m": 52.449121152518,
        "included": true
      },
      "geometry": {
        "type": "LineString",
        "coordinates": [
          [
            141.3050813,
            43.0943999
          ],
          [
            141.305584,
            43.0941037
          ]
        ]
      }
    },
    {
      "type": "Feature",
      "properties": {
        "task_id": "168872471:7:1800558881:1800558743",
        "way_id": 168872471,
        "name": "名称未登録",
        "highway": "residential",
        "length_m": 60.61651280538895,
        "included": true
      },
      "geometry": {
        "type": "LineString",
        "coordinates": [
          [
            141.3050813,
            43.0943999
          ],
          [
            141.3045004,
            43.0947423
          ]
        ]
      }
    },
    {
      "type": "Feature",
      "properties": {
        "task_id": "168872472:2:1800558881:1800558729",
        "way_id": 168872472,
        "name": "名称未登録",
        "highway": "unclassified",
        "length_m": 50.26265887005459,
        "included": true
      },
      "geometry": {
        "type": "LineString",
        "coordinates": [
          [
            141.3050813,
            43.0943999
          ],
          [
            141.3054578,
            43.0947587
          ]
        ]
      }
    },
    {
      "type": "Feature",
      "properties": {
        "task_id": "168872472:3:1800558881:13389681562",
        "way_id": 168872472,
        "name": "名称未登録",
        "highway": "unclassified",
        "length_m": 5.1118612821776495,
        "included": true
      },
      "geometry": {
        "type": "LineString",
        "coordinates": [
          [
            141.3050813,
            43.0943999
          ],
          [
            141.3050413,
            43.0943644
          ]
        ]
      }
    },
    {
      "type": "Feature",
      "properties": {
        "task_id": "168872471:7:1800558743:1800558881",
        "way_id": 168872471,
        "name": "名称未登録",
        "highway": "residential",
        "length_m": 60.61651280538895,
        "included": true
      },
      "geometry": {
        "type": "LineString",
        "coordinates": [
          [
            141.3045004,
            43.0947423
          ],
          [
            141.3050813,
            43.0943999
          ]
        ]
      }
    },
    {
      "type": "Feature",
      "properties": {
        "task_id": "428008937:1:1800558743:2284225587",
        "way_id": 428008937,
        "name": "新琴似通",
        "highway": "tertiary",
        "length_m": 112.98767807992823,
        "included": true
      },
      "geometry": {
        "type": "LineString",
        "coordinates": [
          [
            141.3045004,
            43.0947423
          ],
          [
            141.3036244,
            43.0939528
          ]
        ]
      }
    },
    {
      "type": "Feature",
      "properties": {
        "task_id": "168872472:1:1800558684:1800558729",
        "way_id": 168872472,
        "name": "名称未登録",
        "highway": "unclassified",
        "length_m": 8.97639862000483,
        "included": true
      },
      "geometry": {
        "type": "LineString",
        "coordinates": [
          [
            141.305525,
            43.0948228
          ],
          [
            141.3054578,
            43.0947587
          ]
        ]
      }
    },
    {
      "type": "Feature",
      "properties": {
        "task_id": "168872472:3:13389681562:1800558881",
        "way_id": 168872472,
        "name": "名称未登録",
        "highway": "unclassified",
        "length_m": 5.1118612821776495,
        "included": true
      },
      "geometry": {
        "type": "LineString",
        "coordinates": [
          [
            141.3050413,
            43.0943644
          ],
          [
            141.3050813,
            43.0943999
          ]
        ]
      }
    },
    {
      "type": "Feature",
      "properties": {
        "task_id": "168872472:4:13389681562:1800558757",
        "way_id": 168872472,
        "name": "名称未登録",
        "highway": "unclassified",
        "length_m": 56.74603395918371,
        "included": true
      },
      "geometry": {
        "type": "LineString",
        "coordinates": [
          [
            141.3050413,
            43.0943644
          ],
          [
            141.3045973,
            43.0939703
          ]
        ]
      }
    },
    {
      "type": "Feature",
      "properties": {
        "task_id": "168872472:4:1800558757:13389681562",
        "way_id": 168872472,
        "name": "名称未登録",
        "highway": "unclassified",
        "length_m": 56.74603395918371,
        "included": true
      },
      "geometry": {
        "type": "LineString",
        "coordinates": [
          [
            141.3045973,
            43.0939703
          ],
          [
            141.3050413,
            43.0943644
          ]
        ]
      }
    },
    {
      "type": "Feature",
      "properties": {
        "task_id": "168872472:5:1800558757:13389681570",
        "way_id": 168872472,
        "name": "名称未登録",
        "highway": "unclassified",
        "length_m": 56.509403917795595,
        "included": true
      },
      "geometry": {
        "type": "LineString",
        "coordinates": [
          [
            141.3045973,
            43.0939703
          ],
          [
            141.3041574,
            43.0935765
          ]
        ]
      }
    },
    {
      "type": "Feature",
      "properties": {
        "task_id": "168872472:5:13389681570:1800558757",
        "way_id": 168872472,
        "name": "名称未登録",
        "highway": "unclassified",
        "length_m": 56.509403917795595,
        "included": true
      },
      "geometry": {
        "type": "LineString",
        "coordinates": [
          [
            141.3041574,
            43.0935765
          ],
          [
            141.3045973,
            43.0939703
          ]
        ]
      }
    },
    {
      "type": "Feature",
      "properties": {
        "task_id": "168872472:6:13389681570:1800558873",
        "way_id": 168872472,
        "name": "名称未登録",
        "highway": "unclassified",
        "length_m": 9.687758004800488,
        "included": true
      },
      "geometry": {
        "type": "LineString",
        "coordinates": [
          [
            141.3041574,
            43.0935765
          ],
          [
            141.3040792,
            43.0935107
          ]
        ]
      }
    },
    {
      "type": "Feature",
      "properties": {
        "task_id": "168872472:6:1800558873:13389681570",
        "way_id": 168872472,
        "name": "名称未登録",
        "highway": "unclassified",
        "length_m": 9.687758004800488,
        "included": true
      },
      "geometry": {
        "type": "LineString",
        "coordinates": [
          [
            141.3040792,
            43.0935107
          ],
          [
            141.3041574,
            43.0935765
          ]
        ]
      }
    },
    {
      "type": "Feature",
      "properties": {
        "task_id": "219227900:1:1800558873:2284225481",
        "way_id": 219227900,
        "name": "下手稲通",
        "highway": "secondary",
        "length_m": 42.073027987861366,
        "included": true
      },
      "geometry": {
        "type": "LineString",
        "coordinates": [
          [
            141.3040792,
            43.0935107
          ],
          [
            141.3036754,
            43.0937478
          ]
        ]
      }
    },
    {
      "type": "Feature",
      "properties": {
        "task_id": "219227900:2:1800558873:2310745237",
        "way_id": 219227900,
        "name": "下手稲通",
        "highway": "secondary",
        "length_m": 39.68529523133199,
        "included": true
      },
      "geometry": {
        "type": "LineString",
        "coordinates": [
          [
            141.3040792,
            43.0935107
          ],
          [
            141.3044598,
            43.0932868
          ]
        ]
      }
    },
    {
      "type": "Feature",
      "properties": {
        "task_id": "168872473:0:1800558739:1800558777",
        "way_id": 168872473,
        "name": "名称未登録",
        "highway": "unclassified",
        "length_m": 104.16808165317875,
        "included": true
      },
      "geometry": {
        "type": "LineString",
        "coordinates": [
          [
            141.3104784,
            43.0929397
          ],
          [
            141.3112863,
            43.0936674
          ]
        ]
      }
    },
    {
      "type": "Feature",
      "properties": {
        "task_id": "168872473:1:1800558739:1800558723",
        "way_id": 168872473,
        "name": "名称未登録",
        "highway": "unclassified",
        "length_m": 84.92065427578855,
        "included": true
      },
      "geometry": {
        "type": "LineString",
        "coordinates": [
          [
            141.3104784,
            43.0929397
          ],
          [
            141.3098209,
            43.0923458
          ]
        ]
      }
    },
    {
      "type": "Feature",
      "properties": {
        "task_id": "168872499:0:1800558739:1800558829",
        "way_id": 168872499,
        "name": "名称未登録",
        "highway": "unclassified",
        "length_m": 45.32904029395555,
        "included": true
      },
      "geometry": {
        "type": "LineString",
        "coordinates": [
          [
            141.3104784,
            43.0929397
          ],
          [
            141.3109105,
            43.0926816
          ]
        ]
      }
    },
    {
      "type": "Feature",
      "properties": {
        "task_id": "168872499:1:1800558739:1800558707",
        "way_id": 168872499,
        "name": "名称未登録",
        "highway": "unclassified",
        "length_m": 48.551430531725565,
        "included": true
      },
      "geometry": {
        "type": "LineString",
        "coordinates": [
          [
            141.3104784,
            43.0929397
          ],
          [
            141.3100008,
            43.0932024
          ]
        ]
      }
    },
    {
      "type": "Feature",
      "properties": {
        "task_id": "168872473:1:1800558723:1800558739",
        "way_id": 168872473,
        "name": "名称未登録",
        "highway": "unclassified",
        "length_m": 84.92065427578855,
        "included": true
      },
      "geometry": {
        "type": "LineString",
        "coordinates": [
          [
            141.3098209,
            43.0923458
          ],
          [
            141.3104784,
            43.0929397
          ]
        ]
      }
    },
    {
      "type": "Feature",
      "properties": {
        "task_id": "168872538:3:1800558723:1800558673",
        "way_id": 168872538,
        "name": "名称未登録",
        "highway": "unclassified",
        "length_m": 28.234440059076594,
        "included": true
      },
      "geometry": {
        "type": "LineString",
        "coordinates": [
          [
            141.3098209,
            43.0923458
          ],
          [
            141.3100961,
            43.0921906
          ]
        ]
      }
    },
    {
      "type": "Feature",
      "properties": {
        "task_id": "168872538:4:1800558723:1800558679",
        "way_id": 168872538,
        "name": "名称未登録",
        "highway": "unclassified",
        "length_m": 48.43463383920792,
        "included": true
      },
      "geometry": {
        "type": "LineString",
        "coordinates": [
          [
            141.3098209,
            43.0923458
          ],
          [
            141.3093537,
            43.0926166
          ]
        ]
      }
    },
    {
      "type": "Feature",
      "properties": {
        "task_id": "168872477:0:1800558749:1800558768",
        "way_id": 168872477,
        "name": "名称未登録",
        "highway": "unclassified",
        "length_m": 90.79817430131779,
        "included": true
      },
      "geometry": {
        "type": "LineString",
        "coordinates": [
          [
            141.3081772,
            43.0928555
          ],
          [
            141.3090364,
            43.0923329
          ]
        ]
      }
    },
    {
      "type": "Feature",
      "properties": {
        "task_id": "168872511:2:1800558749:1800558702",
        "way_id": 168872511,
        "name": "名称未登録",
        "highway": "residential",
        "length_m": 40.27124070274271,
        "included": true
      },
      "geometry": {
        "type": "LineString",
        "coordinates": [
          [
            141.3081772,
            43.0928555
          ],
          [
            141.3084827,
            43.0931408
          ]
        ]
      }
    },
    {
      "type": "Feature",
      "properties": {
        "task_id": "168872511:3:1800558749:1800558682",
        "way_id": 168872511,
        "name": "名称未登録",
        "highway": "residential",
        "length_m": 24.21957583898643,
        "included": true
      },
      "geometry": {
        "type": "LineString",
        "coordinates": [
          [
            141.3081772,
            43.0928555
          ],
          [
            141.3079935,
            43.0926839
          ]
        ]
      }
    },
    {
      "type": "Feature",
      "properties": {
        "task_id": "168872479:1:1800558732:1800558736",
        "way_id": 168872479,
        "name": "名称未登録",
        "highway": "unclassified",
        "length_m": 122.20962403968898,
        "included": true
      },
      "geometry": {
        "type": "LineString",
        "coordinates": [
          [
            141.3075853,
            43.0943276
          ],
          [
            141.3066466,
            43.0934685
          ]
        ]
      }
    },
    {
      "type": "Feature",
      "properties": {
        "task_id": "168872514:0:1800558732:1800558685",
        "way_id": 168872514,
        "name": "名称未登録",
        "highway": "unclassified",
        "length_m": 48.2458618617078,
        "included": true
      },
      "geometry": {
        "type": "LineString",
        "coordinates": [
          [
            141.3075853,
            43.0943276
          ],
          [
            141.308045,
            43.0940527
          ]
        ]
      }
    },
    {
      "type": "Feature",
      "properties": {
        "task_id": "168872514:1:1800558732:1800558690",
        "way_id": 168872514,
        "name": "名称未登録",
        "highway": "unclassified",
        "length_m": 45.32360844139497,
        "included": true
      },
      "geometry": {
        "type": "LineString",
        "coordinates": [
          [
            141.3075853,
            43.0943276
          ],
          [
            141.3071419,
            43.0945752
          ]
        ]
      }
    },
    {
      "type": "Feature",
      "properties": {
        "task_id": "168872479:2:1800558678:1800558736",
        "way_id": 168872479,
        "name": "名称未登録",
        "highway": "unclassified",
        "length_m": 126.94414931441085,
        "included": true
      },
      "geometry": {
        "type": "LineString",
        "coordinates": [
          [
            141.3056575,
            43.0925844
          ],
          [
            141.3066466,
            43.0934685
          ]
        ]
      }
    },
    {
      "type": "Feature",
      "properties": {
        "task_id": "219227900:6:1800558678:1800558668",
        "way_id": 219227900,
        "name": "下手稲通",
        "highway": "secondary",
        "length_m": 45.98705238671185,
        "included": true
      },
      "geometry": {
        "type": "LineString",
        "coordinates": [
          [
            141.3056575,
            43.0925844
          ],
          [
            141.3052193,
            43.0928464
          ]
        ]
      }
    },
    {
      "type": "Feature",
      "properties": {
        "task_id": "219227900:7:1800558678:1800558842",
        "way_id": 219227900,
        "name": "下手稲通",
        "highway": "secondary",
        "length_m": 49.811035806865696,
        "included": true
      },
      "geometry": {
        "type": "LineString",
        "coordinates": [
          [
            141.3056575,
            43.0925844
          ],
          [
            141.3061371,
            43.0923051
          ]
        ]
      }
    },
    {
      "type": "Feature",
      "properties": {
        "task_id": "168872482:0:1800558794:1800558704",
        "way_id": 168872482,
        "name": "名称未登録",
        "highway": "unclassified",
        "length_m": 65.24257798575313,
        "included": true
      },
      "geometry": {
        "type": "LineString",
        "coordinates": [
          [
            141.3069534,
            43.0944091
          ],
          [
            141.3063308,
            43.09478
          ]
        ]
      }
    },
    {
      "type": "Feature",
      "properties": {
        "task_id": "168872498:1:1800558794:1800558690",
        "way_id": 168872498,
        "name": "名称未登録",
        "highway": "unclassified",
        "length_m": 23.987274661328506,
        "included": true
      },
      "geometry": {
        "type": "LineString",
        "coordinates": [
          [
            141.3069534,
            43.0944091
          ],
          [
            141.3071419,
            43.0945752
          ]
        ]
      }
    },
    {
      "type": "Feature",
      "properties": {
        "task_id": "168872498:2:1800558794:1800558677",
        "way_id": 168872498,
        "name": "名称未登録",
        "highway": "unclassified",
        "length_m": 97.25443341665235,
        "included": true
      },
      "geometry": {
        "type": "LineString",
        "coordinates": [
          [
            141.3069534,
            43.0944091
          ],
          [
            141.3061924,
            43.0937337
          ]
        ]
      }
    },
    {
      "type": "Feature",
      "properties": {
        "task_id": "168872482:0:1800558704:1800558794",
        "way_id": 168872482,
        "name": "名称未登録",
        "highway": "unclassified",
        "length_m": 65.24257798575313,
        "included": true
      },
      "geometry": {
        "type": "LineString",
        "coordinates": [
          [
            141.3063308,
            43.09478
          ],
          [
            141.3069534,
            43.0944091
          ]
        ]
      }
    },
    {
      "type": "Feature",
      "properties": {
        "task_id": "168872501:0:1800558704:1800558839",
        "way_id": 168872501,
        "name": "名称未登録",
        "highway": "unclassified",
        "length_m": 46.38012124273797,
        "included": true
      },
      "geometry": {
        "type": "LineString",
        "coordinates": [
          [
            141.3063308,
            43.09478
          ],
          [
            141.3059704,
            43.0944564
          ]
        ]
      }
    },
    {
      "type": "Feature",
      "properties": {
        "task_id": "168872485:0:1800558922:1800558708",
        "way_id": 168872485,
        "name": "名称未登録",
        "highway": "residential",
        "length_m": 92.61497347385384,
        "included": true
      },
      "geometry": {
        "type": "LineString",
        "coordinates": [
          [
            141.3089182,
            43.0935476
          ],
          [
            141.3097966,
            43.0930163
          ]
        ]
      }
    },
    {
      "type": "Feature",
      "properties": {
        "task_id": "168872485:1:1800558922:1800558810",
        "way_id": 168872485,
        "name": "名称未登録",
        "highway": "residential",
        "length_m": 42.27653920224458,
        "included": true
      },
      "geometry": {
        "type": "LineString",
        "coordinates": [
          [
            141.3089182,
            43.0935476
          ],
          [
            141.3085101,
            43.0937837
          ]
        ]
      }
    },
    {
      "type": "Feature",
      "properties": {
        "task_id": "168872511:0:1800558922:1800558843",
        "way_id": 168872511,
        "name": "名称未登録",
        "highway": "residential",
        "length_m": 19.61827079889561,
        "included": true
      },
      "geometry": {
        "type": "LineString",
        "coordinates": [
          [
            141.3089182,
            43.0935476
          ],
          [
            141.3087694,
            43.0934086
          ]
        ]
      }
    },
    {
      "type": "Feature",
      "properties": {
        "task_id": "168872486:0:13374785667:1800527672",
        "way_id": 168872486,
        "name": "名称未登録",
        "highway": "unclassified",
        "length_m": 6.416443815851396,
        "included": true
      },
      "geometry": {
        "type": "LineString",
        "coordinates": [
          [
            141.3125738,
            43.0928217
          ],
          [
            141.3126246,
            43.0928659
          ]
        ]
      }
    },
    {
      "type": "Feature",
      "properties": {
        "task_id": "168872486:1:13374785667:1800558866",
        "way_id": 168872486,
        "name": "名称未登録",
        "highway": "unclassified",
        "length_m": 99.51288215351485,
        "included": true
      },
      "geometry": {
        "type": "LineString",
        "coordinates": [
          [
            141.3125738,
            43.0928217
          ],
          [
            141.3118051,
            43.0921247
          ]
        ]
      }
    },
    {
      "type": "Feature",
      "properties": {
        "task_id": "168872486:2:1800558663:1800558866",
        "way_id": 168872486,
        "name": "名称未登録",
        "highway": "unclassified",
        "length_m": 46.459276280431304,
        "included": true
      },
      "geometry": {
        "type": "LineString",
        "coordinates": [
          [
            141.3114335,
            43.091807
          ],
          [
            141.3118051,
            43.0921247
          ]
        ]
      }
    },
    {
      "type": "Feature",
      "properties": {
        "task_id": "168872486:3:1800558663:13374785674",
        "way_id": 168872486,
        "name": "名称未登録",
        "highway": "unclassified",
        "length_m": 89.26004328071261,
        "included": true
      },
      "geometry": {
        "type": "LineString",
        "coordinates": [
          [
            141.3114335,
            43.091807
          ],
          [
            141.3107521,
            43.0911771
          ]
        ]
      }
    },
    {
      "type": "Feature",
      "properties": {
        "task_id": "168872486:3:13374785674:1800558663",
        "way_id": 168872486,
        "name": "名称未登録",
        "highway": "unclassified",
        "length_m": 89.26004328071261,
        "included": true
      },
      "geometry": {
        "type": "LineString",
        "coordinates": [
          [
            141.3107521,
            43.0911771
          ],
          [
            141.3114335,
            43.091807
          ]
        ]
      }
    },
    {
      "type": "Feature",
      "properties": {
        "task_id": "168872486:4:13374785674:13374785687",
        "way_id": 168872486,
        "name": "名称未登録",
        "highway": "unclassified",
        "length_m": 130.48351267262288,
        "included": true
      },
      "geometry": {
        "type": "LineString",
        "coordinates": [
          [
            141.3107521,
            43.0911771
          ],
          [
            141.309756,
            43.0902563
          ]
        ]
      }
    },
    {
      "type": "Feature",
      "properties": {
        "task_id": "168872486:4:13374785687:13374785674",
        "way_id": 168872486,
        "name": "名称未登録",
        "highway": "unclassified",
        "length_m": 130.48351267262288,
        "included": true
      },
      "geometry": {
        "type": "LineString",
        "coordinates": [
          [
            141.309756,
            43.0902563
          ],
          [
            141.3107521,
            43.0911771
          ]
        ]
      }
    },
    {
      "type": "Feature",
      "properties": {
        "task_id": "168872486:5:13374785687:1800558879",
        "way_id": 168872486,
        "name": "名称未登録",
        "highway": "unclassified",
        "length_m": 8.809829703339751,
        "included": true
      },
      "geometry": {
        "type": "LineString",
        "coordinates": [
          [
            141.309756,
            43.0902563
          ],
          [
            141.3096888,
            43.0901941
          ]
        ]
      }
    },
    {
      "type": "Feature",
      "properties": {
        "task_id": "168872486:5:1800558879:13374785687",
        "way_id": 168872486,
        "name": "名称未登録",
        "highway": "unclassified",
        "length_m": 8.809829703339751,
        "included": true
      },
      "geometry": {
        "type": "LineString",
        "coordinates": [
          [
            141.3096888,
            43.0901941
          ],
          [
            141.309756,
            43.0902563
          ]
        ]
      }
    },
    {
      "type": "Feature",
      "properties": {
        "task_id": "168872486:6:1800558879:2468023941",
        "way_id": 168872486,
        "name": "名称未登録",
        "highway": "unclassified",
        "length_m": 44.62137928994697,
        "included": true
      },
      "geometry": {
        "type": "LineString",
        "coordinates": [
          [
            141.3096888,
            43.0901941
          ],
          [
            141.3093397,
            43.0898842
          ]
        ]
      }
    },
    {
      "type": "Feature",
      "properties": {
        "task_id": "219227900:16:1800558879:1800601667",
        "way_id": 219227900,
        "name": "下手稲通",
        "highway": "secondary",
        "length_m": 52.14537828356873,
        "included": true
      },
      "geometry": {
        "type": "LineString",
        "coordinates": [
          [
            141.3096888,
            43.0901941
          ],
          [
            141.3091873,
            43.090487
          ]
        ]
      }
    },
    {
      "type": "Feature",
      "properties": {
        "task_id": "219227900:17:1800558879:1800558883",
        "way_id": 219227900,
        "name": "下手稲通",
        "highway": "secondary",
        "length_m": 70.75473523778678,
        "included": true
      },
      "geometry": {
        "type": "LineString",
        "coordinates": [
          [
            141.3096888,
            43.0901941
          ],
          [
            141.3103693,
            43.0897967
          ]
        ]
      }
    },
    {
      "type": "Feature",
      "properties": {
        "task_id": "168872486:6:2468023941:1800558879",
        "way_id": 168872486,
        "name": "名称未登録",
        "highway": "unclassified",
        "length_m": 44.62137928994697,
        "included": true
      },
      "geometry": {
        "type": "LineString",
        "coordinates": [
          [
            141.3093397,
            43.0898842
          ],
          [
            141.3096888,
            43.0901941
          ]
        ]
      }
    },
    {
      "type": "Feature",
      "properties": {
        "task_id": "168872486:7:2468023941:2468023870",
        "way_id": 168872486,
        "name": "名称未登録",
        "highway": "unclassified",
        "length_m": 33.983312470840175,
        "included": true
      },
      "geometry": {
        "type": "LineString",
        "coordinates": [
          [
            141.3093397,
            43.0898842
          ],
          [
            141.3090738,
            43.0896482
          ]
        ]
      }
    },
    {
      "type": "Feature",
      "properties": {
        "task_id": "168872486:7:2468023870:2468023941",
        "way_id": 168872486,
        "name": "名称未登録",
        "highway": "unclassified",
        "length_m": 33.983312470840175,
        "included": true
      },
      "geometry": {
        "type": "LineString",
        "coordinates": [
          [
            141.3090738,
            43.0896482
          ],
          [
            141.3093397,
            43.0898842
          ]
        ]
      }
    },
    {
      "type": "Feature",
      "properties": {
        "task_id": "168872486:8:2468023870:2468023789",
        "way_id": 168872486,
        "name": "名称未登録",
        "highway": "unclassified",
        "length_m": 33.83558602211902,
        "included": true
      },
      "geometry": {
        "type": "LineString",
        "coordinates": [
          [
            141.3090738,
            43.0896482
          ],
          [
            141.3088091,
            43.0894132
          ]
        ]
      }
    },
    {
      "type": "Feature",
      "properties": {
        "task_id": "238996723:0:2468023870:2468023959",
        "way_id": 238996723,
        "name": "名称未登録",
        "highway": "residential",
        "length_m": 51.24788644559061,
        "included": true
      },
      "geometry": {
        "type": "LineString",
        "coordinates": [
          [
            141.3090738,
            43.0896482
          ],
          [
            141.3085823,
            43.0899373
          ]
        ]
      }
    },
    {
      "type": "Feature",
      "properties": {
        "task_id": "168872486:8:2468023789:2468023870",
        "way_id": 168872486,
        "name": "名称未登録",
        "highway": "unclassified",
        "length_m": 33.83558602211902,
        "included": true
      },
      "geometry": {
        "type": "LineString",
        "coordinates": [
          [
            141.3088091,
            43.0894132
          ],
          [
            141.3090738,
            43.0896482
          ]
        ]
      }
    },
    {
      "type": "Feature",
      "properties": {
        "task_id": "168872486:9:2468023789:1800601634",
        "way_id": 168872486,
        "name": "名称未登録",
        "highway": "unclassified",
        "length_m": 46.79703378194142,
        "included": true
      },
      "geometry": {
        "type": "LineString",
        "coordinates": [
          [
            141.3088091,
            43.0894132
          ],
          [
            141.3084428,
            43.0890883
          ]
        ]
      }
    },
    {
      "type": "Feature",
      "properties": {
        "task_id": "168872486:9:1800601634:2468023789",
        "way_id": 168872486,
        "name": "名称未登録",
        "highway": "unclassified",
        "length_m": 46.79703378194142,
        "included": true
      },
      "geometry": {
        "type": "LineString",
        "coordinates": [
          [
            141.3084428,
            43.0890883
          ],
          [
            141.3088091,
            43.0894132
          ]
        ]
      }
    },
    {
      "type": "Feature",
      "properties": {
        "task_id": "168877055:1:1800601634:1800601748",
        "way_id": 168877055,
        "name": "名称未登録",
        "highway": "unclassified",
        "length_m": 13.825009562737309,
        "included": true
      },
      "geometry": {
        "type": "LineString",
        "coordinates": [
          [
            141.3084428,
            43.0890883
          ],
          [
            141.308311,
            43.089167
          ]
        ]
      }
    },
    {
      "type": "Feature",
      "properties": {
        "task_id": "168877055:2:1800601634:1800601695",
        "way_id": 168877055,
        "name": "名称未登録",
        "highway": "unclassified",
        "length_m": 20.870877071687836,
        "included": true
      },
      "geometry": {
        "type": "LineString",
        "coordinates": [
          [
            141.3084428,
            43.0890883
          ],
          [
            141.3086475,
            43.0889748
          ]
        ]
      }
    },
    {
      "type": "Feature",
      "properties": {
        "task_id": "168872492:0:1800558765:1800558691",
        "way_id": 168872492,
        "name": "名称未登録",
        "highway": "residential",
        "length_m": 122.16770464474256,
        "included": true
      },
      "geometry": {
        "type": "LineString",
        "coordinates": [
          [
            141.3123532,
            43.0916154
          ],
          [
            141.3132907,
            43.0924747
          ]
        ]
      }
    },
    {
      "type": "Feature",
      "properties": {
        "task_id": "168872492:1:1800558765:1800558699",
        "way_id": 168872492,
        "name": "名称未登録",
        "highway": "residential",
        "length_m": 136.6744808343073,
        "included": true
      },
      "geometry": {
        "type": "LineString",
        "coordinates": [
          [
            141.3123532,
            43.0916154
          ],
          [
            141.3113045,
            43.090654
          ]
        ]
      }
    },
    {
      "type": "Feature",
      "properties": {
        "task_id": "168872503:3:1800558765:1800558719",
        "way_id": 168872503,
        "name": "名称未登録",
        "highway": "unclassified",
        "length_m": 40.67586260719929,
        "included": true
      },
      "geometry": {
        "type": "LineString",
        "coordinates": [
          [
            141.3123532,
            43.0916154
          ],
          [
            141.3127415,
            43.0913843
          ]
        ]
      }
    },
    {
      "type": "Feature",
      "properties": {
        "task_id": "168872492:2:13374785663:1800558699",
        "way_id": 168872492,
        "name": "名称未登録",
        "highway": "residential",
        "length_m": 113.3051253388531,
        "included": true
      },
      "geometry": {
        "type": "LineString",
        "coordinates": [
          [
            141.3104351,
            43.089857
          ],
          [
            141.3113045,
            43.090654
          ]
        ]
      }
    },
    {
      "type": "Feature",
      "properties": {
        "task_id": "168872492:3:13374785663:1800558883",
        "way_id": 168872492,
        "name": "名称未登録",
        "highway": "residential",
        "length_m": 8.573672931867893,
        "included": true
      },
      "geometry": {
        "type": "LineString",
        "coordinates": [
          [
            141.3104351,
            43.089857
          ],
          [
            141.3103693,
            43.0897967
          ]
        ]
      }
    },
    {
      "type": "Feature",
      "properties": {
        "task_id": "168872492:3:1800558883:13374785663",
        "way_id": 168872492,
        "name": "名称未登録",
        "highway": "residential",
        "length_m": 8.573672931867893,
        "included": true
      },
      "geometry": {
        "type": "LineString",
        "coordinates": [
          [
            141.3103693,
            43.0897967
          ],
          [
            141.3104351,
            43.089857
          ]
        ]
      }
    },
    {
      "type": "Feature",
      "properties": {
        "task_id": "219227900:17:1800558883:1800558879",
        "way_id": 219227900,
        "name": "下手稲通",
        "highway": "secondary",
        "length_m": 70.75473523778678,
        "included": true
      },
      "geometry": {
        "type": "LineString",
        "coordinates": [
          [
            141.3103693,
            43.0897967
          ],
          [
            141.3096888,
            43.0901941
          ]
        ]
      }
    },
    {
      "type": "Feature",
      "properties": {
        "task_id": "219227900:18:1800558883:1800601790",
        "way_id": 219227900,
        "name": "下手稲通",
        "highway": "secondary",
        "length_m": 81.57301623556435,
        "included": true
      },
      "geometry": {
        "type": "LineString",
        "coordinates": [
          [
            141.3103693,
            43.0897967
          ],
          [
            141.3111538,
            43.0893385
          ]
        ]
      }
    },
    {
      "type": "Feature",
      "properties": {
        "task_id": "168872495:0:1800558719:1800558667",
        "way_id": 168872495,
        "name": "名称未登録",
        "highway": "unclassified",
        "length_m": 122.14549438592731,
        "included": true
      },
      "geometry": {
        "type": "LineString",
        "coordinates": [
          [
            141.3127415,
            43.0913843
          ],
          [
            141.3136955,
            43.0922336
          ]
        ]
      }
    },
    {
      "type": "Feature",
      "properties": {
        "task_id": "168872495:1:1800558719:13367628380",
        "way_id": 168872495,
        "name": "名称未登録",
        "highway": "unclassified",
        "length_m": 132.2584697674103,
        "included": true
      },
      "geometry": {
        "type": "LineString",
        "coordinates": [
          [
            141.3127415,
            43.0913843
          ],
          [
            141.3117365,
            43.0904483
          ]
        ]
      }
    },
    {
      "type": "Feature",
      "properties": {
        "task_id": "168872503:2:1800558719:1800558770",
        "way_id": 168872503,
        "name": "名称未登録",
        "highway": "unclassified",
        "length_m": 36.7356541055399,
        "included": true
      },
      "geometry": {
        "type": "LineString",
        "coordinates": [
          [
            141.3127415,
            43.0913843
          ],
          [
            141.3130922,
            43.0911756
          ]
        ]
      }
    },
    {
      "type": "Feature",
      "properties": {
        "task_id": "168872503:3:1800558719:1800558765",
        "way_id": 168872503,
        "name": "名称未登録",
        "highway": "unclassified",
        "length_m": 40.67586260719929,
        "included": true
      },
      "geometry": {
        "type": "LineString",
        "coordinates": [
          [
            141.3127415,
            43.0913843
          ],
          [
            141.3123532,
            43.0916154
          ]
        ]
      }
    },
    {
      "type": "Feature",
      "properties": {
        "task_id": "168872495:1:13367628380:1800558719",
        "way_id": 168872495,
        "name": "名称未登録",
        "highway": "unclassified",
        "length_m": 132.2584697674103,
        "included": true
      },
      "geometry": {
        "type": "LineString",
        "coordinates": [
          [
            141.3117365,
            43.0904483
          ],
          [
            141.3127415,
            43.0913843
          ]
        ]
      }
    },
    {
      "type": "Feature",
      "properties": {
        "task_id": "168872495:2:13367628380:1800558816",
        "way_id": 168872495,
        "name": "名称未登録",
        "highway": "unclassified",
        "length_m": 3.71931745668959,
        "included": true
      },
      "geometry": {
        "type": "LineString",
        "coordinates": [
          [
            141.3117365,
            43.0904483
          ],
          [
            141.3117082,
            43.090422
          ]
        ]
      }
    },
    {
      "type": "Feature",
      "properties": {
        "task_id": "168872498:1:1800558690:1800558794",
        "way_id": 168872498,
        "name": "名称未登録",
        "highway": "unclassified",
        "length_m": 23.987274661328506,
        "included": true
      },
      "geometry": {
        "type": "LineString",
        "coordinates": [
          [
            141.3071419,
            43.0945752
          ],
          [
            141.3069534,
            43.0944091
          ]
        ]
      }
    },
    {
      "type": "Feature",
      "properties": {
        "task_id": "168872514:1:1800558690:1800558732",
        "way_id": 168872514,
        "name": "名称未登録",
        "highway": "unclassified",
        "length_m": 45.32360844139497,
        "included": true
      },
      "geometry": {
        "type": "LineString",
        "coordinates": [
          [
            141.3071419,
            43.0945752
          ],
          [
            141.3075853,
            43.0943276
          ]
        ]
      }
    },
    {
      "type": "Feature",
      "properties": {
        "task_id": "168872498:3:1800558668:1800558677",
        "way_id": 168872498,
        "name": "名称未登録",
        "highway": "unclassified",
        "length_m": 126.40351858490793,
        "included": true
      },
      "geometry": {
        "type": "LineString",
        "coordinates": [
          [
            141.3052193,
            43.0928464
          ],
          [
            141.3061924,
            43.0937337
          ]
        ]
      }
    },
    {
      "type": "Feature",
      "properties": {
        "task_id": "219227900:5:1800558668:10050152675",
        "way_id": 219227900,
        "name": "下手稲通",
        "highway": "secondary",
        "length_m": 8.051431539968423,
        "included": true
      },
      "geometry": {
        "type": "LineString",
        "coordinates": [
          [
            141.3052193,
            43.0928464
          ],
          [
            141.3051425,
            43.0928922
          ]
        ]
      }
    },
    {
      "type": "Feature",
      "properties": {
        "task_id": "219227900:6:1800558668:1800558678",
        "way_id": 219227900,
        "name": "下手稲通",
        "highway": "secondary",
        "length_m": 45.98705238671185,
        "included": true
      },
      "geometry": {
        "type": "LineString",
        "coordinates": [
          [
            141.3052193,
            43.0928464
          ],
          [
            141.3056575,
            43.0925844
          ]
        ]
      }
    },
    {
      "type": "Feature",
      "properties": {
        "task_id": "168872499:0:1800558829:1800558739",
        "way_id": 168872499,
        "name": "名称未登録",
        "highway": "unclassified",
        "length_m": 45.32904029395555,
        "included": true
      },
      "geometry": {
        "type": "LineString",
        "coordinates": [
          [
            141.3109105,
            43.0926816
          ],
          [
            141.3104784,
            43.0929397
          ]
        ]
      }
    },
    {
      "type": "Feature",
      "properties": {
        "task_id": "168872538:0:1800558829:1800558733",
        "way_id": 168872538,
        "name": "名称未登録",
        "highway": "unclassified",
        "length_m": 104.36993234003629,
        "included": true
      },
      "geometry": {
        "type": "LineString",
        "coordinates": [
          [
            141.3109105,
            43.0926816
          ],
          [
            141.3117106,
            43.0934162
          ]
        ]
      }
    },
    {
      "type": "Feature",
      "properties": {
        "task_id": "168872538:1:1800558829:1800558793",
        "way_id": 168872538,
        "name": "名称未登録",
        "highway": "unclassified",
        "length_m": 83.62791523955931,
        "included": true
      },
      "geometry": {
        "type": "LineString",
        "coordinates": [
          [
            141.3109105,
            43.0926816
          ],
          [
            141.3102694,
            43.092093
          ]
        ]
      }
    },
    {
      "type": "Feature",
      "properties": {
        "task_id": "168872501:2:1800558696:1800558868",
        "way_id": 168872501,
        "name": "名称未登録",
        "highway": "unclassified",
        "length_m": 61.9125912166919,
        "included": true
      },
      "geometry": {
        "type": "LineString",
        "coordinates": [
          [
            141.3051038,
            43.0936712
          ],
          [
            141.305584,
            43.0941037
          ]
        ]
      }
    },
    {
      "type": "Feature",
      "properties": {
        "task_id": "168872501:3:1800558696:1800558683",
        "way_id": 168872501,
        "name": "名称未登録",
        "highway": "unclassified",
        "length_m": 66.04698264156006,
        "included": true
      },
      "geometry": {
        "type": "LineString",
        "coordinates": [
          [
            141.3051038,
            43.0936712
          ],
          [
            141.3045984,
            43.0932058
          ]
        ]
      }
    },
    {
      "type": "Feature",
      "properties": {
        "task_id": "168872501:3:1800558683:1800558696",
        "way_id": 168872501,
        "name": "名称未登録",
        "highway": "unclassified",
        "length_m": 66.04698264156006,
        "included": true
      },
      "geometry": {
        "type": "LineString",
        "coordinates": [
          [
            141.3045984,
            43.0932058
          ],
          [
            141.3051038,
            43.0936712
          ]
        ]
      }
    },
    {
      "type": "Feature",
      "properties": {
        "task_id": "219227900:3:1800558683:2310745237",
        "way_id": 219227900,
        "name": "下手稲通",
        "highway": "secondary",
        "length_m": 14.414587932313397,
        "included": true
      },
      "geometry": {
        "type": "LineString",
        "coordinates": [
          [
            141.3045984,
            43.0932058
          ],
          [
            141.3044598,
            43.0932868
          ]
        ]
      }
    },
    {
      "type": "Feature",
      "properties": {
        "task_id": "219227900:4:1800558683:10050152675",
        "way_id": 219227900,
        "name": "下手稲通",
        "highway": "secondary",
        "length_m": 56.28417992520412,
        "included": true
      },
      "geometry": {
        "type": "LineString",
        "coordinates": [
          [
            141.3045984,
            43.0932058
          ],
          [
            141.3051425,
            43.0928922
          ]
        ]
      }
    },
    {
      "type": "Feature",
      "properties": {
        "task_id": "168872503:0:13367628373:1800558735",
        "way_id": 168872503,
        "name": "名称未登録",
        "highway": "unclassified",
        "length_m": 3.973243621180857,
        "included": true
      },
      "geometry": {
        "type": "LineString",
        "coordinates": [
          [
            141.3134322,
            43.0909733
          ],
          [
            141.3134701,
            43.0909507
          ]
        ]
      }
    },
    {
      "type": "Feature",
      "properties": {
        "task_id": "168872503:1:13367628373:1800558770",
        "way_id": 168872503,
        "name": "名称未登録",
        "highway": "unclassified",
        "length_m": 35.612624885547476,
        "included": true
      },
      "geometry": {
        "type": "LineString",
        "coordinates": [
          [
            141.3134322,
            43.0909733
          ],
          [
            141.3130922,
            43.0911756
          ]
        ]
      }
    },
    {
      "type": "Feature",
      "properties": {
        "task_id": "168872503:1:1800558770:13367628373",
        "way_id": 168872503,
        "name": "名称未登録",
        "highway": "unclassified",
        "length_m": 35.612624885547476,
        "included": true
      },
      "geometry": {
        "type": "LineString",
        "coordinates": [
          [
            141.3130922,
            43.0911756
          ],
          [
            141.3134322,
            43.0909733
          ]
        ]
      }
    },
    {
      "type": "Feature",
      "properties": {
        "task_id": "168872503:2:1800558770:1800558719",
        "way_id": 168872503,
        "name": "名称未登録",
        "highway": "unclassified",
        "length_m": 36.7356541055399,
        "included": true
      },
      "geometry": {
        "type": "LineString",
        "coordinates": [
          [
            141.3130922,
            43.0911756
          ],
          [
            141.3127415,
            43.0913843
          ]
        ]
      }
    },
    {
      "type": "Feature",
      "properties": {
        "task_id": "168872510:0:1800558770:1800558741",
        "way_id": 168872510,
        "name": "名称未登録",
        "highway": "unclassified",
        "length_m": 122.11432806423821,
        "included": true
      },
      "geometry": {
        "type": "LineString",
        "coordinates": [
          [
            141.3130922,
            43.0911756
          ],
          [
            141.3140414,
            43.0920274
          ]
        ]
      }
    },
    {
      "type": "Feature",
      "properties": {
        "task_id": "168872510:1:1800558770:13367628377",
        "way_id": 168872510,
        "name": "名称未登録",
        "highway": "unclassified",
        "length_m": 131.56994183797812,
        "included": true
      },
      "geometry": {
        "type": "LineString",
        "coordinates": [
          [
            141.3130922,
            43.0911756
          ],
          [
            141.3120896,
            43.0902461
          ]
        ]
      }
    },
    {
      "type": "Feature",
      "properties": {
        "task_id": "168872507:0:1800558896:1800558760",
        "way_id": 168872507,
        "name": "名称未登録",
        "highway": "unclassified",
        "length_m": 20.27143075587994,
        "included": true
      },
      "geometry": {
        "type": "LineString",
        "coordinates": [
          [
            141.3097564,
            43.0915839
          ],
          [
            141.3095566,
            43.0916932
          ]
        ]
      }
    },
    {
      "type": "Feature",
      "properties": {
        "task_id": "168872510:1:13367628377:1800558770",
        "way_id": 168872510,
        "name": "名称未登録",
        "highway": "unclassified",
        "length_m": 131.56994183797812,
        "included": true
      },
      "geometry": {
        "type": "LineString",
        "coordinates": [
          [
            141.3120896,
            43.0902461
          ],
          [
            141.3130922,
            43.0911756
          ]
        ]
      }
    },
    {
      "type": "Feature",
      "properties": {
        "task_id": "168872510:2:13367628377:1800558752",
        "way_id": 168872510,
        "name": "名称未登録",
        "highway": "unclassified",
        "length_m": 3.7931433497464284,
        "included": true
      },
      "geometry": {
        "type": "LineString",
        "coordinates": [
          [
            141.3120896,
            43.0902461
          ],
          [
            141.3120607,
            43.0902193
          ]
        ]
      }
    },
    {
      "type": "Feature",
      "properties": {
        "task_id": "168872511:0:1800558843:1800558922",
        "way_id": 168872511,
        "name": "名称未登録",
        "highway": "residential",
        "length_m": 19.61827079889561,
        "included": true
      },
      "geometry": {
        "type": "LineString",
        "coordinates": [
          [
            141.3087694,
            43.0934086
          ],
          [
            141.3089182,
            43.0935476
          ]
        ]
      }
    },
    {
      "type": "Feature",
      "properties": {
        "task_id": "168872511:1:1800558843:1800558702",
        "way_id": 168872511,
        "name": "名称未登録",
        "highway": "residential",
        "length_m": 37.797932118421336,
        "included": true
      },
      "geometry": {
        "type": "LineString",
        "coordinates": [
          [
            141.3087694,
            43.0934086
          ],
          [
            141.3084827,
            43.0931408
          ]
        ]
      }
    },
    {
      "type": "Feature",
      "properties": {
        "task_id": "168872511:1:1800558702:1800558843",
        "way_id": 168872511,
        "name": "名称未登録",
        "highway": "residential",
        "length_m": 37.797932118421336,
        "included": true
      },
      "geometry": {
        "type": "LineString",
        "coordinates": [
          [
            141.3084827,
            43.0931408
          ],
          [
            141.3087694,
            43.0934086
          ]
        ]
      }
    },
    {
      "type": "Feature",
      "properties": {
        "task_id": "168872511:2:1800558702:1800558749",
        "way_id": 168872511,
        "name": "名称未登録",
        "highway": "residential",
        "length_m": 40.27124070274271,
        "included": true
      },
      "geometry": {
        "type": "LineString",
        "coordinates": [
          [
            141.3084827,
            43.0931408
          ],
          [
            141.3081772,
            43.0928555
          ]
        ]
      }
    },
    {
      "type": "Feature",
      "properties": {
        "task_id": "168872511:4:13374866929:1800558682",
        "way_id": 168872511,
        "name": "名称未登録",
        "highway": "residential",
        "length_m": 5.506954069991517,
        "included": true
      },
      "geometry": {
        "type": "LineString",
        "coordinates": [
          [
            141.3079517,
            43.0926449
          ],
          [
            141.3079935,
            43.0926839
          ]
        ]
      }
    },
    {
      "type": "Feature",
      "properties": {
        "task_id": "168872511:5:13374866929:13374785682",
        "way_id": 168872511,
        "name": "名称未登録",
        "highway": "residential",
        "length_m": 114.93952511793108,
        "included": true
      },
      "geometry": {
        "type": "LineString",
        "coordinates": [
          [
            141.3079517,
            43.0926449
          ],
          [
            141.3070798,
            43.0918306
          ]
        ]
      }
    },
    {
      "type": "Feature",
      "properties": {
        "task_id": "168872511:5:13374785682:13374866929",
        "way_id": 168872511,
        "name": "名称未登録",
        "highway": "residential",
        "length_m": 114.93952511793108,
        "included": true
      },
      "geometry": {
        "type": "LineString",
        "coordinates": [
          [
            141.3070798,
            43.0918306
          ],
          [
            141.3079517,
            43.0926449
          ]
        ]
      }
    },
    {
      "type": "Feature",
      "properties": {
        "task_id": "168872511:6:13374785682:1800558672",
        "way_id": 168872511,
        "name": "名称未登録",
        "highway": "residential",
        "length_m": 6.490286406953307,
        "included": true
      },
      "geometry": {
        "type": "LineString",
        "coordinates": [
          [
            141.3070798,
            43.0918306
          ],
          [
            141.3070306,
            43.0917846
          ]
        ]
      }
    },
    {
      "type": "Feature",
      "properties": {
        "task_id": "168872511:6:1800558672:13374785682",
        "way_id": 168872511,
        "name": "名称未登録",
        "highway": "residential",
        "length_m": 6.490286406953307,
        "included": true
      },
      "geometry": {
        "type": "LineString",
        "coordinates": [
          [
            141.3070306,
            43.0917846
          ],
          [
            141.3070798,
            43.0918306
          ]
        ]
      }
    },
    {
      "type": "Feature",
      "properties": {
        "task_id": "219227900:11:1800558672:2310745235",
        "way_id": 219227900,
        "name": "下手稲通",
        "highway": "secondary",
        "length_m": 8.755902011411942,
        "included": true
      },
      "geometry": {
        "type": "LineString",
        "coordinates": [
          [
            141.3070306,
            43.0917846
          ],
          [
            141.3069463,
            43.0918337
          ]
        ]
      }
    },
    {
      "type": "Feature",
      "properties": {
        "task_id": "219227900:12:1800558672:1800558763",
        "way_id": 219227900,
        "name": "下手稲通",
        "highway": "secondary",
        "length_m": 87.20374059638874,
        "included": true
      },
      "geometry": {
        "type": "LineString",
        "coordinates": [
          [
            141.3070306,
            43.0917846
          ],
          [
            141.3078543,
            43.0912814
          ]
        ]
      }
    },
    {
      "type": "Feature",
      "properties": {
        "task_id": "168872538:1:1800558793:1800558829",
        "way_id": 168872538,
        "name": "名称未登録",
        "highway": "unclassified",
        "length_m": 83.62791523955931,
        "included": true
      },
      "geometry": {
        "type": "LineString",
        "coordinates": [
          [
            141.3102694,
            43.092093
          ],
          [
            141.3109105,
            43.0926816
          ]
        ]
      }
    },
    {
      "type": "Feature",
      "properties": {
        "task_id": "168872538:2:1800558793:1800558673",
        "way_id": 168872538,
        "name": "名称未登録",
        "highway": "unclassified",
        "length_m": 17.770878001683563,
        "included": true
      },
      "geometry": {
        "type": "LineString",
        "coordinates": [
          [
            141.3102694,
            43.092093
          ],
          [
            141.3100961,
            43.0921906
          ]
        ]
      }
    },
    {
      "type": "Feature",
      "properties": {
        "task_id": "168875418:16:13391807922:1800588108",
        "way_id": 168875418,
        "name": "名称未登録",
        "highway": "residential",
        "length_m": 8.343200173589267,
        "included": true
      },
      "geometry": {
        "type": "LineString",
        "coordinates": [
          [
            141.3026168,
            43.0944665
          ],
          [
            141.3025528,
            43.0944078
          ]
        ]
      }
    },
    {
      "type": "Feature",
      "properties": {
        "task_id": "168875418:16:1800588108:13391807922",
        "way_id": 168875418,
        "name": "名称未登録",
        "highway": "residential",
        "length_m": 8.343200173589267,
        "included": true
      },
      "geometry": {
        "type": "LineString",
        "coordinates": [
          [
            141.3025528,
            43.0944078
          ],
          [
            141.3026168,
            43.0944665
          ]
        ]
      }
    },
    {
      "type": "Feature",
      "properties": {
        "task_id": "1095398417:6:1800588108:1801255349",
        "way_id": 1095398417,
        "name": "下手稲通",
        "highway": "secondary",
        "length_m": 22.845264213499064,
        "included": true
      },
      "geometry": {
        "type": "LineString",
        "coordinates": [
          [
            141.3025528,
            43.0944078
          ],
          [
            141.3023336,
            43.0945366
          ]
        ]
      }
    },
    {
      "type": "Feature",
      "properties": {
        "task_id": "1095398417:7:1800588108:370366917",
        "way_id": 1095398417,
        "name": "下手稲通",
        "highway": "secondary",
        "length_m": 82.243387317247,
        "included": true
      },
      "geometry": {
        "type": "LineString",
        "coordinates": [
          [
            141.3025528,
            43.0944078
          ],
          [
            141.3033388,
            43.0939413
          ]
        ]
      }
    },
    {
      "type": "Feature",
      "properties": {
        "task_id": "168877045:7:1800615324:1800640417",
        "way_id": 168877045,
        "name": "名称未登録",
        "highway": "residential",
        "length_m": 56.63164608003019,
        "included": true
      },
      "geometry": {
        "type": "LineString",
        "coordinates": [
          [
            141.3062032,
            43.0850377
          ],
          [
            141.3066429,
            43.085433
          ]
        ]
      }
    },
    {
      "type": "Feature",
      "properties": {
        "task_id": "168877045:7:1800640417:1800615324",
        "way_id": 168877045,
        "name": "名称未登録",
        "highway": "residential",
        "length_m": 56.63164608003019,
        "included": true
      },
      "geometry": {
        "type": "LineString",
        "coordinates": [
          [
            141.3066429,
            43.085433
          ],
          [
            141.3062032,
            43.0850377
          ]
        ]
      }
    },
    {
      "type": "Feature",
      "properties": {
        "task_id": "168877045:8:1800640417:1800601818",
        "way_id": 168877045,
        "name": "名称未登録",
        "highway": "residential",
        "length_m": 42.65264764097328,
        "included": true
      },
      "geometry": {
        "type": "LineString",
        "coordinates": [
          [
            141.3066429,
            43.085433
          ],
          [
            141.3069736,
            43.085731
          ]
        ]
      }
    },
    {
      "type": "Feature",
      "properties": {
        "task_id": "168877045:8:1800601818:1800640417",
        "way_id": 168877045,
        "name": "名称未登録",
        "highway": "residential",
        "length_m": 42.65264764097328,
        "included": true
      },
      "geometry": {
        "type": "LineString",
        "coordinates": [
          [
            141.3069736,
            43.085731
          ],
          [
            141.3066429,
            43.085433
          ]
        ]
      }
    },
    {
      "type": "Feature",
      "properties": {
        "task_id": "168877050:0:1800601818:1800640462",
        "way_id": 168877050,
        "name": "名称未登録",
        "highway": "residential",
        "length_m": 8.377713831192796,
        "included": true
      },
      "geometry": {
        "type": "LineString",
        "coordinates": [
          [
            141.3069736,
            43.085731
          ],
          [
            141.3070585,
            43.0856882
          ]
        ]
      }
    },
    {
      "type": "Feature",
      "properties": {
        "task_id": "168881960:6:1800601818:14003491454",
        "way_id": 168881960,
        "name": "名称未登録",
        "highway": "residential",
        "length_m": 6.683174415928251,
        "included": true
      },
      "geometry": {
        "type": "LineString",
        "coordinates": [
          [
            141.3069736,
            43.085731
          ],
          [
            141.3069171,
            43.0857747
          ]
        ]
      }
    },
    {
      "type": "Feature",
      "properties": {
        "task_id": "168877046:0:1800601628:13374866828",
        "way_id": 168877046,
        "name": "名称未登録",
        "highway": "unclassified",
        "length_m": 10.126414109573354,
        "included": true
      },
      "geometry": {
        "type": "LineString",
        "coordinates": [
          [
            141.3144354,
            43.0874264
          ],
          [
            141.3143568,
            43.0873557
          ]
        ]
      }
    },
    {
      "type": "Feature",
      "properties": {
        "task_id": "219227900:32:1800601628:1781601632",
        "way_id": 219227900,
        "name": "下手稲通",
        "highway": "secondary",
        "length_m": 17.332673169993203,
        "included": true
      },
      "geometry": {
        "type": "LineString",
        "coordinates": [
          [
            141.3144354,
            43.0874264
          ],
          [
            141.3142692,
            43.0875242
          ]
        ]
      }
    },
    {
      "type": "Feature",
      "properties": {
        "task_id": "168877046:0:13374866828:1800601628",
        "way_id": 168877046,
        "name": "名称未登録",
        "highway": "unclassified",
        "length_m": 10.126414109573354,
        "included": true
      },
      "geometry": {
        "type": "LineString",
        "coordinates": [
          [
            141.3143568,
            43.0873557
          ],
          [
            141.3144354,
            43.0874264
          ]
        ]
      }
    },
    {
      "type": "Feature",
      "properties": {
        "task_id": "168877046:1:13374866828:1800601686",
        "way_id": 168877046,
        "name": "名称未登録",
        "highway": "unclassified",
        "length_m": 31.424052757095673,
        "included": true
      },
      "geometry": {
        "type": "LineString",
        "coordinates": [
          [
            141.3143568,
            43.0873557
          ],
          [
            141.3141129,
            43.0871363
          ]
        ]
      }
    },
    {
      "type": "Feature",
      "properties": {
        "task_id": "168877046:1:1800601686:13374866828",
        "way_id": 168877046,
        "name": "名称未登録",
        "highway": "unclassified",
        "length_m": 31.424052757095673,
        "included": true
      },
      "geometry": {
        "type": "LineString",
        "coordinates": [
          [
            141.3141129,
            43.0871363
          ],
          [
            141.3143568,
            43.0873557
          ]
        ]
      }
    },
    {
      "type": "Feature",
      "properties": {
        "task_id": "168877046:2:1800601686:1800601778",
        "way_id": 168877046,
        "name": "名称未登録",
        "highway": "unclassified",
        "length_m": 54.57758319369701,
        "included": true
      },
      "geometry": {
        "type": "LineString",
        "coordinates": [
          [
            141.3141129,
            43.0871363
          ],
          [
            141.3136892,
            43.0867553
          ]
        ]
      }
    },
    {
      "type": "Feature",
      "properties": {
        "task_id": "168877053:0:1800601686:1800601682",
        "way_id": 168877053,
        "name": "名称未登録",
        "highway": "unclassified",
        "length_m": 40.408302278774165,
        "included": true
      },
      "geometry": {
        "type": "LineString",
        "coordinates": [
          [
            141.3141129,
            43.0871363
          ],
          [
            141.3137214,
            43.0873606
          ]
        ]
      }
    },
    {
      "type": "Feature",
      "properties": {
        "task_id": "168877046:2:1800601778:1800601686",
        "way_id": 168877046,
        "name": "名称未登録",
        "highway": "unclassified",
        "length_m": 54.57758319369701,
        "included": true
      },
      "geometry": {
        "type": "LineString",
        "coordinates": [
          [
            141.3136892,
            43.0867553
          ],
          [
            141.3141129,
            43.0871363
          ]
        ]
      }
    },
    {
      "type": "Feature",
      "properties": {
        "task_id": "168877046:3:1800601778:1800601651",
        "way_id": 168877046,
        "name": "名称未登録",
        "highway": "unclassified",
        "length_m": 39.8210105027871,
        "included": true
      },
      "geometry": {
        "type": "LineString",
        "coordinates": [
          [
            141.3136892,
            43.0867553
          ],
          [
            141.3133096,
            43.086982
          ]
        ]
      }
    },
    {
      "type": "Feature",
      "properties": {
        "task_id": "168877048:0:1800601778:13374866840",
        "way_id": 168877048,
        "name": "名称未登録",
        "highway": "unclassified",
        "length_m": 4.342744200392228,
        "included": true
      },
      "geometry": {
        "type": "LineString",
        "coordinates": [
          [
            141.3136892,
            43.0867553
          ],
          [
            141.3137316,
            43.0867315
          ]
        ]
      }
    },
    {
      "type": "Feature",
      "properties": {
        "task_id": "1458363795:2:1800601778:13374866846",
        "way_id": 1458363795,
        "name": "名称未登録",
        "highway": "residential",
        "length_m": 44.35822144543976,
        "included": true
      },
      "geometry": {
        "type": "LineString",
        "coordinates": [
          [
            141.3136892,
            43.0867553
          ],
          [
            141.3133444,
            43.0864459
          ]
        ]
      }
    },
    {
      "type": "Feature",
      "properties": {
        "task_id": "168877046:3:1800601651:1800601778",
        "way_id": 168877046,
        "name": "名称未登録",
        "highway": "unclassified",
        "length_m": 39.8210105027871,
        "included": true
      },
      "geometry": {
        "type": "LineString",
        "coordinates": [
          [
            141.3133096,
            43.086982
          ],
          [
            141.3136892,
            43.0867553
          ]
        ]
      }
    },
    {
      "type": "Feature",
      "properties": {
        "task_id": "168877046:4:1800601651:1800601723",
        "way_id": 168877046,
        "name": "名称未登録",
        "highway": "unclassified",
        "length_m": 44.73316102298711,
        "included": true
      },
      "geometry": {
        "type": "LineString",
        "coordinates": [
          [
            141.3133096,
            43.086982
          ],
          [
            141.3128831,
            43.0872366
          ]
        ]
      }
    },
    {
      "type": "Feature",
      "properties": {
        "task_id": "168877053:2:1800601651:1800601663",
        "way_id": 168877053,
        "name": "名称未登録",
        "highway": "unclassified",
        "length_m": 34.60573011849863,
        "included": true
      },
      "geometry": {
        "type": "LineString",
        "coordinates": [
          [
            141.3133096,
            43.086982
          ],
          [
            141.3135708,
            43.0872279
          ]
        ]
      }
    },
    {
      "type": "Feature",
      "properties": {
        "task_id": "168877046:4:1800601723:1800601651",
        "way_id": 168877046,
        "name": "名称未登録",
        "highway": "unclassified",
        "length_m": 44.73316102298711,
        "included": true
      },
      "geometry": {
        "type": "LineString",
        "coordinates": [
          [
            141.3128831,
            43.0872366
          ],
          [
            141.3133096,
            43.086982
          ]
        ]
      }
    },
    {
      "type": "Feature",
      "properties": {
        "task_id": "168877046:5:1800601723:1800601811",
        "way_id": 168877046,
        "name": "名称未登録",
        "highway": "unclassified",
        "length_m": 38.244345534634434,
        "included": true
      },
      "geometry": {
        "type": "LineString",
        "coordinates": [
          [
            141.3128831,
            43.0872366
          ],
          [
            141.3125185,
            43.0874543
          ]
        ]
      }
    },
    {
      "type": "Feature",
      "properties": {
        "task_id": "168877078:0:1800601723:1800601776",
        "way_id": 168877078,
        "name": "名称未登録",
        "highway": "unclassified",
        "length_m": 36.05618261501016,
        "included": true
      },
      "geometry": {
        "type": "LineString",
        "coordinates": [
          [
            141.3128831,
            43.0872366
          ],
          [
            141.3131652,
            43.087487
          ]
        ]
      }
    },
    {
      "type": "Feature",
      "properties": {
        "task_id": "168877046:5:1800601811:1800601723",
        "way_id": 168877046,
        "name": "名称未登録",
        "highway": "unclassified",
        "length_m": 38.244345534634434,
        "included": true
      },
      "geometry": {
        "type": "LineString",
        "coordinates": [
          [
            141.3125185,
            43.0874543
          ],
          [
            141.3128831,
            43.0872366
          ]
        ]
      }
    },
    {
      "type": "Feature",
      "properties": {
        "task_id": "168877046:6:1800601811:1800601809",
        "way_id": 168877046,
        "name": "名称未登録",
        "highway": "unclassified",
        "length_m": 53.57176284648946,
        "included": true
      },
      "geometry": {
        "type": "LineString",
        "coordinates": [
          [
            141.3125185,
            43.0874543
          ],
          [
            141.3120045,
            43.0877563
          ]
        ]
      }
    },
    {
      "type": "Feature",
      "properties": {
        "task_id": "168877052:2:1800601811:1800601633",
        "way_id": 168877052,
        "name": "名称未登録",
        "highway": "residential",
        "length_m": 38.815233400265285,
        "included": true
      },
      "geometry": {
        "type": "LineString",
        "coordinates": [
          [
            141.3125185,
            43.0874543
          ],
          [
            141.3128174,
            43.0877267
          ]
        ]
      }
    },
    {
      "type": "Feature",
      "properties": {
        "task_id": "168877052:3:1800601811:1800601741",
        "way_id": 168877052,
        "name": "名称未登録",
        "highway": "residential",
        "length_m": 29.825897913512495,
        "included": true
      },
      "geometry": {
        "type": "LineString",
        "coordinates": [
          [
            141.3125185,
            43.0874543
          ],
          [
            141.3122888,
            43.087245
          ]
        ]
      }
    },
    {
      "type": "Feature",
      "properties": {
        "task_id": "168877046:6:1800601809:1800601811",
        "way_id": 168877046,
        "name": "名称未登録",
        "highway": "unclassified",
        "length_m": 53.57176284648946,
        "included": true
      },
      "geometry": {
        "type": "LineString",
        "coordinates": [
          [
            141.3120045,
            43.0877563
          ],
          [
            141.3125185,
            43.0874543
          ]
        ]
      }
    },
    {
      "type": "Feature",
      "properties": {
        "task_id": "168877046:7:1800601809:1800601639",
        "way_id": 168877046,
        "name": "名称未登録",
        "highway": "unclassified",
        "length_m": 48.109356820031046,
        "included": true
      },
      "geometry": {
        "type": "LineString",
        "coordinates": [
          [
            141.3120045,
            43.0877563
          ],
          [
            141.3115429,
            43.0880275
          ]
        ]
      }
    },
    {
      "type": "Feature",
      "properties": {
        "task_id": "168877056:0:1800601809:1800601640",
        "way_id": 168877056,
        "name": "名称未登録",
        "highway": "unclassified",
        "length_m": 94.2518742537109,
        "included": true
      },
      "geometry": {
        "type": "LineString",
        "coordinates": [
          [
            141.3120045,
            43.0877563
          ],
          [
            141.3127348,
            43.0884151
          ]
        ]
      }
    },
    {
      "type": "Feature",
      "properties": {
        "task_id": "168877056:1:1800601809:1800601710",
        "way_id": 168877056,
        "name": "名称未登録",
        "highway": "unclassified",
        "length_m": 31.30129493735067,
        "included": true
      },
      "geometry": {
        "type": "LineString",
        "coordinates": [
          [
            141.3120045,
            43.0877563
          ],
          [
            141.3117668,
            43.0875347
          ]
        ]
      }
    },
    {
      "type": "Feature",
      "properties": {
        "task_id": "168877046:7:1800601639:1800601809",
        "way_id": 168877046,
        "name": "名称未登録",
        "highway": "unclassified",
        "length_m": 48.109356820031046,
        "included": true
      },
      "geometry": {
        "type": "LineString",
        "coordinates": [
          [
            141.3115429,
            43.0880275
          ],
          [
            141.3120045,
            43.0877563
          ]
        ]
      }
    },
    {
      "type": "Feature",
      "properties": {
        "task_id": "168877064:0:1800601639:1800601731",
        "way_id": 168877064,
        "name": "名称未登録",
        "highway": "unclassified",
        "length_m": 94.11545900310068,
        "included": true
      },
      "geometry": {
        "type": "LineString",
        "coordinates": [
          [
            141.3115429,
            43.0880275
          ],
          [
            141.312269,
            43.0886872
          ]
        ]
      }
    },
    {
      "type": "Feature",
      "properties": {
        "task_id": "168877064:1:1800601639:1800601649",
        "way_id": 168877064,
        "name": "名称未登録",
        "highway": "unclassified",
        "length_m": 90.31981704517275,
        "included": true
      },
      "geometry": {
        "type": "LineString",
        "coordinates": [
          [
            141.3115429,
            43.0880275
          ],
          [
            141.3108461,
            43.0873944
          ]
        ]
      }
    },
    {
      "type": "Feature",
      "properties": {
        "task_id": "168877047:0:1800601663:1800601832",
        "way_id": 168877047,
        "name": "名称未登録",
        "highway": "unclassified",
        "length_m": 38.93235516917401,
        "included": true
      },
      "geometry": {
        "type": "LineString",
        "coordinates": [
          [
            141.3135708,
            43.0872279
          ],
          [
            141.3131903,
            43.0874409
          ]
        ]
      }
    },
    {
      "type": "Feature",
      "properties": {
        "task_id": "168877053:1:1800601663:1800601682",
        "way_id": 168877053,
        "name": "名称未登録",
        "highway": "unclassified",
        "length_m": 19.164963644366726,
        "included": true
      },
      "geometry": {
        "type": "LineString",
        "coordinates": [
          [
            141.3135708,
            43.0872279
          ],
          [
            141.3137214,
            43.0873606
          ]
        ]
      }
    },
    {
      "type": "Feature",
      "properties": {
        "task_id": "168877053:2:1800601663:1800601651",
        "way_id": 168877053,
        "name": "名称未登録",
        "highway": "unclassified",
        "length_m": 34.60573011849863,
        "included": true
      },
      "geometry": {
        "type": "LineString",
        "coordinates": [
          [
            141.3135708,
            43.0872279
          ],
          [
            141.3133096,
            43.086982
          ]
        ]
      }
    },
    {
      "type": "Feature",
      "properties": {
        "task_id": "168877047:0:1800601832:1800601663",
        "way_id": 168877047,
        "name": "名称未登録",
        "highway": "unclassified",
        "length_m": 38.93235516917401,
        "included": true
      },
      "geometry": {
        "type": "LineString",
        "coordinates": [
          [
            141.3131903,
            43.0874409
          ],
          [
            141.3135708,
            43.0872279
          ]
        ]
      }
    },
    {
      "type": "Feature",
      "properties": {
        "task_id": "168877047:1:1800601832:1800601776",
        "way_id": 168877047,
        "name": "名称未登録",
        "highway": "unclassified",
        "length_m": 5.51647427845895,
        "included": true
      },
      "geometry": {
        "type": "LineString",
        "coordinates": [
          [
            141.3131903,
            43.0874409
          ],
          [
            141.3131652,
            43.087487
          ]
        ]
      }
    },
    {
      "type": "Feature",
      "properties": {
        "task_id": "168877047:1:1800601776:1800601832",
        "way_id": 168877047,
        "name": "名称未登録",
        "highway": "unclassified",
        "length_m": 5.51647427845895,
        "included": true
      },
      "geometry": {
        "type": "LineString",
        "coordinates": [
          [
            141.3131652,
            43.087487
          ],
          [
            141.3131903,
            43.0874409
          ]
        ]
      }
    },
    {
      "type": "Feature",
      "properties": {
        "task_id": "168877047:2:1800601776:1800601813",
        "way_id": 168877047,
        "name": "名称未登録",
        "highway": "unclassified",
        "length_m": 5.4588122499485765,
        "included": true
      },
      "geometry": {
        "type": "LineString",
        "coordinates": [
          [
            141.3131652,
            43.087487
          ],
          [
            141.3131403,
            43.0875326
          ]
        ]
      }
    },
    {
      "type": "Feature",
      "properties": {
        "task_id": "168877078:0:1800601776:1800601723",
        "way_id": 168877078,
        "name": "名称未登録",
        "highway": "unclassified",
        "length_m": 36.05618261501016,
        "included": true
      },
      "geometry": {
        "type": "LineString",
        "coordinates": [
          [
            141.3131652,
            43.087487
          ],
          [
            141.3128831,
            43.0872366
          ]
        ]
      }
    },
    {
      "type": "Feature",
      "properties": {
        "task_id": "168877047:2:1800601813:1800601776",
        "way_id": 168877047,
        "name": "名称未登録",
        "highway": "unclassified",
        "length_m": 5.4588122499485765,
        "included": true
      },
      "geometry": {
        "type": "LineString",
        "coordinates": [
          [
            141.3131403,
            43.0875326
          ],
          [
            141.3131652,
            43.087487
          ]
        ]
      }
    },
    {
      "type": "Feature",
      "properties": {
        "task_id": "168877047:3:1800601813:1800601633",
        "way_id": 168877047,
        "name": "名称未登録",
        "highway": "unclassified",
        "length_m": 33.961766509007305,
        "included": true
      },
      "geometry": {
        "type": "LineString",
        "coordinates": [
          [
            141.3131403,
            43.0875326
          ],
          [
            141.3128174,
            43.0877267
          ]
        ]
      }
    },
    {
      "type": "Feature",
      "properties": {
        "task_id": "168877047:3:1800601633:1800601813",
        "way_id": 168877047,
        "name": "名称未登録",
        "highway": "unclassified",
        "length_m": 33.961766509007305,
        "included": true
      },
      "geometry": {
        "type": "LineString",
        "coordinates": [
          [
            141.3128174,
            43.0877267
          ],
          [
            141.3131403,
            43.0875326
          ]
        ]
      }
    },
    {
      "type": "Feature",
      "properties": {
        "task_id": "168877052:1:1800601633:1800601673",
        "way_id": 168877052,
        "name": "名称未登録",
        "highway": "residential",
        "length_m": 24.051782732857124,
        "included": true
      },
      "geometry": {
        "type": "LineString",
        "coordinates": [
          [
            141.3128174,
            43.0877267
          ],
          [
            141.3130026,
            43.0878955
          ]
        ]
      }
    },
    {
      "type": "Feature",
      "properties": {
        "task_id": "168877052:2:1800601633:1800601811",
        "way_id": 168877052,
        "name": "名称未登録",
        "highway": "residential",
        "length_m": 38.815233400265285,
        "included": true
      },
      "geometry": {
        "type": "LineString",
        "coordinates": [
          [
            141.3128174,
            43.0877267
          ],
          [
            141.3125185,
            43.0874543
          ]
        ]
      }
    },
    {
      "type": "Feature",
      "properties": {
        "task_id": "168877048:0:13374866840:1800601778",
        "way_id": 168877048,
        "name": "名称未登録",
        "highway": "unclassified",
        "length_m": 4.342744200392228,
        "included": true
      },
      "geometry": {
        "type": "LineString",
        "coordinates": [
          [
            141.3137316,
            43.0867315
          ],
          [
            141.3136892,
            43.0867553
          ]
        ]
      }
    },
    {
      "type": "Feature",
      "properties": {
        "task_id": "168877048:1:13374866840:1800601635",
        "way_id": 168877048,
        "name": "名称未登録",
        "highway": "unclassified",
        "length_m": 15.062039587015622,
        "included": true
      },
      "geometry": {
        "type": "LineString",
        "coordinates": [
          [
            141.3137316,
            43.0867315
          ],
          [
            141.3138786,
            43.0866489
          ]
        ]
      }
    },
    {
      "type": "Feature",
      "properties": {
        "task_id": "168877048:1:1800601635:13374866840",
        "way_id": 168877048,
        "name": "名称未登録",
        "highway": "unclassified",
        "length_m": 15.062039587015622,
        "included": true
      },
      "geometry": {
        "type": "LineString",
        "coordinates": [
          [
            141.3138786,
            43.0866489
          ],
          [
            141.3137316,
            43.0867315
          ]
        ]
      }
    },
    {
      "type": "Feature",
      "properties": {
        "task_id": "168877048:2:1800601635:1800601706",
        "way_id": 168877048,
        "name": "名称未登録",
        "highway": "unclassified",
        "length_m": 31.23113434875023,
        "included": true
      },
      "geometry": {
        "type": "LineString",
        "coordinates": [
          [
            141.3138786,
            43.0866489
          ],
          [
            141.3136243,
            43.0864382
          ]
        ]
      }
    },
    {
      "type": "Feature",
      "properties": {
        "task_id": "168877048:2:1800601706:1800601635",
        "way_id": 168877048,
        "name": "名称未登録",
        "highway": "unclassified",
        "length_m": 31.23113434875023,
        "included": true
      },
      "geometry": {
        "type": "LineString",
        "coordinates": [
          [
            141.3136243,
            43.0864382
          ],
          [
            141.3138786,
            43.0866489
          ]
        ]
      }
    },
    {
      "type": "Feature",
      "properties": {
        "task_id": "168877049:0:1800601695:1800601727",
        "way_id": 168877049,
        "name": "名称未登録",
        "highway": "unclassified",
        "length_m": 68.27447910073471,
        "included": true
      },
      "geometry": {
        "type": "LineString",
        "coordinates": [
          [
            141.3086475,
            43.0889748
          ],
          [
            141.3081305,
            43.0884906
          ]
        ]
      }
    },
    {
      "type": "Feature",
      "properties": {
        "task_id": "168877055:2:1800601695:1800601634",
        "way_id": 168877055,
        "name": "名称未登録",
        "highway": "unclassified",
        "length_m": 20.870877071687836,
        "included": true
      },
      "geometry": {
        "type": "LineString",
        "coordinates": [
          [
            141.3086475,
            43.0889748
          ],
          [
            141.3084428,
            43.0890883
          ]
        ]
      }
    },
    {
      "type": "Feature",
      "properties": {
        "task_id": "168877055:3:1800601695:1800601654",
        "way_id": 168877055,
        "name": "名称未登録",
        "highway": "unclassified",
        "length_m": 14.449640056071125,
        "included": true
      },
      "geometry": {
        "type": "LineString",
        "coordinates": [
          [
            141.3086475,
            43.0889748
          ],
          [
            141.3087892,
            43.0888962
          ]
        ]
      }
    },
    {
      "type": "Feature",
      "properties": {
        "task_id": "168877049:0:1800601727:1800601695",
        "way_id": 168877049,
        "name": "名称未登録",
        "highway": "unclassified",
        "length_m": 68.27447910073471,
        "included": true
      },
      "geometry": {
        "type": "LineString",
        "coordinates": [
          [
            141.3081305,
            43.0884906
          ],
          [
            141.3086475,
            43.0889748
          ]
        ]
      }
    },
    {
      "type": "Feature",
      "properties": {
        "task_id": "168877049:1:1800601727:13374866852",
        "way_id": 168877049,
        "name": "名称未登録",
        "highway": "unclassified",
        "length_m": 49.24121656600648,
        "included": true
      },
      "geometry": {
        "type": "LineString",
        "coordinates": [
          [
            141.3081305,
            43.0884906
          ],
          [
            141.3077576,
            43.0881414
          ]
        ]
      }
    },
    {
      "type": "Feature",
      "properties": {
        "task_id": "168877077:0:1800601727:1800601715",
        "way_id": 168877077,
        "name": "名称未登録",
        "highway": "unclassified",
        "length_m": 34.79027785628623,
        "included": true
      },
      "geometry": {
        "type": "LineString",
        "coordinates": [
          [
            141.3081305,
            43.0884906
          ],
          [
            141.3077917,
            43.0886821
          ]
        ]
      }
    },
    {
      "type": "Feature",
      "properties": {
        "task_id": "168877049:1:13374866852:1800601727",
        "way_id": 168877049,
        "name": "名称未登録",
        "highway": "unclassified",
        "length_m": 49.24121656600648,
        "included": true
      },
      "geometry": {
        "type": "LineString",
        "coordinates": [
          [
            141.3077576,
            43.0881414
          ],
          [
            141.3081305,
            43.0884906
          ]
        ]
      }
    },
    {
      "type": "Feature",
      "properties": {
        "task_id": "168877049:2:13374866852:1800601661",
        "way_id": 168877049,
        "name": "名称未登録",
        "highway": "unclassified",
        "length_m": 3.5254546659501327,
        "included": true
      },
      "geometry": {
        "type": "LineString",
        "coordinates": [
          [
            141.3077576,
            43.0881414
          ],
          [
            141.3077309,
            43.0881164
          ]
        ]
      }
    },
    {
      "type": "Feature",
      "properties": {
        "task_id": "168877049:2:1800601661:13374866852",
        "way_id": 168877049,
        "name": "名称未登録",
        "highway": "unclassified",
        "length_m": 3.5254546659501327,
        "included": true
      },
      "geometry": {
        "type": "LineString",
        "coordinates": [
          [
            141.3077309,
            43.0881164
          ],
          [
            141.3077576,
            43.0881414
          ]
        ]
      }
    },
    {
      "type": "Feature",
      "properties": {
        "task_id": "168877079:18:1800601661:1800601835",
        "way_id": 168877079,
        "name": "名称未登録",
        "highway": "residential",
        "length_m": 16.70136923351418,
        "included": true
      },
      "geometry": {
        "type": "LineString",
        "coordinates": [
          [
            141.3077309,
            43.0881164
          ],
          [
            141.3078912,
            43.0880223
          ]
        ]
      }
    },
    {
      "type": "Feature",
      "properties": {
        "task_id": "168877079:19:1800601661:2468022975",
        "way_id": 168877079,
        "name": "名称未登録",
        "highway": "residential",
        "length_m": 25.21567547497551,
        "included": true
      },
      "geometry": {
        "type": "LineString",
        "coordinates": [
          [
            141.3077309,
            43.0881164
          ],
          [
            141.3074888,
            43.0882584
          ]
        ]
      }
    },
    {
      "type": "Feature",
      "properties": {
        "task_id": "168877050:0:1800640462:1800601818",
        "way_id": 168877050,
        "name": "名称未登録",
        "highway": "residential",
        "length_m": 8.377713831192796,
        "included": true
      },
      "geometry": {
        "type": "LineString",
        "coordinates": [
          [
            141.3070585,
            43.0856882
          ],
          [
            141.3069736,
            43.085731
          ]
        ]
      }
    },
    {
      "type": "Feature",
      "properties": {
        "task_id": "168877050:1:1800640462:2310744895",
        "way_id": 168877050,
        "name": "名称未登録",
        "highway": "residential",
        "length_m": 5.4347847428526475,
        "included": true
      },
      "geometry": {
        "type": "LineString",
        "coordinates": [
          [
            141.3070585,
            43.0856882
          ],
          [
            141.3071099,
            43.0856569
          ]
        ]
      }
    },
    {
      "type": "Feature",
      "properties": {
        "task_id": "168881947:3:1800640462:9109026068",
        "way_id": 168881947,
        "name": "名称未登録",
        "highway": "residential",
        "length_m": 72.80423546301199,
        "included": true
      },
      "geometry": {
        "type": "LineString",
        "coordinates": [
          [
            141.3070585,
            43.0856882
          ],
          [
            141.3076329,
            43.0861909
          ]
        ]
      }
    },
    {
      "type": "Feature",
      "properties": {
        "task_id": "168877050:1:2310744895:1800640462",
        "way_id": 168877050,
        "name": "名称未登録",
        "highway": "residential",
        "length_m": 5.4347847428526475,
        "included": true
      },
      "geometry": {
        "type": "LineString",
        "coordinates": [
          [
            141.3071099,
            43.0856569
          ],
          [
            141.3070585,
            43.0856882
          ]
        ]
      }
    },
    {
      "type": "Feature",
      "properties": {
        "task_id": "168877050:2:2310744895:9109026066",
        "way_id": 168877050,
        "name": "名称未登録",
        "highway": "residential",
        "length_m": 33.46389747258551,
        "included": true
      },
      "geometry": {
        "type": "LineString",
        "coordinates": [
          [
            141.3071099,
            43.0856569
          ],
          [
            141.307432,
            43.0854692
          ]
        ]
      }
    },
    {
      "type": "Feature",
      "properties": {
        "task_id": "168877050:2:9109026066:2310744895",
        "way_id": 168877050,
        "name": "名称未登録",
        "highway": "residential",
        "length_m": 33.46389747258551,
        "included": true
      },
      "geometry": {
        "type": "LineString",
        "coordinates": [
          [
            141.307432,
            43.0854692
          ],
          [
            141.3071099,
            43.0856569
          ]
        ]
      }
    },
    {
      "type": "Feature",
      "properties": {
        "task_id": "168877050:3:9109026066:1800601678",
        "way_id": 168877050,
        "name": "名称未登録",
        "highway": "residential",
        "length_m": 40.1366807075641,
        "included": true
      },
      "geometry": {
        "type": "LineString",
        "coordinates": [
          [
            141.307432,
            43.0854692
          ],
          [
            141.3078062,
            43.0852334
          ]
        ]
      }
    },
    {
      "type": "Feature",
      "properties": {
        "task_id": "985288504:0:9109026066:9109026065",
        "way_id": 985288504,
        "name": "名称未登録",
        "highway": "residential",
        "length_m": 72.29368111457066,
        "included": true
      },
      "geometry": {
        "type": "LineString",
        "coordinates": [
          [
            141.307432,
            43.0854692
          ],
          [
            141.308002,
            43.0859686
          ]
        ]
      }
    },
    {
      "type": "Feature",
      "properties": {
        "task_id": "168877050:3:1800601678:9109026066",
        "way_id": 168877050,
        "name": "名称未登録",
        "highway": "residential",
        "length_m": 40.1366807075641,
        "included": true
      },
      "geometry": {
        "type": "LineString",
        "coordinates": [
          [
            141.3078062,
            43.0852334
          ],
          [
            141.307432,
            43.0854692
          ]
        ]
      }
    },
    {
      "type": "Feature",
      "properties": {
        "task_id": "168877054:0:1800601678:1800640422",
        "way_id": 168877054,
        "name": "名称未登録",
        "highway": "residential",
        "length_m": 51.82810498848963,
        "included": true
      },
      "geometry": {
        "type": "LineString",
        "coordinates": [
          [
            141.3078062,
            43.0852334
          ],
          [
            141.3082031,
            43.0855984
          ]
        ]
      }
    },
    {
      "type": "Feature",
      "properties": {
        "task_id": "288401035:0:1800601678:2919681599",
        "way_id": 288401035,
        "name": "名称未登録",
        "highway": "residential",
        "length_m": 4.718862983212823,
        "included": true
      },
      "geometry": {
        "type": "LineString",
        "coordinates": [
          [
            141.3078062,
            43.0852334
          ],
          [
            141.3078217,
            43.0851925
          ]
        ]
      }
    },
    {
      "type": "Feature",
      "properties": {
        "task_id": "168877052:0:1800601752:1800601673",
        "way_id": 168877052,
        "name": "名称未登録",
        "highway": "residential",
        "length_m": 31.537346173331116,
        "included": true
      },
      "geometry": {
        "type": "LineString",
        "coordinates": [
          [
            141.3132455,
            43.0881168
          ],
          [
            141.3130026,
            43.0878955
          ]
        ]
      }
    },
    {
      "type": "Feature",
      "properties": {
        "task_id": "219227900:27:1800601752:1781601638",
        "way_id": 219227900,
        "name": "下手稲通",
        "highway": "secondary",
        "length_m": 31.715804621213856,
        "included": true
      },
      "geometry": {
        "type": "LineString",
        "coordinates": [
          [
            141.3132455,
            43.0881168
          ],
          [
            141.31294,
            43.0882945
          ]
        ]
      }
    },
    {
      "type": "Feature",
      "properties": {
        "task_id": "219227900:28:1800601752:2310745229",
        "way_id": 219227900,
        "name": "下手稲通",
        "highway": "secondary",
        "length_m": 9.22912120565136,
        "included": true
      },
      "geometry": {
        "type": "LineString",
        "coordinates": [
          [
            141.3132455,
            43.0881168
          ],
          [
            141.3133343,
            43.088065
          ]
        ]
      }
    },
    {
      "type": "Feature",
      "properties": {
        "task_id": "168877052:0:1800601673:1800601752",
        "way_id": 168877052,
        "name": "名称未登録",
        "highway": "residential",
        "length_m": 31.537346173331116,
        "included": true
      },
      "geometry": {
        "type": "LineString",
        "coordinates": [
          [
            141.3130026,
            43.0878955
          ],
          [
            141.3132455,
            43.0881168
          ]
        ]
      }
    },
    {
      "type": "Feature",
      "properties": {
        "task_id": "168877052:1:1800601673:1800601633",
        "way_id": 168877052,
        "name": "名称未登録",
        "highway": "residential",
        "length_m": 24.051782732857124,
        "included": true
      },
      "geometry": {
        "type": "LineString",
        "coordinates": [
          [
            141.3130026,
            43.0878955
          ],
          [
            141.3128174,
            43.0877267
          ]
        ]
      }
    },
    {
      "type": "Feature",
      "properties": {
        "task_id": "168877060:2:1800601673:1800601764",
        "way_id": 168877060,
        "name": "名称未登録",
        "highway": "unclassified",
        "length_m": 29.640847835617627,
        "included": true
      },
      "geometry": {
        "type": "LineString",
        "coordinates": [
          [
            141.3130026,
            43.0878955
          ],
          [
            141.3132896,
            43.0877308
          ]
        ]
      }
    },
    {
      "type": "Feature",
      "properties": {
        "task_id": "168877052:3:1800601741:1800601811",
        "way_id": 168877052,
        "name": "名称未登録",
        "highway": "residential",
        "length_m": 29.825897913512495,
        "included": true
      },
      "geometry": {
        "type": "LineString",
        "coordinates": [
          [
            141.3122888,
            43.087245
          ],
          [
            141.3125185,
            43.0874543
          ]
        ]
      }
    },
    {
      "type": "Feature",
      "properties": {
        "task_id": "168877052:4:1800601741:3788801705",
        "way_id": 168877052,
        "name": "名称未登録",
        "highway": "residential",
        "length_m": 5.5084296512932465,
        "included": true
      },
      "geometry": {
        "type": "LineString",
        "coordinates": [
          [
            141.3122888,
            43.087245
          ],
          [
            141.3122468,
            43.0872061
          ]
        ]
      }
    },
    {
      "type": "Feature",
      "properties": {
        "task_id": "168877058:0:1800601741:1800601710",
        "way_id": 168877058,
        "name": "名称未登録",
        "highway": "unclassified",
        "length_m": 53.24110742247725,
        "included": true
      },
      "geometry": {
        "type": "LineString",
        "coordinates": [
          [
            141.3122888,
            43.087245
          ],
          [
            141.3117668,
            43.0875347
          ]
        ]
      }
    },
    {
      "type": "Feature",
      "properties": {
        "task_id": "168877052:4:3788801705:1800601741",
        "way_id": 168877052,
        "name": "名称未登録",
        "highway": "residential",
        "length_m": 5.5084296512932465,
        "included": true
      },
      "geometry": {
        "type": "LineString",
        "coordinates": [
          [
            141.3122468,
            43.0872061
          ],
          [
            141.3122888,
            43.087245
          ]
        ]
      }
    },
    {
      "type": "Feature",
      "properties": {
        "task_id": "168877052:5:3788801705:3788801555",
        "way_id": 168877052,
        "name": "名称未登録",
        "highway": "residential",
        "length_m": 16.1487560278506,
        "included": true
      },
      "geometry": {
        "type": "LineString",
        "coordinates": [
          [
            141.3122468,
            43.0872061
          ],
          [
            141.3121236,
            43.0870921
          ]
        ]
      }
    },
    {
      "type": "Feature",
      "properties": {
        "task_id": "168877052:5:3788801555:3788801705",
        "way_id": 168877052,
        "name": "名称未登録",
        "highway": "residential",
        "length_m": 16.1487560278506,
        "included": true
      },
      "geometry": {
        "type": "LineString",
        "coordinates": [
          [
            141.3121236,
            43.0870921
          ],
          [
            141.3122468,
            43.0872061
          ]
        ]
      }
    },
    {
      "type": "Feature",
      "properties": {
        "task_id": "168877052:6:3788801555:1800601782",
        "way_id": 168877052,
        "name": "名称未登録",
        "highway": "residential",
        "length_m": 39.88399093385633,
        "included": true
      },
      "geometry": {
        "type": "LineString",
        "coordinates": [
          [
            141.3121236,
            43.0870921
          ],
          [
            141.3118194,
            43.0868105
          ]
        ]
      }
    },
    {
      "type": "Feature",
      "properties": {
        "task_id": "168877052:6:1800601782:3788801555",
        "way_id": 168877052,
        "name": "名称未登録",
        "highway": "residential",
        "length_m": 39.88399093385633,
        "included": true
      },
      "geometry": {
        "type": "LineString",
        "coordinates": [
          [
            141.3118194,
            43.0868105
          ],
          [
            141.3121236,
            43.0870921
          ]
        ]
      }
    },
    {
      "type": "Feature",
      "properties": {
        "task_id": "168877052:7:1800601782:1800601658",
        "way_id": 168877052,
        "name": "名称未登録",
        "highway": "residential",
        "length_m": 44.899898715056324,
        "included": true
      },
      "geometry": {
        "type": "LineString",
        "coordinates": [
          [
            141.3118194,
            43.0868105
          ],
          [
            141.3114711,
            43.0864969
          ]
        ]
      }
    },
    {
      "type": "Feature",
      "properties": {
        "task_id": "168877062:2:1800601782:13374866844",
        "way_id": 168877062,
        "name": "名称未登録",
        "highway": "unclassified",
        "length_m": 95.13831470540059,
        "included": true
      },
      "geometry": {
        "type": "LineString",
        "coordinates": [
          [
            141.3118194,
            43.0868105
          ],
          [
            141.3127309,
            43.086273
          ]
        ]
      }
    },
    {
      "type": "Feature",
      "properties": {
        "task_id": "168877062:3:1800601782:1800601649",
        "way_id": 168877062,
        "name": "名称未登録",
        "highway": "unclassified",
        "length_m": 102.28735571127142,
        "included": true
      },
      "geometry": {
        "type": "LineString",
        "coordinates": [
          [
            141.3118194,
            43.0868105
          ],
          [
            141.3108461,
            43.0873944
          ]
        ]
      }
    },
    {
      "type": "Feature",
      "properties": {
        "task_id": "168877052:7:1800601658:1800601782",
        "way_id": 168877052,
        "name": "名称未登録",
        "highway": "residential",
        "length_m": 44.899898715056324,
        "included": true
      },
      "geometry": {
        "type": "LineString",
        "coordinates": [
          [
            141.3114711,
            43.0864969
          ],
          [
            141.3118194,
            43.0868105
          ]
        ]
      }
    },
    {
      "type": "Feature",
      "properties": {
        "task_id": "168877052:8:1800601658:1800601843",
        "way_id": 168877052,
        "name": "名称未登録",
        "highway": "residential",
        "length_m": 50.06992084696638,
        "included": true
      },
      "geometry": {
        "type": "LineString",
        "coordinates": [
          [
            141.3114711,
            43.0864969
          ],
          [
            141.3110878,
            43.0861442
          ]
        ]
      }
    },
    {
      "type": "Feature",
      "properties": {
        "task_id": "168877066:0:1800601658:1800601717",
        "way_id": 168877066,
        "name": "名称未登録",
        "highway": "unclassified",
        "length_m": 102.08056848176422,
        "included": true
      },
      "geometry": {
        "type": "LineString",
        "coordinates": [
          [
            141.3114711,
            43.0864969
          ],
          [
            141.3104945,
            43.0870749
          ]
        ]
      }
    },
    {
      "type": "Feature",
      "properties": {
        "task_id": "168877052:8:1800601843:1800601658",
        "way_id": 168877052,
        "name": "名称未登録",
        "highway": "residential",
        "length_m": 50.06992084696638,
        "included": true
      },
      "geometry": {
        "type": "LineString",
        "coordinates": [
          [
            141.3110878,
            43.0861442
          ],
          [
            141.3114711,
            43.0864969
          ]
        ]
      }
    },
    {
      "type": "Feature",
      "properties": {
        "task_id": "168877079:3:1800601843:1800615207",
        "way_id": 168877079,
        "name": "名称未登録",
        "highway": "residential",
        "length_m": 34.08019302075662,
        "included": true
      },
      "geometry": {
        "type": "LineString",
        "coordinates": [
          [
            141.3110878,
            43.0861442
          ],
          [
            141.3114148,
            43.0859521
          ]
        ]
      }
    },
    {
      "type": "Feature",
      "properties": {
        "task_id": "168877079:4:1800601843:1800615156",
        "way_id": 168877079,
        "name": "名称未登録",
        "highway": "residential",
        "length_m": 27.380212628470435,
        "included": true
      },
      "geometry": {
        "type": "LineString",
        "coordinates": [
          [
            141.3110878,
            43.0861442
          ],
          [
            141.3108256,
            43.086299
          ]
        ]
      }
    },
    {
      "type": "Feature",
      "properties": {
        "task_id": "168877053:0:1800601682:1800601686",
        "way_id": 168877053,
        "name": "名称未登録",
        "highway": "unclassified",
        "length_m": 40.408302278774165,
        "included": true
      },
      "geometry": {
        "type": "LineString",
        "coordinates": [
          [
            141.3137214,
            43.0873606
          ],
          [
            141.3141129,
            43.0871363
          ]
        ]
      }
    },
    {
      "type": "Feature",
      "properties": {
        "task_id": "168877053:1:1800601682:1800601663",
        "way_id": 168877053,
        "name": "名称未登録",
        "highway": "unclassified",
        "length_m": 19.164963644366726,
        "included": true
      },
      "geometry": {
        "type": "LineString",
        "coordinates": [
          [
            141.3137214,
            43.0873606
          ],
          [
            141.3135708,
            43.0872279
          ]
        ]
      }
    },
    {
      "type": "Feature",
      "properties": {
        "task_id": "168877054:0:1800640422:1800601678",
        "way_id": 168877054,
        "name": "名称未登録",
        "highway": "residential",
        "length_m": 51.82810498848963,
        "included": true
      },
      "geometry": {
        "type": "LineString",
        "coordinates": [
          [
            141.3082031,
            43.0855984
          ],
          [
            141.3078062,
            43.0852334
          ]
        ]
      }
    },
    {
      "type": "Feature",
      "properties": {
        "task_id": "168877054:1:1800640422:9109026067",
        "way_id": 168877054,
        "name": "名称未登録",
        "highway": "residential",
        "length_m": 21.36977129572899,
        "included": true
      },
      "geometry": {
        "type": "LineString",
        "coordinates": [
          [
            141.3082031,
            43.0855984
          ],
          [
            141.3083708,
            43.0857465
          ]
        ]
      }
    },
    {
      "type": "Feature",
      "properties": {
        "task_id": "168877054:1:9109026067:1800640422",
        "way_id": 168877054,
        "name": "名称未登録",
        "highway": "residential",
        "length_m": 21.36977129572899,
        "included": true
      },
      "geometry": {
        "type": "LineString",
        "coordinates": [
          [
            141.3083708,
            43.0857465
          ],
          [
            141.3082031,
            43.0855984
          ]
        ]
      }
    },
    {
      "type": "Feature",
      "properties": {
        "task_id": "168877054:2:9109026067:1800640642",
        "way_id": 168877054,
        "name": "名称未登録",
        "highway": "residential",
        "length_m": 20.18578535807213,
        "included": true
      },
      "geometry": {
        "type": "LineString",
        "coordinates": [
          [
            141.3083708,
            43.0857465
          ],
          [
            141.3085292,
            43.0858864
          ]
        ]
      }
    },
    {
      "type": "Feature",
      "properties": {
        "task_id": "985288505:2:9109026067:9109026065",
        "way_id": 985288505,
        "name": "名称未登録",
        "highway": "residential",
        "length_m": 38.81898108165108,
        "included": true
      },
      "geometry": {
        "type": "LineString",
        "coordinates": [
          [
            141.3083708,
            43.0857465
          ],
          [
            141.308002,
            43.0859686
          ]
        ]
      }
    },
    {
      "type": "Feature",
      "properties": {
        "task_id": "168877054:2:1800640642:9109026067",
        "way_id": 168877054,
        "name": "名称未登録",
        "highway": "residential",
        "length_m": 20.18578535807213,
        "included": true
      },
      "geometry": {
        "type": "LineString",
        "coordinates": [
          [
            141.3085292,
            43.0858864
          ],
          [
            141.3083708,
            43.0857465
          ]
        ]
      }
    },
    {
      "type": "Feature",
      "properties": {
        "task_id": "168877054:3:1800640642:1800640491",
        "way_id": 168877054,
        "name": "名称未登録",
        "highway": "residential",
        "length_m": 40.665322521601446,
        "included": true
      },
      "geometry": {
        "type": "LineString",
        "coordinates": [
          [
            141.3085292,
            43.0858864
          ],
          [
            141.3088482,
            43.0861683
          ]
        ]
      }
    },
    {
      "type": "Feature",
      "properties": {
        "task_id": "168877054:3:1800640491:1800640642",
        "way_id": 168877054,
        "name": "名称未登録",
        "highway": "residential",
        "length_m": 40.665322521601446,
        "included": true
      },
      "geometry": {
        "type": "LineString",
        "coordinates": [
          [
            141.3088482,
            43.0861683
          ],
          [
            141.3085292,
            43.0858864
          ]
        ]
      }
    },
    {
      "type": "Feature",
      "properties": {
        "task_id": "168877054:4:1800640491:1800640474",
        "way_id": 168877054,
        "name": "名称未登録",
        "highway": "residential",
        "length_m": 39.59819566366632,
        "included": true
      },
      "geometry": {
        "type": "LineString",
        "coordinates": [
          [
            141.3088482,
            43.0861683
          ],
          [
            141.309159,
            43.0864427
          ]
        ]
      }
    },
    {
      "type": "Feature",
      "properties": {
        "task_id": "168877054:4:1800640474:1800640491",
        "way_id": 168877054,
        "name": "名称未登録",
        "highway": "residential",
        "length_m": 39.59819566366632,
        "included": true
      },
      "geometry": {
        "type": "LineString",
        "coordinates": [
          [
            141.309159,
            43.0864427
          ],
          [
            141.3088482,
            43.0861683
          ]
        ]
      }
    },
    {
      "type": "Feature",
      "properties": {
        "task_id": "168877054:5:1800640474:1800601830",
        "way_id": 168877054,
        "name": "名称未登録",
        "highway": "residential",
        "length_m": 5.813242048477408,
        "included": true
      },
      "geometry": {
        "type": "LineString",
        "coordinates": [
          [
            141.309159,
            43.0864427
          ],
          [
            141.3092046,
            43.086483
          ]
        ]
      }
    },
    {
      "type": "Feature",
      "properties": {
        "task_id": "168877054:5:1800601830:1800640474",
        "way_id": 168877054,
        "name": "名称未登録",
        "highway": "residential",
        "length_m": 5.813242048477408,
        "included": true
      },
      "geometry": {
        "type": "LineString",
        "coordinates": [
          [
            141.3092046,
            43.086483
          ],
          [
            141.309159,
            43.0864427
          ]
        ]
      }
    },
    {
      "type": "Feature",
      "properties": {
        "task_id": "168877054:6:1800601830:3788801299",
        "way_id": 168877054,
        "name": "名称未登録",
        "highway": "residential",
        "length_m": 38.59473695797548,
        "included": true
      },
      "geometry": {
        "type": "LineString",
        "coordinates": [
          [
            141.3092046,
            43.086483
          ],
          [
            141.308836,
            43.0867021
          ]
        ]
      }
    },
    {
      "type": "Feature",
      "properties": {
        "task_id": "168877054:6:3788801299:1800601830",
        "way_id": 168877054,
        "name": "名称未登録",
        "highway": "residential",
        "length_m": 38.59473695797548,
        "included": true
      },
      "geometry": {
        "type": "LineString",
        "coordinates": [
          [
            141.308836,
            43.0867021
          ],
          [
            141.3092046,
            43.086483
          ]
        ]
      }
    },
    {
      "type": "Feature",
      "properties": {
        "task_id": "168877054:7:3788801299:1800640520",
        "way_id": 168877054,
        "name": "名称未登録",
        "highway": "residential",
        "length_m": 15.17755149763031,
        "included": true
      },
      "geometry": {
        "type": "LineString",
        "coordinates": [
          [
            141.308836,
            43.0867021
          ],
          [
            141.3086912,
            43.0867884
          ]
        ]
      }
    },
    {
      "type": "Feature",
      "properties": {
        "task_id": "985288504:1:3788801299:9109026065",
        "way_id": 985288504,
        "name": "名称未登録",
        "highway": "residential",
        "length_m": 106.01588607782158,
        "included": true
      },
      "geometry": {
        "type": "LineString",
        "coordinates": [
          [
            141.308836,
            43.0867021
          ],
          [
            141.308002,
            43.0859686
          ]
        ]
      }
    },
    {
      "type": "Feature",
      "properties": {
        "task_id": "168877054:7:1800640520:3788801299",
        "way_id": 168877054,
        "name": "名称未登録",
        "highway": "residential",
        "length_m": 15.17755149763031,
        "included": true
      },
      "geometry": {
        "type": "LineString",
        "coordinates": [
          [
            141.3086912,
            43.0867884
          ],
          [
            141.308836,
            43.0867021
          ]
        ]
      }
    },
    {
      "type": "Feature",
      "properties": {
        "task_id": "168877054:8:1800640520:1800640574",
        "way_id": 168877054,
        "name": "名称未登録",
        "highway": "residential",
        "length_m": 25.84841410990971,
        "included": true
      },
      "geometry": {
        "type": "LineString",
        "coordinates": [
          [
            141.3086912,
            43.0867884
          ],
          [
            141.3084444,
            43.0869352
          ]
        ]
      }
    },
    {
      "type": "Feature",
      "properties": {
        "task_id": "168877054:8:1800640574:1800640520",
        "way_id": 168877054,
        "name": "名称未登録",
        "highway": "residential",
        "length_m": 25.84841410990971,
        "included": true
      },
      "geometry": {
        "type": "LineString",
        "coordinates": [
          [
            141.3084444,
            43.0869352
          ],
          [
            141.3086912,
            43.0867884
          ]
        ]
      }
    },
    {
      "type": "Feature",
      "properties": {
        "task_id": "168877054:9:1800640574:1800640420",
        "way_id": 168877054,
        "name": "名称未登録",
        "highway": "residential",
        "length_m": 55.78779339838154,
        "included": true
      },
      "geometry": {
        "type": "LineString",
        "coordinates": [
          [
            141.3084444,
            43.0869352
          ],
          [
            141.3079117,
            43.087252
          ]
        ]
      }
    },
    {
      "type": "Feature",
      "properties": {
        "task_id": "168881947:0:1800640574:1800640619",
        "way_id": 168881947,
        "name": "名称未登録",
        "highway": "residential",
        "length_m": 66.32960935230574,
        "included": true
      },
      "geometry": {
        "type": "LineString",
        "coordinates": [
          [
            141.3084444,
            43.0869352
          ],
          [
            141.3089801,
            43.0873855
          ]
        ]
      }
    },
    {
      "type": "Feature",
      "properties": {
        "task_id": "168881947:1:1800640574:9109026069",
        "way_id": 168881947,
        "name": "名称未登録",
        "highway": "residential",
        "length_m": 38.27268759132484,
        "included": true
      },
      "geometry": {
        "type": "LineString",
        "coordinates": [
          [
            141.3084444,
            43.0869352
          ],
          [
            141.3081734,
            43.0866536
          ]
        ]
      }
    },
    {
      "type": "Feature",
      "properties": {
        "task_id": "168877054:9:1800640420:1800640574",
        "way_id": 168877054,
        "name": "名称未登録",
        "highway": "residential",
        "length_m": 55.78779339838154,
        "included": true
      },
      "geometry": {
        "type": "LineString",
        "coordinates": [
          [
            141.3079117,
            43.087252
          ],
          [
            141.3084444,
            43.0869352
          ]
        ]
      }
    },
    {
      "type": "Feature",
      "properties": {
        "task_id": "168877054:10:1800640420:1800640567",
        "way_id": 168877054,
        "name": "名称未登録",
        "highway": "residential",
        "length_m": 12.957086842264694,
        "included": true
      },
      "geometry": {
        "type": "LineString",
        "coordinates": [
          [
            141.3079117,
            43.087252
          ],
          [
            141.307788,
            43.0873256
          ]
        ]
      }
    },
    {
      "type": "Feature",
      "properties": {
        "task_id": "168877054:10:1800640567:1800640420",
        "way_id": 168877054,
        "name": "名称未登録",
        "highway": "residential",
        "length_m": 12.957086842264694,
        "included": true
      },
      "geometry": {
        "type": "LineString",
        "coordinates": [
          [
            141.307788,
            43.0873256
          ],
          [
            141.3079117,
            43.087252
          ]
        ]
      }
    },
    {
      "type": "Feature",
      "properties": {
        "task_id": "168877054:11:1800640567:9109026084",
        "way_id": 168877054,
        "name": "名称未登録",
        "highway": "residential",
        "length_m": 86.89804405496128,
        "included": true
      },
      "geometry": {
        "type": "LineString",
        "coordinates": [
          [
            141.307788,
            43.0873256
          ],
          [
            141.3069595,
            43.0878202
          ]
        ]
      }
    },
    {
      "type": "Feature",
      "properties": {
        "task_id": "168881970:3:1800640567:9109026071",
        "way_id": 168881970,
        "name": "名称未登録",
        "highway": "residential",
        "length_m": 41.38175542416257,
        "included": true
      },
      "geometry": {
        "type": "LineString",
        "coordinates": [
          [
            141.307788,
            43.0873256
          ],
          [
            141.3074261,
            43.0870636
          ]
        ]
      }
    },
    {
      "type": "Feature",
      "properties": {
        "task_id": "168881970:4:1800640567:1800640460",
        "way_id": 168881970,
        "name": "名称未登録",
        "highway": "residential",
        "length_m": 65.8282214072798,
        "included": true
      },
      "geometry": {
        "type": "LineString",
        "coordinates": [
          [
            141.307788,
            43.0873256
          ],
          [
            141.308332,
            43.0877645
          ]
        ]
      }
    },
    {
      "type": "Feature",
      "properties": {
        "task_id": "168877054:11:9109026084:1800640567",
        "way_id": 168877054,
        "name": "名称未登録",
        "highway": "residential",
        "length_m": 86.89804405496128,
        "included": true
      },
      "geometry": {
        "type": "LineString",
        "coordinates": [
          [
            141.3069595,
            43.0878202
          ],
          [
            141.307788,
            43.0873256
          ]
        ]
      }
    },
    {
      "type": "Feature",
      "properties": {
        "task_id": "168877054:12:9109026084:1800601822",
        "way_id": 168877054,
        "name": "名称未登録",
        "highway": "residential",
        "length_m": 11.427540321683333,
        "included": true
      },
      "geometry": {
        "type": "LineString",
        "coordinates": [
          [
            141.3069595,
            43.0878202
          ],
          [
            141.3068505,
            43.0878852
          ]
        ]
      }
    },
    {
      "type": "Feature",
      "properties": {
        "task_id": "985288509:23:9109026084:9109026085",
        "way_id": 985288509,
        "name": "名称未登録",
        "highway": "residential",
        "length_m": 36.32505285562082,
        "included": true
      },
      "geometry": {
        "type": "LineString",
        "coordinates": [
          [
            141.3069595,
            43.0878202
          ],
          [
            141.3065211,
            43.0877553
          ]
        ]
      }
    },
    {
      "type": "Feature",
      "properties": {
        "task_id": "168877054:12:1800601822:9109026084",
        "way_id": 168877054,
        "name": "名称未登録",
        "highway": "residential",
        "length_m": 11.427540321683333,
        "included": true
      },
      "geometry": {
        "type": "LineString",
        "coordinates": [
          [
            141.3068505,
            43.0878852
          ],
          [
            141.3069595,
            43.0878202
          ]
        ]
      }
    },
    {
      "type": "Feature",
      "properties": {
        "task_id": "168877054:13:1800601822:2468022924",
        "way_id": 168877054,
        "name": "名称未登録",
        "highway": "residential",
        "length_m": 31.80470687025249,
        "included": true
      },
      "geometry": {
        "type": "LineString",
        "coordinates": [
          [
            141.3068505,
            43.0878852
          ],
          [
            141.3067774,
            43.0881662
          ]
        ]
      }
    },
    {
      "type": "Feature",
      "properties": {
        "task_id": "168877054:13:2468022924:1800601822",
        "way_id": 168877054,
        "name": "名称未登録",
        "highway": "residential",
        "length_m": 31.80470687025249,
        "included": true
      },
      "geometry": {
        "type": "LineString",
        "coordinates": [
          [
            141.3067774,
            43.0881662
          ],
          [
            141.3068505,
            43.0878852
          ]
        ]
      }
    },
    {
      "type": "Feature",
      "properties": {
        "task_id": "168877054:14:2468022924:1800601746",
        "way_id": 168877054,
        "name": "名称未登録",
        "highway": "residential",
        "length_m": 63.12298955236382,
        "included": true
      },
      "geometry": {
        "type": "LineString",
        "coordinates": [
          [
            141.3067774,
            43.0881662
          ],
          [
            141.3066323,
            43.0887239
          ]
        ]
      }
    },
    {
      "type": "Feature",
      "properties": {
        "task_id": "238996730:0:2468022924:2468022941",
        "way_id": 238996730,
        "name": "名称未登録",
        "highway": "residential",
        "length_m": 17.096489001827518,
        "included": true
      },
      "geometry": {
        "type": "LineString",
        "coordinates": [
          [
            141.3067774,
            43.0881662
          ],
          [
            141.3069849,
            43.0881922
          ]
        ]
      }
    },
    {
      "type": "Feature",
      "properties": {
        "task_id": "168877054:14:1800601746:2468022924",
        "way_id": 168877054,
        "name": "名称未登録",
        "highway": "residential",
        "length_m": 63.12298955236382,
        "included": true
      },
      "geometry": {
        "type": "LineString",
        "coordinates": [
          [
            141.3066323,
            43.0887239
          ],
          [
            141.3067774,
            43.0881662
          ]
        ]
      }
    },
    {
      "type": "Feature",
      "properties": {
        "task_id": "168877054:15:1800601746:2468023510",
        "way_id": 168877054,
        "name": "名称未登録",
        "highway": "residential",
        "length_m": 29.566536868655533,
        "included": true
      },
      "geometry": {
        "type": "LineString",
        "coordinates": [
          [
            141.3066323,
            43.0887239
          ],
          [
            141.3065694,
            43.0889858
          ]
        ]
      }
    },
    {
      "type": "Feature",
      "properties": {
        "task_id": "168877079:22:1800601746:1800601645",
        "way_id": 168877079,
        "name": "名称未登録",
        "highway": "residential",
        "length_m": 13.739188606883525,
        "included": true
      },
      "geometry": {
        "type": "LineString",
        "coordinates": [
          [
            141.3066323,
            43.0887239
          ],
          [
            141.3067852,
            43.088671
          ]
        ]
      }
    },
    {
      "type": "Feature",
      "properties": {
        "task_id": "168877054:15:2468023510:1800601746",
        "way_id": 168877054,
        "name": "名称未登録",
        "highway": "residential",
        "length_m": 29.566536868655533,
        "included": true
      },
      "geometry": {
        "type": "LineString",
        "coordinates": [
          [
            141.3065694,
            43.0889858
          ],
          [
            141.3066323,
            43.0887239
          ]
        ]
      }
    },
    {
      "type": "Feature",
      "properties": {
        "task_id": "168877054:16:2468023510:1800601828",
        "way_id": 168877054,
        "name": "名称未登録",
        "highway": "residential",
        "length_m": 9.087372856821075,
        "included": true
      },
      "geometry": {
        "type": "LineString",
        "coordinates": [
          [
            141.3065694,
            43.0889858
          ],
          [
            141.3065501,
            43.0890663
          ]
        ]
      }
    },
    {
      "type": "Feature",
      "properties": {
        "task_id": "168877054:16:1800601828:2468023510",
        "way_id": 168877054,
        "name": "名称未登録",
        "highway": "residential",
        "length_m": 9.087372856821075,
        "included": true
      },
      "geometry": {
        "type": "LineString",
        "coordinates": [
          [
            141.3065501,
            43.0890663
          ],
          [
            141.3065694,
            43.0889858
          ]
        ]
      }
    },
    {
      "type": "Feature",
      "properties": {
        "task_id": "168877054:17:1800601828:1800601800",
        "way_id": 168877054,
        "name": "名称未登録",
        "highway": "residential",
        "length_m": 8.419479568720911,
        "included": true
      },
      "geometry": {
        "type": "LineString",
        "coordinates": [
          [
            141.3065501,
            43.0890663
          ],
          [
            141.3065653,
            43.0891412
          ]
        ]
      }
    },
    {
      "type": "Feature",
      "properties": {
        "task_id": "168877054:17:1800601800:1800601828",
        "way_id": 168877054,
        "name": "名称未登録",
        "highway": "residential",
        "length_m": 8.419479568720911,
        "included": true
      },
      "geometry": {
        "type": "LineString",
        "coordinates": [
          [
            141.3065653,
            43.0891412
          ],
          [
            141.3065501,
            43.0890663
          ]
        ]
      }
    },
    {
      "type": "Feature",
      "properties": {
        "task_id": "168877054:18:1800601800:1800601643",
        "way_id": 168877054,
        "name": "名称未登録",
        "highway": "residential",
        "length_m": 10.365183387735044,
        "included": true
      },
      "geometry": {
        "type": "LineString",
        "coordinates": [
          [
            141.3065653,
            43.0891412
          ],
          [
            141.3066457,
            43.0892136
          ]
        ]
      }
    },
    {
      "type": "Feature",
      "properties": {
        "task_id": "168877054:18:1800601643:1800601800",
        "way_id": 168877054,
        "name": "名称未登録",
        "highway": "residential",
        "length_m": 10.365183387735044,
        "included": true
      },
      "geometry": {
        "type": "LineString",
        "coordinates": [
          [
            141.3066457,
            43.0892136
          ],
          [
            141.3065653,
            43.0891412
          ]
        ]
      }
    },
    {
      "type": "Feature",
      "properties": {
        "task_id": "168877054:19:1800601643:1800601774",
        "way_id": 168877054,
        "name": "名称未登録",
        "highway": "residential",
        "length_m": 8.388910368911038,
        "included": true
      },
      "geometry": {
        "type": "LineString",
        "coordinates": [
          [
            141.3066457,
            43.0892136
          ],
          [
            141.3067111,
            43.089272
          ]
        ]
      }
    },
    {
      "type": "Feature",
      "properties": {
        "task_id": "168877054:19:1800601774:1800601643",
        "way_id": 168877054,
        "name": "名称未登録",
        "highway": "residential",
        "length_m": 8.388910368911038,
        "included": true
      },
      "geometry": {
        "type": "LineString",
        "coordinates": [
          [
            141.3067111,
            43.089272
          ],
          [
            141.3066457,
            43.0892136
          ]
        ]
      }
    },
    {
      "type": "Feature",
      "properties": {
        "task_id": "168877054:20:1800601774:2468023727",
        "way_id": 168877054,
        "name": "名称未登録",
        "highway": "residential",
        "length_m": 7.595572823785699,
        "included": true
      },
      "geometry": {
        "type": "LineString",
        "coordinates": [
          [
            141.3067111,
            43.089272
          ],
          [
            141.3067696,
            43.0893253
          ]
        ]
      }
    },
    {
      "type": "Feature",
      "properties": {
        "task_id": "168877054:20:2468023727:1800601774",
        "way_id": 168877054,
        "name": "名称未登録",
        "highway": "residential",
        "length_m": 7.595572823785699,
        "included": true
      },
      "geometry": {
        "type": "LineString",
        "coordinates": [
          [
            141.3067696,
            43.0893253
          ],
          [
            141.3067111,
            43.089272
          ]
        ]
      }
    },
    {
      "type": "Feature",
      "properties": {
        "task_id": "168877054:21:2468023727:1800601756",
        "way_id": 168877054,
        "name": "名称未登録",
        "highway": "residential",
        "length_m": 28.15521079505572,
        "included": true
      },
      "geometry": {
        "type": "LineString",
        "coordinates": [
          [
            141.3067696,
            43.0893253
          ],
          [
            141.3069864,
            43.0895229
          ]
        ]
      }
    },
    {
      "type": "Feature",
      "properties": {
        "task_id": "168877054:21:1800601756:2468023727",
        "way_id": 168877054,
        "name": "名称未登録",
        "highway": "residential",
        "length_m": 28.15521079505572,
        "included": true
      },
      "geometry": {
        "type": "LineString",
        "coordinates": [
          [
            141.3069864,
            43.0895229
          ],
          [
            141.3067696,
            43.0893253
          ]
        ]
      }
    },
    {
      "type": "Feature",
      "properties": {
        "task_id": "168877054:22:1800601756:2310691423",
        "way_id": 168877054,
        "name": "名称未登録",
        "highway": "residential",
        "length_m": 28.16533332581116,
        "included": true
      },
      "geometry": {
        "type": "LineString",
        "coordinates": [
          [
            141.3069864,
            43.0895229
          ],
          [
            141.3072034,
            43.0897205
          ]
        ]
      }
    },
    {
      "type": "Feature",
      "properties": {
        "task_id": "168877075:0:1800601756:1800601629",
        "way_id": 168877075,
        "name": "名称未登録",
        "highway": "unclassified",
        "length_m": 72.16953339532061,
        "included": true
      },
      "geometry": {
        "type": "LineString",
        "coordinates": [
          [
            141.3069864,
            43.0895229
          ],
          [
            141.307694,
            43.0891302
          ]
        ]
      }
    },
    {
      "type": "Feature",
      "properties": {
        "task_id": "168877054:22:2310691423:1800601756",
        "way_id": 168877054,
        "name": "名称未登録",
        "highway": "residential",
        "length_m": 28.16533332581116,
        "included": true
      },
      "geometry": {
        "type": "LineString",
        "coordinates": [
          [
            141.3072034,
            43.0897205
          ],
          [
            141.3069864,
            43.0895229
          ]
        ]
      }
    },
    {
      "type": "Feature",
      "properties": {
        "task_id": "168877054:23:2310691423:1800640411",
        "way_id": 168877054,
        "name": "名称未登録",
        "highway": "residential",
        "length_m": 42.55562191868181,
        "included": true
      },
      "geometry": {
        "type": "LineString",
        "coordinates": [
          [
            141.3072034,
            43.0897205
          ],
          [
            141.3075312,
            43.0900191
          ]
        ]
      }
    },
    {
      "type": "Feature",
      "properties": {
        "task_id": "168877054:23:1800640411:2310691423",
        "way_id": 168877054,
        "name": "名称未登録",
        "highway": "residential",
        "length_m": 42.55562191868181,
        "included": true
      },
      "geometry": {
        "type": "LineString",
        "coordinates": [
          [
            141.3075312,
            43.0900191
          ],
          [
            141.3072034,
            43.0897205
          ]
        ]
      }
    },
    {
      "type": "Feature",
      "properties": {
        "task_id": "168877054:24:1800640411:1800601690",
        "way_id": 168877054,
        "name": "名称未登録",
        "highway": "residential",
        "length_m": 124.61616097851928,
        "included": true
      },
      "geometry": {
        "type": "LineString",
        "coordinates": [
          [
            141.3075312,
            43.0900191
          ],
          [
            141.3084911,
            43.0908935
          ]
        ]
      }
    },
    {
      "type": "Feature",
      "properties": {
        "task_id": "168877054:24:1800601690:1800640411",
        "way_id": 168877054,
        "name": "名称未登録",
        "highway": "residential",
        "length_m": 124.61616097851928,
        "included": true
      },
      "geometry": {
        "type": "LineString",
        "coordinates": [
          [
            141.3084911,
            43.0908935
          ],
          [
            141.3075312,
            43.0900191
          ]
        ]
      }
    },
    {
      "type": "Feature",
      "properties": {
        "task_id": "219227900:14:1800601690:2310745233",
        "way_id": 219227900,
        "name": "下手稲通",
        "highway": "secondary",
        "length_m": 5.467462859915224,
        "included": true
      },
      "geometry": {
        "type": "LineString",
        "coordinates": [
          [
            141.3084911,
            43.0908935
          ],
          [
            141.3084394,
            43.090925
          ]
        ]
      }
    },
    {
      "type": "Feature",
      "properties": {
        "task_id": "219227900:15:1800601690:1800601667",
        "way_id": 219227900,
        "name": "下手稲通",
        "highway": "secondary",
        "length_m": 72.38187761218927,
        "included": true
      },
      "geometry": {
        "type": "LineString",
        "coordinates": [
          [
            141.3084911,
            43.0908935
          ],
          [
            141.3091873,
            43.090487
          ]
        ]
      }
    },
    {
      "type": "Feature",
      "properties": {
        "task_id": "168877055:0:1800601644:1800601748",
        "way_id": 168877055,
        "name": "名称未登録",
        "highway": "unclassified",
        "length_m": 36.48917089098532,
        "included": true
      },
      "geometry": {
        "type": "LineString",
        "coordinates": [
          [
            141.307963,
            43.0893746
          ],
          [
            141.308311,
            43.089167
          ]
        ]
      }
    },
    {
      "type": "Feature",
      "properties": {
        "task_id": "168877067:1:1800601644:2468023959",
        "way_id": 168877067,
        "name": "名称未登録",
        "highway": "unclassified",
        "length_m": 80.27450948584654,
        "included": true
      },
      "geometry": {
        "type": "LineString",
        "coordinates": [
          [
            141.307963,
            43.0893746
          ],
          [
            141.3085823,
            43.0899373
          ]
        ]
      }
    },
    {
      "type": "Feature",
      "properties": {
        "task_id": "168877067:2:1800601644:1800601629",
        "way_id": 168877067,
        "name": "名称未登録",
        "highway": "unclassified",
        "length_m": 34.866923838646215,
        "included": true
      },
      "geometry": {
        "type": "LineString",
        "coordinates": [
          [
            141.307963,
            43.0893746
          ],
          [
            141.307694,
            43.0891302
          ]
        ]
      }
    },
    {
      "type": "Feature",
      "properties": {
        "task_id": "168877055:0:1800601748:1800601644",
        "way_id": 168877055,
        "name": "名称未登録",
        "highway": "unclassified",
        "length_m": 36.48917089098532,
        "included": true
      },
      "geometry": {
        "type": "LineString",
        "coordinates": [
          [
            141.308311,
            43.089167
          ],
          [
            141.307963,
            43.0893746
          ]
        ]
      }
    },
    {
      "type": "Feature",
      "properties": {
        "task_id": "168877055:1:1800601748:1800601634",
        "way_id": 168877055,
        "name": "名称未登録",
        "highway": "unclassified",
        "length_m": 13.825009562737309,
        "included": true
      },
      "geometry": {
        "type": "LineString",
        "coordinates": [
          [
            141.308311,
            43.089167
          ],
          [
            141.3084428,
            43.0890883
          ]
        ]
      }
    },
    {
      "type": "Feature",
      "properties": {
        "task_id": "168877068:0:1800601748:1800601715",
        "way_id": 168877068,
        "name": "名称未登録",
        "highway": "unclassified",
        "length_m": 68.45070082744554,
        "included": true
      },
      "geometry": {
        "type": "LineString",
        "coordinates": [
          [
            141.308311,
            43.089167
          ],
          [
            141.3077917,
            43.0886821
          ]
        ]
      }
    },
    {
      "type": "Feature",
      "properties": {
        "task_id": "168877055:3:1800601654:1800601695",
        "way_id": 168877055,
        "name": "名称未登録",
        "highway": "unclassified",
        "length_m": 14.449640056071125,
        "included": true
      },
      "geometry": {
        "type": "LineString",
        "coordinates": [
          [
            141.3087892,
            43.0888962
          ],
          [
            141.3086475,
            43.0889748
          ]
        ]
      }
    },
    {
      "type": "Feature",
      "properties": {
        "task_id": "168877056:0:1800601640:1800601809",
        "way_id": 168877056,
        "name": "名称未登録",
        "highway": "unclassified",
        "length_m": 94.2518742537109,
        "included": true
      },
      "geometry": {
        "type": "LineString",
        "coordinates": [
          [
            141.3127348,
            43.0884151
          ],
          [
            141.3120045,
            43.0877563
          ]
        ]
      }
    },
    {
      "type": "Feature",
      "properties": {
        "task_id": "219227900:25:1800601640:1800601731",
        "way_id": 219227900,
        "name": "下手稲通",
        "highway": "secondary",
        "length_m": 48.4377053743359,
        "included": true
      },
      "geometry": {
        "type": "LineString",
        "coordinates": [
          [
            141.3127348,
            43.0884151
          ],
          [
            141.312269,
            43.0886872
          ]
        ]
      }
    },
    {
      "type": "Feature",
      "properties": {
        "task_id": "219227900:26:1800601640:1781601638",
        "way_id": 219227900,
        "name": "下手稲通",
        "highway": "secondary",
        "length_m": 21.3892973286965,
        "included": true
      },
      "geometry": {
        "type": "LineString",
        "coordinates": [
          [
            141.3127348,
            43.0884151
          ],
          [
            141.31294,
            43.0882945
          ]
        ]
      }
    },
    {
      "type": "Feature",
      "properties": {
        "task_id": "168877056:1:1800601710:1800601809",
        "way_id": 168877056,
        "name": "名称未登録",
        "highway": "unclassified",
        "length_m": 31.30129493735067,
        "included": true
      },
      "geometry": {
        "type": "LineString",
        "coordinates": [
          [
            141.3117668,
            43.0875347
          ],
          [
            141.3120045,
            43.0877563
          ]
        ]
      }
    },
    {
      "type": "Feature",
      "properties": {
        "task_id": "168877056:2:1800601710:1800601659",
        "way_id": 168877056,
        "name": "名称未登録",
        "highway": "unclassified",
        "length_m": 13.523872163049107,
        "included": true
      },
      "geometry": {
        "type": "LineString",
        "coordinates": [
          [
            141.3117668,
            43.0875347
          ],
          [
            141.3116642,
            43.0874389
          ]
        ]
      }
    },
    {
      "type": "Feature",
      "properties": {
        "task_id": "168877058:0:1800601710:1800601741",
        "way_id": 168877058,
        "name": "名称未登録",
        "highway": "unclassified",
        "length_m": 53.24110742247725,
        "included": true
      },
      "geometry": {
        "type": "LineString",
        "coordinates": [
          [
            141.3117668,
            43.0875347
          ],
          [
            141.3122888,
            43.087245
          ]
        ]
      }
    },
    {
      "type": "Feature",
      "properties": {
        "task_id": "168877056:2:1800601659:1800601710",
        "way_id": 168877056,
        "name": "名称未登録",
        "highway": "unclassified",
        "length_m": 13.523872163049107,
        "included": true
      },
      "geometry": {
        "type": "LineString",
        "coordinates": [
          [
            141.3116642,
            43.0874389
          ],
          [
            141.3117668,
            43.0875347
          ]
        ]
      }
    },
    {
      "type": "Feature",
      "properties": {
        "task_id": "168877060:0:1800601766:13374866831",
        "way_id": 168877060,
        "name": "名称未登録",
        "highway": "unclassified",
        "length_m": 9.06407163882812,
        "included": true
      },
      "geometry": {
        "type": "LineString",
        "coordinates": [
          [
            141.3135452,
            43.0879388
          ],
          [
            141.3134707,
            43.0878781
          ]
        ]
      }
    },
    {
      "type": "Feature",
      "properties": {
        "task_id": "219227900:30:1800601766:1781601635",
        "way_id": 219227900,
        "name": "下手稲通",
        "highway": "secondary",
        "length_m": 15.70207582302169,
        "included": true
      },
      "geometry": {
        "type": "LineString",
        "coordinates": [
          [
            141.3135452,
            43.0879388
          ],
          [
            141.3133962,
            43.0880288
          ]
        ]
      }
    },
    {
      "type": "Feature",
      "properties": {
        "task_id": "219227900:31:1800601766:1781601632",
        "way_id": 219227900,
        "name": "下手稲通",
        "highway": "secondary",
        "length_m": 74.71306129758803,
        "included": true
      },
      "geometry": {
        "type": "LineString",
        "coordinates": [
          [
            141.3135452,
            43.0879388
          ],
          [
            141.3142692,
            43.0875242
          ]
        ]
      }
    },
    {
      "type": "Feature",
      "properties": {
        "task_id": "168877060:0:13374866831:1800601766",
        "way_id": 168877060,
        "name": "名称未登録",
        "highway": "unclassified",
        "length_m": 9.06407163882812,
        "included": true
      },
      "geometry": {
        "type": "LineString",
        "coordinates": [
          [
            141.3134707,
            43.0878781
          ],
          [
            141.3135452,
            43.0879388
          ]
        ]
      }
    },
    {
      "type": "Feature",
      "properties": {
        "task_id": "168877060:1:13374866831:1800601764",
        "way_id": 168877060,
        "name": "名称未登録",
        "highway": "unclassified",
        "length_m": 22.012598917557302,
        "included": true
      },
      "geometry": {
        "type": "LineString",
        "coordinates": [
          [
            141.3134707,
            43.0878781
          ],
          [
            141.3132896,
            43.0877308
          ]
        ]
      }
    },
    {
      "type": "Feature",
      "properties": {
        "task_id": "168877060:1:1800601764:13374866831",
        "way_id": 168877060,
        "name": "名称未登録",
        "highway": "unclassified",
        "length_m": 22.012598917557302,
        "included": true
      },
      "geometry": {
        "type": "LineString",
        "coordinates": [
          [
            141.3132896,
            43.0877308
          ],
          [
            141.3134707,
            43.0878781
          ]
        ]
      }
    },
    {
      "type": "Feature",
      "properties": {
        "task_id": "168877060:2:1800601764:1800601673",
        "way_id": 168877060,
        "name": "名称未登録",
        "highway": "unclassified",
        "length_m": 29.640847835617627,
        "included": true
      },
      "geometry": {
        "type": "LineString",
        "coordinates": [
          [
            141.3132896,
            43.0877308
          ],
          [
            141.3130026,
            43.0878955
          ]
        ]
      }
    },
    {
      "type": "Feature",
      "properties": {
        "task_id": "168877062:0:1800601630:13367628405",
        "way_id": 168877062,
        "name": "名称未登録",
        "highway": "unclassified",
        "length_m": 7.005890432681946,
        "included": true
      },
      "geometry": {
        "type": "LineString",
        "coordinates": [
          [
            141.3136926,
            43.085706
          ],
          [
            141.3136255,
            43.0857456
          ]
        ]
      }
    },
    {
      "type": "Feature",
      "properties": {
        "task_id": "426971654:19:1800601630:1798886160",
        "way_id": 426971654,
        "name": "琴似栄町通",
        "highway": "secondary",
        "length_m": 5.55035013778506,
        "included": true
      },
      "geometry": {
        "type": "LineString",
        "coordinates": [
          [
            141.3136926,
            43.085706
          ],
          [
            141.3136491,
            43.0856675
          ]
        ]
      }
    },
    {
      "type": "Feature",
      "properties": {
        "task_id": "426971654:20:1800601630:3788899359",
        "way_id": 426971654,
        "name": "琴似栄町通",
        "highway": "secondary",
        "length_m": 7.850627318718069,
        "included": true
      },
      "geometry": {
        "type": "LineString",
        "coordinates": [
          [
            141.3136926,
            43.085706
          ],
          [
            141.3137527,
            43.0857613
          ]
        ]
      }
    },
    {
      "type": "Feature",
      "properties": {
        "task_id": "168877062:0:13367628405:1800601630",
        "way_id": 168877062,
        "name": "名称未登録",
        "highway": "unclassified",
        "length_m": 7.005890432681946,
        "included": true
      },
      "geometry": {
        "type": "LineString",
        "coordinates": [
          [
            141.3136255,
            43.0857456
          ],
          [
            141.3136926,
            43.085706
          ]
        ]
      }
    },
    {
      "type": "Feature",
      "properties": {
        "task_id": "168877062:1:13367628405:13374866844",
        "way_id": 168877062,
        "name": "名称未登録",
        "highway": "unclassified",
        "length_m": 93.36547963042149,
        "included": true
      },
      "geometry": {
        "type": "LineString",
        "coordinates": [
          [
            141.3136255,
            43.0857456
          ],
          [
            141.3127309,
            43.086273
          ]
        ]
      }
    },
    {
      "type": "Feature",
      "properties": {
        "task_id": "168877062:1:13374866844:13367628405",
        "way_id": 168877062,
        "name": "名称未登録",
        "highway": "unclassified",
        "length_m": 93.36547963042149,
        "included": true
      },
      "geometry": {
        "type": "LineString",
        "coordinates": [
          [
            141.3127309,
            43.086273
          ],
          [
            141.3136255,
            43.0857456
          ]
        ]
      }
    },
    {
      "type": "Feature",
      "properties": {
        "task_id": "168877062:2:13374866844:1800601782",
        "way_id": 168877062,
        "name": "名称未登録",
        "highway": "unclassified",
        "length_m": 95.13831470540059,
        "included": true
      },
      "geometry": {
        "type": "LineString",
        "coordinates": [
          [
            141.3127309,
            43.086273
          ],
          [
            141.3118194,
            43.0868105
          ]
        ]
      }
    },
    {
      "type": "Feature",
      "properties": {
        "task_id": "1458363795:0:13374866844:13374866845",
        "way_id": 1458363795,
        "name": "名称未登録",
        "highway": "residential",
        "length_m": 44.98696152772851,
        "included": true
      },
      "geometry": {
        "type": "LineString",
        "coordinates": [
          [
            141.3127309,
            43.086273
          ],
          [
            141.313088,
            43.0865823
          ]
        ]
      }
    },
    {
      "type": "Feature",
      "properties": {
        "task_id": "168877062:3:1800601649:1800601782",
        "way_id": 168877062,
        "name": "名称未登録",
        "highway": "unclassified",
        "length_m": 102.28735571127142,
        "included": true
      },
      "geometry": {
        "type": "LineString",
        "coordinates": [
          [
            141.3108461,
            43.0873944
          ],
          [
            141.3118194,
            43.0868105
          ]
        ]
      }
    },
    {
      "type": "Feature",
      "properties": {
        "task_id": "168877064:1:1800601649:1800601639",
        "way_id": 168877064,
        "name": "名称未登録",
        "highway": "unclassified",
        "length_m": 90.31981704517275,
        "included": true
      },
      "geometry": {
        "type": "LineString",
        "coordinates": [
          [
            141.3108461,
            43.0873944
          ],
          [
            141.3115429,
            43.0880275
          ]
        ]
      }
    },
    {
      "type": "Feature",
      "properties": {
        "task_id": "168877064:2:1800601649:1800601717",
        "way_id": 168877064,
        "name": "名称未登録",
        "highway": "unclassified",
        "length_m": 45.5785210985413,
        "included": true
      },
      "geometry": {
        "type": "LineString",
        "coordinates": [
          [
            141.3108461,
            43.0873944
          ],
          [
            141.3104945,
            43.0870749
          ]
        ]
      }
    },
    {
      "type": "Feature",
      "properties": {
        "task_id": "168877063:0:1800601801:3788802806",
        "way_id": 168877063,
        "name": "名称未登録",
        "highway": "unclassified",
        "length_m": 33.94159537993157,
        "included": true
      },
      "geometry": {
        "type": "LineString",
        "coordinates": [
          [
            141.3114615,
            43.08858
          ],
          [
            141.3111303,
            43.0887662
          ]
        ]
      }
    },
    {
      "type": "Feature",
      "properties": {
        "task_id": "168877080:0:1800601801:1800601839",
        "way_id": 168877080,
        "name": "名称未登録",
        "highway": "unclassified",
        "length_m": 50.26294561032686,
        "included": true
      },
      "geometry": {
        "type": "LineString",
        "coordinates": [
          [
            141.3114615,
            43.08858
          ],
          [
            141.3118476,
            43.0889333
          ]
        ]
      }
    },
    {
      "type": "Feature",
      "properties": {
        "task_id": "168877080:1:1800601801:1800601850",
        "way_id": 168877080,
        "name": "名称未登録",
        "highway": "unclassified",
        "length_m": 51.12390637093306,
        "included": true
      },
      "geometry": {
        "type": "LineString",
        "coordinates": [
          [
            141.3114615,
            43.08858
          ],
          [
            141.3110687,
            43.0882207
          ]
        ]
      }
    },
    {
      "type": "Feature",
      "properties": {
        "task_id": "168877063:0:3788802806:1800601801",
        "way_id": 168877063,
        "name": "名称未登録",
        "highway": "unclassified",
        "length_m": 33.94159537993157,
        "included": true
      },
      "geometry": {
        "type": "LineString",
        "coordinates": [
          [
            141.3111303,
            43.0887662
          ],
          [
            141.3114615,
            43.08858
          ]
        ]
      }
    },
    {
      "type": "Feature",
      "properties": {
        "task_id": "168877063:1:3788802806:1800601820",
        "way_id": 168877063,
        "name": "名称未登録",
        "highway": "unclassified",
        "length_m": 37.687475111380415,
        "included": true
      },
      "geometry": {
        "type": "LineString",
        "coordinates": [
          [
            141.3111303,
            43.0887662
          ],
          [
            141.3107626,
            43.088973
          ]
        ]
      }
    },
    {
      "type": "Feature",
      "properties": {
        "task_id": "168877063:1:1800601820:3788802806",
        "way_id": 168877063,
        "name": "名称未登録",
        "highway": "unclassified",
        "length_m": 37.687475111380415,
        "included": true
      },
      "geometry": {
        "type": "LineString",
        "coordinates": [
          [
            141.3107626,
            43.088973
          ],
          [
            141.3111303,
            43.0887662
          ]
        ]
      }
    },
    {
      "type": "Feature",
      "properties": {
        "task_id": "168877071:1:1800601820:2468023663",
        "way_id": 168877071,
        "name": "名称未登録",
        "highway": "unclassified",
        "length_m": 30.935711842893646,
        "included": true
      },
      "geometry": {
        "type": "LineString",
        "coordinates": [
          [
            141.3107626,
            43.088973
          ],
          [
            141.3109972,
            43.0891922
          ]
        ]
      }
    },
    {
      "type": "Feature",
      "properties": {
        "task_id": "168877071:2:1800601820:1800601646",
        "way_id": 168877071,
        "name": "名称未登録",
        "highway": "unclassified",
        "length_m": 50.58713174771146,
        "included": true
      },
      "geometry": {
        "type": "LineString",
        "coordinates": [
          [
            141.3107626,
            43.088973
          ],
          [
            141.3103789,
            43.0886146
          ]
        ]
      }
    },
    {
      "type": "Feature",
      "properties": {
        "task_id": "168877064:0:1800601731:1800601639",
        "way_id": 168877064,
        "name": "名称未登録",
        "highway": "unclassified",
        "length_m": 94.11545900310068,
        "included": true
      },
      "geometry": {
        "type": "LineString",
        "coordinates": [
          [
            141.312269,
            43.0886872
          ],
          [
            141.3115429,
            43.0880275
          ]
        ]
      }
    },
    {
      "type": "Feature",
      "properties": {
        "task_id": "219227900:24:1800601731:1781601645",
        "way_id": 219227900,
        "name": "下手稲通",
        "highway": "secondary",
        "length_m": 14.34225339518612,
        "included": true
      },
      "geometry": {
        "type": "LineString",
        "coordinates": [
          [
            141.312269,
            43.0886872
          ],
          [
            141.3121296,
            43.0887664
          ]
        ]
      }
    },
    {
      "type": "Feature",
      "properties": {
        "task_id": "219227900:25:1800601731:1800601640",
        "way_id": 219227900,
        "name": "下手稲通",
        "highway": "secondary",
        "length_m": 48.4377053743359,
        "included": true
      },
      "geometry": {
        "type": "LineString",
        "coordinates": [
          [
            141.312269,
            43.0886872
          ],
          [
            141.3127348,
            43.0884151
          ]
        ]
      }
    },
    {
      "type": "Feature",
      "properties": {
        "task_id": "168877064:2:1800601717:1800601649",
        "way_id": 168877064,
        "name": "名称未登録",
        "highway": "unclassified",
        "length_m": 45.5785210985413,
        "included": true
      },
      "geometry": {
        "type": "LineString",
        "coordinates": [
          [
            141.3104945,
            43.0870749
          ],
          [
            141.3108461,
            43.0873944
          ]
        ]
      }
    },
    {
      "type": "Feature",
      "properties": {
        "task_id": "168877064:3:1800601717:1800601770",
        "way_id": 168877064,
        "name": "名称未登録",
        "highway": "unclassified",
        "length_m": 50.40092035040802,
        "included": true
      },
      "geometry": {
        "type": "LineString",
        "coordinates": [
          [
            141.3104945,
            43.0870749
          ],
          [
            141.3101149,
            43.0867163
          ]
        ]
      }
    },
    {
      "type": "Feature",
      "properties": {
        "task_id": "168877066:0:1800601717:1800601658",
        "way_id": 168877066,
        "name": "名称未登録",
        "highway": "unclassified",
        "length_m": 102.08056848176422,
        "included": true
      },
      "geometry": {
        "type": "LineString",
        "coordinates": [
          [
            141.3104945,
            43.0870749
          ],
          [
            141.3114711,
            43.0864969
          ]
        ]
      }
    },
    {
      "type": "Feature",
      "properties": {
        "task_id": "168877064:3:1800601770:1800601717",
        "way_id": 168877064,
        "name": "名称未登録",
        "highway": "unclassified",
        "length_m": 50.40092035040802,
        "included": true
      },
      "geometry": {
        "type": "LineString",
        "coordinates": [
          [
            141.3101149,
            43.0867163
          ],
          [
            141.3104945,
            43.0870749
          ]
        ]
      }
    },
    {
      "type": "Feature",
      "properties": {
        "task_id": "168877079:7:1800601770:1800615158",
        "way_id": 168877079,
        "name": "名称未登録",
        "highway": "residential",
        "length_m": 13.90379147696302,
        "included": true
      },
      "geometry": {
        "type": "LineString",
        "coordinates": [
          [
            141.3101149,
            43.0867163
          ],
          [
            141.3102475,
            43.0866372
          ]
        ]
      }
    },
    {
      "type": "Feature",
      "properties": {
        "task_id": "168877079:8:1800601770:1800601719",
        "way_id": 168877079,
        "name": "名称未登録",
        "highway": "residential",
        "length_m": 44.020225353666724,
        "included": true
      },
      "geometry": {
        "type": "LineString",
        "coordinates": [
          [
            141.3101149,
            43.0867163
          ],
          [
            141.3096956,
            43.0869672
          ]
        ]
      }
    },
    {
      "type": "Feature",
      "properties": {
        "task_id": "168877067:0:1800601667:2468023959",
        "way_id": 168877067,
        "name": "名称未登録",
        "highway": "unclassified",
        "length_m": 78.42004413765821,
        "included": true
      },
      "geometry": {
        "type": "LineString",
        "coordinates": [
          [
            141.3091873,
            43.090487
          ],
          [
            141.3085823,
            43.0899373
          ]
        ]
      }
    },
    {
      "type": "Feature",
      "properties": {
        "task_id": "219227900:15:1800601667:1800601690",
        "way_id": 219227900,
        "name": "下手稲通",
        "highway": "secondary",
        "length_m": 72.38187761218927,
        "included": true
      },
      "geometry": {
        "type": "LineString",
        "coordinates": [
          [
            141.3091873,
            43.090487
          ],
          [
            141.3084911,
            43.0908935
          ]
        ]
      }
    },
    {
      "type": "Feature",
      "properties": {
        "task_id": "219227900:16:1800601667:1800558879",
        "way_id": 219227900,
        "name": "下手稲通",
        "highway": "secondary",
        "length_m": 52.14537828356873,
        "included": true
      },
      "geometry": {
        "type": "LineString",
        "coordinates": [
          [
            141.3091873,
            43.090487
          ],
          [
            141.3096888,
            43.0901941
          ]
        ]
      }
    },
    {
      "type": "Feature",
      "properties": {
        "task_id": "168877067:0:2468023959:1800601667",
        "way_id": 168877067,
        "name": "名称未登録",
        "highway": "unclassified",
        "length_m": 78.42004413765821,
        "included": true
      },
      "geometry": {
        "type": "LineString",
        "coordinates": [
          [
            141.3085823,
            43.0899373
          ],
          [
            141.3091873,
            43.090487
          ]
        ]
      }
    },
    {
      "type": "Feature",
      "properties": {
        "task_id": "168877067:1:2468023959:1800601644",
        "way_id": 168877067,
        "name": "名称未登録",
        "highway": "unclassified",
        "length_m": 80.27450948584654,
        "included": true
      },
      "geometry": {
        "type": "LineString",
        "coordinates": [
          [
            141.3085823,
            43.0899373
          ],
          [
            141.307963,
            43.0893746
          ]
        ]
      }
    },
    {
      "type": "Feature",
      "properties": {
        "task_id": "238996723:0:2468023959:2468023870",
        "way_id": 238996723,
        "name": "名称未登録",
        "highway": "residential",
        "length_m": 51.24788644559061,
        "included": true
      },
      "geometry": {
        "type": "LineString",
        "coordinates": [
          [
            141.3085823,
            43.0899373
          ],
          [
            141.3090738,
            43.0896482
          ]
        ]
      }
    },
    {
      "type": "Feature",
      "properties": {
        "task_id": "168877067:2:1800601629:1800601644",
        "way_id": 168877067,
        "name": "名称未登録",
        "highway": "unclassified",
        "length_m": 34.866923838646215,
        "included": true
      },
      "geometry": {
        "type": "LineString",
        "coordinates": [
          [
            141.307694,
            43.0891302
          ],
          [
            141.307963,
            43.0893746
          ]
        ]
      }
    },
    {
      "type": "Feature",
      "properties": {
        "task_id": "168877067:3:1800601629:1800601772",
        "way_id": 168877067,
        "name": "名称未登録",
        "highway": "unclassified",
        "length_m": 34.554209128687596,
        "included": true
      },
      "geometry": {
        "type": "LineString",
        "coordinates": [
          [
            141.307694,
            43.0891302
          ],
          [
            141.3074274,
            43.088888
          ]
        ]
      }
    },
    {
      "type": "Feature",
      "properties": {
        "task_id": "168877075:0:1800601629:1800601756",
        "way_id": 168877075,
        "name": "名称未登録",
        "highway": "unclassified",
        "length_m": 72.16953339532061,
        "included": true
      },
      "geometry": {
        "type": "LineString",
        "coordinates": [
          [
            141.307694,
            43.0891302
          ],
          [
            141.3069864,
            43.0895229
          ]
        ]
      }
    },
    {
      "type": "Feature",
      "properties": {
        "task_id": "168877067:3:1800601772:1800601629",
        "way_id": 168877067,
        "name": "名称未登録",
        "highway": "unclassified",
        "length_m": 34.554209128687596,
        "included": true
      },
      "geometry": {
        "type": "LineString",
        "coordinates": [
          [
            141.3074274,
            43.088888
          ],
          [
            141.307694,
            43.0891302
          ]
        ]
      }
    },
    {
      "type": "Feature",
      "properties": {
        "task_id": "168877067:4:1800601772:2468023166",
        "way_id": 168877067,
        "name": "名称未登録",
        "highway": "unclassified",
        "length_m": 44.55724920974058,
        "included": true
      },
      "geometry": {
        "type": "LineString",
        "coordinates": [
          [
            141.3074274,
            43.088888
          ],
          [
            141.3070836,
            43.0885757
          ]
        ]
      }
    },
    {
      "type": "Feature",
      "properties": {
        "task_id": "168877077:1:1800601772:1800601715",
        "way_id": 168877077,
        "name": "名称未登録",
        "highway": "unclassified",
        "length_m": 37.40780463645827,
        "included": true
      },
      "geometry": {
        "type": "LineString",
        "coordinates": [
          [
            141.3074274,
            43.088888
          ],
          [
            141.3077917,
            43.0886821
          ]
        ]
      }
    },
    {
      "type": "Feature",
      "properties": {
        "task_id": "168877067:4:2468023166:1800601772",
        "way_id": 168877067,
        "name": "名称未登録",
        "highway": "unclassified",
        "length_m": 44.55724920974058,
        "included": true
      },
      "geometry": {
        "type": "LineString",
        "coordinates": [
          [
            141.3070836,
            43.0885757
          ],
          [
            141.3074274,
            43.088888
          ]
        ]
      }
    },
    {
      "type": "Feature",
      "properties": {
        "task_id": "168877067:5:2468023166:1800601807",
        "way_id": 168877067,
        "name": "名称未登録",
        "highway": "unclassified",
        "length_m": 6.90637810345314,
        "included": true
      },
      "geometry": {
        "type": "LineString",
        "coordinates": [
          [
            141.3070836,
            43.0885757
          ],
          [
            141.3070303,
            43.0885273
          ]
        ]
      }
    },
    {
      "type": "Feature",
      "properties": {
        "task_id": "168877067:5:1800601807:2468023166",
        "way_id": 168877067,
        "name": "名称未登録",
        "highway": "unclassified",
        "length_m": 6.90637810345314,
        "included": true
      },
      "geometry": {
        "type": "LineString",
        "coordinates": [
          [
            141.3070303,
            43.0885273
          ],
          [
            141.3070836,
            43.0885757
          ]
        ]
      }
    },
    {
      "type": "Feature",
      "properties": {
        "task_id": "168877079:20:1800601807:2468022975",
        "way_id": 168877079,
        "name": "名称未登録",
        "highway": "residential",
        "length_m": 47.75268188963665,
        "included": true
      },
      "geometry": {
        "type": "LineString",
        "coordinates": [
          [
            141.3070303,
            43.0885273
          ],
          [
            141.3074888,
            43.0882584
          ]
        ]
      }
    },
    {
      "type": "Feature",
      "properties": {
        "task_id": "168877079:21:1800601807:1800601645",
        "way_id": 168877079,
        "name": "名称未登録",
        "highway": "residential",
        "length_m": 25.523883446508098,
        "included": true
      },
      "geometry": {
        "type": "LineString",
        "coordinates": [
          [
            141.3070303,
            43.0885273
          ],
          [
            141.3067852,
            43.088671
          ]
        ]
      }
    },
    {
      "type": "Feature",
      "properties": {
        "task_id": "168877068:0:1800601715:1800601748",
        "way_id": 168877068,
        "name": "名称未登録",
        "highway": "unclassified",
        "length_m": 68.45070082744554,
        "included": true
      },
      "geometry": {
        "type": "LineString",
        "coordinates": [
          [
            141.3077917,
            43.0886821
          ],
          [
            141.308311,
            43.089167
          ]
        ]
      }
    },
    {
      "type": "Feature",
      "properties": {
        "task_id": "168877077:0:1800601715:1800601727",
        "way_id": 168877077,
        "name": "名称未登録",
        "highway": "unclassified",
        "length_m": 34.79027785628623,
        "included": true
      },
      "geometry": {
        "type": "LineString",
        "coordinates": [
          [
            141.3077917,
            43.0886821
          ],
          [
            141.3081305,
            43.0884906
          ]
        ]
      }
    },
    {
      "type": "Feature",
      "properties": {
        "task_id": "168877077:1:1800601715:1800601772",
        "way_id": 168877077,
        "name": "名称未登録",
        "highway": "unclassified",
        "length_m": 37.40780463645827,
        "included": true
      },
      "geometry": {
        "type": "LineString",
        "coordinates": [
          [
            141.3077917,
            43.0886821
          ],
          [
            141.3074274,
            43.088888
          ]
        ]
      }
    },
    {
      "type": "Feature",
      "properties": {
        "task_id": "168877069:0:1800601636:13374866849",
        "way_id": 168877069,
        "name": "名称未登録",
        "highway": "unclassified",
        "length_m": 59.39844411301378,
        "included": true
      },
      "geometry": {
        "type": "LineString",
        "coordinates": [
          [
            141.3089578,
            43.0881226
          ],
          [
            141.3085145,
            43.0876977
          ]
        ]
      }
    },
    {
      "type": "Feature",
      "properties": {
        "task_id": "168877069:0:13374866849:1800601636",
        "way_id": 168877069,
        "name": "名称未登録",
        "highway": "unclassified",
        "length_m": 59.39844411301378,
        "included": true
      },
      "geometry": {
        "type": "LineString",
        "coordinates": [
          [
            141.3085145,
            43.0876977
          ],
          [
            141.3089578,
            43.0881226
          ]
        ]
      }
    },
    {
      "type": "Feature",
      "properties": {
        "task_id": "168877069:1:13374866849:1800601657",
        "way_id": 168877069,
        "name": "名称未登録",
        "highway": "unclassified",
        "length_m": 3.468176971289051,
        "included": true
      },
      "geometry": {
        "type": "LineString",
        "coordinates": [
          [
            141.3085145,
            43.0876977
          ],
          [
            141.3084886,
            43.0876729
          ]
        ]
      }
    },
    {
      "type": "Feature",
      "properties": {
        "task_id": "168877069:1:1800601657:13374866849",
        "way_id": 168877069,
        "name": "名称未登録",
        "highway": "unclassified",
        "length_m": 3.468176971289051,
        "included": true
      },
      "geometry": {
        "type": "LineString",
        "coordinates": [
          [
            141.3084886,
            43.0876729
          ],
          [
            141.3085145,
            43.0876977
          ]
        ]
      }
    },
    {
      "type": "Feature",
      "properties": {
        "task_id": "168877079:14:1800601657:1800601665",
        "way_id": 168877079,
        "name": "名称未登録",
        "highway": "residential",
        "length_m": 48.20265165033851,
        "included": true
      },
      "geometry": {
        "type": "LineString",
        "coordinates": [
          [
            141.3084886,
            43.0876729
          ],
          [
            141.308952,
            43.087402
          ]
        ]
      }
    },
    {
      "type": "Feature",
      "properties": {
        "task_id": "168877079:15:1800601657:1800640460",
        "way_id": 168877079,
        "name": "名称未登録",
        "highway": "residential",
        "length_m": 16.293103994439797,
        "included": true
      },
      "geometry": {
        "type": "LineString",
        "coordinates": [
          [
            141.3084886,
            43.0876729
          ],
          [
            141.308332,
            43.0877645
          ]
        ]
      }
    },
    {
      "type": "Feature",
      "properties": {
        "task_id": "168877070:0:1800601850:1800601646",
        "way_id": 168877070,
        "name": "名称未登録",
        "highway": "unclassified",
        "length_m": 71.10684665637586,
        "included": true
      },
      "geometry": {
        "type": "LineString",
        "coordinates": [
          [
            141.3110687,
            43.0882207
          ],
          [
            141.3103789,
            43.0886146
          ]
        ]
      }
    },
    {
      "type": "Feature",
      "properties": {
        "task_id": "168877080:1:1800601850:1800601801",
        "way_id": 168877080,
        "name": "名称未登録",
        "highway": "unclassified",
        "length_m": 51.12390637093306,
        "included": true
      },
      "geometry": {
        "type": "LineString",
        "coordinates": [
          [
            141.3110687,
            43.0882207
          ],
          [
            141.3114615,
            43.08858
          ]
        ]
      }
    },
    {
      "type": "Feature",
      "properties": {
        "task_id": "168877080:2:1800601850:1800601753",
        "way_id": 168877080,
        "name": "名称未登録",
        "highway": "unclassified",
        "length_m": 16.748585209990896,
        "included": true
      },
      "geometry": {
        "type": "LineString",
        "coordinates": [
          [
            141.3110687,
            43.0882207
          ],
          [
            141.31094,
            43.088103
          ]
        ]
      }
    },
    {
      "type": "Feature",
      "properties": {
        "task_id": "168877070:0:1800601646:1800601850",
        "way_id": 168877070,
        "name": "名称未登録",
        "highway": "unclassified",
        "length_m": 71.10684665637586,
        "included": true
      },
      "geometry": {
        "type": "LineString",
        "coordinates": [
          [
            141.3103789,
            43.0886146
          ],
          [
            141.3110687,
            43.0882207
          ]
        ]
      }
    },
    {
      "type": "Feature",
      "properties": {
        "task_id": "168877071:2:1800601646:1800601820",
        "way_id": 168877071,
        "name": "名称未登録",
        "highway": "unclassified",
        "length_m": 50.58713174771146,
        "included": true
      },
      "geometry": {
        "type": "LineString",
        "coordinates": [
          [
            141.3103789,
            43.0886146
          ],
          [
            141.3107626,
            43.088973
          ]
        ]
      }
    },
    {
      "type": "Feature",
      "properties": {
        "task_id": "168877071:3:1800601646:13372861123",
        "way_id": 168877071,
        "name": "名称未登録",
        "highway": "unclassified",
        "length_m": 22.61637100739477,
        "included": true
      },
      "geometry": {
        "type": "LineString",
        "coordinates": [
          [
            141.3103789,
            43.0886146
          ],
          [
            141.3102073,
            43.0884544
          ]
        ]
      }
    },
    {
      "type": "Feature",
      "properties": {
        "task_id": "168877071:0:1800601790:2468023663",
        "way_id": 168877071,
        "name": "名称未登録",
        "highway": "unclassified",
        "length_m": 20.64838761340362,
        "included": true
      },
      "geometry": {
        "type": "LineString",
        "coordinates": [
          [
            141.3111538,
            43.0893385
          ],
          [
            141.3109972,
            43.0891922
          ]
        ]
      }
    },
    {
      "type": "Feature",
      "properties": {
        "task_id": "219227900:18:1800601790:1800558883",
        "way_id": 219227900,
        "name": "下手稲通",
        "highway": "secondary",
        "length_m": 81.57301623556435,
        "included": true
      },
      "geometry": {
        "type": "LineString",
        "coordinates": [
          [
            141.3111538,
            43.0893385
          ],
          [
            141.3103693,
            43.0897967
          ]
        ]
      }
    },
    {
      "type": "Feature",
      "properties": {
        "task_id": "219227900:19:1800601790:2310745232",
        "way_id": 219227900,
        "name": "下手稲通",
        "highway": "secondary",
        "length_m": 20.73643347431605,
        "included": true
      },
      "geometry": {
        "type": "LineString",
        "coordinates": [
          [
            141.3111538,
            43.0893385
          ],
          [
            141.3113532,
            43.089222
          ]
        ]
      }
    },
    {
      "type": "Feature",
      "properties": {
        "task_id": "168877071:0:2468023663:1800601790",
        "way_id": 168877071,
        "name": "名称未登録",
        "highway": "unclassified",
        "length_m": 20.64838761340362,
        "included": true
      },
      "geometry": {
        "type": "LineString",
        "coordinates": [
          [
            141.3109972,
            43.0891922
          ],
          [
            141.3111538,
            43.0893385
          ]
        ]
      }
    },
    {
      "type": "Feature",
      "properties": {
        "task_id": "168877071:1:2468023663:1800601820",
        "way_id": 168877071,
        "name": "名称未登録",
        "highway": "unclassified",
        "length_m": 30.935711842893646,
        "included": true
      },
      "geometry": {
        "type": "LineString",
        "coordinates": [
          [
            141.3109972,
            43.0891922
          ],
          [
            141.3107626,
            43.088973
          ]
        ]
      }
    },
    {
      "type": "Feature",
      "properties": {
        "task_id": "168877071:3:13372861123:1800601646",
        "way_id": 168877071,
        "name": "名称未登録",
        "highway": "unclassified",
        "length_m": 22.61637100739477,
        "included": true
      },
      "geometry": {
        "type": "LineString",
        "coordinates": [
          [
            141.3102073,
            43.0884544
          ],
          [
            141.3103789,
            43.0886146
          ]
        ]
      }
    },
    {
      "type": "Feature",
      "properties": {
        "task_id": "168877071:4:13372861123:1800601760",
        "way_id": 168877071,
        "name": "名称未登録",
        "highway": "unclassified",
        "length_m": 3.1163560386964275,
        "included": true
      },
      "geometry": {
        "type": "LineString",
        "coordinates": [
          [
            141.3102073,
            43.0884544
          ],
          [
            141.3101837,
            43.0884323
          ]
        ]
      }
    },
    {
      "type": "Feature",
      "properties": {
        "task_id": "168877071:4:1800601760:13372861123",
        "way_id": 168877071,
        "name": "名称未登録",
        "highway": "unclassified",
        "length_m": 3.1163560386964275,
        "included": true
      },
      "geometry": {
        "type": "LineString",
        "coordinates": [
          [
            141.3101837,
            43.0884323
          ],
          [
            141.3102073,
            43.0884544
          ]
        ]
      }
    },
    {
      "type": "Feature",
      "properties": {
        "task_id": "168877076:2:1800601760:1800601680",
        "way_id": 168877076,
        "name": "名称未登録",
        "highway": "unclassified",
        "length_m": 6.742569423483604,
        "included": true
      },
      "geometry": {
        "type": "LineString",
        "coordinates": [
          [
            141.3101837,
            43.0884323
          ],
          [
            141.3101175,
            43.0884689
          ]
        ]
      }
    },
    {
      "type": "Feature",
      "properties": {
        "task_id": "168877076:3:1800601760:1800601697",
        "way_id": 168877076,
        "name": "名称未登録",
        "highway": "unclassified",
        "length_m": 35.77891419523449,
        "included": true
      },
      "geometry": {
        "type": "LineString",
        "coordinates": [
          [
            141.3101837,
            43.0884323
          ],
          [
            141.310535,
            43.0882381
          ]
        ]
      }
    },
    {
      "type": "Feature",
      "properties": {
        "task_id": "168877076:0:1800601665:13372861126",
        "way_id": 168877076,
        "name": "名称未登録",
        "highway": "unclassified",
        "length_m": 3.983536885011774,
        "included": true
      },
      "geometry": {
        "type": "LineString",
        "coordinates": [
          [
            141.308952,
            43.087402
          ],
          [
            141.3089826,
            43.08743
          ]
        ]
      }
    },
    {
      "type": "Feature",
      "properties": {
        "task_id": "168877079:13:1800601665:1800640619",
        "way_id": 168877079,
        "name": "名称未登録",
        "highway": "residential",
        "length_m": 2.928029790990024,
        "included": true
      },
      "geometry": {
        "type": "LineString",
        "coordinates": [
          [
            141.308952,
            43.087402
          ],
          [
            141.3089801,
            43.0873855
          ]
        ]
      }
    },
    {
      "type": "Feature",
      "properties": {
        "task_id": "168877079:14:1800601665:1800601657",
        "way_id": 168877079,
        "name": "名称未登録",
        "highway": "residential",
        "length_m": 48.20265165033851,
        "included": true
      },
      "geometry": {
        "type": "LineString",
        "coordinates": [
          [
            141.308952,
            43.087402
          ],
          [
            141.3084886,
            43.0876729
          ]
        ]
      }
    },
    {
      "type": "Feature",
      "properties": {
        "task_id": "168877076:0:13372861126:1800601665",
        "way_id": 168877076,
        "name": "名称未登録",
        "highway": "unclassified",
        "length_m": 3.983536885011774,
        "included": true
      },
      "geometry": {
        "type": "LineString",
        "coordinates": [
          [
            141.3089826,
            43.08743
          ],
          [
            141.308952,
            43.087402
          ]
        ]
      }
    },
    {
      "type": "Feature",
      "properties": {
        "task_id": "168877076:1:13372861126:1800601680",
        "way_id": 168877076,
        "name": "名称未登録",
        "highway": "unclassified",
        "length_m": 147.77917509490726,
        "included": true
      },
      "geometry": {
        "type": "LineString",
        "coordinates": [
          [
            141.3089826,
            43.08743
          ],
          [
            141.3101175,
            43.0884689
          ]
        ]
      }
    },
    {
      "type": "Feature",
      "properties": {
        "task_id": "168877076:1:1800601680:13372861126",
        "way_id": 168877076,
        "name": "名称未登録",
        "highway": "unclassified",
        "length_m": 147.77917509490726,
        "included": true
      },
      "geometry": {
        "type": "LineString",
        "coordinates": [
          [
            141.3101175,
            43.0884689
          ],
          [
            141.3089826,
            43.08743
          ]
        ]
      }
    },
    {
      "type": "Feature",
      "properties": {
        "task_id": "168877076:2:1800601680:1800601760",
        "way_id": 168877076,
        "name": "名称未登録",
        "highway": "unclassified",
        "length_m": 6.742569423483604,
        "included": true
      },
      "geometry": {
        "type": "LineString",
        "coordinates": [
          [
            141.3101175,
            43.0884689
          ],
          [
            141.3101837,
            43.0884323
          ]
        ]
      }
    },
    {
      "type": "Feature",
      "properties": {
        "task_id": "168877076:3:1800601697:1800601760",
        "way_id": 168877076,
        "name": "名称未登録",
        "highway": "unclassified",
        "length_m": 35.77891419523449,
        "included": true
      },
      "geometry": {
        "type": "LineString",
        "coordinates": [
          [
            141.310535,
            43.0882381
          ],
          [
            141.3101837,
            43.0884323
          ]
        ]
      }
    },
    {
      "type": "Feature",
      "properties": {
        "task_id": "168877076:4:1800601697:1800601671",
        "way_id": 168877076,
        "name": "名称未登録",
        "highway": "unclassified",
        "length_m": 87.19063360129374,
        "included": true
      },
      "geometry": {
        "type": "LineString",
        "coordinates": [
          [
            141.310535,
            43.0882381
          ],
          [
            141.3098724,
            43.0876211
          ]
        ]
      }
    },
    {
      "type": "Feature",
      "properties": {
        "task_id": "168877076:4:1800601671:1800601697",
        "way_id": 168877076,
        "name": "名称未登録",
        "highway": "unclassified",
        "length_m": 87.19063360129374,
        "included": true
      },
      "geometry": {
        "type": "LineString",
        "coordinates": [
          [
            141.3098724,
            43.0876211
          ],
          [
            141.310535,
            43.0882381
          ]
        ]
      }
    },
    {
      "type": "Feature",
      "properties": {
        "task_id": "168877076:5:1800601671:1800601712",
        "way_id": 168877076,
        "name": "名称未登録",
        "highway": "unclassified",
        "length_m": 14.359580321241092,
        "included": true
      },
      "geometry": {
        "type": "LineString",
        "coordinates": [
          [
            141.3098724,
            43.0876211
          ],
          [
            141.3097017,
            43.0875874
          ]
        ]
      }
    },
    {
      "type": "Feature",
      "properties": {
        "task_id": "168877076:5:1800601712:1800601671",
        "way_id": 168877076,
        "name": "名称未登録",
        "highway": "unclassified",
        "length_m": 14.359580321241092,
        "included": true
      },
      "geometry": {
        "type": "LineString",
        "coordinates": [
          [
            141.3097017,
            43.0875874
          ],
          [
            141.3098724,
            43.0876211
          ]
        ]
      }
    },
    {
      "type": "Feature",
      "properties": {
        "task_id": "168877076:6:1800601712:13372861116",
        "way_id": 168877076,
        "name": "名称未登録",
        "highway": "unclassified",
        "length_m": 50.35988421140491,
        "included": true
      },
      "geometry": {
        "type": "LineString",
        "coordinates": [
          [
            141.3097017,
            43.0875874
          ],
          [
            141.3093161,
            43.0872327
          ]
        ]
      }
    },
    {
      "type": "Feature",
      "properties": {
        "task_id": "168877076:6:13372861116:1800601712",
        "way_id": 168877076,
        "name": "名称未登録",
        "highway": "unclassified",
        "length_m": 50.35988421140491,
        "included": true
      },
      "geometry": {
        "type": "LineString",
        "coordinates": [
          [
            141.3093161,
            43.0872327
          ],
          [
            141.3097017,
            43.0875874
          ]
        ]
      }
    },
    {
      "type": "Feature",
      "properties": {
        "task_id": "168877076:7:13372861116:1800601737",
        "way_id": 168877076,
        "name": "名称未登録",
        "highway": "unclassified",
        "length_m": 3.7895266327640518,
        "included": true
      },
      "geometry": {
        "type": "LineString",
        "coordinates": [
          [
            141.3093161,
            43.0872327
          ],
          [
            141.3092871,
            43.087206
          ]
        ]
      }
    },
    {
      "type": "Feature",
      "properties": {
        "task_id": "168877076:7:1800601737:13372861116",
        "way_id": 168877076,
        "name": "名称未登録",
        "highway": "unclassified",
        "length_m": 3.7895266327640518,
        "included": true
      },
      "geometry": {
        "type": "LineString",
        "coordinates": [
          [
            141.3092871,
            43.087206
          ],
          [
            141.3093161,
            43.0872327
          ]
        ]
      }
    },
    {
      "type": "Feature",
      "properties": {
        "task_id": "168877079:11:1800601737:3788801692",
        "way_id": 168877079,
        "name": "名称未登録",
        "highway": "residential",
        "length_m": 4.4442851365716445,
        "included": true
      },
      "geometry": {
        "type": "LineString",
        "coordinates": [
          [
            141.3092871,
            43.087206
          ],
          [
            141.3093298,
            43.087181
          ]
        ]
      }
    },
    {
      "type": "Feature",
      "properties": {
        "task_id": "168877079:12:1800601737:1800640619",
        "way_id": 168877079,
        "name": "名称未登録",
        "highway": "residential",
        "length_m": 31.936172901526337,
        "included": true
      },
      "geometry": {
        "type": "LineString",
        "coordinates": [
          [
            141.3092871,
            43.087206
          ],
          [
            141.3089801,
            43.0873855
          ]
        ]
      }
    },
    {
      "type": "Feature",
      "properties": {
        "task_id": "168877079:0:1800510317:13367628408",
        "way_id": 168877079,
        "name": "名称未登録",
        "highway": "residential",
        "length_m": 7.222449344706737,
        "included": true
      },
      "geometry": {
        "type": "LineString",
        "coordinates": [
          [
            141.3129663,
            43.0850407
          ],
          [
            141.3128971,
            43.0850815
          ]
        ]
      }
    },
    {
      "type": "Feature",
      "properties": {
        "task_id": "426971654:18:1800510317:1798886160",
        "way_id": 426971654,
        "name": "琴似栄町通",
        "highway": "secondary",
        "length_m": 89.0639997563471,
        "included": true
      },
      "geometry": {
        "type": "LineString",
        "coordinates": [
          [
            141.3129663,
            43.0850407
          ],
          [
            141.3136491,
            43.0856675
          ]
        ]
      }
    },
    {
      "type": "Feature",
      "properties": {
        "task_id": "168877079:0:13367628408:1800510317",
        "way_id": 168877079,
        "name": "名称未登録",
        "highway": "residential",
        "length_m": 7.222449344706737,
        "included": true
      },
      "geometry": {
        "type": "LineString",
        "coordinates": [
          [
            141.3128971,
            43.0850815
          ],
          [
            141.3129663,
            43.0850407
          ]
        ]
      }
    },
    {
      "type": "Feature",
      "properties": {
        "task_id": "168877079:1:13367628408:1800615369",
        "way_id": 168877079,
        "name": "名称未登録",
        "highway": "residential",
        "length_m": 86.92492267946442,
        "included": true
      },
      "geometry": {
        "type": "LineString",
        "coordinates": [
          [
            141.3128971,
            43.0850815
          ],
          [
            141.3120642,
            43.0855725
          ]
        ]
      }
    },
    {
      "type": "Feature",
      "properties": {
        "task_id": "168877079:1:1800615369:13367628408",
        "way_id": 168877079,
        "name": "名称未登録",
        "highway": "residential",
        "length_m": 86.92492267946442,
        "included": true
      },
      "geometry": {
        "type": "LineString",
        "coordinates": [
          [
            141.3120642,
            43.0855725
          ],
          [
            141.3128971,
            43.0850815
          ]
        ]
      }
    },
    {
      "type": "Feature",
      "properties": {
        "task_id": "168877079:2:1800615369:1800615207",
        "way_id": 168877079,
        "name": "名称未登録",
        "highway": "residential",
        "length_m": 67.54910577443815,
        "included": true
      },
      "geometry": {
        "type": "LineString",
        "coordinates": [
          [
            141.3120642,
            43.0855725
          ],
          [
            141.3114148,
            43.0859521
          ]
        ]
      }
    },
    {
      "type": "Feature",
      "properties": {
        "task_id": "168878420:0:1800615369:1800615291",
        "way_id": 168878420,
        "name": "名称未登録",
        "highway": "unclassified",
        "length_m": 68.40964950672819,
        "included": true
      },
      "geometry": {
        "type": "LineString",
        "coordinates": [
          [
            141.3120642,
            43.0855725
          ],
          [
            141.3115395,
            43.0850912
          ]
        ]
      }
    },
    {
      "type": "Feature",
      "properties": {
        "task_id": "168877079:2:1800615207:1800615369",
        "way_id": 168877079,
        "name": "名称未登録",
        "highway": "residential",
        "length_m": 67.54910577443815,
        "included": true
      },
      "geometry": {
        "type": "LineString",
        "coordinates": [
          [
            141.3114148,
            43.0859521
          ],
          [
            141.3120642,
            43.0855725
          ]
        ]
      }
    },
    {
      "type": "Feature",
      "properties": {
        "task_id": "168877079:3:1800615207:1800601843",
        "way_id": 168877079,
        "name": "名称未登録",
        "highway": "residential",
        "length_m": 34.08019302075662,
        "included": true
      },
      "geometry": {
        "type": "LineString",
        "coordinates": [
          [
            141.3114148,
            43.0859521
          ],
          [
            141.3110878,
            43.0861442
          ]
        ]
      }
    },
    {
      "type": "Feature",
      "properties": {
        "task_id": "168878418:0:1800615207:3788899370",
        "way_id": 168878418,
        "name": "名称未登録",
        "highway": "unclassified",
        "length_m": 23.7949351782504,
        "included": true
      },
      "geometry": {
        "type": "LineString",
        "coordinates": [
          [
            141.3114148,
            43.0859521
          ],
          [
            141.3112363,
            43.0857824
          ]
        ]
      }
    },
    {
      "type": "Feature",
      "properties": {
        "task_id": "168877079:4:1800615156:1800601843",
        "way_id": 168877079,
        "name": "名称未登録",
        "highway": "residential",
        "length_m": 27.380212628470435,
        "included": true
      },
      "geometry": {
        "type": "LineString",
        "coordinates": [
          [
            141.3108256,
            43.086299
          ],
          [
            141.3110878,
            43.0861442
          ]
        ]
      }
    },
    {
      "type": "Feature",
      "properties": {
        "task_id": "168877079:5:1800615156:3788899546",
        "way_id": 168877079,
        "name": "名称未登録",
        "highway": "residential",
        "length_m": 32.949160908023806,
        "included": true
      },
      "geometry": {
        "type": "LineString",
        "coordinates": [
          [
            141.3108256,
            43.086299
          ],
          [
            141.310508,
            43.0864834
          ]
        ]
      }
    },
    {
      "type": "Feature",
      "properties": {
        "task_id": "168878415:0:1800615156:3788899505",
        "way_id": 168878415,
        "name": "名称未登録",
        "highway": "residential",
        "length_m": 23.789046491948568,
        "included": true
      },
      "geometry": {
        "type": "LineString",
        "coordinates": [
          [
            141.3108256,
            43.086299
          ],
          [
            141.3106444,
            43.0861309
          ]
        ]
      }
    },
    {
      "type": "Feature",
      "properties": {
        "task_id": "168877079:5:3788899546:1800615156",
        "way_id": 168877079,
        "name": "名称未登録",
        "highway": "residential",
        "length_m": 32.949160908023806,
        "included": true
      },
      "geometry": {
        "type": "LineString",
        "coordinates": [
          [
            141.310508,
            43.0864834
          ],
          [
            141.3108256,
            43.086299
          ]
        ]
      }
    },
    {
      "type": "Feature",
      "properties": {
        "task_id": "168877079:6:3788899546:1800615158",
        "way_id": 168877079,
        "name": "名称未登録",
        "highway": "residential",
        "length_m": 27.20285525505584,
        "included": true
      },
      "geometry": {
        "type": "LineString",
        "coordinates": [
          [
            141.310508,
            43.0864834
          ],
          [
            141.3102475,
            43.0866372
          ]
        ]
      }
    },
    {
      "type": "Feature",
      "properties": {
        "task_id": "168877079:6:1800615158:3788899546",
        "way_id": 168877079,
        "name": "名称未登録",
        "highway": "residential",
        "length_m": 27.20285525505584,
        "included": true
      },
      "geometry": {
        "type": "LineString",
        "coordinates": [
          [
            141.3102475,
            43.0866372
          ],
          [
            141.310508,
            43.0864834
          ]
        ]
      }
    },
    {
      "type": "Feature",
      "properties": {
        "task_id": "168877079:7:1800615158:1800601770",
        "way_id": 168877079,
        "name": "名称未登録",
        "highway": "residential",
        "length_m": 13.90379147696302,
        "included": true
      },
      "geometry": {
        "type": "LineString",
        "coordinates": [
          [
            141.3102475,
            43.0866372
          ],
          [
            141.3101149,
            43.0867163
          ]
        ]
      }
    },
    {
      "type": "Feature",
      "properties": {
        "task_id": "168878409:0:1800615158:3788899460",
        "way_id": 168878409,
        "name": "名称未登録",
        "highway": "unclassified",
        "length_m": 96.55894601219191,
        "included": true
      },
      "geometry": {
        "type": "LineString",
        "coordinates": [
          [
            141.3102475,
            43.0866372
          ],
          [
            141.3094961,
            43.0859642
          ]
        ]
      }
    },
    {
      "type": "Feature",
      "properties": {
        "task_id": "168877079:8:1800601719:1800601770",
        "way_id": 168877079,
        "name": "名称未登録",
        "highway": "residential",
        "length_m": 44.020225353666724,
        "included": true
      },
      "geometry": {
        "type": "LineString",
        "coordinates": [
          [
            141.3096956,
            43.0869672
          ],
          [
            141.3101149,
            43.0867163
          ]
        ]
      }
    },
    {
      "type": "Feature",
      "properties": {
        "task_id": "168877079:9:1800601719:1800601798",
        "way_id": 168877079,
        "name": "名称未登録",
        "highway": "residential",
        "length_m": 4.476609155478784,
        "included": true
      },
      "geometry": {
        "type": "LineString",
        "coordinates": [
          [
            141.3096956,
            43.0869672
          ],
          [
            141.3096525,
            43.0869923
          ]
        ]
      }
    },
    {
      "type": "Feature",
      "properties": {
        "task_id": "168877080:3:1800601719:1800601753",
        "way_id": 168877080,
        "name": "名称未登録",
        "highway": "unclassified",
        "length_m": 161.74802950341956,
        "included": true
      },
      "geometry": {
        "type": "LineString",
        "coordinates": [
          [
            141.3096956,
            43.0869672
          ],
          [
            141.31094,
            43.088103
          ]
        ]
      }
    },
    {
      "type": "Feature",
      "properties": {
        "task_id": "168877079:9:1800601798:1800601719",
        "way_id": 168877079,
        "name": "名称未登録",
        "highway": "residential",
        "length_m": 4.476609155478784,
        "included": true
      },
      "geometry": {
        "type": "LineString",
        "coordinates": [
          [
            141.3096525,
            43.0869923
          ],
          [
            141.3096956,
            43.0869672
          ]
        ]
      }
    },
    {
      "type": "Feature",
      "properties": {
        "task_id": "168877079:10:1800601798:3788801692",
        "way_id": 168877079,
        "name": "名称未登録",
        "highway": "residential",
        "length_m": 33.57087553766871,
        "included": true
      },
      "geometry": {
        "type": "LineString",
        "coordinates": [
          [
            141.3096525,
            43.0869923
          ],
          [
            141.3093298,
            43.087181
          ]
        ]
      }
    },
    {
      "type": "Feature",
      "properties": {
        "task_id": "168877079:10:3788801692:1800601798",
        "way_id": 168877079,
        "name": "名称未登録",
        "highway": "residential",
        "length_m": 33.57087553766871,
        "included": true
      },
      "geometry": {
        "type": "LineString",
        "coordinates": [
          [
            141.3093298,
            43.087181
          ],
          [
            141.3096525,
            43.0869923
          ]
        ]
      }
    },
    {
      "type": "Feature",
      "properties": {
        "task_id": "168877079:11:3788801692:1800601737",
        "way_id": 168877079,
        "name": "名称未登録",
        "highway": "residential",
        "length_m": 4.4442851365716445,
        "included": true
      },
      "geometry": {
        "type": "LineString",
        "coordinates": [
          [
            141.3093298,
            43.087181
          ],
          [
            141.3092871,
            43.087206
          ]
        ]
      }
    },
    {
      "type": "Feature",
      "properties": {
        "task_id": "168877079:12:1800640619:1800601737",
        "way_id": 168877079,
        "name": "名称未登録",
        "highway": "residential",
        "length_m": 31.936172901526337,
        "included": true
      },
      "geometry": {
        "type": "LineString",
        "coordinates": [
          [
            141.3089801,
            43.0873855
          ],
          [
            141.3092871,
            43.087206
          ]
        ]
      }
    },
    {
      "type": "Feature",
      "properties": {
        "task_id": "168877079:13:1800640619:1800601665",
        "way_id": 168877079,
        "name": "名称未登録",
        "highway": "residential",
        "length_m": 2.928029790990024,
        "included": true
      },
      "geometry": {
        "type": "LineString",
        "coordinates": [
          [
            141.3089801,
            43.0873855
          ],
          [
            141.308952,
            43.087402
          ]
        ]
      }
    },
    {
      "type": "Feature",
      "properties": {
        "task_id": "168881947:0:1800640619:1800640574",
        "way_id": 168881947,
        "name": "名称未登録",
        "highway": "residential",
        "length_m": 66.32960935230574,
        "included": true
      },
      "geometry": {
        "type": "LineString",
        "coordinates": [
          [
            141.3089801,
            43.0873855
          ],
          [
            141.3084444,
            43.0869352
          ]
        ]
      }
    },
    {
      "type": "Feature",
      "properties": {
        "task_id": "168877079:15:1800640460:1800601657",
        "way_id": 168877079,
        "name": "名称未登録",
        "highway": "residential",
        "length_m": 16.293103994439797,
        "included": true
      },
      "geometry": {
        "type": "LineString",
        "coordinates": [
          [
            141.308332,
            43.0877645
          ],
          [
            141.3084886,
            43.0876729
          ]
        ]
      }
    },
    {
      "type": "Feature",
      "properties": {
        "task_id": "168877079:16:1800640460:2468022818",
        "way_id": 168877079,
        "name": "名称未登録",
        "highway": "residential",
        "length_m": 36.80694475818381,
        "included": true
      },
      "geometry": {
        "type": "LineString",
        "coordinates": [
          [
            141.308332,
            43.0877645
          ],
          [
            141.3079782,
            43.0879714
          ]
        ]
      }
    },
    {
      "type": "Feature",
      "properties": {
        "task_id": "168881970:4:1800640460:1800640567",
        "way_id": 168881970,
        "name": "名称未登録",
        "highway": "residential",
        "length_m": 65.8282214072798,
        "included": true
      },
      "geometry": {
        "type": "LineString",
        "coordinates": [
          [
            141.308332,
            43.0877645
          ],
          [
            141.307788,
            43.0873256
          ]
        ]
      }
    },
    {
      "type": "Feature",
      "properties": {
        "task_id": "168877079:16:2468022818:1800640460",
        "way_id": 168877079,
        "name": "名称未登録",
        "highway": "residential",
        "length_m": 36.80694475818381,
        "included": true
      },
      "geometry": {
        "type": "LineString",
        "coordinates": [
          [
            141.3079782,
            43.0879714
          ],
          [
            141.308332,
            43.0877645
          ]
        ]
      }
    },
    {
      "type": "Feature",
      "properties": {
        "task_id": "168877079:17:2468022818:1800601835",
        "way_id": 168877079,
        "name": "名称未登録",
        "highway": "residential",
        "length_m": 9.052471816794482,
        "included": true
      },
      "geometry": {
        "type": "LineString",
        "coordinates": [
          [
            141.3079782,
            43.0879714
          ],
          [
            141.3078912,
            43.0880223
          ]
        ]
      }
    },
    {
      "type": "Feature",
      "properties": {
        "task_id": "168877079:17:1800601835:2468022818",
        "way_id": 168877079,
        "name": "名称未登録",
        "highway": "residential",
        "length_m": 9.052471816794482,
        "included": true
      },
      "geometry": {
        "type": "LineString",
        "coordinates": [
          [
            141.3078912,
            43.0880223
          ],
          [
            141.3079782,
            43.0879714
          ]
        ]
      }
    },
    {
      "type": "Feature",
      "properties": {
        "task_id": "168877079:18:1800601835:1800601661",
        "way_id": 168877079,
        "name": "名称未登録",
        "highway": "residential",
        "length_m": 16.70136923351418,
        "included": true
      },
      "geometry": {
        "type": "LineString",
        "coordinates": [
          [
            141.3078912,
            43.0880223
          ],
          [
            141.3077309,
            43.0881164
          ]
        ]
      }
    },
    {
      "type": "Feature",
      "properties": {
        "task_id": "168877079:19:2468022975:1800601661",
        "way_id": 168877079,
        "name": "名称未登録",
        "highway": "residential",
        "length_m": 25.21567547497551,
        "included": true
      },
      "geometry": {
        "type": "LineString",
        "coordinates": [
          [
            141.3074888,
            43.0882584
          ],
          [
            141.3077309,
            43.0881164
          ]
        ]
      }
    },
    {
      "type": "Feature",
      "properties": {
        "task_id": "168877079:20:2468022975:1800601807",
        "way_id": 168877079,
        "name": "名称未登録",
        "highway": "residential",
        "length_m": 47.75268188963665,
        "included": true
      },
      "geometry": {
        "type": "LineString",
        "coordinates": [
          [
            141.3074888,
            43.0882584
          ],
          [
            141.3070303,
            43.0885273
          ]
        ]
      }
    },
    {
      "type": "Feature",
      "properties": {
        "task_id": "238996730:2:2468022975:2468022864",
        "way_id": 238996730,
        "name": "名称未登録",
        "highway": "residential",
        "length_m": 31.064191260815463,
        "included": true
      },
      "geometry": {
        "type": "LineString",
        "coordinates": [
          [
            141.3074888,
            43.0882584
          ],
          [
            141.3072416,
            43.0880452
          ]
        ]
      }
    },
    {
      "type": "Feature",
      "properties": {
        "task_id": "168877079:21:1800601645:1800601807",
        "way_id": 168877079,
        "name": "名称未登録",
        "highway": "residential",
        "length_m": 25.523883446508098,
        "included": true
      },
      "geometry": {
        "type": "LineString",
        "coordinates": [
          [
            141.3067852,
            43.088671
          ],
          [
            141.3070303,
            43.0885273
          ]
        ]
      }
    },
    {
      "type": "Feature",
      "properties": {
        "task_id": "168877079:22:1800601645:1800601746",
        "way_id": 168877079,
        "name": "名称未登録",
        "highway": "residential",
        "length_m": 13.739188606883525,
        "included": true
      },
      "geometry": {
        "type": "LineString",
        "coordinates": [
          [
            141.3067852,
            43.088671
          ],
          [
            141.3066323,
            43.0887239
          ]
        ]
      }
    },
    {
      "type": "Feature",
      "properties": {
        "task_id": "168877080:0:1800601839:1800601801",
        "way_id": 168877080,
        "name": "名称未登録",
        "highway": "unclassified",
        "length_m": 50.26294561032686,
        "included": true
      },
      "geometry": {
        "type": "LineString",
        "coordinates": [
          [
            141.3118476,
            43.0889333
          ],
          [
            141.3114615,
            43.08858
          ]
        ]
      }
    },
    {
      "type": "Feature",
      "properties": {
        "task_id": "219227900:22:1800601839:2310745230",
        "way_id": 219227900,
        "name": "下手稲通",
        "highway": "secondary",
        "length_m": 24.733766950069377,
        "included": true
      },
      "geometry": {
        "type": "LineString",
        "coordinates": [
          [
            141.3118476,
            43.0889333
          ],
          [
            141.3116097,
            43.0890722
          ]
        ]
      }
    },
    {
      "type": "Feature",
      "properties": {
        "task_id": "219227900:23:1800601839:1781601645",
        "way_id": 219227900,
        "name": "下手稲通",
        "highway": "secondary",
        "length_m": 29.475765556174675,
        "included": true
      },
      "geometry": {
        "type": "LineString",
        "coordinates": [
          [
            141.3118476,
            43.0889333
          ],
          [
            141.3121296,
            43.0887664
          ]
        ]
      }
    },
    {
      "type": "Feature",
      "properties": {
        "task_id": "168877080:2:1800601753:1800601850",
        "way_id": 168877080,
        "name": "名称未登録",
        "highway": "unclassified",
        "length_m": 16.748585209990896,
        "included": true
      },
      "geometry": {
        "type": "LineString",
        "coordinates": [
          [
            141.31094,
            43.088103
          ],
          [
            141.3110687,
            43.0882207
          ]
        ]
      }
    },
    {
      "type": "Feature",
      "properties": {
        "task_id": "168877080:3:1800601753:1800601719",
        "way_id": 168877080,
        "name": "名称未登録",
        "highway": "unclassified",
        "length_m": 161.74802950341956,
        "included": true
      },
      "geometry": {
        "type": "LineString",
        "coordinates": [
          [
            141.31094,
            43.088103
          ],
          [
            141.3096956,
            43.0869672
          ]
        ]
      }
    },
    {
      "type": "Feature",
      "properties": {
        "task_id": "168878399:4:1800615168:1800615356",
        "way_id": 168878399,
        "name": "名称未登録",
        "highway": "unclassified",
        "length_m": 61.984450419621766,
        "included": true
      },
      "geometry": {
        "type": "LineString",
        "coordinates": [
          [
            141.3104164,
            43.0850217
          ],
          [
            141.3098219,
            43.0853713
          ]
        ]
      }
    },
    {
      "type": "Feature",
      "properties": {
        "task_id": "168878418:3:1800615168:1800615354",
        "way_id": 168878418,
        "name": "名称未登録",
        "highway": "unclassified",
        "length_m": 44.60439453175244,
        "included": true
      },
      "geometry": {
        "type": "LineString",
        "coordinates": [
          [
            141.3104164,
            43.0850217
          ],
          [
            141.3107549,
            43.0853376
          ]
        ]
      }
    },
    {
      "type": "Feature",
      "properties": {
        "task_id": "168878399:4:1800615356:1800615168",
        "way_id": 168878399,
        "name": "名称未登録",
        "highway": "unclassified",
        "length_m": 61.984450419621766,
        "included": true
      },
      "geometry": {
        "type": "LineString",
        "coordinates": [
          [
            141.3098219,
            43.0853713
          ],
          [
            141.3104164,
            43.0850217
          ]
        ]
      }
    },
    {
      "type": "Feature",
      "properties": {
        "task_id": "168878399:5:1800615356:13403975119",
        "way_id": 168878399,
        "name": "名称未登録",
        "highway": "unclassified",
        "length_m": 4.488256300995422,
        "included": true
      },
      "geometry": {
        "type": "LineString",
        "coordinates": [
          [
            141.3098219,
            43.0853713
          ],
          [
            141.3097836,
            43.0854004
          ]
        ]
      }
    },
    {
      "type": "Feature",
      "properties": {
        "task_id": "168878415:4:1800615356:3788899287",
        "way_id": 168878415,
        "name": "名称未登録",
        "highway": "residential",
        "length_m": 35.39172045879365,
        "included": true
      },
      "geometry": {
        "type": "LineString",
        "coordinates": [
          [
            141.3098219,
            43.0853713
          ],
          [
            141.3100918,
            43.0856212
          ]
        ]
      }
    },
    {
      "type": "Feature",
      "properties": {
        "task_id": "168878415:5:1800615356:13403975110",
        "way_id": 168878415,
        "name": "名称未登録",
        "highway": "residential",
        "length_m": 49.04761855378745,
        "included": true
      },
      "geometry": {
        "type": "LineString",
        "coordinates": [
          [
            141.3098219,
            43.0853713
          ],
          [
            141.3094388,
            43.0850303
          ]
        ]
      }
    },
    {
      "type": "Feature",
      "properties": {
        "task_id": "168878399:5:13403975119:1800615356",
        "way_id": 168878399,
        "name": "名称未登録",
        "highway": "unclassified",
        "length_m": 4.488256300995422,
        "included": true
      },
      "geometry": {
        "type": "LineString",
        "coordinates": [
          [
            141.3097836,
            43.0854004
          ],
          [
            141.3098219,
            43.0853713
          ]
        ]
      }
    },
    {
      "type": "Feature",
      "properties": {
        "task_id": "168878399:6:13403975119:1800615205",
        "way_id": 168878399,
        "name": "名称未登録",
        "highway": "unclassified",
        "length_m": 57.260236980592325,
        "included": true
      },
      "geometry": {
        "type": "LineString",
        "coordinates": [
          [
            141.3097836,
            43.0854004
          ],
          [
            141.3092315,
            43.0857207
          ]
        ]
      }
    },
    {
      "type": "Feature",
      "properties": {
        "task_id": "168878399:6:1800615205:13403975119",
        "way_id": 168878399,
        "name": "名称未登録",
        "highway": "unclassified",
        "length_m": 57.260236980592325,
        "included": true
      },
      "geometry": {
        "type": "LineString",
        "coordinates": [
          [
            141.3092315,
            43.0857207
          ],
          [
            141.3097836,
            43.0854004
          ]
        ]
      }
    },
    {
      "type": "Feature",
      "properties": {
        "task_id": "168878409:1:1800615205:3788899460",
        "way_id": 168878409,
        "name": "名称未登録",
        "highway": "unclassified",
        "length_m": 34.566491574127355,
        "included": true
      },
      "geometry": {
        "type": "LineString",
        "coordinates": [
          [
            141.3092315,
            43.0857207
          ],
          [
            141.3094961,
            43.0859642
          ]
        ]
      }
    },
    {
      "type": "Feature",
      "properties": {
        "task_id": "168878409:2:1800615205:5158237773",
        "way_id": 168878409,
        "name": "名称未登録",
        "highway": "unclassified",
        "length_m": 51.37631046024812,
        "included": true
      },
      "geometry": {
        "type": "LineString",
        "coordinates": [
          [
            141.3092315,
            43.0857207
          ],
          [
            141.3088477,
            43.0853534
          ]
        ]
      }
    },
    {
      "type": "Feature",
      "properties": {
        "task_id": "168878403:3:1800615206:1800615326",
        "way_id": 168878403,
        "name": "名称未登録",
        "highway": "residential",
        "length_m": 41.2080208595383,
        "included": true
      },
      "geometry": {
        "type": "LineString",
        "coordinates": [
          [
            141.3034066,
            43.0854248
          ],
          [
            141.3036399,
            43.0857539
          ]
        ]
      }
    },
    {
      "type": "Feature",
      "properties": {
        "task_id": "168878403:3:1800615326:1800615206",
        "way_id": 168878403,
        "name": "名称未登録",
        "highway": "residential",
        "length_m": 41.2080208595383,
        "included": true
      },
      "geometry": {
        "type": "LineString",
        "coordinates": [
          [
            141.3036399,
            43.0857539
          ],
          [
            141.3034066,
            43.0854248
          ]
        ]
      }
    },
    {
      "type": "Feature",
      "properties": {
        "task_id": "168878403:4:1800615326:1800615329",
        "way_id": 168878403,
        "name": "名称未登録",
        "highway": "residential",
        "length_m": 74.62688036327586,
        "included": true
      },
      "geometry": {
        "type": "LineString",
        "coordinates": [
          [
            141.3036399,
            43.0857539
          ],
          [
            141.3040932,
            43.0863377
          ]
        ]
      }
    },
    {
      "type": "Feature",
      "properties": {
        "task_id": "168878403:4:1800615329:1800615326",
        "way_id": 168878403,
        "name": "名称未登録",
        "highway": "residential",
        "length_m": 74.62688036327586,
        "included": true
      },
      "geometry": {
        "type": "LineString",
        "coordinates": [
          [
            141.3040932,
            43.0863377
          ],
          [
            141.3036399,
            43.0857539
          ]
        ]
      }
    },
    {
      "type": "Feature",
      "properties": {
        "task_id": "168878403:5:1800615329:9109026057",
        "way_id": 168878403,
        "name": "名称未登録",
        "highway": "residential",
        "length_m": 13.683190359162403,
        "included": true
      },
      "geometry": {
        "type": "LineString",
        "coordinates": [
          [
            141.3040932,
            43.0863377
          ],
          [
            141.3041714,
            43.0864467
          ]
        ]
      }
    },
    {
      "type": "Feature",
      "properties": {
        "task_id": "168878403:5:9109026057:1800615329",
        "way_id": 168878403,
        "name": "名称未登録",
        "highway": "residential",
        "length_m": 13.683190359162403,
        "included": true
      },
      "geometry": {
        "type": "LineString",
        "coordinates": [
          [
            141.3041714,
            43.0864467
          ],
          [
            141.3040932,
            43.0863377
          ]
        ]
      }
    },
    {
      "type": "Feature",
      "properties": {
        "task_id": "168878403:6:9109026057:1800615343",
        "way_id": 168878403,
        "name": "名称未登録",
        "highway": "residential",
        "length_m": 7.452363632241978,
        "included": true
      },
      "geometry": {
        "type": "LineString",
        "coordinates": [
          [
            141.3041714,
            43.0864467
          ],
          [
            141.3042139,
            43.0865061
          ]
        ]
      }
    },
    {
      "type": "Feature",
      "properties": {
        "task_id": "168881960:0:9109026057:1800640419",
        "way_id": 168881960,
        "name": "名称未登録",
        "highway": "residential",
        "length_m": 11.953790688904546,
        "included": true
      },
      "geometry": {
        "type": "LineString",
        "coordinates": [
          [
            141.3041714,
            43.0864467
          ],
          [
            141.3043069,
            43.0864047
          ]
        ]
      }
    },
    {
      "type": "Feature",
      "properties": {
        "task_id": "168878403:6:1800615343:9109026057",
        "way_id": 168878403,
        "name": "名称未登録",
        "highway": "residential",
        "length_m": 7.452363632241978,
        "included": true
      },
      "geometry": {
        "type": "LineString",
        "coordinates": [
          [
            141.3042139,
            43.0865061
          ],
          [
            141.3041714,
            43.0864467
          ]
        ]
      }
    },
    {
      "type": "Feature",
      "properties": {
        "task_id": "168878403:7:1800615343:1800615358",
        "way_id": 168878403,
        "name": "名称未登録",
        "highway": "residential",
        "length_m": 23.604452082193266,
        "included": true
      },
      "geometry": {
        "type": "LineString",
        "coordinates": [
          [
            141.3042139,
            43.0865061
          ],
          [
            141.3043319,
            43.0867001
          ]
        ]
      }
    },
    {
      "type": "Feature",
      "properties": {
        "task_id": "168878403:7:1800615358:1800615343",
        "way_id": 168878403,
        "name": "名称未登録",
        "highway": "residential",
        "length_m": 23.604452082193266,
        "included": true
      },
      "geometry": {
        "type": "LineString",
        "coordinates": [
          [
            141.3043319,
            43.0867001
          ],
          [
            141.3042139,
            43.0865061
          ]
        ]
      }
    },
    {
      "type": "Feature",
      "properties": {
        "task_id": "168878403:8:1800615358:1800615341",
        "way_id": 168878403,
        "name": "名称未登録",
        "highway": "residential",
        "length_m": 17.84300923585151,
        "included": true
      },
      "geometry": {
        "type": "LineString",
        "coordinates": [
          [
            141.3043319,
            43.0867001
          ],
          [
            141.304399,
            43.0868529
          ]
        ]
      }
    },
    {
      "type": "Feature",
      "properties": {
        "task_id": "168878403:8:1800615341:1800615358",
        "way_id": 168878403,
        "name": "名称未登録",
        "highway": "residential",
        "length_m": 17.84300923585151,
        "included": true
      },
      "geometry": {
        "type": "LineString",
        "coordinates": [
          [
            141.304399,
            43.0868529
          ],
          [
            141.3043319,
            43.0867001
          ]
        ]
      }
    },
    {
      "type": "Feature",
      "properties": {
        "task_id": "168878403:9:1800615341:1800615187",
        "way_id": 168878403,
        "name": "名称未登録",
        "highway": "residential",
        "length_m": 31.606786151322964,
        "included": true
      },
      "geometry": {
        "type": "LineString",
        "coordinates": [
          [
            141.304399,
            43.0868529
          ],
          [
            141.3044795,
            43.087131
          ]
        ]
      }
    },
    {
      "type": "Feature",
      "properties": {
        "task_id": "168878403:9:1800615187:1800615341",
        "way_id": 168878403,
        "name": "名称未登録",
        "highway": "residential",
        "length_m": 31.606786151322964,
        "included": true
      },
      "geometry": {
        "type": "LineString",
        "coordinates": [
          [
            141.3044795,
            43.087131
          ],
          [
            141.304399,
            43.0868529
          ]
        ]
      }
    },
    {
      "type": "Feature",
      "properties": {
        "task_id": "168878403:10:1800615187:1800615271",
        "way_id": 168878403,
        "name": "名称未登録",
        "highway": "residential",
        "length_m": 22.112866044750373,
        "included": true
      },
      "geometry": {
        "type": "LineString",
        "coordinates": [
          [
            141.3044795,
            43.087131
          ],
          [
            141.3045063,
            43.0873289
          ]
        ]
      }
    },
    {
      "type": "Feature",
      "properties": {
        "task_id": "168878403:10:1800615271:1800615187",
        "way_id": 168878403,
        "name": "名称未登録",
        "highway": "residential",
        "length_m": 22.112866044750373,
        "included": true
      },
      "geometry": {
        "type": "LineString",
        "coordinates": [
          [
            141.3045063,
            43.0873289
          ],
          [
            141.3044795,
            43.087131
          ]
        ]
      }
    },
    {
      "type": "Feature",
      "properties": {
        "task_id": "168878403:11:1800615271:1800615364",
        "way_id": 168878403,
        "name": "名称未登録",
        "highway": "residential",
        "length_m": 21.342841359457946,
        "included": true
      },
      "geometry": {
        "type": "LineString",
        "coordinates": [
          [
            141.3045063,
            43.0873289
          ],
          [
            141.3045009,
            43.0875208
          ]
        ]
      }
    },
    {
      "type": "Feature",
      "properties": {
        "task_id": "168878403:11:1800615364:1800615271",
        "way_id": 168878403,
        "name": "名称未登録",
        "highway": "residential",
        "length_m": 21.342841359457946,
        "included": true
      },
      "geometry": {
        "type": "LineString",
        "coordinates": [
          [
            141.3045009,
            43.0875208
          ],
          [
            141.3045063,
            43.0873289
          ]
        ]
      }
    },
    {
      "type": "Feature",
      "properties": {
        "task_id": "168878403:12:1800615364:1800615367",
        "way_id": 168878403,
        "name": "名称未登録",
        "highway": "residential",
        "length_m": 17.839340942221803,
        "included": true
      },
      "geometry": {
        "type": "LineString",
        "coordinates": [
          [
            141.3045009,
            43.0875208
          ],
          [
            141.3044687,
            43.0876795
          ]
        ]
      }
    },
    {
      "type": "Feature",
      "properties": {
        "task_id": "168878403:12:1800615367:1800615364",
        "way_id": 168878403,
        "name": "名称未登録",
        "highway": "residential",
        "length_m": 17.839340942221803,
        "included": true
      },
      "geometry": {
        "type": "LineString",
        "coordinates": [
          [
            141.3044687,
            43.0876795
          ],
          [
            141.3045009,
            43.0875208
          ]
        ]
      }
    },
    {
      "type": "Feature",
      "properties": {
        "task_id": "168878403:13:1800615367:1800615189",
        "way_id": 168878403,
        "name": "名称未登録",
        "highway": "residential",
        "length_m": 24.24971126122846,
        "included": true
      },
      "geometry": {
        "type": "LineString",
        "coordinates": [
          [
            141.3044687,
            43.0876795
          ],
          [
            141.3043981,
            43.0878914
          ]
        ]
      }
    },
    {
      "type": "Feature",
      "properties": {
        "task_id": "168878403:13:1800615189:1800615367",
        "way_id": 168878403,
        "name": "名称未登録",
        "highway": "residential",
        "length_m": 24.24971126122846,
        "included": true
      },
      "geometry": {
        "type": "LineString",
        "coordinates": [
          [
            141.3043981,
            43.0878914
          ],
          [
            141.3044687,
            43.0876795
          ]
        ]
      }
    },
    {
      "type": "Feature",
      "properties": {
        "task_id": "168878403:14:1800615189:1800615182",
        "way_id": 168878403,
        "name": "名称未登録",
        "highway": "residential",
        "length_m": 19.020618294967527,
        "included": true
      },
      "geometry": {
        "type": "LineString",
        "coordinates": [
          [
            141.3043981,
            43.0878914
          ],
          [
            141.3043444,
            43.0880579
          ]
        ]
      }
    },
    {
      "type": "Feature",
      "properties": {
        "task_id": "168878403:14:1800615182:1800615189",
        "way_id": 168878403,
        "name": "名称未登録",
        "highway": "residential",
        "length_m": 19.020618294967527,
        "included": true
      },
      "geometry": {
        "type": "LineString",
        "coordinates": [
          [
            141.3043444,
            43.0880579
          ],
          [
            141.3043981,
            43.0878914
          ]
        ]
      }
    },
    {
      "type": "Feature",
      "properties": {
        "task_id": "168878403:15:1800615182:1800615186",
        "way_id": 168878403,
        "name": "名称未登録",
        "highway": "residential",
        "length_m": 19.81399600137917,
        "included": true
      },
      "geometry": {
        "type": "LineString",
        "coordinates": [
          [
            141.3043444,
            43.0880579
          ],
          [
            141.3042827,
            43.0882303
          ]
        ]
      }
    },
    {
      "type": "Feature",
      "properties": {
        "task_id": "168878403:15:1800615186:1800615182",
        "way_id": 168878403,
        "name": "名称未登録",
        "highway": "residential",
        "length_m": 19.81399600137917,
        "included": true
      },
      "geometry": {
        "type": "LineString",
        "coordinates": [
          [
            141.3042827,
            43.0882303
          ],
          [
            141.3043444,
            43.0880579
          ]
        ]
      }
    },
    {
      "type": "Feature",
      "properties": {
        "task_id": "168878403:16:1800615186:1800615162",
        "way_id": 168878403,
        "name": "名称未登録",
        "highway": "residential",
        "length_m": 27.059890978506917,
        "included": true
      },
      "geometry": {
        "type": "LineString",
        "coordinates": [
          [
            141.3042827,
            43.0882303
          ],
          [
            141.3042327,
            43.0884709
          ]
        ]
      }
    },
    {
      "type": "Feature",
      "properties": {
        "task_id": "168878403:16:1800615162:1800615186",
        "way_id": 168878403,
        "name": "名称未登録",
        "highway": "residential",
        "length_m": 27.059890978506917,
        "included": true
      },
      "geometry": {
        "type": "LineString",
        "coordinates": [
          [
            141.3042327,
            43.0884709
          ],
          [
            141.3042827,
            43.0882303
          ]
        ]
      }
    },
    {
      "type": "Feature",
      "properties": {
        "task_id": "168878403:17:1800615162:1800615159",
        "way_id": 168878403,
        "name": "名称未登録",
        "highway": "residential",
        "length_m": 32.75268445075909,
        "included": true
      },
      "geometry": {
        "type": "LineString",
        "coordinates": [
          [
            141.3042327,
            43.0884709
          ],
          [
            141.304213,
            43.0887651
          ]
        ]
      }
    },
    {
      "type": "Feature",
      "properties": {
        "task_id": "168878403:17:1800615159:1800615162",
        "way_id": 168878403,
        "name": "名称未登録",
        "highway": "residential",
        "length_m": 32.75268445075909,
        "included": true
      },
      "geometry": {
        "type": "LineString",
        "coordinates": [
          [
            141.304213,
            43.0887651
          ],
          [
            141.3042327,
            43.0884709
          ]
        ]
      }
    },
    {
      "type": "Feature",
      "properties": {
        "task_id": "168878403:18:1800615159:1800615208",
        "way_id": 168878403,
        "name": "名称未登録",
        "highway": "residential",
        "length_m": 31.033705859498696,
        "included": true
      },
      "geometry": {
        "type": "LineString",
        "coordinates": [
          [
            141.304213,
            43.0887651
          ],
          [
            141.3042452,
            43.0890432
          ]
        ]
      }
    },
    {
      "type": "Feature",
      "properties": {
        "task_id": "168878403:18:1800615208:1800615159",
        "way_id": 168878403,
        "name": "名称未登録",
        "highway": "residential",
        "length_m": 31.033705859498696,
        "included": true
      },
      "geometry": {
        "type": "LineString",
        "coordinates": [
          [
            141.3042452,
            43.0890432
          ],
          [
            141.304213,
            43.0887651
          ]
        ]
      }
    },
    {
      "type": "Feature",
      "properties": {
        "task_id": "168878403:19:1800615208:1800615327",
        "way_id": 168878403,
        "name": "名称未登録",
        "highway": "residential",
        "length_m": 41.419024175937814,
        "included": true
      },
      "geometry": {
        "type": "LineString",
        "coordinates": [
          [
            141.3042452,
            43.0890432
          ],
          [
            141.3043856,
            43.0894013
          ]
        ]
      }
    },
    {
      "type": "Feature",
      "properties": {
        "task_id": "168878403:19:1800615327:1800615208",
        "way_id": 168878403,
        "name": "名称未登録",
        "highway": "residential",
        "length_m": 41.419024175937814,
        "included": true
      },
      "geometry": {
        "type": "LineString",
        "coordinates": [
          [
            141.3043856,
            43.0894013
          ],
          [
            141.3042452,
            43.0890432
          ]
        ]
      }
    },
    {
      "type": "Feature",
      "properties": {
        "task_id": "168878403:20:1800615327:1800615319",
        "way_id": 168878403,
        "name": "名称未登録",
        "highway": "residential",
        "length_m": 32.71250336744693,
        "included": true
      },
      "geometry": {
        "type": "LineString",
        "coordinates": [
          [
            141.3043856,
            43.0894013
          ],
          [
            141.304517,
            43.0896794
          ]
        ]
      }
    },
    {
      "type": "Feature",
      "properties": {
        "task_id": "168878403:20:1800615319:1800615327",
        "way_id": 168878403,
        "name": "名称未登録",
        "highway": "residential",
        "length_m": 32.71250336744693,
        "included": true
      },
      "geometry": {
        "type": "LineString",
        "coordinates": [
          [
            141.304517,
            43.0896794
          ],
          [
            141.3043856,
            43.0894013
          ]
        ]
      }
    },
    {
      "type": "Feature",
      "properties": {
        "task_id": "168878403:21:1800615319:12588798893",
        "way_id": 168878403,
        "name": "名称未登録",
        "highway": "residential",
        "length_m": 12.433257499344096,
        "included": true
      },
      "geometry": {
        "type": "LineString",
        "coordinates": [
          [
            141.304517,
            43.0896794
          ],
          [
            141.3045934,
            43.0897763
          ]
        ]
      }
    },
    {
      "type": "Feature",
      "properties": {
        "task_id": "168878403:21:12588798893:1800615319",
        "way_id": 168878403,
        "name": "名称未登録",
        "highway": "residential",
        "length_m": 12.433257499344096,
        "included": true
      },
      "geometry": {
        "type": "LineString",
        "coordinates": [
          [
            141.3045934,
            43.0897763
          ],
          [
            141.304517,
            43.0896794
          ]
        ]
      }
    },
    {
      "type": "Feature",
      "properties": {
        "task_id": "168878403:22:12588798893:1800615192",
        "way_id": 168878403,
        "name": "名称未登録",
        "highway": "residential",
        "length_m": 14.879301540268319,
        "included": true
      },
      "geometry": {
        "type": "LineString",
        "coordinates": [
          [
            141.3045934,
            43.0897763
          ],
          [
            141.3046833,
            43.0898929
          ]
        ]
      }
    },
    {
      "type": "Feature",
      "properties": {
        "task_id": "168878403:22:1800615192:12588798893",
        "way_id": 168878403,
        "name": "名称未登録",
        "highway": "residential",
        "length_m": 14.879301540268319,
        "included": true
      },
      "geometry": {
        "type": "LineString",
        "coordinates": [
          [
            141.3046833,
            43.0898929
          ],
          [
            141.3045934,
            43.0897763
          ]
        ]
      }
    },
    {
      "type": "Feature",
      "properties": {
        "task_id": "168878403:23:1800615192:2310691469",
        "way_id": 168878403,
        "name": "名称未登録",
        "highway": "residential",
        "length_m": 18.755467168750755,
        "included": true
      },
      "geometry": {
        "type": "LineString",
        "coordinates": [
          [
            141.3046833,
            43.0898929
          ],
          [
            141.3048214,
            43.0900281
          ]
        ]
      }
    },
    {
      "type": "Feature",
      "properties": {
        "task_id": "168878403:23:2310691469:1800615192",
        "way_id": 168878403,
        "name": "名称未登録",
        "highway": "residential",
        "length_m": 18.755467168750755,
        "included": true
      },
      "geometry": {
        "type": "LineString",
        "coordinates": [
          [
            141.3048214,
            43.0900281
          ],
          [
            141.3046833,
            43.0898929
          ]
        ]
      }
    },
    {
      "type": "Feature",
      "properties": {
        "task_id": "168878403:24:2310691469:1800615220",
        "way_id": 168878403,
        "name": "名称未登録",
        "highway": "residential",
        "length_m": 129.0772744880088,
        "included": true
      },
      "geometry": {
        "type": "LineString",
        "coordinates": [
          [
            141.3048214,
            43.0900281
          ],
          [
            141.3058062,
            43.0909393
          ]
        ]
      }
    },
    {
      "type": "Feature",
      "properties": {
        "task_id": "168878403:24:1800615220:2310691469",
        "way_id": 168878403,
        "name": "名称未登録",
        "highway": "residential",
        "length_m": 129.0772744880088,
        "included": true
      },
      "geometry": {
        "type": "LineString",
        "coordinates": [
          [
            141.3058062,
            43.0909393
          ],
          [
            141.3048214,
            43.0900281
          ]
        ]
      }
    },
    {
      "type": "Feature",
      "properties": {
        "task_id": "168878403:25:1800615220:2310745234",
        "way_id": 168878403,
        "name": "名称未登録",
        "highway": "residential",
        "length_m": 122.98238207737187,
        "included": true
      },
      "geometry": {
        "type": "LineString",
        "coordinates": [
          [
            141.3058062,
            43.0909393
          ],
          [
            141.3067462,
            43.0918065
          ]
        ]
      }
    },
    {
      "type": "Feature",
      "properties": {
        "task_id": "168878403:25:2310745234:1800615220",
        "way_id": 168878403,
        "name": "名称未登録",
        "highway": "residential",
        "length_m": 122.98238207737187,
        "included": true
      },
      "geometry": {
        "type": "LineString",
        "coordinates": [
          [
            141.3067462,
            43.0918065
          ],
          [
            141.3058062,
            43.0909393
          ]
        ]
      }
    },
    {
      "type": "Feature",
      "properties": {
        "task_id": "168878403:26:2310745234:1800615184",
        "way_id": 168878403,
        "name": "名称未登録",
        "highway": "residential",
        "length_m": 12.494115252270177,
        "included": true
      },
      "geometry": {
        "type": "LineString",
        "coordinates": [
          [
            141.3067462,
            43.0918065
          ],
          [
            141.3068417,
            43.0918946
          ]
        ]
      }
    },
    {
      "type": "Feature",
      "properties": {
        "task_id": "168878403:26:1800615184:2310745234",
        "way_id": 168878403,
        "name": "名称未登録",
        "highway": "residential",
        "length_m": 12.494115252270177,
        "included": true
      },
      "geometry": {
        "type": "LineString",
        "coordinates": [
          [
            141.3068417,
            43.0918946
          ],
          [
            141.3067462,
            43.0918065
          ]
        ]
      }
    },
    {
      "type": "Feature",
      "properties": {
        "task_id": "219227900:9:1800615184:2310745236",
        "way_id": 219227900,
        "name": "下手稲通",
        "highway": "secondary",
        "length_m": 8.414665153606594,
        "included": true
      },
      "geometry": {
        "type": "LineString",
        "coordinates": [
          [
            141.3068417,
            43.0918946
          ],
          [
            141.3067607,
            43.0919418
          ]
        ]
      }
    },
    {
      "type": "Feature",
      "properties": {
        "task_id": "219227900:10:1800615184:2310745235",
        "way_id": 219227900,
        "name": "下手稲通",
        "highway": "secondary",
        "length_m": 10.862738879071003,
        "included": true
      },
      "geometry": {
        "type": "LineString",
        "coordinates": [
          [
            141.3068417,
            43.0918946
          ],
          [
            141.3069463,
            43.0918337
          ]
        ]
      }
    },
    {
      "type": "Feature",
      "properties": {
        "task_id": "168878409:0:3788899460:1800615158",
        "way_id": 168878409,
        "name": "名称未登録",
        "highway": "unclassified",
        "length_m": 96.55894601219191,
        "included": true
      },
      "geometry": {
        "type": "LineString",
        "coordinates": [
          [
            141.3094961,
            43.0859642
          ],
          [
            141.3102475,
            43.0866372
          ]
        ]
      }
    },
    {
      "type": "Feature",
      "properties": {
        "task_id": "168878409:1:3788899460:1800615205",
        "way_id": 168878409,
        "name": "名称未登録",
        "highway": "unclassified",
        "length_m": 34.566491574127355,
        "included": true
      },
      "geometry": {
        "type": "LineString",
        "coordinates": [
          [
            141.3094961,
            43.0859642
          ],
          [
            141.3092315,
            43.0857207
          ]
        ]
      }
    },
    {
      "type": "Feature",
      "properties": {
        "task_id": "168878409:2:5158237773:1800615205",
        "way_id": 168878409,
        "name": "名称未登録",
        "highway": "unclassified",
        "length_m": 51.37631046024812,
        "included": true
      },
      "geometry": {
        "type": "LineString",
        "coordinates": [
          [
            141.3088477,
            43.0853534
          ],
          [
            141.3092315,
            43.0857207
          ]
        ]
      }
    },
    {
      "type": "Feature",
      "properties": {
        "task_id": "1461471801:1:5158237773:13403975114",
        "way_id": 1461471801,
        "name": "名称未登録",
        "highway": "unclassified",
        "length_m": 56.07560282888492,
        "included": true
      },
      "geometry": {
        "type": "LineString",
        "coordinates": [
          [
            141.3088477,
            43.0853534
          ],
          [
            141.3093825,
            43.0850344
          ]
        ]
      }
    },
    {
      "type": "Feature",
      "properties": {
        "task_id": "168878413:0:1800615242:1800615246",
        "way_id": 168878413,
        "name": "名称未登録",
        "highway": "unclassified",
        "length_m": 62.17752733544625,
        "included": true
      },
      "geometry": {
        "type": "LineString",
        "coordinates": [
          [
            141.3109999,
            43.0855577
          ],
          [
            141.3103931,
            43.0858987
          ]
        ]
      }
    },
    {
      "type": "Feature",
      "properties": {
        "task_id": "168878418:1:1800615242:3788899370",
        "way_id": 168878418,
        "name": "名称未登録",
        "highway": "unclassified",
        "length_m": 31.509313855589145,
        "included": true
      },
      "geometry": {
        "type": "LineString",
        "coordinates": [
          [
            141.3109999,
            43.0855577
          ],
          [
            141.3112363,
            43.0857824
          ]
        ]
      }
    },
    {
      "type": "Feature",
      "properties": {
        "task_id": "168878418:2:1800615242:1800615354",
        "way_id": 168878418,
        "name": "名称未登録",
        "highway": "unclassified",
        "length_m": 31.54115968893996,
        "included": true
      },
      "geometry": {
        "type": "LineString",
        "coordinates": [
          [
            141.3109999,
            43.0855577
          ],
          [
            141.3107549,
            43.0853376
          ]
        ]
      }
    },
    {
      "type": "Feature",
      "properties": {
        "task_id": "168878413:0:1800615246:1800615242",
        "way_id": 168878413,
        "name": "名称未登録",
        "highway": "unclassified",
        "length_m": 62.17752733544625,
        "included": true
      },
      "geometry": {
        "type": "LineString",
        "coordinates": [
          [
            141.3103931,
            43.0858987
          ],
          [
            141.3109999,
            43.0855577
          ]
        ]
      }
    },
    {
      "type": "Feature",
      "properties": {
        "task_id": "168878415:1:1800615246:3788899505",
        "way_id": 168878415,
        "name": "名称未登録",
        "highway": "residential",
        "length_m": 32.91087355502585,
        "included": true
      },
      "geometry": {
        "type": "LineString",
        "coordinates": [
          [
            141.3103931,
            43.0858987
          ],
          [
            141.3106444,
            43.0861309
          ]
        ]
      }
    },
    {
      "type": "Feature",
      "properties": {
        "task_id": "168878415:2:1800615246:1800615180",
        "way_id": 168878415,
        "name": "名称未登録",
        "highway": "residential",
        "length_m": 32.04231314892128,
        "included": true
      },
      "geometry": {
        "type": "LineString",
        "coordinates": [
          [
            141.3103931,
            43.0858987
          ],
          [
            141.3101504,
            43.0856715
          ]
        ]
      }
    },
    {
      "type": "Feature",
      "properties": {
        "task_id": "168878415:0:3788899505:1800615156",
        "way_id": 168878415,
        "name": "名称未登録",
        "highway": "residential",
        "length_m": 23.789046491948568,
        "included": true
      },
      "geometry": {
        "type": "LineString",
        "coordinates": [
          [
            141.3106444,
            43.0861309
          ],
          [
            141.3108256,
            43.086299
          ]
        ]
      }
    },
    {
      "type": "Feature",
      "properties": {
        "task_id": "168878415:1:3788899505:1800615246",
        "way_id": 168878415,
        "name": "名称未登録",
        "highway": "residential",
        "length_m": 32.91087355502585,
        "included": true
      },
      "geometry": {
        "type": "LineString",
        "coordinates": [
          [
            141.3106444,
            43.0861309
          ],
          [
            141.3103931,
            43.0858987
          ]
        ]
      }
    },
    {
      "type": "Feature",
      "properties": {
        "task_id": "168878415:2:1800615180:1800615246",
        "way_id": 168878415,
        "name": "名称未登録",
        "highway": "residential",
        "length_m": 32.04231314892128,
        "included": true
      },
      "geometry": {
        "type": "LineString",
        "coordinates": [
          [
            141.3101504,
            43.0856715
          ],
          [
            141.3103931,
            43.0858987
          ]
        ]
      }
    },
    {
      "type": "Feature",
      "properties": {
        "task_id": "168878415:3:1800615180:3788899287",
        "way_id": 168878415,
        "name": "名称未登録",
        "highway": "residential",
        "length_m": 7.3436915997213985,
        "included": true
      },
      "geometry": {
        "type": "LineString",
        "coordinates": [
          [
            141.3101504,
            43.0856715
          ],
          [
            141.3100918,
            43.0856212
          ]
        ]
      }
    },
    {
      "type": "Feature",
      "properties": {
        "task_id": "168878423:0:1800615180:1800615354",
        "way_id": 168878423,
        "name": "名称未登録",
        "highway": "unclassified",
        "length_m": 61.55031806271072,
        "included": true
      },
      "geometry": {
        "type": "LineString",
        "coordinates": [
          [
            141.3101504,
            43.0856715
          ],
          [
            141.3107549,
            43.0853376
          ]
        ]
      }
    },
    {
      "type": "Feature",
      "properties": {
        "task_id": "168878415:3:3788899287:1800615180",
        "way_id": 168878415,
        "name": "名称未登録",
        "highway": "residential",
        "length_m": 7.3436915997213985,
        "included": true
      },
      "geometry": {
        "type": "LineString",
        "coordinates": [
          [
            141.3100918,
            43.0856212
          ],
          [
            141.3101504,
            43.0856715
          ]
        ]
      }
    },
    {
      "type": "Feature",
      "properties": {
        "task_id": "168878415:4:3788899287:1800615356",
        "way_id": 168878415,
        "name": "名称未登録",
        "highway": "residential",
        "length_m": 35.39172045879365,
        "included": true
      },
      "geometry": {
        "type": "LineString",
        "coordinates": [
          [
            141.3100918,
            43.0856212
          ],
          [
            141.3098219,
            43.0853713
          ]
        ]
      }
    },
    {
      "type": "Feature",
      "properties": {
        "task_id": "168878415:5:13403975110:1800615356",
        "way_id": 168878415,
        "name": "名称未登録",
        "highway": "residential",
        "length_m": 49.04761855378745,
        "included": true
      },
      "geometry": {
        "type": "LineString",
        "coordinates": [
          [
            141.3094388,
            43.0850303
          ],
          [
            141.3098219,
            43.0853713
          ]
        ]
      }
    },
    {
      "type": "Feature",
      "properties": {
        "task_id": "168878415:6:13403975110:1800615331",
        "way_id": 168878415,
        "name": "名称未登録",
        "highway": "residential",
        "length_m": 2.545958855982463,
        "included": true
      },
      "geometry": {
        "type": "LineString",
        "coordinates": [
          [
            141.3094388,
            43.0850303
          ],
          [
            141.3094196,
            43.0850122
          ]
        ]
      }
    },
    {
      "type": "Feature",
      "properties": {
        "task_id": "168878415:6:1800615331:13403975110",
        "way_id": 168878415,
        "name": "名称未登録",
        "highway": "residential",
        "length_m": 2.545958855982463,
        "included": true
      },
      "geometry": {
        "type": "LineString",
        "coordinates": [
          [
            141.3094196,
            43.0850122
          ],
          [
            141.3094388,
            43.0850303
          ]
        ]
      }
    },
    {
      "type": "Feature",
      "properties": {
        "task_id": "1461471801:0:1800615331:13403975114",
        "way_id": 1461471801,
        "name": "名称未登録",
        "highway": "unclassified",
        "length_m": 3.895025761526604,
        "included": true
      },
      "geometry": {
        "type": "LineString",
        "coordinates": [
          [
            141.3094196,
            43.0850122
          ],
          [
            141.3093825,
            43.0850344
          ]
        ]
      }
    },
    {
      "type": "Feature",
      "properties": {
        "task_id": "168878418:0:3788899370:1800615207",
        "way_id": 168878418,
        "name": "名称未登録",
        "highway": "unclassified",
        "length_m": 23.7949351782504,
        "included": true
      },
      "geometry": {
        "type": "LineString",
        "coordinates": [
          [
            141.3112363,
            43.0857824
          ],
          [
            141.3114148,
            43.0859521
          ]
        ]
      }
    },
    {
      "type": "Feature",
      "properties": {
        "task_id": "168878418:1:3788899370:1800615242",
        "way_id": 168878418,
        "name": "名称未登録",
        "highway": "unclassified",
        "length_m": 31.509313855589145,
        "included": true
      },
      "geometry": {
        "type": "LineString",
        "coordinates": [
          [
            141.3112363,
            43.0857824
          ],
          [
            141.3109999,
            43.0855577
          ]
        ]
      }
    },
    {
      "type": "Feature",
      "properties": {
        "task_id": "168878418:2:1800615354:1800615242",
        "way_id": 168878418,
        "name": "名称未登録",
        "highway": "unclassified",
        "length_m": 31.54115968893996,
        "included": true
      },
      "geometry": {
        "type": "LineString",
        "coordinates": [
          [
            141.3107549,
            43.0853376
          ],
          [
            141.3109999,
            43.0855577
          ]
        ]
      }
    },
    {
      "type": "Feature",
      "properties": {
        "task_id": "168878418:3:1800615354:1800615168",
        "way_id": 168878418,
        "name": "名称未登録",
        "highway": "unclassified",
        "length_m": 44.60439453175244,
        "included": true
      },
      "geometry": {
        "type": "LineString",
        "coordinates": [
          [
            141.3107549,
            43.0853376
          ],
          [
            141.3104164,
            43.0850217
          ]
        ]
      }
    },
    {
      "type": "Feature",
      "properties": {
        "task_id": "168878423:0:1800615354:1800615180",
        "way_id": 168878423,
        "name": "名称未登録",
        "highway": "unclassified",
        "length_m": 61.55031806271072,
        "included": true
      },
      "geometry": {
        "type": "LineString",
        "coordinates": [
          [
            141.3107549,
            43.0853376
          ],
          [
            141.3101504,
            43.0856715
          ]
        ]
      }
    },
    {
      "type": "Feature",
      "properties": {
        "task_id": "168878420:0:1800615291:1800615369",
        "way_id": 168878420,
        "name": "名称未登録",
        "highway": "unclassified",
        "length_m": 68.40964950672819,
        "included": true
      },
      "geometry": {
        "type": "LineString",
        "coordinates": [
          [
            141.3115395,
            43.0850912
          ],
          [
            141.3120642,
            43.0855725
          ]
        ]
      }
    },
    {
      "type": "Feature",
      "properties": {
        "task_id": "168881947:1:9109026069:1800640574",
        "way_id": 168881947,
        "name": "名称未登録",
        "highway": "residential",
        "length_m": 38.27268759132484,
        "included": true
      },
      "geometry": {
        "type": "LineString",
        "coordinates": [
          [
            141.3081734,
            43.0866536
          ],
          [
            141.3084444,
            43.0869352
          ]
        ]
      }
    },
    {
      "type": "Feature",
      "properties": {
        "task_id": "168881947:2:9109026069:9109026068",
        "way_id": 168881947,
        "name": "名称未登録",
        "highway": "residential",
        "length_m": 67.62920330009811,
        "included": true
      },
      "geometry": {
        "type": "LineString",
        "coordinates": [
          [
            141.3081734,
            43.0866536
          ],
          [
            141.3076329,
            43.0861909
          ]
        ]
      }
    },
    {
      "type": "Feature",
      "properties": {
        "task_id": "985288507:7:9109026069:9109026070",
        "way_id": 985288507,
        "name": "名称未登録",
        "highway": "residential",
        "length_m": 36.62760764659399,
        "included": true
      },
      "geometry": {
        "type": "LineString",
        "coordinates": [
          [
            141.3081734,
            43.0866536
          ],
          [
            141.3078074,
            43.0868461
          ]
        ]
      }
    },
    {
      "type": "Feature",
      "properties": {
        "task_id": "168881947:2:9109026068:9109026069",
        "way_id": 168881947,
        "name": "名称未登録",
        "highway": "residential",
        "length_m": 67.62920330009811,
        "included": true
      },
      "geometry": {
        "type": "LineString",
        "coordinates": [
          [
            141.3076329,
            43.0861909
          ],
          [
            141.3081734,
            43.0866536
          ]
        ]
      }
    },
    {
      "type": "Feature",
      "properties": {
        "task_id": "168881947:3:9109026068:1800640462",
        "way_id": 168881947,
        "name": "名称未登録",
        "highway": "residential",
        "length_m": 72.80423546301199,
        "included": true
      },
      "geometry": {
        "type": "LineString",
        "coordinates": [
          [
            141.3076329,
            43.0861909
          ],
          [
            141.3070585,
            43.0856882
          ]
        ]
      }
    },
    {
      "type": "Feature",
      "properties": {
        "task_id": "985288505:0:9109026068:9109026064",
        "way_id": 985288505,
        "name": "名称未登録",
        "highway": "residential",
        "length_m": 38.05397195867593,
        "included": true
      },
      "geometry": {
        "type": "LineString",
        "coordinates": [
          [
            141.3076329,
            43.0861909
          ],
          [
            141.3072735,
            43.0864105
          ]
        ]
      }
    },
    {
      "type": "Feature",
      "properties": {
        "task_id": "985288505:1:9109026068:9109026065",
        "way_id": 985288505,
        "name": "名称未登録",
        "highway": "residential",
        "length_m": 38.85184214420086,
        "included": true
      },
      "geometry": {
        "type": "LineString",
        "coordinates": [
          [
            141.3076329,
            43.0861909
          ],
          [
            141.308002,
            43.0859686
          ]
        ]
      }
    },
    {
      "type": "Feature",
      "properties": {
        "task_id": "168881960:0:1800640419:9109026057",
        "way_id": 168881960,
        "name": "名称未登録",
        "highway": "residential",
        "length_m": 11.953790688904546,
        "included": true
      },
      "geometry": {
        "type": "LineString",
        "coordinates": [
          [
            141.3043069,
            43.0864047
          ],
          [
            141.3041714,
            43.0864467
          ]
        ]
      }
    },
    {
      "type": "Feature",
      "properties": {
        "task_id": "168881960:1:1800640419:2310745010",
        "way_id": 168881960,
        "name": "名称未登録",
        "highway": "residential",
        "length_m": 61.5988745257344,
        "included": true
      },
      "geometry": {
        "type": "LineString",
        "coordinates": [
          [
            141.3043069,
            43.0864047
          ],
          [
            141.3050274,
            43.0862315
          ]
        ]
      }
    },
    {
      "type": "Feature",
      "properties": {
        "task_id": "168881960:1:2310745010:1800640419",
        "way_id": 168881960,
        "name": "名称未登録",
        "highway": "residential",
        "length_m": 61.5988745257344,
        "included": true
      },
      "geometry": {
        "type": "LineString",
        "coordinates": [
          [
            141.3050274,
            43.0862315
          ],
          [
            141.3043069,
            43.0864047
          ]
        ]
      }
    },
    {
      "type": "Feature",
      "properties": {
        "task_id": "168881960:2:2310745010:1800640433",
        "way_id": 168881960,
        "name": "名称未登録",
        "highway": "residential",
        "length_m": 23.668382486678745,
        "included": true
      },
      "geometry": {
        "type": "LineString",
        "coordinates": [
          [
            141.3050274,
            43.0862315
          ],
          [
            141.3053033,
            43.0861629
          ]
        ]
      }
    },
    {
      "type": "Feature",
      "properties": {
        "task_id": "168881960:2:1800640433:2310745010",
        "way_id": 168881960,
        "name": "名称未登録",
        "highway": "residential",
        "length_m": 23.668382486678745,
        "included": true
      },
      "geometry": {
        "type": "LineString",
        "coordinates": [
          [
            141.3053033,
            43.0861629
          ],
          [
            141.3050274,
            43.0862315
          ]
        ]
      }
    },
    {
      "type": "Feature",
      "properties": {
        "task_id": "168881960:3:1800640433:1800640490",
        "way_id": 168881960,
        "name": "名称未登録",
        "highway": "residential",
        "length_m": 79.23408990584176,
        "included": true
      },
      "geometry": {
        "type": "LineString",
        "coordinates": [
          [
            141.3053033,
            43.0861629
          ],
          [
            141.3062287,
            43.0859371
          ]
        ]
      }
    },
    {
      "type": "Feature",
      "properties": {
        "task_id": "985288509:11:1800640433:14003491461",
        "way_id": 985288509,
        "name": "名称未登録",
        "highway": "residential",
        "length_m": 6.5283187985455875,
        "included": true
      },
      "geometry": {
        "type": "LineString",
        "coordinates": [
          [
            141.3053033,
            43.0861629
          ],
          [
            141.3052763,
            43.0861076
          ]
        ]
      }
    },
    {
      "type": "Feature",
      "properties": {
        "task_id": "985288509:12:1800640433:1800640512",
        "way_id": 985288509,
        "name": "名称未登録",
        "highway": "residential",
        "length_m": 38.42397093942852,
        "included": true
      },
      "geometry": {
        "type": "LineString",
        "coordinates": [
          [
            141.3053033,
            43.0861629
          ],
          [
            141.3054441,
            43.0864928
          ]
        ]
      }
    },
    {
      "type": "Feature",
      "properties": {
        "task_id": "168881960:3:1800640490:1800640433",
        "way_id": 168881960,
        "name": "名称未登録",
        "highway": "residential",
        "length_m": 79.23408990584176,
        "included": true
      },
      "geometry": {
        "type": "LineString",
        "coordinates": [
          [
            141.3062287,
            43.0859371
          ],
          [
            141.3053033,
            43.0861629
          ]
        ]
      }
    },
    {
      "type": "Feature",
      "properties": {
        "task_id": "168881960:4:1800640490:9109026060",
        "way_id": 168881960,
        "name": "名称未登録",
        "highway": "residential",
        "length_m": 17.260396079778616,
        "included": true
      },
      "geometry": {
        "type": "LineString",
        "coordinates": [
          [
            141.3062287,
            43.0859371
          ],
          [
            141.3064301,
            43.0858875
          ]
        ]
      }
    },
    {
      "type": "Feature",
      "properties": {
        "task_id": "168881960:4:9109026060:1800640490",
        "way_id": 168881960,
        "name": "名称未登録",
        "highway": "residential",
        "length_m": 17.260396079778616,
        "included": true
      },
      "geometry": {
        "type": "LineString",
        "coordinates": [
          [
            141.3064301,
            43.0858875
          ],
          [
            141.3062287,
            43.0859371
          ]
        ]
      }
    },
    {
      "type": "Feature",
      "properties": {
        "task_id": "168881960:5:9109026060:14003491454",
        "way_id": 168881960,
        "name": "名称未登録",
        "highway": "residential",
        "length_m": 41.49020851464069,
        "included": true
      },
      "geometry": {
        "type": "LineString",
        "coordinates": [
          [
            141.3064301,
            43.0858875
          ],
          [
            141.3069171,
            43.0857747
          ]
        ]
      }
    },
    {
      "type": "Feature",
      "properties": {
        "task_id": "168881970:0:9109026060:9109026061",
        "way_id": 168881970,
        "name": "名称未登録",
        "highway": "residential",
        "length_m": 39.679223962010695,
        "included": true
      },
      "geometry": {
        "type": "LineString",
        "coordinates": [
          [
            141.3064301,
            43.0858875
          ],
          [
            141.3065973,
            43.0862228
          ]
        ]
      }
    },
    {
      "type": "Feature",
      "properties": {
        "task_id": "168881960:5:14003491454:9109026060",
        "way_id": 168881960,
        "name": "名称未登録",
        "highway": "residential",
        "length_m": 41.49020851464069,
        "included": true
      },
      "geometry": {
        "type": "LineString",
        "coordinates": [
          [
            141.3069171,
            43.0857747
          ],
          [
            141.3064301,
            43.0858875
          ]
        ]
      }
    },
    {
      "type": "Feature",
      "properties": {
        "task_id": "168881960:6:14003491454:1800601818",
        "way_id": 168881960,
        "name": "名称未登録",
        "highway": "residential",
        "length_m": 6.683174415928251,
        "included": true
      },
      "geometry": {
        "type": "LineString",
        "coordinates": [
          [
            141.3069171,
            43.0857747
          ],
          [
            141.3069736,
            43.085731
          ]
        ]
      }
    },
    {
      "type": "Feature",
      "properties": {
        "task_id": "168881970:0:9109026061:9109026060",
        "way_id": 168881970,
        "name": "名称未登録",
        "highway": "residential",
        "length_m": 39.679223962010695,
        "included": true
      },
      "geometry": {
        "type": "LineString",
        "coordinates": [
          [
            141.3065973,
            43.0862228
          ],
          [
            141.3064301,
            43.0858875
          ]
        ]
      }
    },
    {
      "type": "Feature",
      "properties": {
        "task_id": "168881970:1:9109026061:9109026059",
        "way_id": 168881970,
        "name": "名称未登録",
        "highway": "residential",
        "length_m": 20.50389092707131,
        "included": true
      },
      "geometry": {
        "type": "LineString",
        "coordinates": [
          [
            141.3065973,
            43.0862228
          ],
          [
            141.3066789,
            43.0863973
          ]
        ]
      }
    },
    {
      "type": "Feature",
      "properties": {
        "task_id": "985288503:3:9109026061:9109026062",
        "way_id": 985288503,
        "name": "名称未登録",
        "highway": "residential",
        "length_m": 28.68946598537366,
        "included": true
      },
      "geometry": {
        "type": "LineString",
        "coordinates": [
          [
            141.3065973,
            43.0862228
          ],
          [
            141.3069329,
            43.0861422
          ]
        ]
      }
    },
    {
      "type": "Feature",
      "properties": {
        "task_id": "168881970:1:9109026059:9109026061",
        "way_id": 168881970,
        "name": "名称未登録",
        "highway": "residential",
        "length_m": 20.50389092707131,
        "included": true
      },
      "geometry": {
        "type": "LineString",
        "coordinates": [
          [
            141.3066789,
            43.0863973
          ],
          [
            141.3065973,
            43.0862228
          ]
        ]
      }
    },
    {
      "type": "Feature",
      "properties": {
        "task_id": "168881970:2:9109026059:9109026071",
        "way_id": 168881970,
        "name": "名称未登録",
        "highway": "residential",
        "length_m": 95.76596772380546,
        "included": true
      },
      "geometry": {
        "type": "LineString",
        "coordinates": [
          [
            141.3066789,
            43.0863973
          ],
          [
            141.3074261,
            43.0870636
          ]
        ]
      }
    },
    {
      "type": "Feature",
      "properties": {
        "task_id": "985288502:1:9109026059:9109026079",
        "way_id": 985288502,
        "name": "名称未登録",
        "highway": "residential",
        "length_m": 59.03354469285026,
        "included": true
      },
      "geometry": {
        "type": "LineString",
        "coordinates": [
          [
            141.3066789,
            43.0863973
          ],
          [
            141.3059885,
            43.0865635
          ]
        ]
      }
    },
    {
      "type": "Feature",
      "properties": {
        "task_id": "168881970:2:9109026071:9109026059",
        "way_id": 168881970,
        "name": "名称未登録",
        "highway": "residential",
        "length_m": 95.76596772380546,
        "included": true
      },
      "geometry": {
        "type": "LineString",
        "coordinates": [
          [
            141.3074261,
            43.0870636
          ],
          [
            141.3066789,
            43.0863973
          ]
        ]
      }
    },
    {
      "type": "Feature",
      "properties": {
        "task_id": "168881970:3:9109026071:1800640567",
        "way_id": 168881970,
        "name": "名称未登録",
        "highway": "residential",
        "length_m": 41.38175542416257,
        "included": true
      },
      "geometry": {
        "type": "LineString",
        "coordinates": [
          [
            141.3074261,
            43.0870636
          ],
          [
            141.307788,
            43.0873256
          ]
        ]
      }
    },
    {
      "type": "Feature",
      "properties": {
        "task_id": "985288507:5:9109026071:9109026072",
        "way_id": 985288507,
        "name": "名称未登録",
        "highway": "residential",
        "length_m": 38.38008009178306,
        "included": true
      },
      "geometry": {
        "type": "LineString",
        "coordinates": [
          [
            141.3074261,
            43.0870636
          ],
          [
            141.3070753,
            43.0872949
          ]
        ]
      }
    },
    {
      "type": "Feature",
      "properties": {
        "task_id": "985288507:6:9109026071:9109026070",
        "way_id": 985288507,
        "name": "名称未登録",
        "highway": "residential",
        "length_m": 39.290100702247116,
        "included": true
      },
      "geometry": {
        "type": "LineString",
        "coordinates": [
          [
            141.3074261,
            43.0870636
          ],
          [
            141.3078074,
            43.0868461
          ]
        ]
      }
    },
    {
      "type": "Feature",
      "properties": {
        "task_id": "168882526:6:1800646252:1800646208",
        "way_id": 168882526,
        "name": "名称未登録",
        "highway": "unclassified",
        "length_m": 47.27334878346221,
        "included": false
      },
      "geometry": {
        "type": "LineString",
        "coordinates": [
          [
            141.300159,
            43.0897932
          ],
          [
            141.3006063,
            43.0895211
          ]
        ]
      }
    },
    {
      "type": "Feature",
      "properties": {
        "task_id": "168882526:6:1800646208:1800646252",
        "way_id": 168882526,
        "name": "名称未登録",
        "highway": "unclassified",
        "length_m": 47.27334878346221,
        "included": false
      },
      "geometry": {
        "type": "LineString",
        "coordinates": [
          [
            141.3006063,
            43.0895211
          ],
          [
            141.300159,
            43.0897932
          ]
        ]
      }
    },
    {
      "type": "Feature",
      "properties": {
        "task_id": "168882526:7:1800646208:1800646164",
        "way_id": 168882526,
        "name": "名称未登録",
        "highway": "unclassified",
        "length_m": 33.44028861094839,
        "included": false
      },
      "geometry": {
        "type": "LineString",
        "coordinates": [
          [
            141.3006063,
            43.0895211
          ],
          [
            141.3009228,
            43.0893287
          ]
        ]
      }
    },
    {
      "type": "Feature",
      "properties": {
        "task_id": "168882535:0:1800646208:1800646260",
        "way_id": 168882535,
        "name": "名称未登録",
        "highway": "unclassified",
        "length_m": 42.168265186517885,
        "included": false
      },
      "geometry": {
        "type": "LineString",
        "coordinates": [
          [
            141.3006063,
            43.0895211
          ],
          [
            141.3009401,
            43.0898116
          ]
        ]
      }
    },
    {
      "type": "Feature",
      "properties": {
        "task_id": "168882526:7:1800646164:1800646208",
        "way_id": 168882526,
        "name": "名称未登録",
        "highway": "unclassified",
        "length_m": 33.44028861094839,
        "included": false
      },
      "geometry": {
        "type": "LineString",
        "coordinates": [
          [
            141.3009228,
            43.0893287
          ],
          [
            141.3006063,
            43.0895211
          ]
        ]
      }
    },
    {
      "type": "Feature",
      "properties": {
        "task_id": "168882526:8:1800646164:1800646162",
        "way_id": 168882526,
        "name": "名称未登録",
        "highway": "unclassified",
        "length_m": 57.55676345751768,
        "included": false
      },
      "geometry": {
        "type": "LineString",
        "coordinates": [
          [
            141.3009228,
            43.0893287
          ],
          [
            141.3014675,
            43.0889975
          ]
        ]
      }
    },
    {
      "type": "Feature",
      "properties": {
        "task_id": "168882533:0:1800646164:2036273503",
        "way_id": 168882533,
        "name": "名称未登録",
        "highway": "unclassified",
        "length_m": 45.21606627468481,
        "included": false
      },
      "geometry": {
        "type": "LineString",
        "coordinates": [
          [
            141.3009228,
            43.0893287
          ],
          [
            141.3005657,
            43.0890167
          ]
        ]
      }
    },
    {
      "type": "Feature",
      "properties": {
        "task_id": "168882526:8:1800646162:1800646164",
        "way_id": 168882526,
        "name": "名称未登録",
        "highway": "unclassified",
        "length_m": 57.55676345751768,
        "included": false
      },
      "geometry": {
        "type": "LineString",
        "coordinates": [
          [
            141.3014675,
            43.0889975
          ],
          [
            141.3009228,
            43.0893287
          ]
        ]
      }
    },
    {
      "type": "Feature",
      "properties": {
        "task_id": "168882526:9:1800646162:1800646216",
        "way_id": 168882526,
        "name": "名称未登録",
        "highway": "unclassified",
        "length_m": 56.72242551910632,
        "included": false
      },
      "geometry": {
        "type": "LineString",
        "coordinates": [
          [
            141.3014675,
            43.0889975
          ],
          [
            141.3020043,
            43.0886711
          ]
        ]
      }
    },
    {
      "type": "Feature",
      "properties": {
        "task_id": "168882538:4:1800646162:1800646215",
        "way_id": 168882538,
        "name": "名称未登録",
        "highway": "unclassified",
        "length_m": 32.593278621953466,
        "included": false
      },
      "geometry": {
        "type": "LineString",
        "coordinates": [
          [
            141.3014675,
            43.0889975
          ],
          [
            141.301563,
            43.0892822
          ]
        ]
      }
    },
    {
      "type": "Feature",
      "properties": {
        "task_id": "168882526:9:1800646216:1800646162",
        "way_id": 168882526,
        "name": "名称未登録",
        "highway": "unclassified",
        "length_m": 56.72242551910632,
        "included": false
      },
      "geometry": {
        "type": "LineString",
        "coordinates": [
          [
            141.3020043,
            43.0886711
          ],
          [
            141.3014675,
            43.0889975
          ]
        ]
      }
    },
    {
      "type": "Feature",
      "properties": {
        "task_id": "168882526:10:1800646216:1800646233",
        "way_id": 168882526,
        "name": "名称未登録",
        "highway": "unclassified",
        "length_m": 12.59708897704245,
        "included": false
      },
      "geometry": {
        "type": "LineString",
        "coordinates": [
          [
            141.3020043,
            43.0886711
          ],
          [
            141.3021235,
            43.0885986
          ]
        ]
      }
    },
    {
      "type": "Feature",
      "properties": {
        "task_id": "168882528:0:1800646216:1800646235",
        "way_id": 168882528,
        "name": "名称未登録",
        "highway": "unclassified",
        "length_m": 7.36021252028963,
        "included": false
      },
      "geometry": {
        "type": "LineString",
        "coordinates": [
          [
            141.3020043,
            43.0886711
          ],
          [
            141.3019338,
            43.0886295
          ]
        ]
      }
    },
    {
      "type": "Feature",
      "properties": {
        "task_id": "168882526:10:1800646233:1800646216",
        "way_id": 168882526,
        "name": "名称未登録",
        "highway": "unclassified",
        "length_m": 12.59708897704245,
        "included": false
      },
      "geometry": {
        "type": "LineString",
        "coordinates": [
          [
            141.3021235,
            43.0885986
          ],
          [
            141.3020043,
            43.0886711
          ]
        ]
      }
    },
    {
      "type": "Feature",
      "properties": {
        "task_id": "168882526:11:1800646233:1800646211",
        "way_id": 168882526,
        "name": "名称未登録",
        "highway": "unclassified",
        "length_m": 14.397739492201548,
        "included": false
      },
      "geometry": {
        "type": "LineString",
        "coordinates": [
          [
            141.3021235,
            43.0885986
          ],
          [
            141.3021772,
            43.0884752
          ]
        ]
      }
    },
    {
      "type": "Feature",
      "properties": {
        "task_id": "168882526:11:1800646211:1800646233",
        "way_id": 168882526,
        "name": "名称未登録",
        "highway": "unclassified",
        "length_m": 14.397739492201548,
        "included": false
      },
      "geometry": {
        "type": "LineString",
        "coordinates": [
          [
            141.3021772,
            43.0884752
          ],
          [
            141.3021235,
            43.0885986
          ]
        ]
      }
    },
    {
      "type": "Feature",
      "properties": {
        "task_id": "168882526:12:1800646211:1800646197",
        "way_id": 168882526,
        "name": "名称未登録",
        "highway": "unclassified",
        "length_m": 20.752497983741634,
        "included": false
      },
      "geometry": {
        "type": "LineString",
        "coordinates": [
          [
            141.3021772,
            43.0884752
          ],
          [
            141.3022166,
            43.0882908
          ]
        ]
      }
    },
    {
      "type": "Feature",
      "properties": {
        "task_id": "168882526:12:1800646197:1800646211",
        "way_id": 168882526,
        "name": "名称未登録",
        "highway": "unclassified",
        "length_m": 20.752497983741634,
        "included": false
      },
      "geometry": {
        "type": "LineString",
        "coordinates": [
          [
            141.3022166,
            43.0882908
          ],
          [
            141.3021772,
            43.0884752
          ]
        ]
      }
    },
    {
      "type": "Feature",
      "properties": {
        "task_id": "168882526:13:1800646197:1800646183",
        "way_id": 168882526,
        "name": "名称未登録",
        "highway": "unclassified",
        "length_m": 97.85559629236641,
        "included": false
      },
      "geometry": {
        "type": "LineString",
        "coordinates": [
          [
            141.3022166,
            43.0882908
          ],
          [
            141.3024025,
            43.0874213
          ]
        ]
      }
    },
    {
      "type": "Feature",
      "properties": {
        "task_id": "168882529:2:1800646197:1800646181",
        "way_id": 168882529,
        "name": "名称未登録",
        "highway": "unclassified",
        "length_m": 49.9549800083223,
        "included": false
      },
      "geometry": {
        "type": "LineString",
        "coordinates": [
          [
            141.3022166,
            43.0882908
          ],
          [
            141.30161,
            43.0882161
          ]
        ]
      }
    },
    {
      "type": "Feature",
      "properties": {
        "task_id": "168882526:13:1800646183:1800646197",
        "way_id": 168882526,
        "name": "名称未登録",
        "highway": "unclassified",
        "length_m": 97.85559629236641,
        "included": false
      },
      "geometry": {
        "type": "LineString",
        "coordinates": [
          [
            141.3024025,
            43.0874213
          ],
          [
            141.3022166,
            43.0882908
          ]
        ]
      }
    },
    {
      "type": "Feature",
      "properties": {
        "task_id": "168882526:14:1800646183:1800646207",
        "way_id": 168882526,
        "name": "名称未登録",
        "highway": "unclassified",
        "length_m": 23.80426575308271,
        "included": false
      },
      "geometry": {
        "type": "LineString",
        "coordinates": [
          [
            141.3024025,
            43.0874213
          ],
          [
            141.302381,
            43.0872078
          ]
        ]
      }
    },
    {
      "type": "Feature",
      "properties": {
        "task_id": "168882526:14:1800646207:1800646183",
        "way_id": 168882526,
        "name": "名称未登録",
        "highway": "unclassified",
        "length_m": 23.80426575308271,
        "included": false
      },
      "geometry": {
        "type": "LineString",
        "coordinates": [
          [
            141.302381,
            43.0872078
          ],
          [
            141.3024025,
            43.0874213
          ]
        ]
      }
    },
    {
      "type": "Feature",
      "properties": {
        "task_id": "168882526:15:1800646207:1800646214",
        "way_id": 168882526,
        "name": "名称未登録",
        "highway": "unclassified",
        "length_m": 26.62716705881129,
        "included": false
      },
      "geometry": {
        "type": "LineString",
        "coordinates": [
          [
            141.302381,
            43.0872078
          ],
          [
            141.3024669,
            43.0869767
          ]
        ]
      }
    },
    {
      "type": "Feature",
      "properties": {
        "task_id": "168882534:13:1800646207:1800646201",
        "way_id": 168882534,
        "name": "名称未登録",
        "highway": "unclassified",
        "length_m": 13.116739317945994,
        "included": false
      },
      "geometry": {
        "type": "LineString",
        "coordinates": [
          [
            141.302381,
            43.0872078
          ],
          [
            141.3022496,
            43.0872764
          ]
        ]
      }
    },
    {
      "type": "Feature",
      "properties": {
        "task_id": "168882526:15:1800646214:1800646207",
        "way_id": 168882526,
        "name": "名称未登録",
        "highway": "unclassified",
        "length_m": 26.62716705881129,
        "included": false
      },
      "geometry": {
        "type": "LineString",
        "coordinates": [
          [
            141.3024669,
            43.0869767
          ],
          [
            141.302381,
            43.0872078
          ]
        ]
      }
    },
    {
      "type": "Feature",
      "properties": {
        "task_id": "168882526:16:1800646214:1800646169",
        "way_id": 168882526,
        "name": "名称未登録",
        "highway": "unclassified",
        "length_m": 37.78234455376884,
        "included": false
      },
      "geometry": {
        "type": "LineString",
        "coordinates": [
          [
            141.3024669,
            43.0869767
          ],
          [
            141.3025447,
            43.0866417
          ]
        ]
      }
    },
    {
      "type": "Feature",
      "properties": {
        "task_id": "168882526:16:1800646169:1800646214",
        "way_id": 168882526,
        "name": "名称未登録",
        "highway": "unclassified",
        "length_m": 37.78234455376884,
        "included": false
      },
      "geometry": {
        "type": "LineString",
        "coordinates": [
          [
            141.3025447,
            43.0866417
          ],
          [
            141.3024669,
            43.0869767
          ]
        ]
      }
    },
    {
      "type": "Feature",
      "properties": {
        "task_id": "168882526:17:1800646169:1800646189",
        "way_id": 168882526,
        "name": "名称未登録",
        "highway": "unclassified",
        "length_m": 43.108810773453285,
        "included": false
      },
      "geometry": {
        "type": "LineString",
        "coordinates": [
          [
            141.3025447,
            43.0866417
          ],
          [
            141.3025956,
            43.0862558
          ]
        ]
      }
    },
    {
      "type": "Feature",
      "properties": {
        "task_id": "168882526:17:1800646189:1800646169",
        "way_id": 168882526,
        "name": "名称未登録",
        "highway": "unclassified",
        "length_m": 43.108810773453285,
        "included": false
      },
      "geometry": {
        "type": "LineString",
        "coordinates": [
          [
            141.3025956,
            43.0862558
          ],
          [
            141.3025447,
            43.0866417
          ]
        ]
      }
    },
    {
      "type": "Feature",
      "properties": {
        "task_id": "168882526:18:1800646189:1800646176",
        "way_id": 168882526,
        "name": "名称未登録",
        "highway": "unclassified",
        "length_m": 35.04473921151014,
        "included": false
      },
      "geometry": {
        "type": "LineString",
        "coordinates": [
          [
            141.3025956,
            43.0862558
          ],
          [
            141.30255,
            43.0859424
          ]
        ]
      }
    },
    {
      "type": "Feature",
      "properties": {
        "task_id": "168882526:18:1800646176:1800646189",
        "way_id": 168882526,
        "name": "名称未登録",
        "highway": "unclassified",
        "length_m": 35.04473921151014,
        "included": false
      },
      "geometry": {
        "type": "LineString",
        "coordinates": [
          [
            141.30255,
            43.0859424
          ],
          [
            141.3025956,
            43.0862558
          ]
        ]
      }
    },
    {
      "type": "Feature",
      "properties": {
        "task_id": "168882526:19:1800646176:1800646202",
        "way_id": 168882526,
        "name": "名称未登録",
        "highway": "unclassified",
        "length_m": 31.021361393511693,
        "included": false
      },
      "geometry": {
        "type": "LineString",
        "coordinates": [
          [
            141.30255,
            43.0859424
          ],
          [
            141.3024669,
            43.0856701
          ]
        ]
      }
    },
    {
      "type": "Feature",
      "properties": {
        "task_id": "168882526:19:1800646202:1800646176",
        "way_id": 168882526,
        "name": "名称未登録",
        "highway": "unclassified",
        "length_m": 31.021361393511693,
        "included": false
      },
      "geometry": {
        "type": "LineString",
        "coordinates": [
          [
            141.3024669,
            43.0856701
          ],
          [
            141.30255,
            43.0859424
          ]
        ]
      }
    },
    {
      "type": "Feature",
      "properties": {
        "task_id": "168882526:20:1800646202:1800646250",
        "way_id": 168882526,
        "name": "名称未登録",
        "highway": "unclassified",
        "length_m": 31.71247532273103,
        "included": false
      },
      "geometry": {
        "type": "LineString",
        "coordinates": [
          [
            141.3024669,
            43.0856701
          ],
          [
            141.3023364,
            43.0854013
          ]
        ]
      }
    },
    {
      "type": "Feature",
      "properties": {
        "task_id": "168882526:20:1800646250:1800646202",
        "way_id": 168882526,
        "name": "名称未登録",
        "highway": "unclassified",
        "length_m": 31.71247532273103,
        "included": false
      },
      "geometry": {
        "type": "LineString",
        "coordinates": [
          [
            141.3023364,
            43.0854013
          ],
          [
            141.3024669,
            43.0856701
          ]
        ]
      }
    },
    {
      "type": "Feature",
      "properties": {
        "task_id": "168882526:21:1800646250:1800646185",
        "way_id": 168882526,
        "name": "名称未登録",
        "highway": "unclassified",
        "length_m": 24.29218671173345,
        "included": false
      },
      "geometry": {
        "type": "LineString",
        "coordinates": [
          [
            141.3023364,
            43.0854013
          ],
          [
            141.3021745,
            43.0852176
          ]
        ]
      }
    },
    {
      "type": "Feature",
      "properties": {
        "task_id": "168882526:21:1800646185:1800646250",
        "way_id": 168882526,
        "name": "名称未登録",
        "highway": "unclassified",
        "length_m": 24.29218671173345,
        "included": false
      },
      "geometry": {
        "type": "LineString",
        "coordinates": [
          [
            141.3021745,
            43.0852176
          ],
          [
            141.3023364,
            43.0854013
          ]
        ]
      }
    },
    {
      "type": "Feature",
      "properties": {
        "task_id": "168882526:22:1800646185:1800646193",
        "way_id": 168882526,
        "name": "名称未登録",
        "highway": "unclassified",
        "length_m": 25.228260610156216,
        "included": false
      },
      "geometry": {
        "type": "LineString",
        "coordinates": [
          [
            141.3021745,
            43.0852176
          ],
          [
            141.3019845,
            43.0850381
          ]
        ]
      }
    },
    {
      "type": "Feature",
      "properties": {
        "task_id": "168882526:22:1800646193:1800646185",
        "way_id": 168882526,
        "name": "名称未登録",
        "highway": "unclassified",
        "length_m": 25.228260610156216,
        "included": false
      },
      "geometry": {
        "type": "LineString",
        "coordinates": [
          [
            141.3019845,
            43.0850381
          ],
          [
            141.3021745,
            43.0852176
          ]
        ]
      }
    },
    {
      "type": "Feature",
      "properties": {
        "task_id": "232720013:10:1800646193:10611432636",
        "way_id": 232720013,
        "name": "鉄工団地通",
        "highway": "tertiary",
        "length_m": 87.04619299127897,
        "included": false
      },
      "geometry": {
        "type": "LineString",
        "coordinates": [
          [
            141.3019845,
            43.0850381
          ],
          [
            141.3011633,
            43.0855412
          ]
        ]
      }
    },
    {
      "type": "Feature",
      "properties": {
        "task_id": "232720013:11:1800646193:2036135433",
        "way_id": 232720013,
        "name": "鉄工団地通",
        "highway": "tertiary",
        "length_m": 5.896207211279007,
        "included": false
      },
      "geometry": {
        "type": "LineString",
        "coordinates": [
          [
            141.3019845,
            43.0850381
          ],
          [
            141.3020401,
            43.085004
          ]
        ]
      }
    },
    {
      "type": "Feature",
      "properties": {
        "task_id": "168882528:0:1800646235:1800646216",
        "way_id": 168882528,
        "name": "名称未登録",
        "highway": "unclassified",
        "length_m": 7.36021252028963,
        "included": false
      },
      "geometry": {
        "type": "LineString",
        "coordinates": [
          [
            141.3019338,
            43.0886295
          ],
          [
            141.3020043,
            43.0886711
          ]
        ]
      }
    },
    {
      "type": "Feature",
      "properties": {
        "task_id": "168882528:1:1800646235:1800646226",
        "way_id": 168882528,
        "name": "名称未登録",
        "highway": "unclassified",
        "length_m": 52.305499292899334,
        "included": false
      },
      "geometry": {
        "type": "LineString",
        "coordinates": [
          [
            141.3019338,
            43.0886295
          ],
          [
            141.3013021,
            43.0885376
          ]
        ]
      }
    },
    {
      "type": "Feature",
      "properties": {
        "task_id": "168882528:1:1800646226:1800646235",
        "way_id": 168882528,
        "name": "名称未登録",
        "highway": "unclassified",
        "length_m": 52.305499292899334,
        "included": false
      },
      "geometry": {
        "type": "LineString",
        "coordinates": [
          [
            141.3013021,
            43.0885376
          ],
          [
            141.3019338,
            43.0886295
          ]
        ]
      }
    },
    {
      "type": "Feature",
      "properties": {
        "task_id": "168882528:2:1800646226:1800646218",
        "way_id": 168882528,
        "name": "名称未登録",
        "highway": "unclassified",
        "length_m": 51.38463044633293,
        "included": false
      },
      "geometry": {
        "type": "LineString",
        "coordinates": [
          [
            141.3013021,
            43.0885376
          ],
          [
            141.3006815,
            43.0884474
          ]
        ]
      }
    },
    {
      "type": "Feature",
      "properties": {
        "task_id": "168882529:0:1800646226:1800646254",
        "way_id": 168882529,
        "name": "名称未登録",
        "highway": "unclassified",
        "length_m": 39.411739155627004,
        "included": false
      },
      "geometry": {
        "type": "LineString",
        "coordinates": [
          [
            141.3013021,
            43.0885376
          ],
          [
            141.3013913,
            43.0881892
          ]
        ]
      }
    },
    {
      "type": "Feature",
      "properties": {
        "task_id": "168882528:2:1800646218:1800646226",
        "way_id": 168882528,
        "name": "名称未登録",
        "highway": "unclassified",
        "length_m": 51.38463044633293,
        "included": false
      },
      "geometry": {
        "type": "LineString",
        "coordinates": [
          [
            141.3006815,
            43.0884474
          ],
          [
            141.3013021,
            43.0885376
          ]
        ]
      }
    },
    {
      "type": "Feature",
      "properties": {
        "task_id": "168882528:3:1800646218:1800646206",
        "way_id": 168882528,
        "name": "名称未登録",
        "highway": "unclassified",
        "length_m": 63.4735787374504,
        "included": false
      },
      "geometry": {
        "type": "LineString",
        "coordinates": [
          [
            141.3006815,
            43.0884474
          ],
          [
            141.3004297,
            43.087907
          ]
        ]
      }
    },
    {
      "type": "Feature",
      "properties": {
        "task_id": "168882528:3:1800646206:1800646218",
        "way_id": 168882528,
        "name": "名称未登録",
        "highway": "unclassified",
        "length_m": 63.4735787374504,
        "included": false
      },
      "geometry": {
        "type": "LineString",
        "coordinates": [
          [
            141.3004297,
            43.087907
          ],
          [
            141.3006815,
            43.0884474
          ]
        ]
      }
    },
    {
      "type": "Feature",
      "properties": {
        "task_id": "168882534:8:1800646206:2036528768",
        "way_id": 168882534,
        "name": "名称未登録",
        "highway": "unclassified",
        "length_m": 9.433751755169556,
        "included": false
      },
      "geometry": {
        "type": "LineString",
        "coordinates": [
          [
            141.3004297,
            43.087907
          ],
          [
            141.3003409,
            43.0879617
          ]
        ]
      }
    },
    {
      "type": "Feature",
      "properties": {
        "task_id": "168882534:9:1800646206:1800646199",
        "way_id": 168882534,
        "name": "名称未登録",
        "highway": "unclassified",
        "length_m": 59.423342289237624,
        "included": false
      },
      "geometry": {
        "type": "LineString",
        "coordinates": [
          [
            141.3004297,
            43.087907
          ],
          [
            141.300989,
            43.0875624
          ]
        ]
      }
    },
    {
      "type": "Feature",
      "properties": {
        "task_id": "168882529:0:1800646254:1800646226",
        "way_id": 168882529,
        "name": "名称未登録",
        "highway": "unclassified",
        "length_m": 39.411739155627004,
        "included": false
      },
      "geometry": {
        "type": "LineString",
        "coordinates": [
          [
            141.3013913,
            43.0881892
          ],
          [
            141.3013021,
            43.0885376
          ]
        ]
      }
    },
    {
      "type": "Feature",
      "properties": {
        "task_id": "168882529:1:1800646254:1800646181",
        "way_id": 168882529,
        "name": "名称未登録",
        "highway": "unclassified",
        "length_m": 18.00990007097195,
        "included": false
      },
      "geometry": {
        "type": "LineString",
        "coordinates": [
          [
            141.3013913,
            43.0881892
          ],
          [
            141.30161,
            43.0882161
          ]
        ]
      }
    },
    {
      "type": "Feature",
      "properties": {
        "task_id": "168882529:1:1800646181:1800646254",
        "way_id": 168882529,
        "name": "名称未登録",
        "highway": "unclassified",
        "length_m": 18.00990007097195,
        "included": false
      },
      "geometry": {
        "type": "LineString",
        "coordinates": [
          [
            141.30161,
            43.0882161
          ],
          [
            141.3013913,
            43.0881892
          ]
        ]
      }
    },
    {
      "type": "Feature",
      "properties": {
        "task_id": "168882529:2:1800646181:1800646197",
        "way_id": 168882529,
        "name": "名称未登録",
        "highway": "unclassified",
        "length_m": 49.9549800083223,
        "included": false
      },
      "geometry": {
        "type": "LineString",
        "coordinates": [
          [
            141.30161,
            43.0882161
          ],
          [
            141.3022166,
            43.0882908
          ]
        ]
      }
    },
    {
      "type": "Feature",
      "properties": {
        "task_id": "168882542:0:1800646181:1800646204",
        "way_id": 168882542,
        "name": "名称未登録",
        "highway": "unclassified",
        "length_m": 71.080176440595,
        "included": false
      },
      "geometry": {
        "type": "LineString",
        "coordinates": [
          [
            141.30161,
            43.0882161
          ],
          [
            141.3017975,
            43.0875917
          ]
        ]
      }
    },
    {
      "type": "Feature",
      "properties": {
        "task_id": "168882533:0:2036273503:1800646164",
        "way_id": 168882533,
        "name": "名称未登録",
        "highway": "unclassified",
        "length_m": 45.21606627468481,
        "included": false
      },
      "geometry": {
        "type": "LineString",
        "coordinates": [
          [
            141.3005657,
            43.0890167
          ],
          [
            141.3009228,
            43.0893287
          ]
        ]
      }
    },
    {
      "type": "Feature",
      "properties": {
        "task_id": "168882533:1:2036273503:2036273497",
        "way_id": 168882533,
        "name": "名称未登録",
        "highway": "unclassified",
        "length_m": 24.93731465466448,
        "included": false
      },
      "geometry": {
        "type": "LineString",
        "coordinates": [
          [
            141.3005657,
            43.0890167
          ],
          [
            141.3003688,
            43.0888446
          ]
        ]
      }
    },
    {
      "type": "Feature",
      "properties": {
        "task_id": "168882533:1:2036273497:2036273503",
        "way_id": 168882533,
        "name": "名称未登録",
        "highway": "unclassified",
        "length_m": 24.93731465466448,
        "included": false
      },
      "geometry": {
        "type": "LineString",
        "coordinates": [
          [
            141.3003688,
            43.0888446
          ],
          [
            141.3005657,
            43.0890167
          ]
        ]
      }
    },
    {
      "type": "Feature",
      "properties": {
        "task_id": "168882533:2:2036273497:2036273493",
        "way_id": 168882533,
        "name": "名称未登録",
        "highway": "unclassified",
        "length_m": 30.143988480724065,
        "included": false
      },
      "geometry": {
        "type": "LineString",
        "coordinates": [
          [
            141.3003688,
            43.0888446
          ],
          [
            141.3001309,
            43.0886365
          ]
        ]
      }
    },
    {
      "type": "Feature",
      "properties": {
        "task_id": "168882533:2:2036273493:2036273497",
        "way_id": 168882533,
        "name": "名称未登録",
        "highway": "unclassified",
        "length_m": 30.143988480724065,
        "included": false
      },
      "geometry": {
        "type": "LineString",
        "coordinates": [
          [
            141.3001309,
            43.0886365
          ],
          [
            141.3003688,
            43.0888446
          ]
        ]
      }
    },
    {
      "type": "Feature",
      "properties": {
        "task_id": "168882534:7:2036273489:2036528768",
        "way_id": 168882534,
        "name": "名称未登録",
        "highway": "unclassified",
        "length_m": 36.21020209090556,
        "included": false
      },
      "geometry": {
        "type": "LineString",
        "coordinates": [
          [
            141.3000001,
            43.0881717
          ],
          [
            141.3003409,
            43.0879617
          ]
        ]
      }
    },
    {
      "type": "Feature",
      "properties": {
        "task_id": "168882534:7:2036528768:2036273489",
        "way_id": 168882534,
        "name": "名称未登録",
        "highway": "unclassified",
        "length_m": 36.21020209090556,
        "included": false
      },
      "geometry": {
        "type": "LineString",
        "coordinates": [
          [
            141.3003409,
            43.0879617
          ],
          [
            141.3000001,
            43.0881717
          ]
        ]
      }
    },
    {
      "type": "Feature",
      "properties": {
        "task_id": "168882534:8:2036528768:1800646206",
        "way_id": 168882534,
        "name": "名称未登録",
        "highway": "unclassified",
        "length_m": 9.433751755169556,
        "included": false
      },
      "geometry": {
        "type": "LineString",
        "coordinates": [
          [
            141.3003409,
            43.0879617
          ],
          [
            141.3004297,
            43.087907
          ]
        ]
      }
    },
    {
      "type": "Feature",
      "properties": {
        "task_id": "168882534:9:1800646199:1800646206",
        "way_id": 168882534,
        "name": "名称未登録",
        "highway": "unclassified",
        "length_m": 59.423342289237624,
        "included": false
      },
      "geometry": {
        "type": "LineString",
        "coordinates": [
          [
            141.300989,
            43.0875624
          ],
          [
            141.3004297,
            43.087907
          ]
        ]
      }
    },
    {
      "type": "Feature",
      "properties": {
        "task_id": "168882534:10:1800646199:1800646204",
        "way_id": 168882534,
        "name": "名称未登録",
        "highway": "unclassified",
        "length_m": 65.7365843887465,
        "included": false
      },
      "geometry": {
        "type": "LineString",
        "coordinates": [
          [
            141.300989,
            43.0875624
          ],
          [
            141.3017975,
            43.0875917
          ]
        ]
      }
    },
    {
      "type": "Feature",
      "properties": {
        "task_id": "168882534:10:1800646204:1800646199",
        "way_id": 168882534,
        "name": "名称未登録",
        "highway": "unclassified",
        "length_m": 65.7365843887465,
        "included": false
      },
      "geometry": {
        "type": "LineString",
        "coordinates": [
          [
            141.3017975,
            43.0875917
          ],
          [
            141.300989,
            43.0875624
          ]
        ]
      }
    },
    {
      "type": "Feature",
      "properties": {
        "task_id": "168882534:11:1800646204:1800646179",
        "way_id": 168882534,
        "name": "名称未登録",
        "highway": "unclassified",
        "length_m": 4.480023564643587,
        "included": false
      },
      "geometry": {
        "type": "LineString",
        "coordinates": [
          [
            141.3017975,
            43.0875917
          ],
          [
            141.3018526,
            43.0875937
          ]
        ]
      }
    },
    {
      "type": "Feature",
      "properties": {
        "task_id": "168882542:0:1800646204:1800646181",
        "way_id": 168882542,
        "name": "名称未登録",
        "highway": "unclassified",
        "length_m": 71.080176440595,
        "included": false
      },
      "geometry": {
        "type": "LineString",
        "coordinates": [
          [
            141.3017975,
            43.0875917
          ],
          [
            141.30161,
            43.0882161
          ]
        ]
      }
    },
    {
      "type": "Feature",
      "properties": {
        "task_id": "168882534:11:1800646179:1800646204",
        "way_id": 168882534,
        "name": "名称未登録",
        "highway": "unclassified",
        "length_m": 4.480023564643587,
        "included": false
      },
      "geometry": {
        "type": "LineString",
        "coordinates": [
          [
            141.3018526,
            43.0875937
          ],
          [
            141.3017975,
            43.0875917
          ]
        ]
      }
    },
    {
      "type": "Feature",
      "properties": {
        "task_id": "168882534:12:1800646179:1800646201",
        "way_id": 168882534,
        "name": "名称未登録",
        "highway": "unclassified",
        "length_m": 47.793316578028985,
        "included": false
      },
      "geometry": {
        "type": "LineString",
        "coordinates": [
          [
            141.3018526,
            43.0875937
          ],
          [
            141.3022496,
            43.0872764
          ]
        ]
      }
    },
    {
      "type": "Feature",
      "properties": {
        "task_id": "168882534:12:1800646201:1800646179",
        "way_id": 168882534,
        "name": "名称未登録",
        "highway": "unclassified",
        "length_m": 47.793316578028985,
        "included": false
      },
      "geometry": {
        "type": "LineString",
        "coordinates": [
          [
            141.3022496,
            43.0872764
          ],
          [
            141.3018526,
            43.0875937
          ]
        ]
      }
    },
    {
      "type": "Feature",
      "properties": {
        "task_id": "168882534:13:1800646201:1800646207",
        "way_id": 168882534,
        "name": "名称未登録",
        "highway": "unclassified",
        "length_m": 13.116739317945994,
        "included": false
      },
      "geometry": {
        "type": "LineString",
        "coordinates": [
          [
            141.3022496,
            43.0872764
          ],
          [
            141.302381,
            43.0872078
          ]
        ]
      }
    },
    {
      "type": "Feature",
      "properties": {
        "task_id": "168882535:0:1800646260:1800646208",
        "way_id": 168882535,
        "name": "名称未登録",
        "highway": "unclassified",
        "length_m": 42.168265186517885,
        "included": false
      },
      "geometry": {
        "type": "LineString",
        "coordinates": [
          [
            141.3009401,
            43.0898116
          ],
          [
            141.3006063,
            43.0895211
          ]
        ]
      }
    },
    {
      "type": "Feature",
      "properties": {
        "task_id": "168882535:1:1800646260:1800646184",
        "way_id": 168882535,
        "name": "名称未登録",
        "highway": "unclassified",
        "length_m": 13.285114630894714,
        "included": false
      },
      "geometry": {
        "type": "LineString",
        "coordinates": [
          [
            141.3009401,
            43.0898116
          ],
          [
            141.3010453,
            43.0899031
          ]
        ]
      }
    },
    {
      "type": "Feature",
      "properties": {
        "task_id": "168882536:0:1800646260:1800646158",
        "way_id": 168882536,
        "name": "名称未登録",
        "highway": "unclassified",
        "length_m": 67.94005880969372,
        "included": false
      },
      "geometry": {
        "type": "LineString",
        "coordinates": [
          [
            141.3009401,
            43.0898116
          ],
          [
            141.3002818,
            43.0901887
          ]
        ]
      }
    },
    {
      "type": "Feature",
      "properties": {
        "task_id": "168882535:1:1800646184:1800646260",
        "way_id": 168882535,
        "name": "名称未登録",
        "highway": "unclassified",
        "length_m": 13.285114630894714,
        "included": false
      },
      "geometry": {
        "type": "LineString",
        "coordinates": [
          [
            141.3010453,
            43.0899031
          ],
          [
            141.3009401,
            43.0898116
          ]
        ]
      }
    },
    {
      "type": "Feature",
      "properties": {
        "task_id": "168882535:2:1800646184:1800646222",
        "way_id": 168882535,
        "name": "名称未登録",
        "highway": "unclassified",
        "length_m": 8.340070022858539,
        "included": false
      },
      "geometry": {
        "type": "LineString",
        "coordinates": [
          [
            141.3010453,
            43.0899031
          ],
          [
            141.3011303,
            43.0899452
          ]
        ]
      }
    },
    {
      "type": "Feature",
      "properties": {
        "task_id": "168882535:2:1800646222:1800646184",
        "way_id": 168882535,
        "name": "名称未登録",
        "highway": "unclassified",
        "length_m": 8.340070022858539,
        "included": false
      },
      "geometry": {
        "type": "LineString",
        "coordinates": [
          [
            141.3011303,
            43.0899452
          ],
          [
            141.3010453,
            43.0899031
          ]
        ]
      }
    },
    {
      "type": "Feature",
      "properties": {
        "task_id": "168882538:2:1800646222:1800646261",
        "way_id": 168882538,
        "name": "名称未登録",
        "highway": "unclassified",
        "length_m": 70.0620294576937,
        "included": false
      },
      "geometry": {
        "type": "LineString",
        "coordinates": [
          [
            141.3011303,
            43.0899452
          ],
          [
            141.3007473,
            43.0905098
          ]
        ]
      }
    },
    {
      "type": "Feature",
      "properties": {
        "task_id": "168882538:3:1800646222:1800646215",
        "way_id": 168882538,
        "name": "名称未登録",
        "highway": "unclassified",
        "length_m": 81.66759875016295,
        "included": false
      },
      "geometry": {
        "type": "LineString",
        "coordinates": [
          [
            141.3011303,
            43.0899452
          ],
          [
            141.301563,
            43.0892822
          ]
        ]
      }
    },
    {
      "type": "Feature",
      "properties": {
        "task_id": "168882536:0:1800646158:1800646260",
        "way_id": 168882536,
        "name": "名称未登録",
        "highway": "unclassified",
        "length_m": 67.94005880969372,
        "included": false
      },
      "geometry": {
        "type": "LineString",
        "coordinates": [
          [
            141.3002818,
            43.0901887
          ],
          [
            141.3009401,
            43.0898116
          ]
        ]
      }
    },
    {
      "type": "Feature",
      "properties": {
        "task_id": "168882538:1:1800646158:1800646261",
        "way_id": 168882538,
        "name": "名称未登録",
        "highway": "unclassified",
        "length_m": 51.99689393413133,
        "included": false
      },
      "geometry": {
        "type": "LineString",
        "coordinates": [
          [
            141.3002818,
            43.0901887
          ],
          [
            141.3007473,
            43.0905098
          ]
        ]
      }
    },
    {
      "type": "Feature",
      "properties": {
        "task_id": "168882538:1:1800646261:1800646158",
        "way_id": 168882538,
        "name": "名称未登録",
        "highway": "unclassified",
        "length_m": 51.99689393413133,
        "included": false
      },
      "geometry": {
        "type": "LineString",
        "coordinates": [
          [
            141.3007473,
            43.0905098
          ],
          [
            141.3002818,
            43.0901887
          ]
        ]
      }
    },
    {
      "type": "Feature",
      "properties": {
        "task_id": "168882538:2:1800646261:1800646222",
        "way_id": 168882538,
        "name": "名称未登録",
        "highway": "unclassified",
        "length_m": 70.0620294576937,
        "included": false
      },
      "geometry": {
        "type": "LineString",
        "coordinates": [
          [
            141.3007473,
            43.0905098
          ],
          [
            141.3011303,
            43.0899452
          ]
        ]
      }
    },
    {
      "type": "Feature",
      "properties": {
        "task_id": "168882538:3:1800646215:1800646222",
        "way_id": 168882538,
        "name": "名称未登録",
        "highway": "unclassified",
        "length_m": 81.66759875016295,
        "included": false
      },
      "geometry": {
        "type": "LineString",
        "coordinates": [
          [
            141.301563,
            43.0892822
          ],
          [
            141.3011303,
            43.0899452
          ]
        ]
      }
    },
    {
      "type": "Feature",
      "properties": {
        "task_id": "168882538:4:1800646215:1800646162",
        "way_id": 168882538,
        "name": "名称未登録",
        "highway": "unclassified",
        "length_m": 32.593278621953466,
        "included": false
      },
      "geometry": {
        "type": "LineString",
        "coordinates": [
          [
            141.301563,
            43.0892822
          ],
          [
            141.3014675,
            43.0889975
          ]
        ]
      }
    },
    {
      "type": "Feature",
      "properties": {
        "task_id": "168945234:0:1801255323:13389681555",
        "way_id": 168945234,
        "name": "名称未登録",
        "highway": "residential",
        "length_m": 3.4283755420045647,
        "included": true
      },
      "geometry": {
        "type": "LineString",
        "coordinates": [
          [
            141.3015948,
            43.0943671
          ],
          [
            141.3016241,
            43.0943449
          ]
        ]
      }
    },
    {
      "type": "Feature",
      "properties": {
        "task_id": "168945242:1:1801255323:14096230693",
        "way_id": 168945242,
        "name": "名称未登録",
        "highway": "residential",
        "length_m": 43.8984861821764,
        "included": true
      },
      "geometry": {
        "type": "LineString",
        "coordinates": [
          [
            141.3015948,
            43.0943671
          ],
          [
            141.3019342,
            43.0946744
          ]
        ]
      }
    },
    {
      "type": "Feature",
      "properties": {
        "task_id": "168945242:2:1801255323:13389681557",
        "way_id": 168945242,
        "name": "名称未登録",
        "highway": "residential",
        "length_m": 17.26385612888604,
        "included": true
      },
      "geometry": {
        "type": "LineString",
        "coordinates": [
          [
            141.3015948,
            43.0943671
          ],
          [
            141.3014633,
            43.0942451
          ]
        ]
      }
    },
    {
      "type": "Feature",
      "properties": {
        "task_id": "168945234:0:13389681555:1801255323",
        "way_id": 168945234,
        "name": "名称未登録",
        "highway": "residential",
        "length_m": 3.4283755420045647,
        "included": true
      },
      "geometry": {
        "type": "LineString",
        "coordinates": [
          [
            141.3016241,
            43.0943449
          ],
          [
            141.3015948,
            43.0943671
          ]
        ]
      }
    },
    {
      "type": "Feature",
      "properties": {
        "task_id": "168945234:1:13389681555:1801255442",
        "way_id": 168945234,
        "name": "名称未登録",
        "highway": "residential",
        "length_m": 30.59043664283889,
        "included": true
      },
      "geometry": {
        "type": "LineString",
        "coordinates": [
          [
            141.3016241,
            43.0943449
          ],
          [
            141.3019117,
            43.0941672
          ]
        ]
      }
    },
    {
      "type": "Feature",
      "properties": {
        "task_id": "168945234:1:1801255442:13389681555",
        "way_id": 168945234,
        "name": "名称未登録",
        "highway": "residential",
        "length_m": 30.59043664283889,
        "included": true
      },
      "geometry": {
        "type": "LineString",
        "coordinates": [
          [
            141.3019117,
            43.0941672
          ],
          [
            141.3016241,
            43.0943449
          ]
        ]
      }
    },
    {
      "type": "Feature",
      "properties": {
        "task_id": "168945239:1:1801255442:13389681551",
        "way_id": 168945239,
        "name": "名称未登録",
        "highway": "residential",
        "length_m": 45.20555318452609,
        "included": true
      },
      "geometry": {
        "type": "LineString",
        "coordinates": [
          [
            141.3019117,
            43.0941672
          ],
          [
            141.3022683,
            43.0944794
          ]
        ]
      }
    },
    {
      "type": "Feature",
      "properties": {
        "task_id": "168945239:2:1801255442:1801255457",
        "way_id": 168945239,
        "name": "名称未登録",
        "highway": "residential",
        "length_m": 19.891540198798225,
        "included": true
      },
      "geometry": {
        "type": "LineString",
        "coordinates": [
          [
            141.3019117,
            43.0941672
          ],
          [
            141.3017592,
            43.0940272
          ]
        ]
      }
    },
    {
      "type": "Feature",
      "properties": {
        "task_id": "168945236:0:10639023721:1801255293",
        "way_id": 168945236,
        "name": "名称未登録",
        "highway": "residential",
        "length_m": 19.443977643186084,
        "included": true
      },
      "geometry": {
        "type": "LineString",
        "coordinates": [
          [
            141.3004561,
            43.0949501
          ],
          [
            141.3003066,
            43.0948135
          ]
        ]
      }
    },
    {
      "type": "Feature",
      "properties": {
        "task_id": "168945236:0:1801255293:10639023721",
        "way_id": 168945236,
        "name": "名称未登録",
        "highway": "residential",
        "length_m": 19.443977643186084,
        "included": true
      },
      "geometry": {
        "type": "LineString",
        "coordinates": [
          [
            141.3003066,
            43.0948135
          ],
          [
            141.3004561,
            43.0949501
          ]
        ]
      }
    },
    {
      "type": "Feature",
      "properties": {
        "task_id": "168945236:1:1801255293:1801255415",
        "way_id": 168945236,
        "name": "名称未登録",
        "highway": "residential",
        "length_m": 37.922212936463865,
        "included": true
      },
      "geometry": {
        "type": "LineString",
        "coordinates": [
          [
            141.3003066,
            43.0948135
          ],
          [
            141.300015,
            43.0945471
          ]
        ]
      }
    },
    {
      "type": "Feature",
      "properties": {
        "task_id": "168945236:1:1801255415:1801255293",
        "way_id": 168945236,
        "name": "名称未登録",
        "highway": "residential",
        "length_m": 37.922212936463865,
        "included": true
      },
      "geometry": {
        "type": "LineString",
        "coordinates": [
          [
            141.300015,
            43.0945471
          ],
          [
            141.3003066,
            43.0948135
          ]
        ]
      }
    },
    {
      "type": "Feature",
      "properties": {
        "task_id": "168945246:1:1801255415:2284225718",
        "way_id": 168945246,
        "name": "名称未登録",
        "highway": "residential",
        "length_m": 39.54125794832589,
        "included": true
      },
      "geometry": {
        "type": "LineString",
        "coordinates": [
          [
            141.300015,
            43.0945471
          ],
          [
            141.3003864,
            43.0943171
          ]
        ]
      }
    },
    {
      "type": "Feature",
      "properties": {
        "task_id": "168945237:0:1801255305:1801255397",
        "way_id": 168945237,
        "name": "名称未登録",
        "highway": "residential",
        "length_m": 56.76274563641322,
        "included": true
      },
      "geometry": {
        "type": "LineString",
        "coordinates": [
          [
            141.3021156,
            43.0937968
          ],
          [
            141.3016665,
            43.0934056
          ]
        ]
      }
    },
    {
      "type": "Feature",
      "properties": {
        "task_id": "168945271:1:1801255305:13370086440",
        "way_id": 168945271,
        "name": "名称未登録",
        "highway": "residential",
        "length_m": 68.88844598083327,
        "included": true
      },
      "geometry": {
        "type": "LineString",
        "coordinates": [
          [
            141.3021156,
            43.0937968
          ],
          [
            141.3027509,
            43.0933862
          ]
        ]
      }
    },
    {
      "type": "Feature",
      "properties": {
        "task_id": "168945271:2:1801255305:1801255457",
        "way_id": 168945271,
        "name": "名称未登録",
        "highway": "residential",
        "length_m": 38.650039785361926,
        "included": true
      },
      "geometry": {
        "type": "LineString",
        "coordinates": [
          [
            141.3021156,
            43.0937968
          ],
          [
            141.3017592,
            43.0940272
          ]
        ]
      }
    },
    {
      "type": "Feature",
      "properties": {
        "task_id": "168945237:0:1801255397:1801255305",
        "way_id": 168945237,
        "name": "名称未登録",
        "highway": "residential",
        "length_m": 56.76274563641322,
        "included": true
      },
      "geometry": {
        "type": "LineString",
        "coordinates": [
          [
            141.3016665,
            43.0934056
          ],
          [
            141.3021156,
            43.0937968
          ]
        ]
      }
    },
    {
      "type": "Feature",
      "properties": {
        "task_id": "168945246:8:1801255397:1801255393",
        "way_id": 168945246,
        "name": "名称未登録",
        "highway": "residential",
        "length_m": 8.35807249301054,
        "included": true
      },
      "geometry": {
        "type": "LineString",
        "coordinates": [
          [
            141.3016665,
            43.0934056
          ],
          [
            141.3015894,
            43.0934554
          ]
        ]
      }
    },
    {
      "type": "Feature",
      "properties": {
        "task_id": "168945246:9:1801255397:1801255411",
        "way_id": 168945246,
        "name": "名称未登録",
        "highway": "residential",
        "length_m": 28.809334227215324,
        "included": true
      },
      "geometry": {
        "type": "LineString",
        "coordinates": [
          [
            141.3016665,
            43.0934056
          ],
          [
            141.3019322,
            43.0932339
          ]
        ]
      }
    },
    {
      "type": "Feature",
      "properties": {
        "task_id": "168945239:0:1801255349:13389681551",
        "way_id": 168945239,
        "name": "名称未登録",
        "highway": "residential",
        "length_m": 8.280556418697849,
        "included": true
      },
      "geometry": {
        "type": "LineString",
        "coordinates": [
          [
            141.3023336,
            43.0945366
          ],
          [
            141.3022683,
            43.0944794
          ]
        ]
      }
    },
    {
      "type": "Feature",
      "properties": {
        "task_id": "1095398417:5:1801255349:1801255372",
        "way_id": 1095398417,
        "name": "下手稲通",
        "highway": "secondary",
        "length_m": 34.85909107470123,
        "included": true
      },
      "geometry": {
        "type": "LineString",
        "coordinates": [
          [
            141.3023336,
            43.0945366
          ],
          [
            141.3020012,
            43.094735
          ]
        ]
      }
    },
    {
      "type": "Feature",
      "properties": {
        "task_id": "1095398417:6:1801255349:1800588108",
        "way_id": 1095398417,
        "name": "下手稲通",
        "highway": "secondary",
        "length_m": 22.845264213499064,
        "included": true
      },
      "geometry": {
        "type": "LineString",
        "coordinates": [
          [
            141.3023336,
            43.0945366
          ],
          [
            141.3025528,
            43.0944078
          ]
        ]
      }
    },
    {
      "type": "Feature",
      "properties": {
        "task_id": "168945239:0:13389681551:1801255349",
        "way_id": 168945239,
        "name": "名称未登録",
        "highway": "residential",
        "length_m": 8.280556418697849,
        "included": true
      },
      "geometry": {
        "type": "LineString",
        "coordinates": [
          [
            141.3022683,
            43.0944794
          ],
          [
            141.3023336,
            43.0945366
          ]
        ]
      }
    },
    {
      "type": "Feature",
      "properties": {
        "task_id": "168945239:1:13389681551:1801255442",
        "way_id": 168945239,
        "name": "名称未登録",
        "highway": "residential",
        "length_m": 45.20555318452609,
        "included": true
      },
      "geometry": {
        "type": "LineString",
        "coordinates": [
          [
            141.3022683,
            43.0944794
          ],
          [
            141.3019117,
            43.0941672
          ]
        ]
      }
    },
    {
      "type": "Feature",
      "properties": {
        "task_id": "168945239:2:1801255457:1801255442",
        "way_id": 168945239,
        "name": "名称未登録",
        "highway": "residential",
        "length_m": 19.891540198798225,
        "included": true
      },
      "geometry": {
        "type": "LineString",
        "coordinates": [
          [
            141.3017592,
            43.0940272
          ],
          [
            141.3019117,
            43.0941672
          ]
        ]
      }
    },
    {
      "type": "Feature",
      "properties": {
        "task_id": "168945239:3:1801255457:1801255350",
        "way_id": 168945239,
        "name": "名称未登録",
        "highway": "residential",
        "length_m": 56.82729272336395,
        "included": true
      },
      "geometry": {
        "type": "LineString",
        "coordinates": [
          [
            141.3017592,
            43.0940272
          ],
          [
            141.3013236,
            43.0936272
          ]
        ]
      }
    },
    {
      "type": "Feature",
      "properties": {
        "task_id": "168945271:2:1801255457:1801255305",
        "way_id": 168945271,
        "name": "名称未登録",
        "highway": "residential",
        "length_m": 38.650039785361926,
        "included": true
      },
      "geometry": {
        "type": "LineString",
        "coordinates": [
          [
            141.3017592,
            43.0940272
          ],
          [
            141.3021156,
            43.0937968
          ]
        ]
      }
    },
    {
      "type": "Feature",
      "properties": {
        "task_id": "168945239:3:1801255350:1801255457",
        "way_id": 168945239,
        "name": "名称未登録",
        "highway": "residential",
        "length_m": 56.82729272336395,
        "included": true
      },
      "geometry": {
        "type": "LineString",
        "coordinates": [
          [
            141.3013236,
            43.0936272
          ],
          [
            141.3017592,
            43.0940272
          ]
        ]
      }
    },
    {
      "type": "Feature",
      "properties": {
        "task_id": "168945246:6:1801255350:2284225551",
        "way_id": 168945246,
        "name": "名称未登録",
        "highway": "residential",
        "length_m": 44.47859818522089,
        "included": true
      },
      "geometry": {
        "type": "LineString",
        "coordinates": [
          [
            141.3013236,
            43.0936272
          ],
          [
            141.3009134,
            43.0938923
          ]
        ]
      }
    },
    {
      "type": "Feature",
      "properties": {
        "task_id": "168945246:7:1801255350:1801255393",
        "way_id": 168945246,
        "name": "名称未登録",
        "highway": "residential",
        "length_m": 28.822725738067778,
        "included": true
      },
      "geometry": {
        "type": "LineString",
        "coordinates": [
          [
            141.3013236,
            43.0936272
          ],
          [
            141.3015894,
            43.0934554
          ]
        ]
      }
    },
    {
      "type": "Feature",
      "properties": {
        "task_id": "168945240:0:1801255436:4839405432",
        "way_id": 168945240,
        "name": "名称未登録",
        "highway": "residential",
        "length_m": 11.886089637872294,
        "included": true
      },
      "geometry": {
        "type": "LineString",
        "coordinates": [
          [
            141.3011356,
            43.092069
          ],
          [
            141.3010715,
            43.0921651
          ]
        ]
      }
    },
    {
      "type": "Feature",
      "properties": {
        "task_id": "1095398416:0:1801255436:2036135440",
        "way_id": 1095398416,
        "name": "新琴似通",
        "highway": "tertiary",
        "length_m": 15.739802278088199,
        "included": true
      },
      "geometry": {
        "type": "LineString",
        "coordinates": [
          [
            141.3011356,
            43.092069
          ],
          [
            141.3010012,
            43.091967
          ]
        ]
      }
    },
    {
      "type": "Feature",
      "properties": {
        "task_id": "1095398416:1:1801255436:2284224965",
        "way_id": 1095398416,
        "name": "新琴似通",
        "highway": "tertiary",
        "length_m": 53.07648822461269,
        "included": true
      },
      "geometry": {
        "type": "LineString",
        "coordinates": [
          [
            141.3011356,
            43.092069
          ],
          [
            141.3015941,
            43.0924092
          ]
        ]
      }
    },
    {
      "type": "Feature",
      "properties": {
        "task_id": "168945240:0:4839405432:1801255436",
        "way_id": 168945240,
        "name": "名称未登録",
        "highway": "residential",
        "length_m": 11.886089637872294,
        "included": true
      },
      "geometry": {
        "type": "LineString",
        "coordinates": [
          [
            141.3010715,
            43.0921651
          ],
          [
            141.3011356,
            43.092069
          ]
        ]
      }
    },
    {
      "type": "Feature",
      "properties": {
        "task_id": "168945240:1:4839405432:1801255396",
        "way_id": 168945240,
        "name": "名称未登録",
        "highway": "residential",
        "length_m": 36.25543020350977,
        "included": true
      },
      "geometry": {
        "type": "LineString",
        "coordinates": [
          [
            141.3010715,
            43.0921651
          ],
          [
            141.3008759,
            43.0924582
          ]
        ]
      }
    },
    {
      "type": "Feature",
      "properties": {
        "task_id": "168945240:1:1801255396:4839405432",
        "way_id": 168945240,
        "name": "名称未登録",
        "highway": "residential",
        "length_m": 36.25543020350977,
        "included": true
      },
      "geometry": {
        "type": "LineString",
        "coordinates": [
          [
            141.3008759,
            43.0924582
          ],
          [
            141.3010715,
            43.0921651
          ]
        ]
      }
    },
    {
      "type": "Feature",
      "properties": {
        "task_id": "168945240:2:1801255396:1801255435",
        "way_id": 168945240,
        "name": "名称未登録",
        "highway": "residential",
        "length_m": 39.12341748797041,
        "included": true
      },
      "geometry": {
        "type": "LineString",
        "coordinates": [
          [
            141.3008759,
            43.0924582
          ],
          [
            141.3006753,
            43.0927781
          ]
        ]
      }
    },
    {
      "type": "Feature",
      "properties": {
        "task_id": "168945244:0:1801255396:1801255411",
        "way_id": 168945244,
        "name": "名称未登録",
        "highway": "residential",
        "length_m": 121.64088957347978,
        "included": true
      },
      "geometry": {
        "type": "LineString",
        "coordinates": [
          [
            141.3008759,
            43.0924582
          ],
          [
            141.3019322,
            43.0932339
          ]
        ]
      }
    },
    {
      "type": "Feature",
      "properties": {
        "task_id": "168945240:2:1801255435:1801255396",
        "way_id": 168945240,
        "name": "名称未登録",
        "highway": "residential",
        "length_m": 39.12341748797041,
        "included": true
      },
      "geometry": {
        "type": "LineString",
        "coordinates": [
          [
            141.3006753,
            43.0927781
          ],
          [
            141.3008759,
            43.0924582
          ]
        ]
      }
    },
    {
      "type": "Feature",
      "properties": {
        "task_id": "168945240:3:1801255435:10639023720",
        "way_id": 168945240,
        "name": "名称未登録",
        "highway": "residential",
        "length_m": 5.952816440893341,
        "included": true
      },
      "geometry": {
        "type": "LineString",
        "coordinates": [
          [
            141.3006753,
            43.0927781
          ],
          [
            141.3006402,
            43.0928251
          ]
        ]
      }
    },
    {
      "type": "Feature",
      "properties": {
        "task_id": "168945273:0:1801255435:1801255393",
        "way_id": 168945273,
        "name": "名称未登録",
        "highway": "residential",
        "length_m": 105.74139927526151,
        "included": true
      },
      "geometry": {
        "type": "LineString",
        "coordinates": [
          [
            141.3006753,
            43.0927781
          ],
          [
            141.3015894,
            43.0934554
          ]
        ]
      }
    },
    {
      "type": "Feature",
      "properties": {
        "task_id": "168945240:3:10639023720:1801255435",
        "way_id": 168945240,
        "name": "名称未登録",
        "highway": "residential",
        "length_m": 5.952816440893341,
        "included": true
      },
      "geometry": {
        "type": "LineString",
        "coordinates": [
          [
            141.3006402,
            43.0928251
          ],
          [
            141.3006753,
            43.0927781
          ]
        ]
      }
    },
    {
      "type": "Feature",
      "properties": {
        "task_id": "168945240:4:10639023720:10639023719",
        "way_id": 168945240,
        "name": "名称未登録",
        "highway": "residential",
        "length_m": 11.299427463272844,
        "included": true
      },
      "geometry": {
        "type": "LineString",
        "coordinates": [
          [
            141.3006402,
            43.0928251
          ],
          [
            141.300532,
            43.092889
          ]
        ]
      }
    },
    {
      "type": "Feature",
      "properties": {
        "task_id": "168945240:4:10639023719:10639023720",
        "way_id": 168945240,
        "name": "名称未登録",
        "highway": "residential",
        "length_m": 11.299427463272844,
        "included": true
      },
      "geometry": {
        "type": "LineString",
        "coordinates": [
          [
            141.300532,
            43.092889
          ],
          [
            141.3006402,
            43.0928251
          ]
        ]
      }
    },
    {
      "type": "Feature",
      "properties": {
        "task_id": "168945240:5:10639023719:2284225204",
        "way_id": 168945240,
        "name": "名称未登録",
        "highway": "residential",
        "length_m": 34.355795868878936,
        "included": true
      },
      "geometry": {
        "type": "LineString",
        "coordinates": [
          [
            141.300532,
            43.092889
          ],
          [
            141.3003331,
            43.0931617
          ]
        ]
      }
    },
    {
      "type": "Feature",
      "properties": {
        "task_id": "168945240:5:2284225204:10639023719",
        "way_id": 168945240,
        "name": "名称未登録",
        "highway": "residential",
        "length_m": 34.355795868878936,
        "included": true
      },
      "geometry": {
        "type": "LineString",
        "coordinates": [
          [
            141.3003331,
            43.0931617
          ],
          [
            141.300532,
            43.092889
          ]
        ]
      }
    },
    {
      "type": "Feature",
      "properties": {
        "task_id": "168945242:0:1801255372:14096230693",
        "way_id": 168945242,
        "name": "名称未登録",
        "highway": "residential",
        "length_m": 8.660394920191967,
        "included": true
      },
      "geometry": {
        "type": "LineString",
        "coordinates": [
          [
            141.3020012,
            43.094735
          ],
          [
            141.3019342,
            43.0946744
          ]
        ]
      }
    },
    {
      "type": "Feature",
      "properties": {
        "task_id": "1095398417:5:1801255372:1801255349",
        "way_id": 1095398417,
        "name": "下手稲通",
        "highway": "secondary",
        "length_m": 34.85909107470123,
        "included": true
      },
      "geometry": {
        "type": "LineString",
        "coordinates": [
          [
            141.3020012,
            43.094735
          ],
          [
            141.3023336,
            43.0945366
          ]
        ]
      }
    },
    {
      "type": "Feature",
      "properties": {
        "task_id": "168945242:0:14096230693:1801255372",
        "way_id": 168945242,
        "name": "名称未登録",
        "highway": "residential",
        "length_m": 8.660394920191967,
        "included": true
      },
      "geometry": {
        "type": "LineString",
        "coordinates": [
          [
            141.3019342,
            43.0946744
          ],
          [
            141.3020012,
            43.094735
          ]
        ]
      }
    },
    {
      "type": "Feature",
      "properties": {
        "task_id": "168945242:1:14096230693:1801255323",
        "way_id": 168945242,
        "name": "名称未登録",
        "highway": "residential",
        "length_m": 43.8984861821764,
        "included": true
      },
      "geometry": {
        "type": "LineString",
        "coordinates": [
          [
            141.3019342,
            43.0946744
          ],
          [
            141.3015948,
            43.0943671
          ]
        ]
      }
    },
    {
      "type": "Feature",
      "properties": {
        "task_id": "168945242:2:13389681557:1801255323",
        "way_id": 168945242,
        "name": "名称未登録",
        "highway": "residential",
        "length_m": 17.26385612888604,
        "included": true
      },
      "geometry": {
        "type": "LineString",
        "coordinates": [
          [
            141.3014633,
            43.0942451
          ],
          [
            141.3015948,
            43.0943671
          ]
        ]
      }
    },
    {
      "type": "Feature",
      "properties": {
        "task_id": "168945242:3:13389681557:1801255359",
        "way_id": 168945242,
        "name": "名称未登録",
        "highway": "residential",
        "length_m": 31.96192183930453,
        "included": true
      },
      "geometry": {
        "type": "LineString",
        "coordinates": [
          [
            141.3014633,
            43.0942451
          ],
          [
            141.3012199,
            43.0940192
          ]
        ]
      }
    },
    {
      "type": "Feature",
      "properties": {
        "task_id": "168945242:3:1801255359:13389681557",
        "way_id": 168945242,
        "name": "名称未登録",
        "highway": "residential",
        "length_m": 31.96192183930453,
        "included": true
      },
      "geometry": {
        "type": "LineString",
        "coordinates": [
          [
            141.3012199,
            43.0940192
          ],
          [
            141.3014633,
            43.0942451
          ]
        ]
      }
    },
    {
      "type": "Feature",
      "properties": {
        "task_id": "168945244:0:1801255411:1801255396",
        "way_id": 168945244,
        "name": "名称未登録",
        "highway": "residential",
        "length_m": 121.64088957347978,
        "included": true
      },
      "geometry": {
        "type": "LineString",
        "coordinates": [
          [
            141.3019322,
            43.0932339
          ],
          [
            141.3008759,
            43.0924582
          ]
        ]
      }
    },
    {
      "type": "Feature",
      "properties": {
        "task_id": "168945246:9:1801255411:1801255397",
        "way_id": 168945246,
        "name": "名称未登録",
        "highway": "residential",
        "length_m": 28.809334227215324,
        "included": true
      },
      "geometry": {
        "type": "LineString",
        "coordinates": [
          [
            141.3019322,
            43.0932339
          ],
          [
            141.3016665,
            43.0934056
          ]
        ]
      }
    },
    {
      "type": "Feature",
      "properties": {
        "task_id": "168945246:10:1801255411:13370086437",
        "way_id": 168945246,
        "name": "名称未登録",
        "highway": "residential",
        "length_m": 35.1339232215007,
        "included": true
      },
      "geometry": {
        "type": "LineString",
        "coordinates": [
          [
            141.3019322,
            43.0932339
          ],
          [
            141.3022561,
            43.0930244
          ]
        ]
      }
    },
    {
      "type": "Feature",
      "properties": {
        "task_id": "168945246:1:2284225718:1801255415",
        "way_id": 168945246,
        "name": "名称未登録",
        "highway": "residential",
        "length_m": 39.54125794832589,
        "included": true
      },
      "geometry": {
        "type": "LineString",
        "coordinates": [
          [
            141.3003864,
            43.0943171
          ],
          [
            141.300015,
            43.0945471
          ]
        ]
      }
    },
    {
      "type": "Feature",
      "properties": {
        "task_id": "168945246:2:2284225718:2284225688",
        "way_id": 168945246,
        "name": "名称未登録",
        "highway": "residential",
        "length_m": 16.88673941957121,
        "included": true
      },
      "geometry": {
        "type": "LineString",
        "coordinates": [
          [
            141.3003864,
            43.0943171
          ],
          [
            141.3005391,
            43.094214
          ]
        ]
      }
    },
    {
      "type": "Feature",
      "properties": {
        "task_id": "168945246:2:2284225688:2284225718",
        "way_id": 168945246,
        "name": "名称未登録",
        "highway": "residential",
        "length_m": 16.88673941957121,
        "included": true
      },
      "geometry": {
        "type": "LineString",
        "coordinates": [
          [
            141.3005391,
            43.094214
          ],
          [
            141.3003864,
            43.0943171
          ]
        ]
      }
    },
    {
      "type": "Feature",
      "properties": {
        "task_id": "168945246:3:2284225688:1801255363",
        "way_id": 168945246,
        "name": "名称未登録",
        "highway": "residential",
        "length_m": 28.452892133846,
        "included": true
      },
      "geometry": {
        "type": "LineString",
        "coordinates": [
          [
            141.3005391,
            43.094214
          ],
          [
            141.3007959,
            43.0940399
          ]
        ]
      }
    },
    {
      "type": "Feature",
      "properties": {
        "task_id": "168945246:3:1801255363:2284225688",
        "way_id": 168945246,
        "name": "名称未登録",
        "highway": "residential",
        "length_m": 28.452892133846,
        "included": true
      },
      "geometry": {
        "type": "LineString",
        "coordinates": [
          [
            141.3007959,
            43.0940399
          ],
          [
            141.3005391,
            43.094214
          ]
        ]
      }
    },
    {
      "type": "Feature",
      "properties": {
        "task_id": "168945246:4:1801255363:1801255366",
        "way_id": 168945246,
        "name": "名称未登録",
        "highway": "residential",
        "length_m": 15.48067561277776,
        "included": true
      },
      "geometry": {
        "type": "LineString",
        "coordinates": [
          [
            141.3007959,
            43.0940399
          ],
          [
            141.300879,
            43.0939146
          ]
        ]
      }
    },
    {
      "type": "Feature",
      "properties": {
        "task_id": "168945246:4:1801255366:1801255363",
        "way_id": 168945246,
        "name": "名称未登録",
        "highway": "residential",
        "length_m": 15.48067561277776,
        "included": true
      },
      "geometry": {
        "type": "LineString",
        "coordinates": [
          [
            141.300879,
            43.0939146
          ],
          [
            141.3007959,
            43.0940399
          ]
        ]
      }
    },
    {
      "type": "Feature",
      "properties": {
        "task_id": "168945246:5:1801255366:2284225551",
        "way_id": 168945246,
        "name": "名称未登録",
        "highway": "residential",
        "length_m": 3.735076641004041,
        "included": true
      },
      "geometry": {
        "type": "LineString",
        "coordinates": [
          [
            141.300879,
            43.0939146
          ],
          [
            141.3009134,
            43.0938923
          ]
        ]
      }
    },
    {
      "type": "Feature",
      "properties": {
        "task_id": "168945246:5:2284225551:1801255366",
        "way_id": 168945246,
        "name": "名称未登録",
        "highway": "residential",
        "length_m": 3.735076641004041,
        "included": true
      },
      "geometry": {
        "type": "LineString",
        "coordinates": [
          [
            141.3009134,
            43.0938923
          ],
          [
            141.300879,
            43.0939146
          ]
        ]
      }
    },
    {
      "type": "Feature",
      "properties": {
        "task_id": "168945246:6:2284225551:1801255350",
        "way_id": 168945246,
        "name": "名称未登録",
        "highway": "residential",
        "length_m": 44.47859818522089,
        "included": true
      },
      "geometry": {
        "type": "LineString",
        "coordinates": [
          [
            141.3009134,
            43.0938923
          ],
          [
            141.3013236,
            43.0936272
          ]
        ]
      }
    },
    {
      "type": "Feature",
      "properties": {
        "task_id": "168945246:7:1801255393:1801255350",
        "way_id": 168945246,
        "name": "名称未登録",
        "highway": "residential",
        "length_m": 28.822725738067778,
        "included": true
      },
      "geometry": {
        "type": "LineString",
        "coordinates": [
          [
            141.3015894,
            43.0934554
          ],
          [
            141.3013236,
            43.0936272
          ]
        ]
      }
    },
    {
      "type": "Feature",
      "properties": {
        "task_id": "168945246:8:1801255393:1801255397",
        "way_id": 168945246,
        "name": "名称未登録",
        "highway": "residential",
        "length_m": 8.35807249301054,
        "included": true
      },
      "geometry": {
        "type": "LineString",
        "coordinates": [
          [
            141.3015894,
            43.0934554
          ],
          [
            141.3016665,
            43.0934056
          ]
        ]
      }
    },
    {
      "type": "Feature",
      "properties": {
        "task_id": "168945273:0:1801255393:1801255435",
        "way_id": 168945273,
        "name": "名称未登録",
        "highway": "residential",
        "length_m": 105.74139927526151,
        "included": true
      },
      "geometry": {
        "type": "LineString",
        "coordinates": [
          [
            141.3015894,
            43.0934554
          ],
          [
            141.3006753,
            43.0927781
          ]
        ]
      }
    },
    {
      "type": "Feature",
      "properties": {
        "task_id": "168945246:10:13370086437:1801255411",
        "way_id": 168945246,
        "name": "名称未登録",
        "highway": "residential",
        "length_m": 35.1339232215007,
        "included": true
      },
      "geometry": {
        "type": "LineString",
        "coordinates": [
          [
            141.3022561,
            43.0930244
          ],
          [
            141.3019322,
            43.0932339
          ]
        ]
      }
    },
    {
      "type": "Feature",
      "properties": {
        "task_id": "168945246:11:13370086437:1801255406",
        "way_id": 168945246,
        "name": "名称未登録",
        "highway": "residential",
        "length_m": 9.464707378983608,
        "included": true
      },
      "geometry": {
        "type": "LineString",
        "coordinates": [
          [
            141.3022561,
            43.0930244
          ],
          [
            141.3023434,
            43.092968
          ]
        ]
      }
    },
    {
      "type": "Feature",
      "properties": {
        "task_id": "168945246:11:1801255406:13370086437",
        "way_id": 168945246,
        "name": "名称未登録",
        "highway": "residential",
        "length_m": 9.464707378983608,
        "included": true
      },
      "geometry": {
        "type": "LineString",
        "coordinates": [
          [
            141.3023434,
            43.092968
          ],
          [
            141.3022561,
            43.0930244
          ]
        ]
      }
    },
    {
      "type": "Feature",
      "properties": {
        "task_id": "1095398416:3:1801255406:10050152681",
        "way_id": 1095398416,
        "name": "新琴似通",
        "highway": "tertiary",
        "length_m": 26.04001752853147,
        "included": true
      },
      "geometry": {
        "type": "LineString",
        "coordinates": [
          [
            141.3023434,
            43.092968
          ],
          [
            141.3021057,
            43.0928108
          ]
        ]
      }
    },
    {
      "type": "Feature",
      "properties": {
        "task_id": "1095398416:4:1801255406:1801255466",
        "way_id": 1095398416,
        "name": "新琴似通",
        "highway": "tertiary",
        "length_m": 56.80945874739791,
        "included": true
      },
      "geometry": {
        "type": "LineString",
        "coordinates": [
          [
            141.3023434,
            43.092968
          ],
          [
            141.3028297,
            43.0933353
          ]
        ]
      }
    },
    {
      "type": "Feature",
      "properties": {
        "task_id": "168945271:0:1801255466:13370086440",
        "way_id": 168945271,
        "name": "名称未登録",
        "highway": "residential",
        "length_m": 8.54251081618372,
        "included": true
      },
      "geometry": {
        "type": "LineString",
        "coordinates": [
          [
            141.3028297,
            43.0933353
          ],
          [
            141.3027509,
            43.0933862
          ]
        ]
      }
    },
    {
      "type": "Feature",
      "properties": {
        "task_id": "1095398416:4:1801255466:1801255406",
        "way_id": 1095398416,
        "name": "新琴似通",
        "highway": "tertiary",
        "length_m": 56.80945874739791,
        "included": true
      },
      "geometry": {
        "type": "LineString",
        "coordinates": [
          [
            141.3028297,
            43.0933353
          ],
          [
            141.3023434,
            43.092968
          ]
        ]
      }
    },
    {
      "type": "Feature",
      "properties": {
        "task_id": "1095398416:5:1801255466:376689333",
        "way_id": 1095398416,
        "name": "新琴似通",
        "highway": "tertiary",
        "length_m": 62.454915761566035,
        "included": true
      },
      "geometry": {
        "type": "LineString",
        "coordinates": [
          [
            141.3028297,
            43.0933353
          ],
          [
            141.3033727,
            43.0937331
          ]
        ]
      }
    },
    {
      "type": "Feature",
      "properties": {
        "task_id": "168945271:0:13370086440:1801255466",
        "way_id": 168945271,
        "name": "名称未登録",
        "highway": "residential",
        "length_m": 8.54251081618372,
        "included": true
      },
      "geometry": {
        "type": "LineString",
        "coordinates": [
          [
            141.3027509,
            43.0933862
          ],
          [
            141.3028297,
            43.0933353
          ]
        ]
      }
    },
    {
      "type": "Feature",
      "properties": {
        "task_id": "168945271:1:13370086440:1801255305",
        "way_id": 168945271,
        "name": "名称未登録",
        "highway": "residential",
        "length_m": 68.88844598083327,
        "included": true
      },
      "geometry": {
        "type": "LineString",
        "coordinates": [
          [
            141.3027509,
            43.0933862
          ],
          [
            141.3021156,
            43.0937968
          ]
        ]
      }
    },
    {
      "type": "Feature",
      "properties": {
        "task_id": "193091452:0:2036135439:2036135440",
        "way_id": 193091452,
        "name": "新琴似通",
        "highway": "tertiary",
        "length_m": 55.99717904710019,
        "included": true
      },
      "geometry": {
        "type": "LineString",
        "coordinates": [
          [
            141.3005187,
            43.0916072
          ],
          [
            141.3010012,
            43.091967
          ]
        ]
      }
    },
    {
      "type": "Feature",
      "properties": {
        "task_id": "193091452:0:2036135440:2036135439",
        "way_id": 193091452,
        "name": "新琴似通",
        "highway": "tertiary",
        "length_m": 55.99717904710019,
        "included": true
      },
      "geometry": {
        "type": "LineString",
        "coordinates": [
          [
            141.3010012,
            43.091967
          ],
          [
            141.3005187,
            43.0916072
          ]
        ]
      }
    },
    {
      "type": "Feature",
      "properties": {
        "task_id": "1095398416:0:2036135440:1801255436",
        "way_id": 1095398416,
        "name": "新琴似通",
        "highway": "tertiary",
        "length_m": 15.739802278088199,
        "included": true
      },
      "geometry": {
        "type": "LineString",
        "coordinates": [
          [
            141.3010012,
            43.091967
          ],
          [
            141.3011356,
            43.092069
          ]
        ]
      }
    },
    {
      "type": "Feature",
      "properties": {
        "task_id": "219227900:0:376689385:2284225481",
        "way_id": 219227900,
        "name": "下手稲通",
        "highway": "secondary",
        "length_m": 17.11443987166553,
        "included": true
      },
      "geometry": {
        "type": "LineString",
        "coordinates": [
          [
            141.3035112,
            43.0938443
          ],
          [
            141.3036754,
            43.0937478
          ]
        ]
      }
    },
    {
      "type": "Feature",
      "properties": {
        "task_id": "428008937:0:376689385:2284225587",
        "way_id": 428008937,
        "name": "新琴似通",
        "highway": "tertiary",
        "length_m": 15.167170523864081,
        "included": true
      },
      "geometry": {
        "type": "LineString",
        "coordinates": [
          [
            141.3035112,
            43.0938443
          ],
          [
            141.3036244,
            43.0939528
          ]
        ]
      }
    },
    {
      "type": "Feature",
      "properties": {
        "task_id": "1095398416:6:376689385:376689333",
        "way_id": 1095398416,
        "name": "新琴似通",
        "highway": "tertiary",
        "length_m": 16.714170846201558,
        "included": true
      },
      "geometry": {
        "type": "LineString",
        "coordinates": [
          [
            141.3035112,
            43.0938443
          ],
          [
            141.3033727,
            43.0937331
          ]
        ]
      }
    },
    {
      "type": "Feature",
      "properties": {
        "task_id": "1095398417:8:376689385:370366917",
        "way_id": 1095398417,
        "name": "下手稲通",
        "highway": "secondary",
        "length_m": 17.67194887168451,
        "included": true
      },
      "geometry": {
        "type": "LineString",
        "coordinates": [
          [
            141.3035112,
            43.0938443
          ],
          [
            141.3033388,
            43.0939413
          ]
        ]
      }
    },
    {
      "type": "Feature",
      "properties": {
        "task_id": "219227900:0:2284225481:376689385",
        "way_id": 219227900,
        "name": "下手稲通",
        "highway": "secondary",
        "length_m": 17.11443987166553,
        "included": true
      },
      "geometry": {
        "type": "LineString",
        "coordinates": [
          [
            141.3036754,
            43.0937478
          ],
          [
            141.3035112,
            43.0938443
          ]
        ]
      }
    },
    {
      "type": "Feature",
      "properties": {
        "task_id": "219227900:1:2284225481:1800558873",
        "way_id": 219227900,
        "name": "下手稲通",
        "highway": "secondary",
        "length_m": 42.073027987861366,
        "included": true
      },
      "geometry": {
        "type": "LineString",
        "coordinates": [
          [
            141.3036754,
            43.0937478
          ],
          [
            141.3040792,
            43.0935107
          ]
        ]
      }
    },
    {
      "type": "Feature",
      "properties": {
        "task_id": "219227900:2:2310745237:1800558873",
        "way_id": 219227900,
        "name": "下手稲通",
        "highway": "secondary",
        "length_m": 39.68529523133199,
        "included": true
      },
      "geometry": {
        "type": "LineString",
        "coordinates": [
          [
            141.3044598,
            43.0932868
          ],
          [
            141.3040792,
            43.0935107
          ]
        ]
      }
    },
    {
      "type": "Feature",
      "properties": {
        "task_id": "219227900:3:2310745237:1800558683",
        "way_id": 219227900,
        "name": "下手稲通",
        "highway": "secondary",
        "length_m": 14.414587932313397,
        "included": true
      },
      "geometry": {
        "type": "LineString",
        "coordinates": [
          [
            141.3044598,
            43.0932868
          ],
          [
            141.3045984,
            43.0932058
          ]
        ]
      }
    },
    {
      "type": "Feature",
      "properties": {
        "task_id": "219227900:4:10050152675:1800558683",
        "way_id": 219227900,
        "name": "下手稲通",
        "highway": "secondary",
        "length_m": 56.28417992520412,
        "included": true
      },
      "geometry": {
        "type": "LineString",
        "coordinates": [
          [
            141.3051425,
            43.0928922
          ],
          [
            141.3045984,
            43.0932058
          ]
        ]
      }
    },
    {
      "type": "Feature",
      "properties": {
        "task_id": "219227900:5:10050152675:1800558668",
        "way_id": 219227900,
        "name": "下手稲通",
        "highway": "secondary",
        "length_m": 8.051431539968423,
        "included": true
      },
      "geometry": {
        "type": "LineString",
        "coordinates": [
          [
            141.3051425,
            43.0928922
          ],
          [
            141.3052193,
            43.0928464
          ]
        ]
      }
    },
    {
      "type": "Feature",
      "properties": {
        "task_id": "1097608673:0:10050152675:10050152684",
        "way_id": 1097608673,
        "name": "名称未登録",
        "highway": "residential",
        "length_m": 27.74234128640641,
        "included": true
      },
      "geometry": {
        "type": "LineString",
        "coordinates": [
          [
            141.3051425,
            43.0928922
          ],
          [
            141.3049031,
            43.0927142
          ]
        ]
      }
    },
    {
      "type": "Feature",
      "properties": {
        "task_id": "219227900:8:2310745236:1800558842",
        "way_id": 219227900,
        "name": "下手稲通",
        "highway": "secondary",
        "length_m": 64.77673269271546,
        "included": true
      },
      "geometry": {
        "type": "LineString",
        "coordinates": [
          [
            141.3067607,
            43.0919418
          ],
          [
            141.3061371,
            43.0923051
          ]
        ]
      }
    },
    {
      "type": "Feature",
      "properties": {
        "task_id": "219227900:9:2310745236:1800615184",
        "way_id": 219227900,
        "name": "下手稲通",
        "highway": "secondary",
        "length_m": 8.414665153606594,
        "included": true
      },
      "geometry": {
        "type": "LineString",
        "coordinates": [
          [
            141.3067607,
            43.0919418
          ],
          [
            141.3068417,
            43.0918946
          ]
        ]
      }
    },
    {
      "type": "Feature",
      "properties": {
        "task_id": "219227900:10:2310745235:1800615184",
        "way_id": 219227900,
        "name": "下手稲通",
        "highway": "secondary",
        "length_m": 10.862738879071003,
        "included": true
      },
      "geometry": {
        "type": "LineString",
        "coordinates": [
          [
            141.3069463,
            43.0918337
          ],
          [
            141.3068417,
            43.0918946
          ]
        ]
      }
    },
    {
      "type": "Feature",
      "properties": {
        "task_id": "219227900:11:2310745235:1800558672",
        "way_id": 219227900,
        "name": "下手稲通",
        "highway": "secondary",
        "length_m": 8.755902011411942,
        "included": true
      },
      "geometry": {
        "type": "LineString",
        "coordinates": [
          [
            141.3069463,
            43.0918337
          ],
          [
            141.3070306,
            43.0917846
          ]
        ]
      }
    },
    {
      "type": "Feature",
      "properties": {
        "task_id": "219227900:13:2310745233:1800558763",
        "way_id": 219227900,
        "name": "下手稲通",
        "highway": "secondary",
        "length_m": 61.86976361498626,
        "included": true
      },
      "geometry": {
        "type": "LineString",
        "coordinates": [
          [
            141.3084394,
            43.090925
          ],
          [
            141.3078543,
            43.0912814
          ]
        ]
      }
    },
    {
      "type": "Feature",
      "properties": {
        "task_id": "219227900:14:2310745233:1800601690",
        "way_id": 219227900,
        "name": "下手稲通",
        "highway": "secondary",
        "length_m": 5.467462859915224,
        "included": true
      },
      "geometry": {
        "type": "LineString",
        "coordinates": [
          [
            141.3084394,
            43.090925
          ],
          [
            141.3084911,
            43.0908935
          ]
        ]
      }
    },
    {
      "type": "Feature",
      "properties": {
        "task_id": "219227900:19:2310745232:1800601790",
        "way_id": 219227900,
        "name": "下手稲通",
        "highway": "secondary",
        "length_m": 20.73643347431605,
        "included": true
      },
      "geometry": {
        "type": "LineString",
        "coordinates": [
          [
            141.3113532,
            43.089222
          ],
          [
            141.3111538,
            43.0893385
          ]
        ]
      }
    },
    {
      "type": "Feature",
      "properties": {
        "task_id": "219227900:20:2310745232:1781601658",
        "way_id": 219227900,
        "name": "下手稲通",
        "highway": "secondary",
        "length_m": 14.014447541049844,
        "included": true
      },
      "geometry": {
        "type": "LineString",
        "coordinates": [
          [
            141.3113532,
            43.089222
          ],
          [
            141.311488,
            43.0891433
          ]
        ]
      }
    },
    {
      "type": "Feature",
      "properties": {
        "task_id": "219227900:21:2310745230:1781601658",
        "way_id": 219227900,
        "name": "下手稲通",
        "highway": "secondary",
        "length_m": 12.655862430213311,
        "included": true
      },
      "geometry": {
        "type": "LineString",
        "coordinates": [
          [
            141.3116097,
            43.0890722
          ],
          [
            141.311488,
            43.0891433
          ]
        ]
      }
    },
    {
      "type": "Feature",
      "properties": {
        "task_id": "219227900:22:2310745230:1800601839",
        "way_id": 219227900,
        "name": "下手稲通",
        "highway": "secondary",
        "length_m": 24.733766950069377,
        "included": true
      },
      "geometry": {
        "type": "LineString",
        "coordinates": [
          [
            141.3116097,
            43.0890722
          ],
          [
            141.3118476,
            43.0889333
          ]
        ]
      }
    },
    {
      "type": "Feature",
      "properties": {
        "task_id": "219227900:28:2310745229:1800601752",
        "way_id": 219227900,
        "name": "下手稲通",
        "highway": "secondary",
        "length_m": 9.22912120565136,
        "included": true
      },
      "geometry": {
        "type": "LineString",
        "coordinates": [
          [
            141.3133343,
            43.088065
          ],
          [
            141.3132455,
            43.0881168
          ]
        ]
      }
    },
    {
      "type": "Feature",
      "properties": {
        "task_id": "219227900:29:2310745229:1781601635",
        "way_id": 219227900,
        "name": "下手稲通",
        "highway": "secondary",
        "length_m": 6.439731773454897,
        "included": true
      },
      "geometry": {
        "type": "LineString",
        "coordinates": [
          [
            141.3133343,
            43.088065
          ],
          [
            141.3133962,
            43.0880288
          ]
        ]
      }
    },
    {
      "type": "Feature",
      "properties": {
        "task_id": "232720013:8:493342976:2036527284",
        "way_id": 232720013,
        "name": "鉄工団地通",
        "highway": "tertiary",
        "length_m": 14.815138409416546,
        "included": false
      },
      "geometry": {
        "type": "LineString",
        "coordinates": [
          [
            141.3000505,
            43.0862228
          ],
          [
            141.3001903,
            43.0861372
          ]
        ]
      }
    },
    {
      "type": "Feature",
      "properties": {
        "task_id": "232720013:8:2036527284:493342976",
        "way_id": 232720013,
        "name": "鉄工団地通",
        "highway": "tertiary",
        "length_m": 14.815138409416546,
        "included": false
      },
      "geometry": {
        "type": "LineString",
        "coordinates": [
          [
            141.3001903,
            43.0861372
          ],
          [
            141.3000505,
            43.0862228
          ]
        ]
      }
    },
    {
      "type": "Feature",
      "properties": {
        "task_id": "232720013:9:2036527284:10611432636",
        "way_id": 232720013,
        "name": "鉄工団地通",
        "highway": "tertiary",
        "length_m": 103.12920662068738,
        "included": false
      },
      "geometry": {
        "type": "LineString",
        "coordinates": [
          [
            141.3001903,
            43.0861372
          ],
          [
            141.3011633,
            43.0855412
          ]
        ]
      }
    },
    {
      "type": "Feature",
      "properties": {
        "task_id": "232720013:9:10611432636:2036527284",
        "way_id": 232720013,
        "name": "鉄工団地通",
        "highway": "tertiary",
        "length_m": 103.12920662068738,
        "included": false
      },
      "geometry": {
        "type": "LineString",
        "coordinates": [
          [
            141.3011633,
            43.0855412
          ],
          [
            141.3001903,
            43.0861372
          ]
        ]
      }
    },
    {
      "type": "Feature",
      "properties": {
        "task_id": "232720013:10:10611432636:1800646193",
        "way_id": 232720013,
        "name": "鉄工団地通",
        "highway": "tertiary",
        "length_m": 87.04619299127897,
        "included": false
      },
      "geometry": {
        "type": "LineString",
        "coordinates": [
          [
            141.3011633,
            43.0855412
          ],
          [
            141.3019845,
            43.0850381
          ]
        ]
      }
    },
    {
      "type": "Feature",
      "properties": {
        "task_id": "232720013:11:2036135433:1800646193",
        "way_id": 232720013,
        "name": "鉄工団地通",
        "highway": "tertiary",
        "length_m": 5.896207211279007,
        "included": false
      },
      "geometry": {
        "type": "LineString",
        "coordinates": [
          [
            141.3020401,
            43.085004
          ],
          [
            141.3019845,
            43.0850381
          ]
        ]
      }
    },
    {
      "type": "Feature",
      "properties": {
        "task_id": "238996730:0:2468022941:2468022924",
        "way_id": 238996730,
        "name": "名称未登録",
        "highway": "residential",
        "length_m": 17.096489001827518,
        "included": true
      },
      "geometry": {
        "type": "LineString",
        "coordinates": [
          [
            141.3069849,
            43.0881922
          ],
          [
            141.3067774,
            43.0881662
          ]
        ]
      }
    },
    {
      "type": "Feature",
      "properties": {
        "task_id": "238996730:1:2468022941:2468022864",
        "way_id": 238996730,
        "name": "名称未登録",
        "highway": "residential",
        "length_m": 26.490027777197973,
        "included": true
      },
      "geometry": {
        "type": "LineString",
        "coordinates": [
          [
            141.3069849,
            43.0881922
          ],
          [
            141.3072416,
            43.0880452
          ]
        ]
      }
    },
    {
      "type": "Feature",
      "properties": {
        "task_id": "238996730:1:2468022864:2468022941",
        "way_id": 238996730,
        "name": "名称未登録",
        "highway": "residential",
        "length_m": 26.490027777197973,
        "included": true
      },
      "geometry": {
        "type": "LineString",
        "coordinates": [
          [
            141.3072416,
            43.0880452
          ],
          [
            141.3069849,
            43.0881922
          ]
        ]
      }
    },
    {
      "type": "Feature",
      "properties": {
        "task_id": "238996730:2:2468022864:2468022975",
        "way_id": 238996730,
        "name": "名称未登録",
        "highway": "residential",
        "length_m": 31.064191260815463,
        "included": true
      },
      "geometry": {
        "type": "LineString",
        "coordinates": [
          [
            141.3072416,
            43.0880452
          ],
          [
            141.3074888,
            43.0882584
          ]
        ]
      }
    },
    {
      "type": "Feature",
      "properties": {
        "task_id": "288401035:0:2919681599:1800601678",
        "way_id": 288401035,
        "name": "名称未登録",
        "highway": "residential",
        "length_m": 4.718862983212823,
        "included": true
      },
      "geometry": {
        "type": "LineString",
        "coordinates": [
          [
            141.3078217,
            43.0851925
          ],
          [
            141.3078062,
            43.0852334
          ]
        ]
      }
    },
    {
      "type": "Feature",
      "properties": {
        "task_id": "426971654:20:3788899359:1800601630",
        "way_id": 426971654,
        "name": "琴似栄町通",
        "highway": "secondary",
        "length_m": 7.850627318718069,
        "included": true
      },
      "geometry": {
        "type": "LineString",
        "coordinates": [
          [
            141.3137527,
            43.0857613
          ],
          [
            141.3136926,
            43.085706
          ]
        ]
      }
    },
    {
      "type": "Feature",
      "properties": {
        "task_id": "426971654:21:3788899359:1800510149",
        "way_id": 426971654,
        "name": "琴似栄町通",
        "highway": "secondary",
        "length_m": 12.364251366832907,
        "included": true
      },
      "geometry": {
        "type": "LineString",
        "coordinates": [
          [
            141.3137527,
            43.0857613
          ],
          [
            141.3138482,
            43.0858479
          ]
        ]
      }
    },
    {
      "type": "Feature",
      "properties": {
        "task_id": "426971654:24:3788899550:1800510201",
        "way_id": 426971654,
        "name": "琴似栄町通",
        "highway": "secondary",
        "length_m": 6.2866529366731685,
        "included": true
      },
      "geometry": {
        "type": "LineString",
        "coordinates": [
          [
            141.3145762,
            43.0865133
          ],
          [
            141.3145288,
            43.0864686
          ]
        ]
      }
    },
    {
      "type": "Feature",
      "properties": {
        "task_id": "426987896:0:4262340742:4262340714",
        "way_id": 426987896,
        "name": "名称未登録",
        "highway": "unclassified",
        "length_m": 91.01683385912665,
        "included": true
      },
      "geometry": {
        "type": "LineString",
        "coordinates": [
          [
            141.3134942,
            43.0926565
          ],
          [
            141.3143824,
            43.0921572
          ]
        ]
      }
    },
    {
      "type": "Feature",
      "properties": {
        "task_id": "426987897:0:4262340742:4262340743",
        "way_id": 426987897,
        "name": "名称未登録",
        "highway": "unclassified",
        "length_m": 38.00960569240926,
        "included": true
      },
      "geometry": {
        "type": "LineString",
        "coordinates": [
          [
            141.3134942,
            43.0926565
          ],
          [
            141.313787,
            43.0929232
          ]
        ]
      }
    },
    {
      "type": "Feature",
      "properties": {
        "task_id": "426987897:1:4262340742:1800558691",
        "way_id": 426987897,
        "name": "名称未登録",
        "highway": "unclassified",
        "length_m": 26.109543028715958,
        "included": true
      },
      "geometry": {
        "type": "LineString",
        "coordinates": [
          [
            141.3134942,
            43.0926565
          ],
          [
            141.3132907,
            43.0924747
          ]
        ]
      }
    },
    {
      "type": "Feature",
      "properties": {
        "task_id": "426987896:0:4262340714:4262340742",
        "way_id": 426987896,
        "name": "名称未登録",
        "highway": "unclassified",
        "length_m": 91.01683385912665,
        "included": true
      },
      "geometry": {
        "type": "LineString",
        "coordinates": [
          [
            141.3143824,
            43.0921572
          ],
          [
            141.3134942,
            43.0926565
          ]
        ]
      }
    },
    {
      "type": "Feature",
      "properties": {
        "task_id": "426987896:1:4262340714:4262340741",
        "way_id": 426987896,
        "name": "名称未登録",
        "highway": "unclassified",
        "length_m": 35.80604512173215,
        "included": true
      },
      "geometry": {
        "type": "LineString",
        "coordinates": [
          [
            141.3143824,
            43.0921572
          ],
          [
            141.3146588,
            43.0924081
          ]
        ]
      }
    },
    {
      "type": "Feature",
      "properties": {
        "task_id": "428008937:0:2284225587:376689385",
        "way_id": 428008937,
        "name": "新琴似通",
        "highway": "tertiary",
        "length_m": 15.167170523864081,
        "included": true
      },
      "geometry": {
        "type": "LineString",
        "coordinates": [
          [
            141.3036244,
            43.0939528
          ],
          [
            141.3035112,
            43.0938443
          ]
        ]
      }
    },
    {
      "type": "Feature",
      "properties": {
        "task_id": "428008937:1:2284225587:1800558743",
        "way_id": 428008937,
        "name": "新琴似通",
        "highway": "tertiary",
        "length_m": 112.98767807992823,
        "included": true
      },
      "geometry": {
        "type": "LineString",
        "coordinates": [
          [
            141.3036244,
            43.0939528
          ],
          [
            141.3045004,
            43.0947423
          ]
        ]
      }
    },
    {
      "type": "Feature",
      "properties": {
        "task_id": "985288501:0:9109026076:9109026056",
        "way_id": 985288501,
        "name": "名称未登録",
        "highway": "residential",
        "length_m": 12.444187502218611,
        "included": true
      },
      "geometry": {
        "type": "LineString",
        "coordinates": [
          [
            141.3066997,
            43.0874985
          ],
          [
            141.3065694,
            43.0875574
          ]
        ]
      }
    },
    {
      "type": "Feature",
      "properties": {
        "task_id": "985288507:3:9109026076:9109026080",
        "way_id": 985288507,
        "name": "名称未登録",
        "highway": "residential",
        "length_m": 34.988189409637265,
        "included": true
      },
      "geometry": {
        "type": "LineString",
        "coordinates": [
          [
            141.3066997,
            43.0874985
          ],
          [
            141.3064285,
            43.087254
          ]
        ]
      }
    },
    {
      "type": "Feature",
      "properties": {
        "task_id": "985288507:4:9109026076:9109026072",
        "way_id": 985288507,
        "name": "名称未登録",
        "highway": "residential",
        "length_m": 37.985191638028404,
        "included": true
      },
      "geometry": {
        "type": "LineString",
        "coordinates": [
          [
            141.3066997,
            43.0874985
          ],
          [
            141.3070753,
            43.0872949
          ]
        ]
      }
    },
    {
      "type": "Feature",
      "properties": {
        "task_id": "985288501:0:9109026056:9109026076",
        "way_id": 985288501,
        "name": "名称未登録",
        "highway": "residential",
        "length_m": 12.444187502218611,
        "included": true
      },
      "geometry": {
        "type": "LineString",
        "coordinates": [
          [
            141.3065694,
            43.0875574
          ],
          [
            141.3066997,
            43.0874985
          ]
        ]
      }
    },
    {
      "type": "Feature",
      "properties": {
        "task_id": "985288501:1:9109026056:9109026055",
        "way_id": 985288501,
        "name": "名称未登録",
        "highway": "residential",
        "length_m": 6.425807770493066,
        "included": true
      },
      "geometry": {
        "type": "LineString",
        "coordinates": [
          [
            141.3065694,
            43.0875574
          ],
          [
            141.3065346,
            43.0876093
          ]
        ]
      }
    },
    {
      "type": "Feature",
      "properties": {
        "task_id": "985288501:1:9109026055:9109026056",
        "way_id": 985288501,
        "name": "名称未登録",
        "highway": "residential",
        "length_m": 6.425807770493066,
        "included": true
      },
      "geometry": {
        "type": "LineString",
        "coordinates": [
          [
            141.3065346,
            43.0876093
          ],
          [
            141.3065694,
            43.0875574
          ]
        ]
      }
    },
    {
      "type": "Feature",
      "properties": {
        "task_id": "985288501:2:9109026055:9109026085",
        "way_id": 985288501,
        "name": "名称未登録",
        "highway": "residential",
        "length_m": 16.27145512249402,
        "included": true
      },
      "geometry": {
        "type": "LineString",
        "coordinates": [
          [
            141.3065346,
            43.0876093
          ],
          [
            141.3065211,
            43.0877553
          ]
        ]
      }
    },
    {
      "type": "Feature",
      "properties": {
        "task_id": "985288501:2:9109026085:9109026055",
        "way_id": 985288501,
        "name": "名称未登録",
        "highway": "residential",
        "length_m": 16.27145512249402,
        "included": true
      },
      "geometry": {
        "type": "LineString",
        "coordinates": [
          [
            141.3065211,
            43.0877553
          ],
          [
            141.3065346,
            43.0876093
          ]
        ]
      }
    },
    {
      "type": "Feature",
      "properties": {
        "task_id": "985288509:22:9109026085:9109026086",
        "way_id": 985288509,
        "name": "名称未登録",
        "highway": "residential",
        "length_m": 66.05475842979492,
        "included": true
      },
      "geometry": {
        "type": "LineString",
        "coordinates": [
          [
            141.3065211,
            43.0877553
          ],
          [
            141.3057192,
            43.0876557
          ]
        ]
      }
    },
    {
      "type": "Feature",
      "properties": {
        "task_id": "985288509:23:9109026085:9109026084",
        "way_id": 985288509,
        "name": "名称未登録",
        "highway": "residential",
        "length_m": 36.32505285562082,
        "included": true
      },
      "geometry": {
        "type": "LineString",
        "coordinates": [
          [
            141.3065211,
            43.0877553
          ],
          [
            141.3069595,
            43.0878202
          ]
        ]
      }
    },
    {
      "type": "Feature",
      "properties": {
        "task_id": "985288502:0:9109026058:9109026079",
        "way_id": 985288502,
        "name": "名称未登録",
        "highway": "residential",
        "length_m": 40.35325160329984,
        "included": true
      },
      "geometry": {
        "type": "LineString",
        "coordinates": [
          [
            141.3055115,
            43.0866652
          ],
          [
            141.3059885,
            43.0865635
          ]
        ]
      }
    },
    {
      "type": "Feature",
      "properties": {
        "task_id": "985288509:14:9109026058:1800640438",
        "way_id": 985288509,
        "name": "名称未登録",
        "highway": "residential",
        "length_m": 14.987505940983372,
        "included": true
      },
      "geometry": {
        "type": "LineString",
        "coordinates": [
          [
            141.3055115,
            43.0866652
          ],
          [
            141.3054608,
            43.0865356
          ]
        ]
      }
    },
    {
      "type": "Feature",
      "properties": {
        "task_id": "985288509:15:9109026058:1800640602",
        "way_id": 985288509,
        "name": "名称未登録",
        "highway": "residential",
        "length_m": 27.143605248174193,
        "included": true
      },
      "geometry": {
        "type": "LineString",
        "coordinates": [
          [
            141.3055115,
            43.0866652
          ],
          [
            141.3056034,
            43.0868999
          ]
        ]
      }
    },
    {
      "type": "Feature",
      "properties": {
        "task_id": "985288502:0:9109026079:9109026058",
        "way_id": 985288502,
        "name": "名称未登録",
        "highway": "residential",
        "length_m": 40.35325160329984,
        "included": true
      },
      "geometry": {
        "type": "LineString",
        "coordinates": [
          [
            141.3059885,
            43.0865635
          ],
          [
            141.3055115,
            43.0866652
          ]
        ]
      }
    },
    {
      "type": "Feature",
      "properties": {
        "task_id": "985288502:1:9109026079:9109026059",
        "way_id": 985288502,
        "name": "名称未登録",
        "highway": "residential",
        "length_m": 59.03354469285026,
        "included": true
      },
      "geometry": {
        "type": "LineString",
        "coordinates": [
          [
            141.3059885,
            43.0865635
          ],
          [
            141.3066789,
            43.0863973
          ]
        ]
      }
    },
    {
      "type": "Feature",
      "properties": {
        "task_id": "985288507:0:9109026079:9109026078",
        "way_id": 985288507,
        "name": "名称未登録",
        "highway": "residential",
        "length_m": 36.27381911035933,
        "included": true
      },
      "geometry": {
        "type": "LineString",
        "coordinates": [
          [
            141.3059885,
            43.0865635
          ],
          [
            141.3060928,
            43.0868807
          ]
        ]
      }
    },
    {
      "type": "Feature",
      "properties": {
        "task_id": "985288503:0:9109026070:9109026064",
        "way_id": 985288503,
        "name": "名称未登録",
        "highway": "residential",
        "length_m": 65.00719681688315,
        "included": true
      },
      "geometry": {
        "type": "LineString",
        "coordinates": [
          [
            141.3078074,
            43.0868461
          ],
          [
            141.3072735,
            43.0864105
          ]
        ]
      }
    },
    {
      "type": "Feature",
      "properties": {
        "task_id": "985288507:6:9109026070:9109026071",
        "way_id": 985288507,
        "name": "名称未登録",
        "highway": "residential",
        "length_m": 39.290100702247116,
        "included": true
      },
      "geometry": {
        "type": "LineString",
        "coordinates": [
          [
            141.3078074,
            43.0868461
          ],
          [
            141.3074261,
            43.0870636
          ]
        ]
      }
    },
    {
      "type": "Feature",
      "properties": {
        "task_id": "985288507:7:9109026070:9109026069",
        "way_id": 985288507,
        "name": "名称未登録",
        "highway": "residential",
        "length_m": 36.62760764659399,
        "included": true
      },
      "geometry": {
        "type": "LineString",
        "coordinates": [
          [
            141.3078074,
            43.0868461
          ],
          [
            141.3081734,
            43.0866536
          ]
        ]
      }
    },
    {
      "type": "Feature",
      "properties": {
        "task_id": "985288503:0:9109026064:9109026070",
        "way_id": 985288503,
        "name": "名称未登録",
        "highway": "residential",
        "length_m": 65.00719681688315,
        "included": true
      },
      "geometry": {
        "type": "LineString",
        "coordinates": [
          [
            141.3072735,
            43.0864105
          ],
          [
            141.3078074,
            43.0868461
          ]
        ]
      }
    },
    {
      "type": "Feature",
      "properties": {
        "task_id": "985288503:1:9109026064:9109026063",
        "way_id": 985288503,
        "name": "名称未登録",
        "highway": "residential",
        "length_m": 35.98415664124749,
        "included": true
      },
      "geometry": {
        "type": "LineString",
        "coordinates": [
          [
            141.3072735,
            43.0864105
          ],
          [
            141.3070106,
            43.08615
          ]
        ]
      }
    },
    {
      "type": "Feature",
      "properties": {
        "task_id": "985288505:0:9109026064:9109026068",
        "way_id": 985288505,
        "name": "名称未登録",
        "highway": "residential",
        "length_m": 38.05397195867593,
        "included": true
      },
      "geometry": {
        "type": "LineString",
        "coordinates": [
          [
            141.3072735,
            43.0864105
          ],
          [
            141.3076329,
            43.0861909
          ]
        ]
      }
    },
    {
      "type": "Feature",
      "properties": {
        "task_id": "985288503:1:9109026063:9109026064",
        "way_id": 985288503,
        "name": "名称未登録",
        "highway": "residential",
        "length_m": 35.98415664124749,
        "included": true
      },
      "geometry": {
        "type": "LineString",
        "coordinates": [
          [
            141.3070106,
            43.08615
          ],
          [
            141.3072735,
            43.0864105
          ]
        ]
      }
    },
    {
      "type": "Feature",
      "properties": {
        "task_id": "985288503:2:9109026063:9109026062",
        "way_id": 985288503,
        "name": "名称未登録",
        "highway": "residential",
        "length_m": 6.369254719594392,
        "included": true
      },
      "geometry": {
        "type": "LineString",
        "coordinates": [
          [
            141.3070106,
            43.08615
          ],
          [
            141.3069329,
            43.0861422
          ]
        ]
      }
    },
    {
      "type": "Feature",
      "properties": {
        "task_id": "985288503:2:9109026062:9109026063",
        "way_id": 985288503,
        "name": "名称未登録",
        "highway": "residential",
        "length_m": 6.369254719594392,
        "included": true
      },
      "geometry": {
        "type": "LineString",
        "coordinates": [
          [
            141.3069329,
            43.0861422
          ],
          [
            141.3070106,
            43.08615
          ]
        ]
      }
    },
    {
      "type": "Feature",
      "properties": {
        "task_id": "985288503:3:9109026062:9109026061",
        "way_id": 985288503,
        "name": "名称未登録",
        "highway": "residential",
        "length_m": 28.68946598537366,
        "included": true
      },
      "geometry": {
        "type": "LineString",
        "coordinates": [
          [
            141.3069329,
            43.0861422
          ],
          [
            141.3065973,
            43.0862228
          ]
        ]
      }
    },
    {
      "type": "Feature",
      "properties": {
        "task_id": "985288504:0:9109026065:9109026066",
        "way_id": 985288504,
        "name": "名称未登録",
        "highway": "residential",
        "length_m": 72.29368111457066,
        "included": true
      },
      "geometry": {
        "type": "LineString",
        "coordinates": [
          [
            141.308002,
            43.0859686
          ],
          [
            141.307432,
            43.0854692
          ]
        ]
      }
    },
    {
      "type": "Feature",
      "properties": {
        "task_id": "985288504:1:9109026065:3788801299",
        "way_id": 985288504,
        "name": "名称未登録",
        "highway": "residential",
        "length_m": 106.01588607782158,
        "included": true
      },
      "geometry": {
        "type": "LineString",
        "coordinates": [
          [
            141.308002,
            43.0859686
          ],
          [
            141.308836,
            43.0867021
          ]
        ]
      }
    },
    {
      "type": "Feature",
      "properties": {
        "task_id": "985288505:1:9109026065:9109026068",
        "way_id": 985288505,
        "name": "名称未登録",
        "highway": "residential",
        "length_m": 38.85184214420086,
        "included": true
      },
      "geometry": {
        "type": "LineString",
        "coordinates": [
          [
            141.308002,
            43.0859686
          ],
          [
            141.3076329,
            43.0861909
          ]
        ]
      }
    },
    {
      "type": "Feature",
      "properties": {
        "task_id": "985288505:2:9109026065:9109026067",
        "way_id": 985288505,
        "name": "名称未登録",
        "highway": "residential",
        "length_m": 38.81898108165108,
        "included": true
      },
      "geometry": {
        "type": "LineString",
        "coordinates": [
          [
            141.308002,
            43.0859686
          ],
          [
            141.3083708,
            43.0857465
          ]
        ]
      }
    },
    {
      "type": "Feature",
      "properties": {
        "task_id": "985288506:0:9109026078:9109026075",
        "way_id": 985288506,
        "name": "名称未登録",
        "highway": "residential",
        "length_m": 30.599066501897383,
        "included": true
      },
      "geometry": {
        "type": "LineString",
        "coordinates": [
          [
            141.3060928,
            43.0868807
          ],
          [
            141.3064532,
            43.0868004
          ]
        ]
      }
    },
    {
      "type": "Feature",
      "properties": {
        "task_id": "985288507:0:9109026078:9109026079",
        "way_id": 985288507,
        "name": "名称未登録",
        "highway": "residential",
        "length_m": 36.27381911035933,
        "included": true
      },
      "geometry": {
        "type": "LineString",
        "coordinates": [
          [
            141.3060928,
            43.0868807
          ],
          [
            141.3059885,
            43.0865635
          ]
        ]
      }
    },
    {
      "type": "Feature",
      "properties": {
        "task_id": "985288507:1:9109026078:9109026077",
        "way_id": 985288507,
        "name": "名称未登録",
        "highway": "residential",
        "length_m": 21.625404402972276,
        "included": true
      },
      "geometry": {
        "type": "LineString",
        "coordinates": [
          [
            141.3060928,
            43.0868807
          ],
          [
            141.3061933,
            43.0870608
          ]
        ]
      }
    },
    {
      "type": "Feature",
      "properties": {
        "task_id": "985288506:0:9109026075:9109026078",
        "way_id": 985288506,
        "name": "名称未登録",
        "highway": "residential",
        "length_m": 30.599066501897383,
        "included": true
      },
      "geometry": {
        "type": "LineString",
        "coordinates": [
          [
            141.3064532,
            43.0868004
          ],
          [
            141.3060928,
            43.0868807
          ]
        ]
      }
    },
    {
      "type": "Feature",
      "properties": {
        "task_id": "985288506:1:9109026075:9109026074",
        "way_id": 985288506,
        "name": "名称未登録",
        "highway": "residential",
        "length_m": 7.6209311448152475,
        "included": true
      },
      "geometry": {
        "type": "LineString",
        "coordinates": [
          [
            141.3064532,
            43.0868004
          ],
          [
            141.3065461,
            43.0868101
          ]
        ]
      }
    },
    {
      "type": "Feature",
      "properties": {
        "task_id": "985288506:1:9109026074:9109026075",
        "way_id": 985288506,
        "name": "名称未登録",
        "highway": "residential",
        "length_m": 7.6209311448152475,
        "included": true
      },
      "geometry": {
        "type": "LineString",
        "coordinates": [
          [
            141.3065461,
            43.0868101
          ],
          [
            141.3064532,
            43.0868004
          ]
        ]
      }
    },
    {
      "type": "Feature",
      "properties": {
        "task_id": "985288506:2:9109026074:9109026073",
        "way_id": 985288506,
        "name": "名称未登録",
        "highway": "residential",
        "length_m": 31.99445919964745,
        "included": true
      },
      "geometry": {
        "type": "LineString",
        "coordinates": [
          [
            141.3065461,
            43.0868101
          ],
          [
            141.3067927,
            43.0870345
          ]
        ]
      }
    },
    {
      "type": "Feature",
      "properties": {
        "task_id": "985288506:2:9109026073:9109026074",
        "way_id": 985288506,
        "name": "名称未登録",
        "highway": "residential",
        "length_m": 31.99445919964745,
        "included": true
      },
      "geometry": {
        "type": "LineString",
        "coordinates": [
          [
            141.3067927,
            43.0870345
          ],
          [
            141.3065461,
            43.0868101
          ]
        ]
      }
    },
    {
      "type": "Feature",
      "properties": {
        "task_id": "985288506:3:9109026073:9109026072",
        "way_id": 985288506,
        "name": "名称未登録",
        "highway": "residential",
        "length_m": 36.94686402494947,
        "included": true
      },
      "geometry": {
        "type": "LineString",
        "coordinates": [
          [
            141.3067927,
            43.0870345
          ],
          [
            141.3070753,
            43.0872949
          ]
        ]
      }
    },
    {
      "type": "Feature",
      "properties": {
        "task_id": "985288506:3:9109026072:9109026073",
        "way_id": 985288506,
        "name": "名称未登録",
        "highway": "residential",
        "length_m": 36.94686402494947,
        "included": true
      },
      "geometry": {
        "type": "LineString",
        "coordinates": [
          [
            141.3070753,
            43.0872949
          ],
          [
            141.3067927,
            43.0870345
          ]
        ]
      }
    },
    {
      "type": "Feature",
      "properties": {
        "task_id": "985288507:4:9109026072:9109026076",
        "way_id": 985288507,
        "name": "名称未登録",
        "highway": "residential",
        "length_m": 37.985191638028404,
        "included": true
      },
      "geometry": {
        "type": "LineString",
        "coordinates": [
          [
            141.3070753,
            43.0872949
          ],
          [
            141.3066997,
            43.0874985
          ]
        ]
      }
    },
    {
      "type": "Feature",
      "properties": {
        "task_id": "985288507:5:9109026072:9109026071",
        "way_id": 985288507,
        "name": "名称未登録",
        "highway": "residential",
        "length_m": 38.38008009178306,
        "included": true
      },
      "geometry": {
        "type": "LineString",
        "coordinates": [
          [
            141.3070753,
            43.0872949
          ],
          [
            141.3074261,
            43.0870636
          ]
        ]
      }
    },
    {
      "type": "Feature",
      "properties": {
        "task_id": "985288507:1:9109026077:9109026078",
        "way_id": 985288507,
        "name": "名称未登録",
        "highway": "residential",
        "length_m": 21.625404402972276,
        "included": true
      },
      "geometry": {
        "type": "LineString",
        "coordinates": [
          [
            141.3061933,
            43.0870608
          ],
          [
            141.3060928,
            43.0868807
          ]
        ]
      }
    },
    {
      "type": "Feature",
      "properties": {
        "task_id": "985288507:2:9109026077:9109026080",
        "way_id": 985288507,
        "name": "名称未登録",
        "highway": "residential",
        "length_m": 28.745860938057277,
        "included": true
      },
      "geometry": {
        "type": "LineString",
        "coordinates": [
          [
            141.3061933,
            43.0870608
          ],
          [
            141.3064285,
            43.087254
          ]
        ]
      }
    },
    {
      "type": "Feature",
      "properties": {
        "task_id": "985288507:2:9109026080:9109026077",
        "way_id": 985288507,
        "name": "名称未登録",
        "highway": "residential",
        "length_m": 28.745860938057277,
        "included": true
      },
      "geometry": {
        "type": "LineString",
        "coordinates": [
          [
            141.3064285,
            43.087254
          ],
          [
            141.3061933,
            43.0870608
          ]
        ]
      }
    },
    {
      "type": "Feature",
      "properties": {
        "task_id": "985288507:3:9109026080:9109026076",
        "way_id": 985288507,
        "name": "名称未登録",
        "highway": "residential",
        "length_m": 34.988189409637265,
        "included": true
      },
      "geometry": {
        "type": "LineString",
        "coordinates": [
          [
            141.3064285,
            43.087254
          ],
          [
            141.3066997,
            43.0874985
          ]
        ]
      }
    },
    {
      "type": "Feature",
      "properties": {
        "task_id": "985288508:3:9109026080:9109026081",
        "way_id": 985288508,
        "name": "名称未登録",
        "highway": "residential",
        "length_m": 17.75687886197714,
        "included": true
      },
      "geometry": {
        "type": "LineString",
        "coordinates": [
          [
            141.3064285,
            43.087254
          ],
          [
            141.3062578,
            43.0873538
          ]
        ]
      }
    },
    {
      "type": "Feature",
      "properties": {
        "task_id": "985288508:0:1800640450:9109026083",
        "way_id": 985288508,
        "name": "名称未登録",
        "highway": "residential",
        "length_m": 14.277647692437988,
        "included": true
      },
      "geometry": {
        "type": "LineString",
        "coordinates": [
          [
            141.3057254,
            43.0873303
          ],
          [
            141.3059003,
            43.0873434
          ]
        ]
      }
    },
    {
      "type": "Feature",
      "properties": {
        "task_id": "985288509:18:1800640450:1800640403",
        "way_id": 985288509,
        "name": "名称未登録",
        "highway": "residential",
        "length_m": 3.552945755454995,
        "included": true
      },
      "geometry": {
        "type": "LineString",
        "coordinates": [
          [
            141.3057254,
            43.0873303
          ],
          [
            141.3057173,
            43.0872989
          ]
        ]
      }
    },
    {
      "type": "Feature",
      "properties": {
        "task_id": "985288509:19:1800640450:1800640606",
        "way_id": 985288509,
        "name": "名称未登録",
        "highway": "residential",
        "length_m": 6.086356475740412,
        "included": true
      },
      "geometry": {
        "type": "LineString",
        "coordinates": [
          [
            141.3057254,
            43.0873303
          ],
          [
            141.3057392,
            43.0873841
          ]
        ]
      }
    },
    {
      "type": "Feature",
      "properties": {
        "task_id": "985288508:0:9109026083:1800640450",
        "way_id": 985288508,
        "name": "名称未登録",
        "highway": "residential",
        "length_m": 14.277647692437988,
        "included": true
      },
      "geometry": {
        "type": "LineString",
        "coordinates": [
          [
            141.3059003,
            43.0873434
          ],
          [
            141.3057254,
            43.0873303
          ]
        ]
      }
    },
    {
      "type": "Feature",
      "properties": {
        "task_id": "985288508:1:9109026083:9109026082",
        "way_id": 985288508,
        "name": "名称未登録",
        "highway": "residential",
        "length_m": 20.135759366250902,
        "included": true
      },
      "geometry": {
        "type": "LineString",
        "coordinates": [
          [
            141.3059003,
            43.0873434
          ],
          [
            141.3061459,
            43.0873683
          ]
        ]
      }
    },
    {
      "type": "Feature",
      "properties": {
        "task_id": "985288508:1:9109026082:9109026083",
        "way_id": 985288508,
        "name": "名称未登録",
        "highway": "residential",
        "length_m": 20.135759366250902,
        "included": true
      },
      "geometry": {
        "type": "LineString",
        "coordinates": [
          [
            141.3061459,
            43.0873683
          ],
          [
            141.3059003,
            43.0873434
          ]
        ]
      }
    },
    {
      "type": "Feature",
      "properties": {
        "task_id": "985288508:2:9109026082:9109026081",
        "way_id": 985288508,
        "name": "名称未登録",
        "highway": "residential",
        "length_m": 9.229016835910569,
        "included": true
      },
      "geometry": {
        "type": "LineString",
        "coordinates": [
          [
            141.3061459,
            43.0873683
          ],
          [
            141.3062578,
            43.0873538
          ]
        ]
      }
    },
    {
      "type": "Feature",
      "properties": {
        "task_id": "985288508:2:9109026081:9109026082",
        "way_id": 985288508,
        "name": "名称未登録",
        "highway": "residential",
        "length_m": 9.229016835910569,
        "included": true
      },
      "geometry": {
        "type": "LineString",
        "coordinates": [
          [
            141.3062578,
            43.0873538
          ],
          [
            141.3061459,
            43.0873683
          ]
        ]
      }
    },
    {
      "type": "Feature",
      "properties": {
        "task_id": "985288508:3:9109026081:9109026080",
        "way_id": 985288508,
        "name": "名称未登録",
        "highway": "residential",
        "length_m": 17.75687886197714,
        "included": true
      },
      "geometry": {
        "type": "LineString",
        "coordinates": [
          [
            141.3062578,
            43.0873538
          ],
          [
            141.3064285,
            43.087254
          ]
        ]
      }
    },
    {
      "type": "Feature",
      "properties": {
        "task_id": "985288509:4:13532070760:1800640423",
        "way_id": 985288509,
        "name": "名称未登録",
        "highway": "residential",
        "length_m": 4.342542129296919,
        "included": true
      },
      "geometry": {
        "type": "LineString",
        "coordinates": [
          [
            141.3044437,
            43.0850897
          ],
          [
            141.3044764,
            43.0851206
          ]
        ]
      }
    },
    {
      "type": "Feature",
      "properties": {
        "task_id": "985288509:4:1800640423:13532070760",
        "way_id": 985288509,
        "name": "名称未登録",
        "highway": "residential",
        "length_m": 4.342542129296919,
        "included": true
      },
      "geometry": {
        "type": "LineString",
        "coordinates": [
          [
            141.3044764,
            43.0851206
          ],
          [
            141.3044437,
            43.0850897
          ]
        ]
      }
    },
    {
      "type": "Feature",
      "properties": {
        "task_id": "985288509:5:1800640423:1800640492",
        "way_id": 985288509,
        "name": "名称未登録",
        "highway": "residential",
        "length_m": 18.878240330459242,
        "included": true
      },
      "geometry": {
        "type": "LineString",
        "coordinates": [
          [
            141.3044764,
            43.0851206
          ],
          [
            141.3045903,
            43.0852686
          ]
        ]
      }
    },
    {
      "type": "Feature",
      "properties": {
        "task_id": "985288509:5:1800640492:1800640423",
        "way_id": 985288509,
        "name": "名称未登録",
        "highway": "residential",
        "length_m": 18.878240330459242,
        "included": true
      },
      "geometry": {
        "type": "LineString",
        "coordinates": [
          [
            141.3045903,
            43.0852686
          ],
          [
            141.3044764,
            43.0851206
          ]
        ]
      }
    },
    {
      "type": "Feature",
      "properties": {
        "task_id": "985288509:6:1800640492:1800640603",
        "way_id": 985288509,
        "name": "名称未登録",
        "highway": "residential",
        "length_m": 33.1195399564876,
        "included": true
      },
      "geometry": {
        "type": "LineString",
        "coordinates": [
          [
            141.3045903,
            43.0852686
          ],
          [
            141.3047983,
            43.0855248
          ]
        ]
      }
    },
    {
      "type": "Feature",
      "properties": {
        "task_id": "985288509:6:1800640603:1800640492",
        "way_id": 985288509,
        "name": "名称未登録",
        "highway": "residential",
        "length_m": 33.1195399564876,
        "included": true
      },
      "geometry": {
        "type": "LineString",
        "coordinates": [
          [
            141.3047983,
            43.0855248
          ],
          [
            141.3045903,
            43.0852686
          ]
        ]
      }
    },
    {
      "type": "Feature",
      "properties": {
        "task_id": "985288509:7:1800640603:1800640557",
        "way_id": 985288509,
        "name": "名称未登録",
        "highway": "residential",
        "length_m": 25.57530540329197,
        "included": true
      },
      "geometry": {
        "type": "LineString",
        "coordinates": [
          [
            141.3047983,
            43.0855248
          ],
          [
            141.3049613,
            43.0857216
          ]
        ]
      }
    },
    {
      "type": "Feature",
      "properties": {
        "task_id": "985288509:7:1800640557:1800640603",
        "way_id": 985288509,
        "name": "名称未登録",
        "highway": "residential",
        "length_m": 25.57530540329197,
        "included": true
      },
      "geometry": {
        "type": "LineString",
        "coordinates": [
          [
            141.3049613,
            43.0857216
          ],
          [
            141.3047983,
            43.0855248
          ]
        ]
      }
    },
    {
      "type": "Feature",
      "properties": {
        "task_id": "985288509:8:1800640557:1800640532",
        "way_id": 985288509,
        "name": "名称未登録",
        "highway": "residential",
        "length_m": 12.75363683389356,
        "included": true
      },
      "geometry": {
        "type": "LineString",
        "coordinates": [
          [
            141.3049613,
            43.0857216
          ],
          [
            141.3050406,
            43.0858206
          ]
        ]
      }
    },
    {
      "type": "Feature",
      "properties": {
        "task_id": "985288509:8:1800640532:1800640557",
        "way_id": 985288509,
        "name": "名称未登録",
        "highway": "residential",
        "length_m": 12.75363683389356,
        "included": true
      },
      "geometry": {
        "type": "LineString",
        "coordinates": [
          [
            141.3050406,
            43.0858206
          ],
          [
            141.3049613,
            43.0857216
          ]
        ]
      }
    },
    {
      "type": "Feature",
      "properties": {
        "task_id": "985288509:9:1800640532:2310744976",
        "way_id": 985288509,
        "name": "名称未登録",
        "highway": "residential",
        "length_m": 18.577822762171706,
        "included": true
      },
      "geometry": {
        "type": "LineString",
        "coordinates": [
          [
            141.3050406,
            43.0858206
          ],
          [
            141.3051573,
            43.0859643
          ]
        ]
      }
    },
    {
      "type": "Feature",
      "properties": {
        "task_id": "985288509:9:2310744976:1800640532",
        "way_id": 985288509,
        "name": "名称未登録",
        "highway": "residential",
        "length_m": 18.577822762171706,
        "included": true
      },
      "geometry": {
        "type": "LineString",
        "coordinates": [
          [
            141.3051573,
            43.0859643
          ],
          [
            141.3050406,
            43.0858206
          ]
        ]
      }
    },
    {
      "type": "Feature",
      "properties": {
        "task_id": "985288509:10:2310744976:14003491461",
        "way_id": 985288509,
        "name": "名称未登録",
        "highway": "residential",
        "length_m": 18.63574012998794,
        "included": true
      },
      "geometry": {
        "type": "LineString",
        "coordinates": [
          [
            141.3051573,
            43.0859643
          ],
          [
            141.3052763,
            43.0861076
          ]
        ]
      }
    },
    {
      "type": "Feature",
      "properties": {
        "task_id": "985288509:10:14003491461:2310744976",
        "way_id": 985288509,
        "name": "名称未登録",
        "highway": "residential",
        "length_m": 18.63574012998794,
        "included": true
      },
      "geometry": {
        "type": "LineString",
        "coordinates": [
          [
            141.3052763,
            43.0861076
          ],
          [
            141.3051573,
            43.0859643
          ]
        ]
      }
    },
    {
      "type": "Feature",
      "properties": {
        "task_id": "985288509:11:14003491461:1800640433",
        "way_id": 985288509,
        "name": "名称未登録",
        "highway": "residential",
        "length_m": 6.5283187985455875,
        "included": true
      },
      "geometry": {
        "type": "LineString",
        "coordinates": [
          [
            141.3052763,
            43.0861076
          ],
          [
            141.3053033,
            43.0861629
          ]
        ]
      }
    },
    {
      "type": "Feature",
      "properties": {
        "task_id": "985288509:12:1800640512:1800640433",
        "way_id": 985288509,
        "name": "名称未登録",
        "highway": "residential",
        "length_m": 38.42397093942852,
        "included": true
      },
      "geometry": {
        "type": "LineString",
        "coordinates": [
          [
            141.3054441,
            43.0864928
          ],
          [
            141.3053033,
            43.0861629
          ]
        ]
      }
    },
    {
      "type": "Feature",
      "properties": {
        "task_id": "985288509:13:1800640512:1800640438",
        "way_id": 985288509,
        "name": "名称未登録",
        "highway": "residential",
        "length_m": 4.948608417253261,
        "included": true
      },
      "geometry": {
        "type": "LineString",
        "coordinates": [
          [
            141.3054441,
            43.0864928
          ],
          [
            141.3054608,
            43.0865356
          ]
        ]
      }
    },
    {
      "type": "Feature",
      "properties": {
        "task_id": "985288509:13:1800640438:1800640512",
        "way_id": 985288509,
        "name": "名称未登録",
        "highway": "residential",
        "length_m": 4.948608417253261,
        "included": true
      },
      "geometry": {
        "type": "LineString",
        "coordinates": [
          [
            141.3054608,
            43.0865356
          ],
          [
            141.3054441,
            43.0864928
          ]
        ]
      }
    },
    {
      "type": "Feature",
      "properties": {
        "task_id": "985288509:14:1800640438:9109026058",
        "way_id": 985288509,
        "name": "名称未登録",
        "highway": "residential",
        "length_m": 14.987505940983372,
        "included": true
      },
      "geometry": {
        "type": "LineString",
        "coordinates": [
          [
            141.3054608,
            43.0865356
          ],
          [
            141.3055115,
            43.0866652
          ]
        ]
      }
    },
    {
      "type": "Feature",
      "properties": {
        "task_id": "985288509:15:1800640602:9109026058",
        "way_id": 985288509,
        "name": "名称未登録",
        "highway": "residential",
        "length_m": 27.143605248174193,
        "included": true
      },
      "geometry": {
        "type": "LineString",
        "coordinates": [
          [
            141.3056034,
            43.0868999
          ],
          [
            141.3055115,
            43.0866652
          ]
        ]
      }
    },
    {
      "type": "Feature",
      "properties": {
        "task_id": "985288509:16:1800640602:1800640408",
        "way_id": 985288509,
        "name": "名称未登録",
        "highway": "residential",
        "length_m": 10.00235857945513,
        "included": true
      },
      "geometry": {
        "type": "LineString",
        "coordinates": [
          [
            141.3056034,
            43.0868999
          ],
          [
            141.3056372,
            43.0869864
          ]
        ]
      }
    },
    {
      "type": "Feature",
      "properties": {
        "task_id": "985288509:16:1800640408:1800640602",
        "way_id": 985288509,
        "name": "名称未登録",
        "highway": "residential",
        "length_m": 10.00235857945513,
        "included": true
      },
      "geometry": {
        "type": "LineString",
        "coordinates": [
          [
            141.3056372,
            43.0869864
          ],
          [
            141.3056034,
            43.0868999
          ]
        ]
      }
    },
    {
      "type": "Feature",
      "properties": {
        "task_id": "985288509:17:1800640408:1800640403",
        "way_id": 985288509,
        "name": "名称未登録",
        "highway": "residential",
        "length_m": 35.352044403652975,
        "included": true
      },
      "geometry": {
        "type": "LineString",
        "coordinates": [
          [
            141.3056372,
            43.0869864
          ],
          [
            141.3057173,
            43.0872989
          ]
        ]
      }
    },
    {
      "type": "Feature",
      "properties": {
        "task_id": "985288509:17:1800640403:1800640408",
        "way_id": 985288509,
        "name": "名称未登録",
        "highway": "residential",
        "length_m": 35.352044403652975,
        "included": true
      },
      "geometry": {
        "type": "LineString",
        "coordinates": [
          [
            141.3057173,
            43.0872989
          ],
          [
            141.3056372,
            43.0869864
          ]
        ]
      }
    },
    {
      "type": "Feature",
      "properties": {
        "task_id": "985288509:18:1800640403:1800640450",
        "way_id": 985288509,
        "name": "名称未登録",
        "highway": "residential",
        "length_m": 3.552945755454995,
        "included": true
      },
      "geometry": {
        "type": "LineString",
        "coordinates": [
          [
            141.3057173,
            43.0872989
          ],
          [
            141.3057254,
            43.0873303
          ]
        ]
      }
    },
    {
      "type": "Feature",
      "properties": {
        "task_id": "985288509:19:1800640606:1800640450",
        "way_id": 985288509,
        "name": "名称未登録",
        "highway": "residential",
        "length_m": 6.086356475740412,
        "included": true
      },
      "geometry": {
        "type": "LineString",
        "coordinates": [
          [
            141.3057392,
            43.0873841
          ],
          [
            141.3057254,
            43.0873303
          ]
        ]
      }
    },
    {
      "type": "Feature",
      "properties": {
        "task_id": "985288509:20:1800640606:9109026087",
        "way_id": 985288509,
        "name": "名称未登録",
        "highway": "residential",
        "length_m": 28.37684799375103,
        "included": true
      },
      "geometry": {
        "type": "LineString",
        "coordinates": [
          [
            141.3057392,
            43.0873841
          ],
          [
            141.3056746,
            43.0876349
          ]
        ]
      }
    },
    {
      "type": "Feature",
      "properties": {
        "task_id": "985288509:20:9109026087:1800640606",
        "way_id": 985288509,
        "name": "名称未登録",
        "highway": "residential",
        "length_m": 28.37684799375103,
        "included": true
      },
      "geometry": {
        "type": "LineString",
        "coordinates": [
          [
            141.3056746,
            43.0876349
          ],
          [
            141.3057392,
            43.0873841
          ]
        ]
      }
    },
    {
      "type": "Feature",
      "properties": {
        "task_id": "985288509:21:9109026087:9109026086",
        "way_id": 985288509,
        "name": "名称未登録",
        "highway": "residential",
        "length_m": 4.297316072576271,
        "included": true
      },
      "geometry": {
        "type": "LineString",
        "coordinates": [
          [
            141.3056746,
            43.0876349
          ],
          [
            141.3057192,
            43.0876557
          ]
        ]
      }
    },
    {
      "type": "Feature",
      "properties": {
        "task_id": "985288509:21:9109026086:9109026087",
        "way_id": 985288509,
        "name": "名称未登録",
        "highway": "residential",
        "length_m": 4.297316072576271,
        "included": true
      },
      "geometry": {
        "type": "LineString",
        "coordinates": [
          [
            141.3057192,
            43.0876557
          ],
          [
            141.3056746,
            43.0876349
          ]
        ]
      }
    },
    {
      "type": "Feature",
      "properties": {
        "task_id": "985288509:22:9109026086:9109026085",
        "way_id": 985288509,
        "name": "名称未登録",
        "highway": "residential",
        "length_m": 66.05475842979492,
        "included": true
      },
      "geometry": {
        "type": "LineString",
        "coordinates": [
          [
            141.3057192,
            43.0876557
          ],
          [
            141.3065211,
            43.0877553
          ]
        ]
      }
    },
    {
      "type": "Feature",
      "properties": {
        "task_id": "1095398416:1:2284224965:1801255436",
        "way_id": 1095398416,
        "name": "新琴似通",
        "highway": "tertiary",
        "length_m": 53.07648822461269,
        "included": true
      },
      "geometry": {
        "type": "LineString",
        "coordinates": [
          [
            141.3015941,
            43.0924092
          ],
          [
            141.3011356,
            43.092069
          ]
        ]
      }
    },
    {
      "type": "Feature",
      "properties": {
        "task_id": "1095398416:2:2284224965:10050152681",
        "way_id": 1095398416,
        "name": "新琴似通",
        "highway": "tertiary",
        "length_m": 60.990943353675895,
        "included": true
      },
      "geometry": {
        "type": "LineString",
        "coordinates": [
          [
            141.3015941,
            43.0924092
          ],
          [
            141.3021057,
            43.0928108
          ]
        ]
      }
    },
    {
      "type": "Feature",
      "properties": {
        "task_id": "1095398416:2:10050152681:2284224965",
        "way_id": 1095398416,
        "name": "新琴似通",
        "highway": "tertiary",
        "length_m": 60.990943353675895,
        "included": true
      },
      "geometry": {
        "type": "LineString",
        "coordinates": [
          [
            141.3021057,
            43.0928108
          ],
          [
            141.3015941,
            43.0924092
          ]
        ]
      }
    },
    {
      "type": "Feature",
      "properties": {
        "task_id": "1095398416:3:10050152681:1801255406",
        "way_id": 1095398416,
        "name": "新琴似通",
        "highway": "tertiary",
        "length_m": 26.04001752853147,
        "included": true
      },
      "geometry": {
        "type": "LineString",
        "coordinates": [
          [
            141.3021057,
            43.0928108
          ],
          [
            141.3023434,
            43.092968
          ]
        ]
      }
    },
    {
      "type": "Feature",
      "properties": {
        "task_id": "1097608673:6:10050152681:10050152680",
        "way_id": 1097608673,
        "name": "名称未登録",
        "highway": "residential",
        "length_m": 128.02272684946078,
        "included": true
      },
      "geometry": {
        "type": "LineString",
        "coordinates": [
          [
            141.3021057,
            43.0928108
          ],
          [
            141.3033307,
            43.092086
          ]
        ]
      }
    },
    {
      "type": "Feature",
      "properties": {
        "task_id": "1095398416:5:376689333:1801255466",
        "way_id": 1095398416,
        "name": "新琴似通",
        "highway": "tertiary",
        "length_m": 62.454915761566035,
        "included": true
      },
      "geometry": {
        "type": "LineString",
        "coordinates": [
          [
            141.3033727,
            43.0937331
          ],
          [
            141.3028297,
            43.0933353
          ]
        ]
      }
    },
    {
      "type": "Feature",
      "properties": {
        "task_id": "1095398416:6:376689333:376689385",
        "way_id": 1095398416,
        "name": "新琴似通",
        "highway": "tertiary",
        "length_m": 16.714170846201558,
        "included": true
      },
      "geometry": {
        "type": "LineString",
        "coordinates": [
          [
            141.3033727,
            43.0937331
          ],
          [
            141.3035112,
            43.0938443
          ]
        ]
      }
    },
    {
      "type": "Feature",
      "properties": {
        "task_id": "1095398417:7:370366917:1800588108",
        "way_id": 1095398417,
        "name": "下手稲通",
        "highway": "secondary",
        "length_m": 82.243387317247,
        "included": true
      },
      "geometry": {
        "type": "LineString",
        "coordinates": [
          [
            141.3033388,
            43.0939413
          ],
          [
            141.3025528,
            43.0944078
          ]
        ]
      }
    },
    {
      "type": "Feature",
      "properties": {
        "task_id": "1095398417:8:370366917:376689385",
        "way_id": 1095398417,
        "name": "下手稲通",
        "highway": "secondary",
        "length_m": 17.67194887168451,
        "included": true
      },
      "geometry": {
        "type": "LineString",
        "coordinates": [
          [
            141.3033388,
            43.0939413
          ],
          [
            141.3035112,
            43.0938443
          ]
        ]
      }
    },
    {
      "type": "Feature",
      "properties": {
        "task_id": "1097608673:0:10050152684:10050152675",
        "way_id": 1097608673,
        "name": "名称未登録",
        "highway": "residential",
        "length_m": 27.74234128640641,
        "included": true
      },
      "geometry": {
        "type": "LineString",
        "coordinates": [
          [
            141.3049031,
            43.0927142
          ],
          [
            141.3051425,
            43.0928922
          ]
        ]
      }
    },
    {
      "type": "Feature",
      "properties": {
        "task_id": "1097608673:1:10050152684:10050152676",
        "way_id": 1097608673,
        "name": "名称未登録",
        "highway": "residential",
        "length_m": 93.22723292452908,
        "included": true
      },
      "geometry": {
        "type": "LineString",
        "coordinates": [
          [
            141.3049031,
            43.0927142
          ],
          [
            141.3040988,
            43.0921159
          ]
        ]
      }
    },
    {
      "type": "Feature",
      "properties": {
        "task_id": "1097608674:1:10050152684:10050152683",
        "way_id": 1097608674,
        "name": "名称未登録",
        "highway": "residential",
        "length_m": 41.45805368305585,
        "included": true
      },
      "geometry": {
        "type": "LineString",
        "coordinates": [
          [
            141.3049031,
            43.0927142
          ],
          [
            141.3044891,
            43.0929324
          ]
        ]
      }
    },
    {
      "type": "Feature",
      "properties": {
        "task_id": "1097608673:1:10050152676:10050152684",
        "way_id": 1097608673,
        "name": "名称未登録",
        "highway": "residential",
        "length_m": 93.22723292452908,
        "included": true
      },
      "geometry": {
        "type": "LineString",
        "coordinates": [
          [
            141.3040988,
            43.0921159
          ],
          [
            141.3049031,
            43.0927142
          ]
        ]
      }
    },
    {
      "type": "Feature",
      "properties": {
        "task_id": "1097608673:2:10050152676:10050152677",
        "way_id": 1097608673,
        "name": "名称未登録",
        "highway": "residential",
        "length_m": 8.646842240928475,
        "included": true
      },
      "geometry": {
        "type": "LineString",
        "coordinates": [
          [
            141.3040988,
            43.0921159
          ],
          [
            141.3040012,
            43.0920848
          ]
        ]
      }
    },
    {
      "type": "Feature",
      "properties": {
        "task_id": "1097608673:2:10050152677:10050152676",
        "way_id": 1097608673,
        "name": "名称未登録",
        "highway": "residential",
        "length_m": 8.646842240928475,
        "included": true
      },
      "geometry": {
        "type": "LineString",
        "coordinates": [
          [
            141.3040012,
            43.0920848
          ],
          [
            141.3040988,
            43.0921159
          ]
        ]
      }
    },
    {
      "type": "Feature",
      "properties": {
        "task_id": "1097608673:3:10050152677:10050152678",
        "way_id": 1097608673,
        "name": "名称未登録",
        "highway": "residential",
        "length_m": 44.60238899803619,
        "included": true
      },
      "geometry": {
        "type": "LineString",
        "coordinates": [
          [
            141.3040012,
            43.0920848
          ],
          [
            141.3034582,
            43.0920243
          ]
        ]
      }
    },
    {
      "type": "Feature",
      "properties": {
        "task_id": "1097608673:3:10050152678:10050152677",
        "way_id": 1097608673,
        "name": "名称未登録",
        "highway": "residential",
        "length_m": 44.60238899803619,
        "included": true
      },
      "geometry": {
        "type": "LineString",
        "coordinates": [
          [
            141.3034582,
            43.0920243
          ],
          [
            141.3040012,
            43.0920848
          ]
        ]
      }
    },
    {
      "type": "Feature",
      "properties": {
        "task_id": "1097608673:4:10050152678:10050152679",
        "way_id": 1097608673,
        "name": "名称未登録",
        "highway": "residential",
        "length_m": 6.282985880125073,
        "included": true
      },
      "geometry": {
        "type": "LineString",
        "coordinates": [
          [
            141.3034582,
            43.0920243
          ],
          [
            141.3033829,
            43.0920373
          ]
        ]
      }
    },
    {
      "type": "Feature",
      "properties": {
        "task_id": "1097608673:4:10050152679:10050152678",
        "way_id": 1097608673,
        "name": "名称未登録",
        "highway": "residential",
        "length_m": 6.282985880125073,
        "included": true
      },
      "geometry": {
        "type": "LineString",
        "coordinates": [
          [
            141.3033829,
            43.0920373
          ],
          [
            141.3034582,
            43.0920243
          ]
        ]
      }
    },
    {
      "type": "Feature",
      "properties": {
        "task_id": "1097608673:5:10050152679:10050152680",
        "way_id": 1097608673,
        "name": "名称未登録",
        "highway": "residential",
        "length_m": 6.876837762825723,
        "included": true
      },
      "geometry": {
        "type": "LineString",
        "coordinates": [
          [
            141.3033829,
            43.0920373
          ],
          [
            141.3033307,
            43.092086
          ]
        ]
      }
    },
    {
      "type": "Feature",
      "properties": {
        "task_id": "1097608673:5:10050152680:10050152679",
        "way_id": 1097608673,
        "name": "名称未登録",
        "highway": "residential",
        "length_m": 6.876837762825723,
        "included": true
      },
      "geometry": {
        "type": "LineString",
        "coordinates": [
          [
            141.3033307,
            43.092086
          ],
          [
            141.3033829,
            43.0920373
          ]
        ]
      }
    },
    {
      "type": "Feature",
      "properties": {
        "task_id": "1097608673:6:10050152680:10050152681",
        "way_id": 1097608673,
        "name": "名称未登録",
        "highway": "residential",
        "length_m": 128.02272684946078,
        "included": true
      },
      "geometry": {
        "type": "LineString",
        "coordinates": [
          [
            141.3033307,
            43.092086
          ],
          [
            141.3021057,
            43.0928108
          ]
        ]
      }
    },
    {
      "type": "Feature",
      "properties": {
        "task_id": "1097608674:0:10050152680:10050152683",
        "way_id": 1097608674,
        "name": "名称未登録",
        "highway": "residential",
        "length_m": 133.06197506492532,
        "included": true
      },
      "geometry": {
        "type": "LineString",
        "coordinates": [
          [
            141.3033307,
            43.092086
          ],
          [
            141.3044891,
            43.0929324
          ]
        ]
      }
    },
    {
      "type": "Feature",
      "properties": {
        "task_id": "1097608674:0:10050152683:10050152680",
        "way_id": 1097608674,
        "name": "名称未登録",
        "highway": "residential",
        "length_m": 133.06197506492532,
        "included": true
      },
      "geometry": {
        "type": "LineString",
        "coordinates": [
          [
            141.3044891,
            43.0929324
          ],
          [
            141.3033307,
            43.092086
          ]
        ]
      }
    },
    {
      "type": "Feature",
      "properties": {
        "task_id": "1097608674:1:10050152683:10050152684",
        "way_id": 1097608674,
        "name": "名称未登録",
        "highway": "residential",
        "length_m": 41.45805368305585,
        "included": true
      },
      "geometry": {
        "type": "LineString",
        "coordinates": [
          [
            141.3044891,
            43.0929324
          ],
          [
            141.3049031,
            43.0927142
          ]
        ]
      }
    },
    {
      "type": "Feature",
      "properties": {
        "task_id": "1458363795:0:13374866845:13374866844",
        "way_id": 1458363795,
        "name": "名称未登録",
        "highway": "residential",
        "length_m": 44.98696152772851,
        "included": true
      },
      "geometry": {
        "type": "LineString",
        "coordinates": [
          [
            141.313088,
            43.0865823
          ],
          [
            141.3127309,
            43.086273
          ]
        ]
      }
    },
    {
      "type": "Feature",
      "properties": {
        "task_id": "1458363795:1:13374866845:13374866846",
        "way_id": 1458363795,
        "name": "名称未登録",
        "highway": "residential",
        "length_m": 25.760167161571534,
        "included": true
      },
      "geometry": {
        "type": "LineString",
        "coordinates": [
          [
            141.313088,
            43.0865823
          ],
          [
            141.3133444,
            43.0864459
          ]
        ]
      }
    },
    {
      "type": "Feature",
      "properties": {
        "task_id": "1458363795:1:13374866846:13374866845",
        "way_id": 1458363795,
        "name": "名称未登録",
        "highway": "residential",
        "length_m": 25.760167161571534,
        "included": true
      },
      "geometry": {
        "type": "LineString",
        "coordinates": [
          [
            141.3133444,
            43.0864459
          ],
          [
            141.313088,
            43.0865823
          ]
        ]
      }
    },
    {
      "type": "Feature",
      "properties": {
        "task_id": "1458363795:2:13374866846:1800601778",
        "way_id": 1458363795,
        "name": "名称未登録",
        "highway": "residential",
        "length_m": 44.35822144543976,
        "included": true
      },
      "geometry": {
        "type": "LineString",
        "coordinates": [
          [
            141.3133444,
            43.0864459
          ],
          [
            141.3136892,
            43.0867553
          ]
        ]
      }
    },
    {
      "type": "Feature",
      "properties": {
        "task_id": "1461471801:0:13403975114:1800615331",
        "way_id": 1461471801,
        "name": "名称未登録",
        "highway": "unclassified",
        "length_m": 3.895025761526604,
        "included": true
      },
      "geometry": {
        "type": "LineString",
        "coordinates": [
          [
            141.3093825,
            43.0850344
          ],
          [
            141.3094196,
            43.0850122
          ]
        ]
      }
    },
    {
      "type": "Feature",
      "properties": {
        "task_id": "1461471801:1:13403975114:5158237773",
        "way_id": 1461471801,
        "name": "名称未登録",
        "highway": "unclassified",
        "length_m": 56.07560282888492,
        "included": true
      },
      "geometry": {
        "type": "LineString",
        "coordinates": [
          [
            141.3093825,
            43.0850344
          ],
          [
            141.3088477,
            43.0853534
          ]
        ]
      }
    }
  ]
}