{
  "type": "FeatureCollection",
  "features": [
    {
      "type": "Feature",
      "properties": {
        "scenario": 1,
        "vehicle": 1,
        "depot": "仮設待機点A",
        "hours": 5.949001803029198,
        "distance_km": 47.80640396265998
      },
      "geometry": {
        "type": "LineString",
        "coordinates": [
          [
            141.300015,
            43.0945471
          ],
          [
            141.3003864,
            43.0943171
          ],
          [
            141.3005391,
            43.094214
          ],
          [
            141.3007959,
            43.0940399
          ],
          [
            141.300879,
            43.0939146
          ],
          [
            141.3009134,
            43.0938923
          ],
          [
            141.3013236,
            43.0936272
          ],
          [
            141.3015894,
            43.0934554
          ],
          [
            141.3006753,
            43.0927781
          ],
          [
            141.3006402,
            43.0928251
          ],
          [
            141.300532,
            43.092889
          ],
          [
            141.3003331,
            43.0931617
          ],
          [
            141.300532,
            43.092889
          ],
          [
            141.3006402,
            43.0928251
          ],
          [
            141.3006753,
            43.0927781
          ],
          [
            141.3008759,
            43.0924582
          ],
          [
            141.3019322,
            43.0932339
          ],
          [
            141.3022561,
            43.0930244
          ],
          [
            141.3023434,
            43.092968
          ],
          [
            141.3021057,
            43.0928108
          ],
          [
            141.3033307,
            43.092086
          ],
          [
            141.3044891,
            43.0929324
          ],
          [
            141.3049031,
            43.0927142
          ],
          [
            141.3044891,
            43.0929324
          ],
          [
            141.3033307,
            43.092086
          ],
          [
            141.3033829,
            43.0920373
          ],
          [
            141.3034582,
            43.0920243
          ],
          [
            141.3040012,
            43.0920848
          ],
          [
            141.3040988,
            43.0921159
          ],
          [
            141.3049031,
            43.0927142
          ],
          [
            141.3051425,
            43.0928922
          ],
          [
            141.3045984,
            43.0932058
          ],
          [
            141.3044598,
            43.0932868
          ],
          [
            141.3040792,
            43.0935107
          ],
          [
            141.3036754,
            43.0937478
          ],
          [
            141.3035112,
            43.0938443
          ],
          [
            141.3033388,
            43.0939413
          ],
          [
            141.3025528,
            43.0944078
          ],
          [
            141.3023336,
            43.0945366
          ],
          [
            141.3020012,
            43.094735
          ],
          [
            141.3019342,
            43.0946744
          ],
          [
            141.3015948,
            43.0943671
          ],
          [
            141.3014633,
            43.0942451
          ],
          [
            141.3012199,
            43.0940192
          ],
          [
            141.3014633,
            43.0942451
          ],
          [
            141.3015948,
            43.0943671
          ],
          [
            141.3019342,
            43.0946744
          ],
          [
            141.3020012,
            43.094735
          ],
          [
            141.3023336,
            43.0945366
          ],
          [
            141.3022683,
            43.0944794
          ],
          [
            141.3023336,
            43.0945366
          ],
          [
            141.3025528,
            43.0944078
          ],
          [
            141.3026168,
            43.0944665
          ],
          [
            141.3025528,
            43.0944078
          ],
          [
            141.3033388,
            43.0939413
          ],
          [
            141.3035112,
            43.0938443
          ],
          [
            141.3033727,
            43.0937331
          ],
          [
            141.3028297,
            43.0933353
          ],
          [
            141.3027509,
            43.0933862
          ],
          [
            141.3021156,
            43.0937968
          ],
          [
            141.3027509,
            43.0933862
          ],
          [
            141.3028297,
            43.0933353
          ],
          [
            141.3033727,
            43.0937331
          ],
          [
            141.3035112,
            43.0938443
          ],
          [
            141.3036244,
            43.0939528
          ],
          [
            141.3045004,
            43.0947423
          ],
          [
            141.3036244,
            43.0939528
          ],
          [
            141.3035112,
            43.0938443
          ],
          [
            141.3036754,
            43.0937478
          ],
          [
            141.3040792,
            43.0935107
          ],
          [
            141.3041574,
            43.0935765
          ],
          [
            141.3045973,
            43.0939703
          ],
          [
            141.3050413,
            43.0943644
          ],
          [
            141.3050813,
            43.0943999
          ],
          [
            141.3045004,
            43.0947423
          ],
          [
            141.3050813,
            43.0943999
          ],
          [
            141.3050413,
            43.0943644
          ],
          [
            141.3045973,
            43.0939703
          ],
          [
            141.3041574,
            43.0935765
          ],
          [
            141.3040792,
            43.0935107
          ],
          [
            141.3044598,
            43.0932868
          ],
          [
            141.3045984,
            43.0932058
          ],
          [
            141.3051038,
            43.0936712
          ],
          [
            141.305584,
            43.0941037
          ],
          [
            141.3050813,
            43.0943999
          ],
          [
            141.3054578,
            43.0947587
          ],
          [
            141.305525,
            43.0948228
          ],
          [
            141.3054578,
            43.0947587
          ],
          [
            141.3050813,
            43.0943999
          ],
          [
            141.305584,
            43.0941037
          ],
          [
            141.3051038,
            43.0936712
          ],
          [
            141.3045984,
            43.0932058
          ],
          [
            141.3051425,
            43.0928922
          ],
          [
            141.3052193,
            43.0928464
          ],
          [
            141.3056575,
            43.0925844
          ],
          [
            141.3066466,
            43.0934685
          ],
          [
            141.3075853,
            43.0943276
          ],
          [
            141.3071419,
            43.0945752
          ],
          [
            141.3069534,
            43.0944091
          ],
          [
            141.3063308,
            43.09478
          ],
          [
            141.3059704,
            43.0944564
          ],
          [
            141.3063308,
            43.09478
          ],
          [
            141.3069534,
            43.0944091
          ],
          [
            141.3071419,
            43.0945752
          ],
          [
            141.3075853,
            43.0943276
          ],
          [
            141.308045,
            43.0940527
          ],
          [
            141.3085101,
            43.0937837
          ],
          [
            141.3089182,
            43.0935476
          ],
          [
            141.3087694,
            43.0934086
          ],
          [
            141.3084827,
            43.0931408
          ],
          [
            141.3081772,
            43.0928555
          ],
          [
            141.3079935,
            43.0926839
          ],
          [
            141.3079517,
            43.0926449
          ],
          [
            141.3070798,
            43.0918306
          ],
          [
            141.3070306,
            43.0917846
          ],
          [
            141.3069463,
            43.0918337
          ],
          [
            141.3068417,
            43.0918946
          ],
          [
            141.3067607,
            43.0919418
          ],
          [
            141.3061371,
            43.0923051
          ],
          [
            141.3067607,
            43.0919418
          ],
          [
            141.3068417,
            43.0918946
          ],
          [
            141.3067462,
            43.0918065
          ],
          [
            141.3058062,
            43.0909393
          ],
          [
            141.3048214,
            43.0900281
          ],
          [
            141.3046833,
            43.0898929
          ],
          [
            141.3045934,
            43.0897763
          ],
          [
            141.304517,
            43.0896794
          ],
          [
            141.3043856,
            43.0894013
          ],
          [
            141.3042452,
            43.0890432
          ],
          [
            141.304213,
            43.0887651
          ],
          [
            141.3042327,
            43.0884709
          ],
          [
            141.3042827,
            43.0882303
          ],
          [
            141.3043444,
            43.0880579
          ],
          [
            141.3043981,
            43.0878914
          ],
          [
            141.3044687,
            43.0876795
          ],
          [
            141.3045009,
            43.0875208
          ],
          [
            141.3045063,
            43.0873289
          ],
          [
            141.3044795,
            43.087131
          ],
          [
            141.304399,
            43.0868529
          ],
          [
            141.3043319,
            43.0867001
          ],
          [
            141.3042139,
            43.0865061
          ],
          [
            141.3041714,
            43.0864467
          ],
          [
            141.3043069,
            43.0864047
          ],
          [
            141.3050274,
            43.0862315
          ],
          [
            141.3053033,
            43.0861629
          ],
          [
            141.3054441,
            43.0864928
          ],
          [
            141.3054608,
            43.0865356
          ],
          [
            141.3055115,
            43.0866652
          ],
          [
            141.3056034,
            43.0868999
          ],
          [
            141.3056372,
            43.0869864
          ],
          [
            141.3057173,
            43.0872989
          ],
          [
            141.3057254,
            43.0873303
          ],
          [
            141.3057392,
            43.0873841
          ],
          [
            141.3056746,
            43.0876349
          ],
          [
            141.3057192,
            43.0876557
          ],
          [
            141.3065211,
            43.0877553
          ],
          [
            141.3065346,
            43.0876093
          ],
          [
            141.3065694,
            43.0875574
          ],
          [
            141.3066997,
            43.0874985
          ],
          [
            141.3064285,
            43.087254
          ],
          [
            141.3062578,
            43.0873538
          ],
          [
            141.3061459,
            43.0873683
          ],
          [
            141.3059003,
            43.0873434
          ],
          [
            141.3061459,
            43.0873683
          ],
          [
            141.3062578,
            43.0873538
          ],
          [
            141.3064285,
            43.087254
          ],
          [
            141.3061933,
            43.0870608
          ],
          [
            141.3060928,
            43.0868807
          ],
          [
            141.3064532,
            43.0868004
          ],
          [
            141.3065461,
            43.0868101
          ],
          [
            141.3067927,
            43.0870345
          ],
          [
            141.3070753,
            43.0872949
          ],
          [
            141.3067927,
            43.0870345
          ],
          [
            141.3065461,
            43.0868101
          ],
          [
            141.3064532,
            43.0868004
          ],
          [
            141.3060928,
            43.0868807
          ],
          [
            141.3059885,
            43.0865635
          ],
          [
            141.3060928,
            43.0868807
          ],
          [
            141.3061933,
            43.0870608
          ],
          [
            141.3064285,
            43.087254
          ],
          [
            141.3066997,
            43.0874985
          ],
          [
            141.3070753,
            43.0872949
          ],
          [
            141.3074261,
            43.0870636
          ],
          [
            141.3078074,
            43.0868461
          ],
          [
            141.3072735,
            43.0864105
          ],
          [
            141.3070106,
            43.08615
          ],
          [
            141.3069329,
            43.0861422
          ],
          [
            141.3065973,
            43.0862228
          ],
          [
            141.3069329,
            43.0861422
          ],
          [
            141.3070106,
            43.08615
          ],
          [
            141.3072735,
            43.0864105
          ],
          [
            141.3076329,
            43.0861909
          ],
          [
            141.308002,
            43.0859686
          ],
          [
            141.308836,
            43.0867021
          ],
          [
            141.308002,
            43.0859686
          ],
          [
            141.3083708,
            43.0857465
          ],
          [
            141.308002,
            43.0859686
          ],
          [
            141.307432,
            43.0854692
          ],
          [
            141.308002,
            43.0859686
          ],
          [
            141.3076329,
            43.0861909
          ],
          [
            141.3072735,
            43.0864105
          ],
          [
            141.3078074,
            43.0868461
          ],
          [
            141.3081734,
            43.0866536
          ],
          [
            141.3076329,
            43.0861909
          ],
          [
            141.3070585,
            43.0856882
          ],
          [
            141.3076329,
            43.0861909
          ],
          [
            141.3081734,
            43.0866536
          ],
          [
            141.3084444,
            43.0869352
          ],
          [
            141.3089801,
            43.0873855
          ],
          [
            141.3092871,
            43.087206
          ],
          [
            141.3093298,
            43.087181
          ],
          [
            141.3096525,
            43.0869923
          ],
          [
            141.3096956,
            43.0869672
          ],
          [
            141.31094,
            43.088103
          ],
          [
            141.3110687,
            43.0882207
          ],
          [
            141.31094,
            43.088103
          ],
          [
            141.3096956,
            43.0869672
          ],
          [
            141.3101149,
            43.0867163
          ],
          [
            141.3102475,
            43.0866372
          ],
          [
            141.3094961,
            43.0859642
          ],
          [
            141.3092315,
            43.0857207
          ],
          [
            141.3088477,
            43.0853534
          ],
          [
            141.3093825,
            43.0850344
          ],
          [
            141.3094196,
            43.0850122
          ],
          [
            141.3094388,
            43.0850303
          ],
          [
            141.3098219,
            43.0853713
          ],
          [
            141.3100918,
            43.0856212
          ],
          [
            141.3101504,
            43.0856715
          ],
          [
            141.3107549,
            43.0853376
          ],
          [
            141.3109999,
            43.0855577
          ],
          [
            141.3112363,
            43.0857824
          ],
          [
            141.3114148,
            43.0859521
          ],
          [
            141.3120642,
            43.0855725
          ],
          [
            141.3115395,
            43.0850912
          ],
          [
            141.3120642,
            43.0855725
          ],
          [
            141.3128971,
            43.0850815
          ],
          [
            141.3129663,
            43.0850407
          ],
          [
            141.3136491,
            43.0856675
          ],
          [
            141.3136926,
            43.085706
          ],
          [
            141.3137527,
            43.0857613
          ],
          [
            141.3138482,
            43.0858479
          ],
          [
            141.313931,
            43.0858004
          ],
          [
            141.3138482,
            43.0858479
          ],
          [
            141.3141707,
            43.086141
          ],
          [
            141.3145288,
            43.0864686
          ],
          [
            141.3145762,
            43.0865133
          ],
          [
            141.3145288,
            43.0864686
          ],
          [
            141.3146079,
            43.086422
          ],
          [
            141.3145288,
            43.0864686
          ],
          [
            141.3141707,
            43.086141
          ],
          [
            141.3142515,
            43.0860956
          ],
          [
            141.3141707,
            43.086141
          ],
          [
            141.3138482,
            43.0858479
          ],
          [
            141.3137527,
            43.0857613
          ],
          [
            141.3136926,
            43.085706
          ],
          [
            141.3136255,
            43.0857456
          ],
          [
            141.3127309,
            43.086273
          ],
          [
            141.313088,
            43.0865823
          ],
          [
            141.3133444,
            43.0864459
          ],
          [
            141.3136892,
            43.0867553
          ],
          [
            141.3137316,
            43.0867315
          ],
          [
            141.3138786,
            43.0866489
          ],
          [
            141.3136243,
            43.0864382
          ],
          [
            141.3138786,
            43.0866489
          ],
          [
            141.3137316,
            43.0867315
          ],
          [
            141.3136892,
            43.0867553
          ],
          [
            141.3133444,
            43.0864459
          ],
          [
            141.313088,
            43.0865823
          ],
          [
            141.3127309,
            43.086273
          ],
          [
            141.3136255,
            43.0857456
          ],
          [
            141.3136926,
            43.085706
          ],
          [
            141.3136491,
            43.0856675
          ],
          [
            141.3146084,
            43.0851215
          ],
          [
            141.3136491,
            43.0856675
          ],
          [
            141.3129663,
            43.0850407
          ],
          [
            141.3128971,
            43.0850815
          ],
          [
            141.3120642,
            43.0855725
          ],
          [
            141.3114148,
            43.0859521
          ],
          [
            141.3112363,
            43.0857824
          ],
          [
            141.3109999,
            43.0855577
          ],
          [
            141.3107549,
            43.0853376
          ],
          [
            141.3104164,
            43.0850217
          ],
          [
            141.3107549,
            43.0853376
          ],
          [
            141.3101504,
            43.0856715
          ],
          [
            141.3103931,
            43.0858987
          ],
          [
            141.3106444,
            43.0861309
          ],
          [
            141.3108256,
            43.086299
          ],
          [
            141.3106444,
            43.0861309
          ],
          [
            141.3103931,
            43.0858987
          ],
          [
            141.3109999,
            43.0855577
          ],
          [
            141.3103931,
            43.0858987
          ],
          [
            141.3101504,
            43.0856715
          ],
          [
            141.3100918,
            43.0856212
          ],
          [
            141.3098219,
            43.0853713
          ],
          [
            141.3094388,
            43.0850303
          ],
          [
            141.3094196,
            43.0850122
          ],
          [
            141.3093825,
            43.0850344
          ],
          [
            141.3088477,
            43.0853534
          ],
          [
            141.3092315,
            43.0857207
          ],
          [
            141.3097836,
            43.0854004
          ],
          [
            141.3098219,
            43.0853713
          ],
          [
            141.3104164,
            43.0850217
          ],
          [
            141.3098219,
            43.0853713
          ],
          [
            141.3097836,
            43.0854004
          ],
          [
            141.3092315,
            43.0857207
          ],
          [
            141.3094961,
            43.0859642
          ],
          [
            141.3102475,
            43.0866372
          ],
          [
            141.310508,
            43.0864834
          ],
          [
            141.3108256,
            43.086299
          ],
          [
            141.3110878,
            43.0861442
          ],
          [
            141.3114148,
            43.0859521
          ],
          [
            141.3110878,
            43.0861442
          ],
          [
            141.3108256,
            43.086299
          ],
          [
            141.310508,
            43.0864834
          ],
          [
            141.3102475,
            43.0866372
          ],
          [
            141.3101149,
            43.0867163
          ],
          [
            141.3104945,
            43.0870749
          ],
          [
            141.3108461,
            43.0873944
          ],
          [
            141.3118194,
            43.0868105
          ],
          [
            141.3127309,
            43.086273
          ],
          [
            141.3118194,
            43.0868105
          ],
          [
            141.3108461,
            43.0873944
          ],
          [
            141.3115429,
            43.0880275
          ],
          [
            141.312269,
            43.0886872
          ],
          [
            141.3127348,
            43.0884151
          ],
          [
            141.3120045,
            43.0877563
          ],
          [
            141.3117668,
            43.0875347
          ],
          [
            141.3116642,
            43.0874389
          ],
          [
            141.3117668,
            43.0875347
          ],
          [
            141.3122888,
            43.087245
          ],
          [
            141.3117668,
            43.0875347
          ],
          [
            141.3120045,
            43.0877563
          ],
          [
            141.3127348,
            43.0884151
          ],
          [
            141.31294,
            43.0882945
          ],
          [
            141.3132455,
            43.0881168
          ],
          [
            141.3133343,
            43.088065
          ],
          [
            141.3133962,
            43.0880288
          ],
          [
            141.3135452,
            43.0879388
          ],
          [
            141.3134707,
            43.0878781
          ],
          [
            141.3132896,
            43.0877308
          ],
          [
            141.3130026,
            43.0878955
          ],
          [
            141.3132896,
            43.0877308
          ],
          [
            141.3134707,
            43.0878781
          ],
          [
            141.3135452,
            43.0879388
          ],
          [
            141.3142692,
            43.0875242
          ],
          [
            141.3135452,
            43.0879388
          ],
          [
            141.3133962,
            43.0880288
          ],
          [
            141.3134541,
            43.0880806
          ],
          [
            141.3137796,
            43.088372
          ],
          [
            141.3138143,
            43.088403
          ],
          [
            141.3141986,
            43.0887589
          ],
          [
            141.3142375,
            43.0887949
          ],
          [
            141.3142109,
            43.0888092
          ],
          [
            141.31377,
            43.0890311
          ],
          [
            141.3142109,
            43.0888092
          ],
          [
            141.3142375,
            43.0887949
          ],
          [
            141.3142891,
            43.0887631
          ],
          [
            141.3142375,
            43.0887949
          ],
          [
            141.314261,
            43.0888159
          ],
          [
            141.3145574,
            43.0890811
          ],
          [
            141.3142559,
            43.0892991
          ],
          [
            141.3134868,
            43.0897746
          ],
          [
            141.3138092,
            43.0900628
          ],
          [
            141.3142959,
            43.0897506
          ],
          [
            141.3141982,
            43.0896698
          ],
          [
            141.3144845,
            43.0894878
          ],
          [
            141.3141982,
            43.0896698
          ],
          [
            141.3142959,
            43.0897506
          ],
          [
            141.3145534,
            43.0899634
          ],
          [
            141.3148538,
            43.0902117
          ],
          [
            141.3145534,
            43.0899634
          ],
          [
            141.3139946,
            43.0903195
          ],
          [
            141.3142864,
            43.0905698
          ],
          [
            141.3144546,
            43.0907165
          ],
          [
            141.3141486,
            43.0909163
          ],
          [
            141.3144144,
            43.0911379
          ],
          [
            141.3140286,
            43.091362
          ],
          [
            141.313961,
            43.0914013
          ],
          [
            141.3142754,
            43.091684
          ],
          [
            141.3143448,
            43.0916414
          ],
          [
            141.3142754,
            43.091684
          ],
          [
            141.3144165,
            43.091807
          ],
          [
            141.3143642,
            43.0918377
          ],
          [
            141.3140414,
            43.0920274
          ],
          [
            141.3130922,
            43.0911756
          ],
          [
            141.3120896,
            43.0902461
          ],
          [
            141.3120607,
            43.0902193
          ],
          [
            141.3120896,
            43.0902461
          ],
          [
            141.3130922,
            43.0911756
          ],
          [
            141.3134322,
            43.0909733
          ],
          [
            141.3134701,
            43.0909507
          ],
          [
            141.3134322,
            43.0909733
          ],
          [
            141.3130922,
            43.0911756
          ],
          [
            141.3127415,
            43.0913843
          ],
          [
            141.3117365,
            43.0904483
          ],
          [
            141.3117082,
            43.090422
          ],
          [
            141.3117365,
            43.0904483
          ],
          [
            141.3127415,
            43.0913843
          ],
          [
            141.3123532,
            43.0916154
          ],
          [
            141.3113045,
            43.090654
          ],
          [
            141.3104351,
            43.089857
          ],
          [
            141.3103693,
            43.0897967
          ],
          [
            141.3111538,
            43.0893385
          ],
          [
            141.3113532,
            43.089222
          ],
          [
            141.311488,
            43.0891433
          ],
          [
            141.3116097,
            43.0890722
          ],
          [
            141.3118476,
            43.0889333
          ],
          [
            141.3114615,
            43.08858
          ],
          [
            141.3118476,
            43.0889333
          ],
          [
            141.3121296,
            43.0887664
          ],
          [
            141.3118476,
            43.0889333
          ],
          [
            141.3116097,
            43.0890722
          ],
          [
            141.311488,
            43.0891433
          ],
          [
            141.3113532,
            43.089222
          ],
          [
            141.3111538,
            43.0893385
          ],
          [
            141.3109972,
            43.0891922
          ],
          [
            141.3107626,
            43.088973
          ],
          [
            141.3109972,
            43.0891922
          ],
          [
            141.3111538,
            43.0893385
          ],
          [
            141.3103693,
            43.0897967
          ],
          [
            141.3096888,
            43.0901941
          ],
          [
            141.3091873,
            43.090487
          ],
          [
            141.3085823,
            43.0899373
          ],
          [
            141.307963,
            43.0893746
          ],
          [
            141.307694,
            43.0891302
          ],
          [
            141.3074274,
            43.088888
          ],
          [
            141.3077917,
            43.0886821
          ],
          [
            141.308311,
            43.089167
          ],
          [
            141.3077917,
            43.0886821
          ],
          [
            141.3081305,
            43.0884906
          ],
          [
            141.3077576,
            43.0881414
          ],
          [
            141.3077309,
            43.0881164
          ],
          [
            141.3074888,
            43.0882584
          ],
          [
            141.3072416,
            43.0880452
          ],
          [
            141.3069849,
            43.0881922
          ],
          [
            141.3067774,
            43.0881662
          ],
          [
            141.3069849,
            43.0881922
          ],
          [
            141.3072416,
            43.0880452
          ],
          [
            141.3074888,
            43.0882584
          ],
          [
            141.3070303,
            43.0885273
          ],
          [
            141.3067852,
            43.088671
          ],
          [
            141.3066323,
            43.0887239
          ],
          [
            141.3067852,
            43.088671
          ],
          [
            141.3070303,
            43.0885273
          ],
          [
            141.3070836,
            43.0885757
          ],
          [
            141.3070303,
            43.0885273
          ],
          [
            141.3074888,
            43.0882584
          ],
          [
            141.3077309,
            43.0881164
          ],
          [
            141.3078912,
            43.0880223
          ],
          [
            141.3079782,
            43.0879714
          ],
          [
            141.308332,
            43.0877645
          ],
          [
            141.3084886,
            43.0876729
          ],
          [
            141.308332,
            43.0877645
          ],
          [
            141.3079782,
            43.0879714
          ],
          [
            141.3078912,
            43.0880223
          ],
          [
            141.3077309,
            43.0881164
          ],
          [
            141.3077576,
            43.0881414
          ],
          [
            141.3081305,
            43.0884906
          ],
          [
            141.3086475,
            43.0889748
          ],
          [
            141.3087892,
            43.0888962
          ],
          [
            141.3086475,
            43.0889748
          ],
          [
            141.3081305,
            43.0884906
          ],
          [
            141.3077917,
            43.0886821
          ],
          [
            141.3074274,
            43.088888
          ],
          [
            141.3070836,
            43.0885757
          ],
          [
            141.3074274,
            43.088888
          ],
          [
            141.307694,
            43.0891302
          ],
          [
            141.3069864,
            43.0895229
          ],
          [
            141.307694,
            43.0891302
          ],
          [
            141.307963,
            43.0893746
          ],
          [
            141.308311,
            43.089167
          ],
          [
            141.3084428,
            43.0890883
          ],
          [
            141.3086475,
            43.0889748
          ],
          [
            141.3084428,
            43.0890883
          ],
          [
            141.3088091,
            43.0894132
          ],
          [
            141.3084428,
            43.0890883
          ],
          [
            141.308311,
            43.089167
          ],
          [
            141.307963,
            43.0893746
          ],
          [
            141.3085823,
            43.0899373
          ],
          [
            141.3090738,
            43.0896482
          ],
          [
            141.3088091,
            43.0894132
          ],
          [
            141.3090738,
            43.0896482
          ],
          [
            141.3093397,
            43.0898842
          ],
          [
            141.3090738,
            43.0896482
          ],
          [
            141.3085823,
            43.0899373
          ],
          [
            141.3091873,
            43.090487
          ],
          [
            141.3084911,
            43.0908935
          ],
          [
            141.3084394,
            43.090925
          ],
          [
            141.3078543,
            43.0912814
          ],
          [
            141.3084394,
            43.090925
          ],
          [
            141.3084911,
            43.0908935
          ],
          [
            141.3075312,
            43.0900191
          ],
          [
            141.3072034,
            43.0897205
          ],
          [
            141.3069864,
            43.0895229
          ],
          [
            141.3067696,
            43.0893253
          ],
          [
            141.3067111,
            43.089272
          ],
          [
            141.3066457,
            43.0892136
          ],
          [
            141.3065653,
            43.0891412
          ],
          [
            141.3065501,
            43.0890663
          ],
          [
            141.3065694,
            43.0889858
          ],
          [
            141.3066323,
            43.0887239
          ],
          [
            141.3067774,
            43.0881662
          ],
          [
            141.3068505,
            43.0878852
          ],
          [
            141.3067774,
            43.0881662
          ],
          [
            141.3066323,
            43.0887239
          ],
          [
            141.3065694,
            43.0889858
          ],
          [
            141.3065501,
            43.0890663
          ],
          [
            141.3065653,
            43.0891412
          ],
          [
            141.3066457,
            43.0892136
          ],
          [
            141.3067111,
            43.089272
          ],
          [
            141.3067696,
            43.0893253
          ],
          [
            141.3069864,
            43.0895229
          ],
          [
            141.3072034,
            43.0897205
          ],
          [
            141.3075312,
            43.0900191
          ],
          [
            141.3084911,
            43.0908935
          ],
          [
            141.3091873,
            43.090487
          ],
          [
            141.3096888,
            43.0901941
          ],
          [
            141.3093397,
            43.0898842
          ],
          [
            141.3096888,
            43.0901941
          ],
          [
            141.309756,
            43.0902563
          ],
          [
            141.3107521,
            43.0911771
          ],
          [
            141.3114335,
            43.091807
          ],
          [
            141.3118051,
            43.0921247
          ],
          [
            141.3125738,
            43.0928217
          ],
          [
            141.3126246,
            43.0928659
          ],
          [
            141.3125738,
            43.0928217
          ],
          [
            141.3118051,
            43.0921247
          ],
          [
            141.3117694,
            43.0921461
          ],
          [
            141.3114885,
            43.0923147
          ],
          [
            141.3122699,
            43.093023
          ],
          [
            141.3123111,
            43.0930604
          ],
          [
            141.3126246,
            43.0928659
          ],
          [
            141.3131019,
            43.0933116
          ],
          [
            141.3127141,
            43.0935385
          ],
          [
            141.3122109,
            43.0931181
          ],
          [
            141.3127141,
            43.0935385
          ],
          [
            141.3131019,
            43.0933116
          ],
          [
            141.3131886,
            43.0932612
          ],
          [
            141.3131019,
            43.0933116
          ],
          [
            141.3131886,
            43.0932612
          ],
          [
            141.3137207,
            43.0929607
          ],
          [
            141.313787,
            43.0929232
          ],
          [
            141.3134942,
            43.0926565
          ],
          [
            141.3143824,
            43.0921572
          ],
          [
            141.3146588,
            43.0924081
          ],
          [
            141.3143824,
            43.0921572
          ],
          [
            141.3134942,
            43.0926565
          ],
          [
            141.3132907,
            43.0924747
          ],
          [
            141.3134942,
            43.0926565
          ],
          [
            141.313787,
            43.0929232
          ],
          [
            141.3146588,
            43.0924081
          ],
          [
            141.3148548,
            43.0922939
          ],
          [
            141.31491,
            43.0922618
          ],
          [
            141.3149964,
            43.0923359
          ],
          [
            141.31491,
            43.0922618
          ],
          [
            141.314641,
            43.0920148
          ],
          [
            141.3144852,
            43.0918635
          ],
          [
            141.314641,
            43.0920148
          ],
          [
            141.31491,
            43.0922618
          ],
          [
            141.3148548,
            43.0922939
          ],
          [
            141.3146588,
            43.0924081
          ],
          [
            141.313787,
            43.0929232
          ],
          [
            141.3137207,
            43.0929607
          ],
          [
            141.313742,
            43.0929798
          ],
          [
            141.3137207,
            43.0929607
          ],
          [
            141.3131886,
            43.0932612
          ],
          [
            141.3132146,
            43.0932856
          ],
          [
            141.3134339,
            43.0934919
          ],
          [
            141.3136689,
            43.0937169
          ],
          [
            141.3136462,
            43.0937305
          ],
          [
            141.3132148,
            43.0939899
          ],
          [
            141.313449,
            43.0942134
          ],
          [
            141.3138934,
            43.0939515
          ],
          [
            141.3139219,
            43.0939347
          ],
          [
            141.3138934,
            43.0939515
          ],
          [
            141.313449,
            43.0942134
          ],
          [
            141.3132148,
            43.0939899
          ],
          [
            141.3136462,
            43.0937305
          ],
          [
            141.3136689,
            43.0937169
          ],
          [
            141.3142156,
            43.0934031
          ],
          [
            141.3136689,
            43.0937169
          ],
          [
            141.3139219,
            43.0939347
          ],
          [
            141.3144683,
            43.0936297
          ],
          [
            141.3139219,
            43.0939347
          ],
          [
            141.3141637,
            43.0941452
          ],
          [
            141.3144395,
            43.0943932
          ],
          [
            141.3144119,
            43.0944092
          ],
          [
            141.3139712,
            43.0946656
          ],
          [
            141.314224,
            43.0948929
          ],
          [
            141.3142556,
            43.0949213
          ],
          [
            141.314224,
            43.0948929
          ],
          [
            141.3146628,
            43.0946329
          ],
          [
            141.3146854,
            43.0946195
          ],
          [
            141.3146628,
            43.0946329
          ],
          [
            141.314224,
            43.0948929
          ],
          [
            141.3139712,
            43.0946656
          ],
          [
            141.3144119,
            43.0944092
          ],
          [
            141.3144395,
            43.0943932
          ],
          [
            141.3149757,
            43.0940924
          ],
          [
            141.314702,
            43.093838
          ],
          [
            141.3149757,
            43.0940924
          ],
          [
            141.3144395,
            43.0943932
          ],
          [
            141.3146854,
            43.0946195
          ],
          [
            141.3146628,
            43.0946329
          ],
          [
            141.314224,
            43.0948929
          ],
          [
            141.3139712,
            43.0946656
          ],
          [
            141.313706,
            43.0944346
          ],
          [
            141.3139712,
            43.0946656
          ],
          [
            141.313706,
            43.0944346
          ],
          [
            141.313449,
            43.0942134
          ],
          [
            141.313706,
            43.0944346
          ],
          [
            141.3129096,
            43.0949131
          ],
          [
            141.3122154,
            43.0943053
          ],
          [
            141.3118848,
            43.0940158
          ],
          [
            141.3114067,
            43.0935973
          ],
          [
            141.3112863,
            43.0936674
          ],
          [
            141.3104784,
            43.0929397
          ],
          [
            141.3109105,
            43.0926816
          ],
          [
            141.3102694,
            43.092093
          ],
          [
            141.3100961,
            43.0921906
          ],
          [
            141.3102694,
            43.092093
          ],
          [
            141.3109105,
            43.0926816
          ],
          [
            141.3117106,
            43.0934162
          ],
          [
            141.3109105,
            43.0926816
          ],
          [
            141.3104784,
            43.0929397
          ],
          [
            141.3098209,
            43.0923458
          ],
          [
            141.3100961,
            43.0921906
          ],
          [
            141.3098441,
            43.0919608
          ],
          [
            141.3095566,
            43.0916932
          ],
          [
            141.3097564,
            43.0915839
          ],
          [
            141.3095566,
            43.0916932
          ],
          [
            141.3092824,
            43.0914486
          ],
          [
            141.3090902,
            43.0915654
          ],
          [
            141.3085272,
            43.0918924
          ],
          [
            141.3090902,
            43.0915654
          ],
          [
            141.3092824,
            43.0914486
          ],
          [
            141.3095566,
            43.0916932
          ],
          [
            141.3088052,
            43.0921305
          ],
          [
            141.3095566,
            43.0916932
          ],
          [
            141.3098441,
            43.0919608
          ],
          [
            141.309086,
            43.0923787
          ],
          [
            141.3098441,
            43.0919608
          ],
          [
            141.3100961,
            43.0921906
          ],
          [
            141.3098209,
            43.0923458
          ],
          [
            141.3093537,
            43.0926166
          ],
          [
            141.3098209,
            43.0923458
          ],
          [
            141.3104784,
            43.0929397
          ],
          [
            141.3100008,
            43.0932024
          ],
          [
            141.3104784,
            43.0929397
          ],
          [
            141.3112863,
            43.0936674
          ],
          [
            141.3114067,
            43.0935973
          ],
          [
            141.3117106,
            43.0934162
          ],
          [
            141.3118358,
            43.0933445
          ],
          [
            141.3117106,
            43.0934162
          ],
          [
            141.3114067,
            43.0935973
          ],
          [
            141.3118848,
            43.0940158
          ],
          [
            141.3114705,
            43.094258
          ],
          [
            141.3112408,
            43.0943923
          ],
          [
            141.310851,
            43.094003
          ],
          [
            141.3112408,
            43.0943923
          ],
          [
            141.3115274,
            43.0946785
          ],
          [
            141.3116288,
            43.0947818
          ],
          [
            141.3115274,
            43.0946785
          ],
          [
            141.3117983,
            43.0945315
          ],
          [
            141.3115274,
            43.0946785
          ],
          [
            141.3112408,
            43.0943923
          ],
          [
            141.3109871,
            43.0945617
          ],
          [
            141.3107415,
            43.0943298
          ],
          [
            141.3103558,
            43.0945556
          ],
          [
            141.3107415,
            43.0943298
          ],
          [
            141.3109871,
            43.0945617
          ],
          [
            141.3113775,
            43.0949302
          ],
          [
            141.3116288,
            43.0947818
          ],
          [
            141.3113775,
            43.0949302
          ],
          [
            141.3109871,
            43.0945617
          ],
          [
            141.3112408,
            43.0943923
          ],
          [
            141.3114705,
            43.094258
          ],
          [
            141.3118848,
            43.0940158
          ],
          [
            141.3122154,
            43.0943053
          ],
          [
            141.3117983,
            43.0945315
          ],
          [
            141.3122154,
            43.0943053
          ],
          [
            141.3129096,
            43.0949131
          ],
          [
            141.313706,
            43.0944346
          ],
          [
            141.3141304,
            43.0941663
          ],
          [
            141.3141637,
            43.0941452
          ],
          [
            141.3141304,
            43.0941663
          ],
          [
            141.313706,
            43.0944346
          ],
          [
            141.313449,
            43.0942134
          ],
          [
            141.3132148,
            43.0939899
          ],
          [
            141.3129725,
            43.0937667
          ],
          [
            141.3132148,
            43.0939899
          ],
          [
            141.3129725,
            43.0937667
          ],
          [
            141.3127141,
            43.0935385
          ],
          [
            141.3129725,
            43.0937667
          ],
          [
            141.3134008,
            43.0935116
          ],
          [
            141.3134339,
            43.0934919
          ],
          [
            141.3139768,
            43.0931897
          ],
          [
            141.313742,
            43.0929798
          ],
          [
            141.3139768,
            43.0931897
          ],
          [
            141.314019,
            43.0932273
          ],
          [
            141.3142156,
            43.0934031
          ],
          [
            141.3143664,
            43.0935379
          ],
          [
            141.3144683,
            43.0936297
          ],
          [
            141.314702,
            43.093838
          ],
          [
            141.3141637,
            43.0941452
          ],
          [
            141.314702,
            43.093838
          ],
          [
            141.3144683,
            43.0936297
          ],
          [
            141.3143664,
            43.0935379
          ],
          [
            141.3142156,
            43.0934031
          ],
          [
            141.314019,
            43.0932273
          ],
          [
            141.3139768,
            43.0931897
          ],
          [
            141.3134339,
            43.0934919
          ],
          [
            141.3134008,
            43.0935116
          ],
          [
            141.3129725,
            43.0937667
          ],
          [
            141.3127141,
            43.0935385
          ],
          [
            141.3123173,
            43.0937658
          ],
          [
            141.3118848,
            43.0940158
          ],
          [
            141.3123173,
            43.0937658
          ],
          [
            141.3127141,
            43.0935385
          ],
          [
            141.3122109,
            43.0931181
          ],
          [
            141.3123111,
            43.0930604
          ],
          [
            141.3122109,
            43.0931181
          ],
          [
            141.3118358,
            43.0933445
          ],
          [
            141.3123173,
            43.0937658
          ],
          [
            141.3118358,
            43.0933445
          ],
          [
            141.3122109,
            43.0931181
          ],
          [
            141.3123111,
            43.0930604
          ],
          [
            141.3126246,
            43.0928659
          ],
          [
            141.3123111,
            43.0930604
          ],
          [
            141.3122699,
            43.093023
          ],
          [
            141.3114885,
            43.0923147
          ],
          [
            141.3117694,
            43.0921461
          ],
          [
            141.3118051,
            43.0921247
          ],
          [
            141.3114335,
            43.091807
          ],
          [
            141.3107521,
            43.0911771
          ],
          [
            141.309756,
            43.0902563
          ],
          [
            141.3096888,
            43.0901941
          ],
          [
            141.3103693,
            43.0897967
          ],
          [
            141.3104351,
            43.089857
          ],
          [
            141.3113045,
            43.090654
          ],
          [
            141.3113589,
            43.0906227
          ],
          [
            141.3117082,
            43.090422
          ],
          [
            141.3120607,
            43.0902193
          ],
          [
            141.3124339,
            43.0900048
          ],
          [
            141.3120607,
            43.0902193
          ],
          [
            141.3117082,
            43.090422
          ],
          [
            141.3113589,
            43.0906227
          ],
          [
            141.3113045,
            43.090654
          ],
          [
            141.3123532,
            43.0916154
          ],
          [
            141.3132907,
            43.0924747
          ],
          [
            141.3123532,
            43.0916154
          ],
          [
            141.3127415,
            43.0913843
          ],
          [
            141.3136955,
            43.0922336
          ],
          [
            141.3132907,
            43.0924747
          ],
          [
            141.3126246,
            43.0928659
          ],
          [
            141.3132907,
            43.0924747
          ],
          [
            141.3136955,
            43.0922336
          ],
          [
            141.3127415,
            43.0913843
          ],
          [
            141.3130922,
            43.0911756
          ],
          [
            141.3140414,
            43.0920274
          ],
          [
            141.3136955,
            43.0922336
          ],
          [
            141.3140414,
            43.0920274
          ],
          [
            141.3143642,
            43.0918377
          ],
          [
            141.3144165,
            43.091807
          ],
          [
            141.3144852,
            43.0918635
          ],
          [
            141.3144165,
            43.091807
          ],
          [
            141.3142754,
            43.091684
          ],
          [
            141.313961,
            43.0914013
          ],
          [
            141.3134823,
            43.0909619
          ],
          [
            141.3134701,
            43.0909507
          ],
          [
            141.3129228,
            43.0904507
          ],
          [
            141.3126749,
            43.0902242
          ],
          [
            141.3127391,
            43.0901884
          ],
          [
            141.3133278,
            43.0898599
          ],
          [
            141.3127391,
            43.0901884
          ],
          [
            141.3126749,
            43.0902242
          ],
          [
            141.3124339,
            43.0900048
          ],
          [
            141.3115574,
            43.0892066
          ],
          [
            141.311488,
            43.0891433
          ],
          [
            141.3115574,
            43.0892066
          ],
          [
            141.3124339,
            43.0900048
          ],
          [
            141.3126749,
            43.0902242
          ],
          [
            141.3129228,
            43.0904507
          ],
          [
            141.3134701,
            43.0909507
          ],
          [
            141.3134823,
            43.0909619
          ],
          [
            141.313961,
            43.0914013
          ],
          [
            141.3140286,
            43.091362
          ],
          [
            141.3144144,
            43.0911379
          ],
          [
            141.31494,
            43.0908108
          ],
          [
            141.3144144,
            43.0911379
          ],
          [
            141.3141486,
            43.0909163
          ],
          [
            141.3144546,
            43.0907165
          ],
          [
            141.3146639,
            43.0905804
          ],
          [
            141.31494,
            43.0908108
          ],
          [
            141.3146639,
            43.0905804
          ],
          [
            141.3144546,
            43.0907165
          ],
          [
            141.3142864,
            43.0905698
          ],
          [
            141.3139946,
            43.0903195
          ],
          [
            141.3145534,
            43.0899634
          ],
          [
            141.3142959,
            43.0897506
          ],
          [
            141.3138092,
            43.0900628
          ],
          [
            141.3134868,
            43.0897746
          ],
          [
            141.3133278,
            43.0898599
          ],
          [
            141.3132971,
            43.0898326
          ],
          [
            141.3131041,
            43.0896607
          ],
          [
            141.3132971,
            43.0898326
          ],
          [
            141.3133278,
            43.0898599
          ],
          [
            141.3134868,
            43.0897746
          ],
          [
            141.3142559,
            43.0892991
          ],
          [
            141.3144845,
            43.0894878
          ],
          [
            141.3142559,
            43.0892991
          ],
          [
            141.3145574,
            43.0890811
          ],
          [
            141.314261,
            43.0888159
          ],
          [
            141.3142375,
            43.0887949
          ],
          [
            141.3141986,
            43.0887589
          ],
          [
            141.3138143,
            43.088403
          ],
          [
            141.31386,
            43.0883759
          ],
          [
            141.3146433,
            43.0879123
          ],
          [
            141.31386,
            43.0883759
          ],
          [
            141.3138143,
            43.088403
          ],
          [
            141.3133508,
            43.0886662
          ],
          [
            141.31377,
            43.0890311
          ],
          [
            141.3129603,
            43.0895082
          ],
          [
            141.3131041,
            43.0896607
          ],
          [
            141.3129603,
            43.0895082
          ],
          [
            141.3121956,
            43.0888273
          ],
          [
            141.3129603,
            43.0895082
          ],
          [
            141.31377,
            43.0890311
          ],
          [
            141.3133508,
            43.0886662
          ],
          [
            141.3130038,
            43.0883522
          ],
          [
            141.3133508,
            43.0886662
          ],
          [
            141.3138143,
            43.088403
          ],
          [
            141.3137796,
            43.088372
          ],
          [
            141.3134541,
            43.0880806
          ],
          [
            141.3133962,
            43.0880288
          ],
          [
            141.3133343,
            43.088065
          ],
          [
            141.3132455,
            43.0881168
          ],
          [
            141.3130026,
            43.0878955
          ],
          [
            141.3128174,
            43.0877267
          ],
          [
            141.3131403,
            43.0875326
          ],
          [
            141.3131652,
            43.087487
          ],
          [
            141.3131903,
            43.0874409
          ],
          [
            141.3135708,
            43.0872279
          ],
          [
            141.3137214,
            43.0873606
          ],
          [
            141.3141129,
            43.0871363
          ],
          [
            141.3137214,
            43.0873606
          ],
          [
            141.3135708,
            43.0872279
          ],
          [
            141.3133096,
            43.086982
          ],
          [
            141.3135708,
            43.0872279
          ],
          [
            141.3131903,
            43.0874409
          ],
          [
            141.3131652,
            43.087487
          ],
          [
            141.3128831,
            43.0872366
          ],
          [
            141.3131652,
            43.087487
          ],
          [
            141.3131403,
            43.0875326
          ],
          [
            141.3128174,
            43.0877267
          ],
          [
            141.3130026,
            43.0878955
          ],
          [
            141.3132455,
            43.0881168
          ],
          [
            141.31294,
            43.0882945
          ],
          [
            141.3130038,
            43.0883522
          ],
          [
            141.31294,
            43.0882945
          ],
          [
            141.3127348,
            43.0884151
          ],
          [
            141.312269,
            43.0886872
          ],
          [
            141.3121296,
            43.0887664
          ],
          [
            141.3121956,
            43.0888273
          ],
          [
            141.3121296,
            43.0887664
          ],
          [
            141.312269,
            43.0886872
          ],
          [
            141.3115429,
            43.0880275
          ],
          [
            141.3120045,
            43.0877563
          ],
          [
            141.3115429,
            43.0880275
          ],
          [
            141.3108461,
            43.0873944
          ],
          [
            141.3104945,
            43.0870749
          ],
          [
            141.3114711,
            43.0864969
          ],
          [
            141.3110878,
            43.0861442
          ],
          [
            141.3114711,
            43.0864969
          ],
          [
            141.3118194,
            43.0868105
          ],
          [
            141.3121236,
            43.0870921
          ],
          [
            141.3122468,
            43.0872061
          ],
          [
            141.3122888,
            43.087245
          ],
          [
            141.3125185,
            43.0874543
          ],
          [
            141.3128174,
            43.0877267
          ],
          [
            141.3125185,
            43.0874543
          ],
          [
            141.3120045,
            43.0877563
          ],
          [
            141.3125185,
            43.0874543
          ],
          [
            141.3128831,
            43.0872366
          ],
          [
            141.3133096,
            43.086982
          ],
          [
            141.3136892,
            43.0867553
          ],
          [
            141.3141129,
            43.0871363
          ],
          [
            141.3143568,
            43.0873557
          ],
          [
            141.3144354,
            43.0874264
          ],
          [
            141.3142692,
            43.0875242
          ],
          [
            141.3143215,
            43.0875736
          ],
          [
            141.3146658,
            43.087899
          ],
          [
            141.3146433,
            43.0879123
          ],
          [
            141.3146658,
            43.087899
          ],
          [
            141.3143215,
            43.0875736
          ],
          [
            141.3142692,
            43.0875242
          ],
          [
            141.3144354,
            43.0874264
          ],
          [
            141.3143568,
            43.0873557
          ],
          [
            141.3141129,
            43.0871363
          ],
          [
            141.3136892,
            43.0867553
          ],
          [
            141.3133096,
            43.086982
          ],
          [
            141.3128831,
            43.0872366
          ],
          [
            141.3125185,
            43.0874543
          ],
          [
            141.3122888,
            43.087245
          ],
          [
            141.3122468,
            43.0872061
          ],
          [
            141.3121236,
            43.0870921
          ],
          [
            141.3118194,
            43.0868105
          ],
          [
            141.3114711,
            43.0864969
          ],
          [
            141.3104945,
            43.0870749
          ],
          [
            141.3101149,
            43.0867163
          ],
          [
            141.3096956,
            43.0869672
          ],
          [
            141.3096525,
            43.0869923
          ],
          [
            141.3093298,
            43.087181
          ],
          [
            141.3092871,
            43.087206
          ],
          [
            141.3093161,
            43.0872327
          ],
          [
            141.3097017,
            43.0875874
          ],
          [
            141.3098724,
            43.0876211
          ],
          [
            141.310535,
            43.0882381
          ],
          [
            141.3101837,
            43.0884323
          ],
          [
            141.3101175,
            43.0884689
          ],
          [
            141.3089826,
            43.08743
          ],
          [
            141.3101175,
            43.0884689
          ],
          [
            141.3101837,
            43.0884323
          ],
          [
            141.3102073,
            43.0884544
          ],
          [
            141.3103789,
            43.0886146
          ],
          [
            141.3110687,
            43.0882207
          ],
          [
            141.3114615,
            43.08858
          ],
          [
            141.3110687,
            43.0882207
          ],
          [
            141.3103789,
            43.0886146
          ],
          [
            141.3107626,
            43.088973
          ],
          [
            141.3111303,
            43.0887662
          ],
          [
            141.3114615,
            43.08858
          ],
          [
            141.3111303,
            43.0887662
          ],
          [
            141.3107626,
            43.088973
          ],
          [
            141.3103789,
            43.0886146
          ],
          [
            141.3102073,
            43.0884544
          ],
          [
            141.3101837,
            43.0884323
          ],
          [
            141.310535,
            43.0882381
          ],
          [
            141.3098724,
            43.0876211
          ],
          [
            141.3097017,
            43.0875874
          ],
          [
            141.3093161,
            43.0872327
          ],
          [
            141.3092871,
            43.087206
          ],
          [
            141.3089801,
            43.0873855
          ],
          [
            141.308952,
            43.087402
          ],
          [
            141.3089826,
            43.08743
          ],
          [
            141.308952,
            43.087402
          ],
          [
            141.3084886,
            43.0876729
          ],
          [
            141.3085145,
            43.0876977
          ],
          [
            141.3089578,
            43.0881226
          ],
          [
            141.3085145,
            43.0876977
          ],
          [
            141.3084886,
            43.0876729
          ],
          [
            141.308952,
            43.087402
          ],
          [
            141.3089801,
            43.0873855
          ],
          [
            141.3084444,
            43.0869352
          ],
          [
            141.3081734,
            43.0866536
          ],
          [
            141.3078074,
            43.0868461
          ],
          [
            141.3074261,
            43.0870636
          ],
          [
            141.3070753,
            43.0872949
          ],
          [
            141.3066997,
            43.0874985
          ],
          [
            141.3065694,
            43.0875574
          ],
          [
            141.3065346,
            43.0876093
          ],
          [
            141.3065211,
            43.0877553
          ],
          [
            141.3069595,
            43.0878202
          ],
          [
            141.3068505,
            43.0878852
          ],
          [
            141.3069595,
            43.0878202
          ],
          [
            141.3065211,
            43.0877553
          ],
          [
            141.3057192,
            43.0876557
          ],
          [
            141.3056746,
            43.0876349
          ],
          [
            141.3057392,
            43.0873841
          ],
          [
            141.3057254,
            43.0873303
          ],
          [
            141.3059003,
            43.0873434
          ],
          [
            141.3057254,
            43.0873303
          ],
          [
            141.3057173,
            43.0872989
          ],
          [
            141.3056372,
            43.0869864
          ],
          [
            141.3056034,
            43.0868999
          ],
          [
            141.3055115,
            43.0866652
          ],
          [
            141.3059885,
            43.0865635
          ],
          [
            141.3066789,
            43.0863973
          ],
          [
            141.3074261,
            43.0870636
          ],
          [
            141.307788,
            43.0873256
          ],
          [
            141.308332,
            43.0877645
          ],
          [
            141.307788,
            43.0873256
          ],
          [
            141.3069595,
            43.0878202
          ],
          [
            141.307788,
            43.0873256
          ],
          [
            141.3079117,
            43.087252
          ],
          [
            141.3084444,
            43.0869352
          ],
          [
            141.3086912,
            43.0867884
          ],
          [
            141.308836,
            43.0867021
          ],
          [
            141.3092046,
            43.086483
          ],
          [
            141.309159,
            43.0864427
          ],
          [
            141.3088482,
            43.0861683
          ],
          [
            141.3085292,
            43.0858864
          ],
          [
            141.3083708,
            43.0857465
          ],
          [
            141.3082031,
            43.0855984
          ],
          [
            141.3078062,
            43.0852334
          ],
          [
            141.3078217,
            43.0851925
          ],
          [
            141.3078062,
            43.0852334
          ],
          [
            141.307432,
            43.0854692
          ],
          [
            141.3071099,
            43.0856569
          ],
          [
            141.3070585,
            43.0856882
          ],
          [
            141.3071099,
            43.0856569
          ],
          [
            141.307432,
            43.0854692
          ],
          [
            141.3078062,
            43.0852334
          ],
          [
            141.3082031,
            43.0855984
          ],
          [
            141.3083708,
            43.0857465
          ],
          [
            141.3085292,
            43.0858864
          ],
          [
            141.3088482,
            43.0861683
          ],
          [
            141.309159,
            43.0864427
          ],
          [
            141.3092046,
            43.086483
          ],
          [
            141.308836,
            43.0867021
          ],
          [
            141.3086912,
            43.0867884
          ],
          [
            141.3084444,
            43.0869352
          ],
          [
            141.3079117,
            43.087252
          ],
          [
            141.307788,
            43.0873256
          ],
          [
            141.3074261,
            43.0870636
          ],
          [
            141.3066789,
            43.0863973
          ],
          [
            141.3065973,
            43.0862228
          ],
          [
            141.3064301,
            43.0858875
          ],
          [
            141.3069171,
            43.0857747
          ],
          [
            141.3069736,
            43.085731
          ],
          [
            141.3070585,
            43.0856882
          ],
          [
            141.3069736,
            43.085731
          ],
          [
            141.3066429,
            43.085433
          ],
          [
            141.3062032,
            43.0850377
          ],
          [
            141.3066429,
            43.085433
          ],
          [
            141.3069736,
            43.085731
          ],
          [
            141.3069171,
            43.0857747
          ],
          [
            141.3064301,
            43.0858875
          ],
          [
            141.3062287,
            43.0859371
          ],
          [
            141.3064301,
            43.0858875
          ],
          [
            141.3065973,
            43.0862228
          ],
          [
            141.3066789,
            43.0863973
          ],
          [
            141.3059885,
            43.0865635
          ],
          [
            141.3055115,
            43.0866652
          ],
          [
            141.3054608,
            43.0865356
          ],
          [
            141.3054441,
            43.0864928
          ],
          [
            141.3053033,
            43.0861629
          ],
          [
            141.3052763,
            43.0861076
          ],
          [
            141.3051573,
            43.0859643
          ],
          [
            141.3050406,
            43.0858206
          ],
          [
            141.3049613,
            43.0857216
          ],
          [
            141.3047983,
            43.0855248
          ],
          [
            141.3045903,
            43.0852686
          ],
          [
            141.3044764,
            43.0851206
          ],
          [
            141.3044437,
            43.0850897
          ],
          [
            141.3044764,
            43.0851206
          ],
          [
            141.3045903,
            43.0852686
          ],
          [
            141.3047983,
            43.0855248
          ],
          [
            141.3049613,
            43.0857216
          ],
          [
            141.3050406,
            43.0858206
          ],
          [
            141.3051573,
            43.0859643
          ],
          [
            141.3052763,
            43.0861076
          ],
          [
            141.3053033,
            43.0861629
          ],
          [
            141.3062287,
            43.0859371
          ],
          [
            141.3053033,
            43.0861629
          ],
          [
            141.3050274,
            43.0862315
          ],
          [
            141.3043069,
            43.0864047
          ],
          [
            141.3041714,
            43.0864467
          ],
          [
            141.3040932,
            43.0863377
          ],
          [
            141.3036399,
            43.0857539
          ],
          [
            141.3034066,
            43.0854248
          ],
          [
            141.3036399,
            43.0857539
          ],
          [
            141.3040932,
            43.0863377
          ],
          [
            141.3041714,
            43.0864467
          ],
          [
            141.3042139,
            43.0865061
          ],
          [
            141.3043319,
            43.0867001
          ],
          [
            141.304399,
            43.0868529
          ],
          [
            141.3044795,
            43.087131
          ],
          [
            141.3045063,
            43.0873289
          ],
          [
            141.3045009,
            43.0875208
          ],
          [
            141.3044687,
            43.0876795
          ],
          [
            141.3043981,
            43.0878914
          ],
          [
            141.3043444,
            43.0880579
          ],
          [
            141.3042827,
            43.0882303
          ],
          [
            141.3042327,
            43.0884709
          ],
          [
            141.304213,
            43.0887651
          ],
          [
            141.3042452,
            43.0890432
          ],
          [
            141.3043856,
            43.0894013
          ],
          [
            141.304517,
            43.0896794
          ],
          [
            141.3045934,
            43.0897763
          ],
          [
            141.3046833,
            43.0898929
          ],
          [
            141.3048214,
            43.0900281
          ],
          [
            141.3058062,
            43.0909393
          ],
          [
            141.3067462,
            43.0918065
          ],
          [
            141.3068417,
            43.0918946
          ],
          [
            141.3069463,
            43.0918337
          ],
          [
            141.3070306,
            43.0917846
          ],
          [
            141.3078543,
            43.0912814
          ],
          [
            141.3079212,
            43.0913445
          ],
          [
            141.3085272,
            43.0918924
          ],
          [
            141.3088052,
            43.0921305
          ],
          [
            141.3085272,
            43.0918924
          ],
          [
            141.3079212,
            43.0913445
          ],
          [
            141.3078543,
            43.0912814
          ],
          [
            141.3070306,
            43.0917846
          ],
          [
            141.3070798,
            43.0918306
          ],
          [
            141.3079517,
            43.0926449
          ],
          [
            141.3079935,
            43.0926839
          ],
          [
            141.307581,
            43.0929269
          ],
          [
            141.3079935,
            43.0926839
          ],
          [
            141.3088515,
            43.092169
          ],
          [
            141.3088052,
            43.0921305
          ],
          [
            141.3088515,
            43.092169
          ],
          [
            141.3079935,
            43.0926839
          ],
          [
            141.3081772,
            43.0928555
          ],
          [
            141.3090364,
            43.0923329
          ],
          [
            141.3088515,
            43.092169
          ],
          [
            141.3090364,
            43.0923329
          ],
          [
            141.309086,
            43.0923787
          ],
          [
            141.3093537,
            43.0926166
          ],
          [
            141.3096443,
            43.0928787
          ],
          [
            141.3093537,
            43.0926166
          ],
          [
            141.309086,
            43.0923787
          ],
          [
            141.3090364,
            43.0923329
          ],
          [
            141.3081772,
            43.0928555
          ],
          [
            141.3084827,
            43.0931408
          ],
          [
            141.3087694,
            43.0934086
          ],
          [
            141.3089182,
            43.0935476
          ],
          [
            141.3097966,
            43.0930163
          ],
          [
            141.3096443,
            43.0928787
          ],
          [
            141.3097966,
            43.0930163
          ],
          [
            141.3099023,
            43.09311
          ],
          [
            141.3100008,
            43.0932024
          ],
          [
            141.3107447,
            43.0939013
          ],
          [
            141.3107991,
            43.0939512
          ],
          [
            141.310851,
            43.094003
          ],
          [
            141.3107991,
            43.0939512
          ],
          [
            141.3107211,
            43.0939966
          ],
          [
            141.3107991,
            43.0939512
          ],
          [
            141.3108865,
            43.0939002
          ],
          [
            141.3110093,
            43.0938287
          ],
          [
            141.3112863,
            43.0936674
          ],
          [
            141.3110093,
            43.0938287
          ],
          [
            141.3114705,
            43.094258
          ],
          [
            141.3117983,
            43.0945315
          ],
          [
            141.3114705,
            43.094258
          ],
          [
            141.3110093,
            43.0938287
          ],
          [
            141.3108865,
            43.0939002
          ],
          [
            141.3107991,
            43.0939512
          ],
          [
            141.3107447,
            43.0939013
          ],
          [
            141.3100008,
            43.0932024
          ],
          [
            141.3099023,
            43.09311
          ],
          [
            141.3097966,
            43.0930163
          ],
          [
            141.3089182,
            43.0935476
          ],
          [
            141.3085101,
            43.0937837
          ],
          [
            141.307581,
            43.0929269
          ],
          [
            141.3085101,
            43.0937837
          ],
          [
            141.308045,
            43.0940527
          ],
          [
            141.3075853,
            43.0943276
          ],
          [
            141.3066466,
            43.0934685
          ],
          [
            141.3056575,
            43.0925844
          ],
          [
            141.3061371,
            43.0923051
          ],
          [
            141.3056575,
            43.0925844
          ],
          [
            141.3052193,
            43.0928464
          ],
          [
            141.3061924,
            43.0937337
          ],
          [
            141.3069534,
            43.0944091
          ],
          [
            141.3061924,
            43.0937337
          ],
          [
            141.305584,
            43.0941037
          ],
          [
            141.3059704,
            43.0944564
          ],
          [
            141.3054578,
            43.0947587
          ],
          [
            141.3059704,
            43.0944564
          ],
          [
            141.305584,
            43.0941037
          ],
          [
            141.3061924,
            43.0937337
          ],
          [
            141.3066466,
            43.0934685
          ],
          [
            141.3071109,
            43.0931929
          ],
          [
            141.307581,
            43.0929269
          ],
          [
            141.3071109,
            43.0931929
          ],
          [
            141.3061371,
            43.0923051
          ],
          [
            141.3071109,
            43.0931929
          ],
          [
            141.308045,
            43.0940527
          ],
          [
            141.3081035,
            43.0941066
          ],
          [
            141.3090445,
            43.0949733
          ],
          [
            141.3090311,
            43.0949811
          ],
          [
            141.3090445,
            43.0949733
          ],
          [
            141.3091502,
            43.0949117
          ],
          [
            141.3092456,
            43.0948561
          ],
          [
            141.3096022,
            43.0946484
          ],
          [
            141.3101203,
            43.0943466
          ],
          [
            141.3107211,
            43.0939966
          ],
          [
            141.3101203,
            43.0943466
          ],
          [
            141.3103558,
            43.0945556
          ],
          [
            141.3101203,
            43.0943466
          ],
          [
            141.3096022,
            43.0946484
          ],
          [
            141.3092456,
            43.0948561
          ],
          [
            141.3091502,
            43.0949117
          ],
          [
            141.3090445,
            43.0949733
          ],
          [
            141.3081035,
            43.0941066
          ],
          [
            141.308045,
            43.0940527
          ],
          [
            141.3071109,
            43.0931929
          ],
          [
            141.3066466,
            43.0934685
          ],
          [
            141.3061924,
            43.0937337
          ],
          [
            141.3052193,
            43.0928464
          ],
          [
            141.3051425,
            43.0928922
          ],
          [
            141.3049031,
            43.0927142
          ],
          [
            141.3040988,
            43.0921159
          ],
          [
            141.3040012,
            43.0920848
          ],
          [
            141.3034582,
            43.0920243
          ],
          [
            141.3033829,
            43.0920373
          ],
          [
            141.3033307,
            43.092086
          ],
          [
            141.3021057,
            43.0928108
          ],
          [
            141.3015941,
            43.0924092
          ],
          [
            141.3011356,
            43.092069
          ],
          [
            141.3010012,
            43.091967
          ],
          [
            141.3005187,
            43.0916072
          ],
          [
            141.3010012,
            43.091967
          ],
          [
            141.3011356,
            43.092069
          ],
          [
            141.3015941,
            43.0924092
          ],
          [
            141.3021057,
            43.0928108
          ],
          [
            141.3023434,
            43.092968
          ],
          [
            141.3028297,
            43.0933353
          ],
          [
            141.3023434,
            43.092968
          ],
          [
            141.3022561,
            43.0930244
          ],
          [
            141.3019322,
            43.0932339
          ],
          [
            141.3008759,
            43.0924582
          ],
          [
            141.3010715,
            43.0921651
          ],
          [
            141.3011356,
            43.092069
          ],
          [
            141.3010715,
            43.0921651
          ],
          [
            141.3008759,
            43.0924582
          ],
          [
            141.3006753,
            43.0927781
          ],
          [
            141.3015894,
            43.0934554
          ],
          [
            141.3016665,
            43.0934056
          ],
          [
            141.3019322,
            43.0932339
          ],
          [
            141.3016665,
            43.0934056
          ],
          [
            141.3015894,
            43.0934554
          ],
          [
            141.3013236,
            43.0936272
          ],
          [
            141.3017592,
            43.0940272
          ],
          [
            141.3021156,
            43.0937968
          ],
          [
            141.3016665,
            43.0934056
          ],
          [
            141.3021156,
            43.0937968
          ],
          [
            141.3017592,
            43.0940272
          ],
          [
            141.3019117,
            43.0941672
          ],
          [
            141.3022683,
            43.0944794
          ],
          [
            141.3019117,
            43.0941672
          ],
          [
            141.3016241,
            43.0943449
          ],
          [
            141.3015948,
            43.0943671
          ],
          [
            141.3016241,
            43.0943449
          ],
          [
            141.3019117,
            43.0941672
          ],
          [
            141.3017592,
            43.0940272
          ],
          [
            141.3013236,
            43.0936272
          ],
          [
            141.3009134,
            43.0938923
          ],
          [
            141.300879,
            43.0939146
          ],
          [
            141.3007959,
            43.0940399
          ],
          [
            141.3005391,
            43.094214
          ],
          [
            141.3003864,
            43.0943171
          ],
          [
            141.300015,
            43.0945471
          ],
          [
            141.3003066,
            43.0948135
          ],
          [
            141.3004561,
            43.0949501
          ],
          [
            141.3003066,
            43.0948135
          ],
          [
            141.300015,
            43.0945471
          ]
        ]
      }
    },
    {
      "type": "Feature",
      "properties": {
        "scenario": 2,
        "vehicle": 1,
        "depot": "仮設待機点A",
        "hours": 3.023763169597939,
        "distance_km": 24.920975219987465
      },
      "geometry": {
        "type": "LineString",
        "coordinates": [
          [
            141.300015,
            43.0945471
          ],
          [
            141.3003864,
            43.0943171
          ],
          [
            141.3005391,
            43.094214
          ],
          [
            141.3007959,
            43.0940399
          ],
          [
            141.300879,
            43.0939146
          ],
          [
            141.3009134,
            43.0938923
          ],
          [
            141.3013236,
            43.0936272
          ],
          [
            141.3015894,
            43.0934554
          ],
          [
            141.3006753,
            43.0927781
          ],
          [
            141.3006402,
            43.0928251
          ],
          [
            141.300532,
            43.092889
          ],
          [
            141.3003331,
            43.0931617
          ],
          [
            141.300532,
            43.092889
          ],
          [
            141.3006402,
            43.0928251
          ],
          [
            141.3006753,
            43.0927781
          ],
          [
            141.3008759,
            43.0924582
          ],
          [
            141.3019322,
            43.0932339
          ],
          [
            141.3022561,
            43.0930244
          ],
          [
            141.3023434,
            43.092968
          ],
          [
            141.3021057,
            43.0928108
          ],
          [
            141.3033307,
            43.092086
          ],
          [
            141.3044891,
            43.0929324
          ],
          [
            141.3049031,
            43.0927142
          ],
          [
            141.3044891,
            43.0929324
          ],
          [
            141.3033307,
            43.092086
          ],
          [
            141.3033829,
            43.0920373
          ],
          [
            141.3034582,
            43.0920243
          ],
          [
            141.3040012,
            43.0920848
          ],
          [
            141.3040988,
            43.0921159
          ],
          [
            141.3049031,
            43.0927142
          ],
          [
            141.3051425,
            43.0928922
          ],
          [
            141.3045984,
            43.0932058
          ],
          [
            141.3044598,
            43.0932868
          ],
          [
            141.3040792,
            43.0935107
          ],
          [
            141.3036754,
            43.0937478
          ],
          [
            141.3035112,
            43.0938443
          ],
          [
            141.3033388,
            43.0939413
          ],
          [
            141.3025528,
            43.0944078
          ],
          [
            141.3023336,
            43.0945366
          ],
          [
            141.3020012,
            43.094735
          ],
          [
            141.3019342,
            43.0946744
          ],
          [
            141.3015948,
            43.0943671
          ],
          [
            141.3014633,
            43.0942451
          ],
          [
            141.3012199,
            43.0940192
          ],
          [
            141.3014633,
            43.0942451
          ],
          [
            141.3015948,
            43.0943671
          ],
          [
            141.3019342,
            43.0946744
          ],
          [
            141.3020012,
            43.094735
          ],
          [
            141.3023336,
            43.0945366
          ],
          [
            141.3022683,
            43.0944794
          ],
          [
            141.3023336,
            43.0945366
          ],
          [
            141.3025528,
            43.0944078
          ],
          [
            141.3026168,
            43.0944665
          ],
          [
            141.3025528,
            43.0944078
          ],
          [
            141.3033388,
            43.0939413
          ],
          [
            141.3035112,
            43.0938443
          ],
          [
            141.3033727,
            43.0937331
          ],
          [
            141.3028297,
            43.0933353
          ],
          [
            141.3027509,
            43.0933862
          ],
          [
            141.3021156,
            43.0937968
          ],
          [
            141.3027509,
            43.0933862
          ],
          [
            141.3028297,
            43.0933353
          ],
          [
            141.3033727,
            43.0937331
          ],
          [
            141.3035112,
            43.0938443
          ],
          [
            141.3036244,
            43.0939528
          ],
          [
            141.3045004,
            43.0947423
          ],
          [
            141.3036244,
            43.0939528
          ],
          [
            141.3035112,
            43.0938443
          ],
          [
            141.3036754,
            43.0937478
          ],
          [
            141.3040792,
            43.0935107
          ],
          [
            141.3041574,
            43.0935765
          ],
          [
            141.3045973,
            43.0939703
          ],
          [
            141.3050413,
            43.0943644
          ],
          [
            141.3050813,
            43.0943999
          ],
          [
            141.3045004,
            43.0947423
          ],
          [
            141.3050813,
            43.0943999
          ],
          [
            141.3050413,
            43.0943644
          ],
          [
            141.3045973,
            43.0939703
          ],
          [
            141.3041574,
            43.0935765
          ],
          [
            141.3040792,
            43.0935107
          ],
          [
            141.3044598,
            43.0932868
          ],
          [
            141.3045984,
            43.0932058
          ],
          [
            141.3051038,
            43.0936712
          ],
          [
            141.305584,
            43.0941037
          ],
          [
            141.3050813,
            43.0943999
          ],
          [
            141.3054578,
            43.0947587
          ],
          [
            141.305525,
            43.0948228
          ],
          [
            141.3054578,
            43.0947587
          ],
          [
            141.3050813,
            43.0943999
          ],
          [
            141.305584,
            43.0941037
          ],
          [
            141.3051038,
            43.0936712
          ],
          [
            141.3045984,
            43.0932058
          ],
          [
            141.3051425,
            43.0928922
          ],
          [
            141.3052193,
            43.0928464
          ],
          [
            141.3056575,
            43.0925844
          ],
          [
            141.3066466,
            43.0934685
          ],
          [
            141.3075853,
            43.0943276
          ],
          [
            141.3071419,
            43.0945752
          ],
          [
            141.3069534,
            43.0944091
          ],
          [
            141.3063308,
            43.09478
          ],
          [
            141.3059704,
            43.0944564
          ],
          [
            141.3063308,
            43.09478
          ],
          [
            141.3069534,
            43.0944091
          ],
          [
            141.3071419,
            43.0945752
          ],
          [
            141.3075853,
            43.0943276
          ],
          [
            141.308045,
            43.0940527
          ],
          [
            141.3085101,
            43.0937837
          ],
          [
            141.3089182,
            43.0935476
          ],
          [
            141.3087694,
            43.0934086
          ],
          [
            141.3084827,
            43.0931408
          ],
          [
            141.3081772,
            43.0928555
          ],
          [
            141.3079935,
            43.0926839
          ],
          [
            141.3079517,
            43.0926449
          ],
          [
            141.3070798,
            43.0918306
          ],
          [
            141.3070306,
            43.0917846
          ],
          [
            141.3069463,
            43.0918337
          ],
          [
            141.3068417,
            43.0918946
          ],
          [
            141.3067607,
            43.0919418
          ],
          [
            141.3061371,
            43.0923051
          ],
          [
            141.3067607,
            43.0919418
          ],
          [
            141.3068417,
            43.0918946
          ],
          [
            141.3067462,
            43.0918065
          ],
          [
            141.3058062,
            43.0909393
          ],
          [
            141.3048214,
            43.0900281
          ],
          [
            141.3046833,
            43.0898929
          ],
          [
            141.3045934,
            43.0897763
          ],
          [
            141.304517,
            43.0896794
          ],
          [
            141.3043856,
            43.0894013
          ],
          [
            141.3042452,
            43.0890432
          ],
          [
            141.304213,
            43.0887651
          ],
          [
            141.3042327,
            43.0884709
          ],
          [
            141.3042827,
            43.0882303
          ],
          [
            141.3043444,
            43.0880579
          ],
          [
            141.3043981,
            43.0878914
          ],
          [
            141.3044687,
            43.0876795
          ],
          [
            141.3045009,
            43.0875208
          ],
          [
            141.3045063,
            43.0873289
          ],
          [
            141.3044795,
            43.087131
          ],
          [
            141.304399,
            43.0868529
          ],
          [
            141.3043319,
            43.0867001
          ],
          [
            141.3042139,
            43.0865061
          ],
          [
            141.3041714,
            43.0864467
          ],
          [
            141.3043069,
            43.0864047
          ],
          [
            141.3050274,
            43.0862315
          ],
          [
            141.3053033,
            43.0861629
          ],
          [
            141.3054441,
            43.0864928
          ],
          [
            141.3054608,
            43.0865356
          ],
          [
            141.3055115,
            43.0866652
          ],
          [
            141.3056034,
            43.0868999
          ],
          [
            141.3056372,
            43.0869864
          ],
          [
            141.3057173,
            43.0872989
          ],
          [
            141.3057254,
            43.0873303
          ],
          [
            141.3057392,
            43.0873841
          ],
          [
            141.3056746,
            43.0876349
          ],
          [
            141.3057192,
            43.0876557
          ],
          [
            141.3065211,
            43.0877553
          ],
          [
            141.3065346,
            43.0876093
          ],
          [
            141.3065694,
            43.0875574
          ],
          [
            141.3066997,
            43.0874985
          ],
          [
            141.3064285,
            43.087254
          ],
          [
            141.3062578,
            43.0873538
          ],
          [
            141.3061459,
            43.0873683
          ],
          [
            141.3059003,
            43.0873434
          ],
          [
            141.3061459,
            43.0873683
          ],
          [
            141.3062578,
            43.0873538
          ],
          [
            141.3064285,
            43.087254
          ],
          [
            141.3061933,
            43.0870608
          ],
          [
            141.3060928,
            43.0868807
          ],
          [
            141.3064532,
            43.0868004
          ],
          [
            141.3065461,
            43.0868101
          ],
          [
            141.3067927,
            43.0870345
          ],
          [
            141.3070753,
            43.0872949
          ],
          [
            141.3067927,
            43.0870345
          ],
          [
            141.3065461,
            43.0868101
          ],
          [
            141.3064532,
            43.0868004
          ],
          [
            141.3060928,
            43.0868807
          ],
          [
            141.3059885,
            43.0865635
          ],
          [
            141.3060928,
            43.0868807
          ],
          [
            141.3061933,
            43.0870608
          ],
          [
            141.3064285,
            43.087254
          ],
          [
            141.3066997,
            43.0874985
          ],
          [
            141.3070753,
            43.0872949
          ],
          [
            141.3074261,
            43.0870636
          ],
          [
            141.3078074,
            43.0868461
          ],
          [
            141.3072735,
            43.0864105
          ],
          [
            141.3070106,
            43.08615
          ],
          [
            141.3069329,
            43.0861422
          ],
          [
            141.3065973,
            43.0862228
          ],
          [
            141.3069329,
            43.0861422
          ],
          [
            141.3070106,
            43.08615
          ],
          [
            141.3072735,
            43.0864105
          ],
          [
            141.3076329,
            43.0861909
          ],
          [
            141.308002,
            43.0859686
          ],
          [
            141.308836,
            43.0867021
          ],
          [
            141.308002,
            43.0859686
          ],
          [
            141.3083708,
            43.0857465
          ],
          [
            141.308002,
            43.0859686
          ],
          [
            141.307432,
            43.0854692
          ],
          [
            141.308002,
            43.0859686
          ],
          [
            141.3076329,
            43.0861909
          ],
          [
            141.3072735,
            43.0864105
          ],
          [
            141.3078074,
            43.0868461
          ],
          [
            141.3081734,
            43.0866536
          ],
          [
            141.3076329,
            43.0861909
          ],
          [
            141.3070585,
            43.0856882
          ],
          [
            141.3076329,
            43.0861909
          ],
          [
            141.3081734,
            43.0866536
          ],
          [
            141.3084444,
            43.0869352
          ],
          [
            141.3089801,
            43.0873855
          ],
          [
            141.3092871,
            43.087206
          ],
          [
            141.3093298,
            43.087181
          ],
          [
            141.3096525,
            43.0869923
          ],
          [
            141.3096956,
            43.0869672
          ],
          [
            141.31094,
            43.088103
          ],
          [
            141.3110687,
            43.0882207
          ],
          [
            141.31094,
            43.088103
          ],
          [
            141.3096956,
            43.0869672
          ],
          [
            141.3101149,
            43.0867163
          ],
          [
            141.3102475,
            43.0866372
          ],
          [
            141.3094961,
            43.0859642
          ],
          [
            141.3092315,
            43.0857207
          ],
          [
            141.3088477,
            43.0853534
          ],
          [
            141.3093825,
            43.0850344
          ],
          [
            141.3094196,
            43.0850122
          ],
          [
            141.3094388,
            43.0850303
          ],
          [
            141.3098219,
            43.0853713
          ],
          [
            141.3100918,
            43.0856212
          ],
          [
            141.3101504,
            43.0856715
          ],
          [
            141.3107549,
            43.0853376
          ],
          [
            141.3109999,
            43.0855577
          ],
          [
            141.3112363,
            43.0857824
          ],
          [
            141.3114148,
            43.0859521
          ],
          [
            141.3120642,
            43.0855725
          ],
          [
            141.3115395,
            43.0850912
          ],
          [
            141.3120642,
            43.0855725
          ],
          [
            141.3128971,
            43.0850815
          ],
          [
            141.3129663,
            43.0850407
          ],
          [
            141.3136491,
            43.0856675
          ],
          [
            141.3136926,
            43.085706
          ],
          [
            141.3137527,
            43.0857613
          ],
          [
            141.3138482,
            43.0858479
          ],
          [
            141.313931,
            43.0858004
          ],
          [
            141.3138482,
            43.0858479
          ],
          [
            141.3141707,
            43.086141
          ],
          [
            141.3145288,
            43.0864686
          ],
          [
            141.3145762,
            43.0865133
          ],
          [
            141.3145288,
            43.0864686
          ],
          [
            141.3146079,
            43.086422
          ],
          [
            141.3145288,
            43.0864686
          ],
          [
            141.3141707,
            43.086141
          ],
          [
            141.3142515,
            43.0860956
          ],
          [
            141.3141707,
            43.086141
          ],
          [
            141.3138482,
            43.0858479
          ],
          [
            141.3137527,
            43.0857613
          ],
          [
            141.3136926,
            43.085706
          ],
          [
            141.3136255,
            43.0857456
          ],
          [
            141.3127309,
            43.086273
          ],
          [
            141.313088,
            43.0865823
          ],
          [
            141.3133444,
            43.0864459
          ],
          [
            141.3136892,
            43.0867553
          ],
          [
            141.3137316,
            43.0867315
          ],
          [
            141.3138786,
            43.0866489
          ],
          [
            141.3136243,
            43.0864382
          ],
          [
            141.3138786,
            43.0866489
          ],
          [
            141.3137316,
            43.0867315
          ],
          [
            141.3136892,
            43.0867553
          ],
          [
            141.3133444,
            43.0864459
          ],
          [
            141.313088,
            43.0865823
          ],
          [
            141.3127309,
            43.086273
          ],
          [
            141.3136255,
            43.0857456
          ],
          [
            141.3136926,
            43.085706
          ],
          [
            141.3136491,
            43.0856675
          ],
          [
            141.3146084,
            43.0851215
          ],
          [
            141.3136491,
            43.0856675
          ],
          [
            141.3129663,
            43.0850407
          ],
          [
            141.3128971,
            43.0850815
          ],
          [
            141.3120642,
            43.0855725
          ],
          [
            141.3114148,
            43.0859521
          ],
          [
            141.3112363,
            43.0857824
          ],
          [
            141.3109999,
            43.0855577
          ],
          [
            141.3107549,
            43.0853376
          ],
          [
            141.3104164,
            43.0850217
          ],
          [
            141.3107549,
            43.0853376
          ],
          [
            141.3101504,
            43.0856715
          ],
          [
            141.3103931,
            43.0858987
          ],
          [
            141.3106444,
            43.0861309
          ],
          [
            141.3108256,
            43.086299
          ],
          [
            141.3106444,
            43.0861309
          ],
          [
            141.3103931,
            43.0858987
          ],
          [
            141.3109999,
            43.0855577
          ],
          [
            141.3103931,
            43.0858987
          ],
          [
            141.3101504,
            43.0856715
          ],
          [
            141.3100918,
            43.0856212
          ],
          [
            141.3098219,
            43.0853713
          ],
          [
            141.3094388,
            43.0850303
          ],
          [
            141.3094196,
            43.0850122
          ],
          [
            141.3093825,
            43.0850344
          ],
          [
            141.3088477,
            43.0853534
          ],
          [
            141.3092315,
            43.0857207
          ],
          [
            141.3097836,
            43.0854004
          ],
          [
            141.3098219,
            43.0853713
          ],
          [
            141.3104164,
            43.0850217
          ],
          [
            141.3098219,
            43.0853713
          ],
          [
            141.3097836,
            43.0854004
          ],
          [
            141.3092315,
            43.0857207
          ],
          [
            141.3094961,
            43.0859642
          ],
          [
            141.3102475,
            43.0866372
          ],
          [
            141.310508,
            43.0864834
          ],
          [
            141.3108256,
            43.086299
          ],
          [
            141.3110878,
            43.0861442
          ],
          [
            141.3114148,
            43.0859521
          ],
          [
            141.3110878,
            43.0861442
          ],
          [
            141.3108256,
            43.086299
          ],
          [
            141.310508,
            43.0864834
          ],
          [
            141.3102475,
            43.0866372
          ],
          [
            141.3101149,
            43.0867163
          ],
          [
            141.3104945,
            43.0870749
          ],
          [
            141.3108461,
            43.0873944
          ],
          [
            141.3118194,
            43.0868105
          ],
          [
            141.3127309,
            43.086273
          ],
          [
            141.3118194,
            43.0868105
          ],
          [
            141.3108461,
            43.0873944
          ],
          [
            141.3115429,
            43.0880275
          ],
          [
            141.312269,
            43.0886872
          ],
          [
            141.3127348,
            43.0884151
          ],
          [
            141.3120045,
            43.0877563
          ],
          [
            141.3117668,
            43.0875347
          ],
          [
            141.3116642,
            43.0874389
          ],
          [
            141.3117668,
            43.0875347
          ],
          [
            141.3122888,
            43.087245
          ],
          [
            141.3117668,
            43.0875347
          ],
          [
            141.3120045,
            43.0877563
          ],
          [
            141.3127348,
            43.0884151
          ],
          [
            141.31294,
            43.0882945
          ],
          [
            141.3132455,
            43.0881168
          ],
          [
            141.3133343,
            43.088065
          ],
          [
            141.3133962,
            43.0880288
          ],
          [
            141.3135452,
            43.0879388
          ],
          [
            141.3134707,
            43.0878781
          ],
          [
            141.3132896,
            43.0877308
          ],
          [
            141.3130026,
            43.0878955
          ],
          [
            141.3132896,
            43.0877308
          ],
          [
            141.3134707,
            43.0878781
          ],
          [
            141.3135452,
            43.0879388
          ],
          [
            141.3142692,
            43.0875242
          ],
          [
            141.3135452,
            43.0879388
          ],
          [
            141.3133962,
            43.0880288
          ],
          [
            141.3134541,
            43.0880806
          ],
          [
            141.3137796,
            43.088372
          ],
          [
            141.3138143,
            43.088403
          ],
          [
            141.3141986,
            43.0887589
          ],
          [
            141.3142375,
            43.0887949
          ],
          [
            141.3142109,
            43.0888092
          ],
          [
            141.31377,
            43.0890311
          ],
          [
            141.3142109,
            43.0888092
          ],
          [
            141.3142375,
            43.0887949
          ],
          [
            141.3142891,
            43.0887631
          ],
          [
            141.3142375,
            43.0887949
          ],
          [
            141.314261,
            43.0888159
          ],
          [
            141.3145574,
            43.0890811
          ],
          [
            141.3142559,
            43.0892991
          ],
          [
            141.3134868,
            43.0897746
          ],
          [
            141.3138092,
            43.0900628
          ],
          [
            141.3142959,
            43.0897506
          ],
          [
            141.3141982,
            43.0896698
          ],
          [
            141.3144845,
            43.0894878
          ],
          [
            141.3141982,
            43.0896698
          ],
          [
            141.3142959,
            43.0897506
          ],
          [
            141.3145534,
            43.0899634
          ],
          [
            141.3148538,
            43.0902117
          ],
          [
            141.3145534,
            43.0899634
          ],
          [
            141.3139946,
            43.0903195
          ],
          [
            141.3142864,
            43.0905698
          ],
          [
            141.3144546,
            43.0907165
          ],
          [
            141.3141486,
            43.0909163
          ],
          [
            141.3144144,
            43.0911379
          ],
          [
            141.3140286,
            43.091362
          ],
          [
            141.313961,
            43.0914013
          ],
          [
            141.3142754,
            43.091684
          ],
          [
            141.3143448,
            43.0916414
          ],
          [
            141.3142754,
            43.091684
          ],
          [
            141.3144165,
            43.091807
          ],
          [
            141.3143642,
            43.0918377
          ],
          [
            141.3140414,
            43.0920274
          ],
          [
            141.3130922,
            43.0911756
          ],
          [
            141.3120896,
            43.0902461
          ],
          [
            141.3120607,
            43.0902193
          ],
          [
            141.3120896,
            43.0902461
          ],
          [
            141.3130922,
            43.0911756
          ],
          [
            141.3134322,
            43.0909733
          ],
          [
            141.3134701,
            43.0909507
          ],
          [
            141.3134322,
            43.0909733
          ],
          [
            141.3130922,
            43.0911756
          ],
          [
            141.3127415,
            43.0913843
          ],
          [
            141.3117365,
            43.0904483
          ],
          [
            141.3117082,
            43.090422
          ],
          [
            141.3117365,
            43.0904483
          ],
          [
            141.3127415,
            43.0913843
          ],
          [
            141.3123532,
            43.0916154
          ],
          [
            141.3113045,
            43.090654
          ],
          [
            141.3104351,
            43.089857
          ],
          [
            141.3103693,
            43.0897967
          ],
          [
            141.3111538,
            43.0893385
          ],
          [
            141.3113532,
            43.089222
          ],
          [
            141.311488,
            43.0891433
          ],
          [
            141.3116097,
            43.0890722
          ],
          [
            141.3118476,
            43.0889333
          ],
          [
            141.3114615,
            43.08858
          ],
          [
            141.3118476,
            43.0889333
          ],
          [
            141.3121296,
            43.0887664
          ],
          [
            141.3118476,
            43.0889333
          ],
          [
            141.3116097,
            43.0890722
          ],
          [
            141.311488,
            43.0891433
          ],
          [
            141.3113532,
            43.089222
          ],
          [
            141.3111538,
            43.0893385
          ],
          [
            141.3109972,
            43.0891922
          ],
          [
            141.3107626,
            43.088973
          ],
          [
            141.3109972,
            43.0891922
          ],
          [
            141.3111538,
            43.0893385
          ],
          [
            141.3103693,
            43.0897967
          ],
          [
            141.3096888,
            43.0901941
          ],
          [
            141.3091873,
            43.090487
          ],
          [
            141.3085823,
            43.0899373
          ],
          [
            141.307963,
            43.0893746
          ],
          [
            141.307694,
            43.0891302
          ],
          [
            141.3074274,
            43.088888
          ],
          [
            141.3077917,
            43.0886821
          ],
          [
            141.308311,
            43.089167
          ],
          [
            141.3077917,
            43.0886821
          ],
          [
            141.3081305,
            43.0884906
          ],
          [
            141.3077576,
            43.0881414
          ],
          [
            141.3077309,
            43.0881164
          ],
          [
            141.3074888,
            43.0882584
          ],
          [
            141.3072416,
            43.0880452
          ],
          [
            141.3069849,
            43.0881922
          ],
          [
            141.3067774,
            43.0881662
          ],
          [
            141.3069849,
            43.0881922
          ],
          [
            141.3072416,
            43.0880452
          ],
          [
            141.3074888,
            43.0882584
          ],
          [
            141.3070303,
            43.0885273
          ],
          [
            141.3067852,
            43.088671
          ],
          [
            141.3066323,
            43.0887239
          ],
          [
            141.3067852,
            43.088671
          ],
          [
            141.3070303,
            43.0885273
          ],
          [
            141.3070836,
            43.0885757
          ],
          [
            141.3070303,
            43.0885273
          ],
          [
            141.3074888,
            43.0882584
          ],
          [
            141.3077309,
            43.0881164
          ],
          [
            141.3078912,
            43.0880223
          ],
          [
            141.3079782,
            43.0879714
          ],
          [
            141.308332,
            43.0877645
          ],
          [
            141.3084886,
            43.0876729
          ],
          [
            141.308332,
            43.0877645
          ],
          [
            141.3079782,
            43.0879714
          ],
          [
            141.3078912,
            43.0880223
          ],
          [
            141.3077309,
            43.0881164
          ],
          [
            141.3077576,
            43.0881414
          ],
          [
            141.3081305,
            43.0884906
          ],
          [
            141.3086475,
            43.0889748
          ],
          [
            141.3087892,
            43.0888962
          ],
          [
            141.3086475,
            43.0889748
          ],
          [
            141.3081305,
            43.0884906
          ],
          [
            141.3077917,
            43.0886821
          ],
          [
            141.3074274,
            43.088888
          ],
          [
            141.3070836,
            43.0885757
          ],
          [
            141.3074274,
            43.088888
          ],
          [
            141.307694,
            43.0891302
          ],
          [
            141.3069864,
            43.0895229
          ],
          [
            141.307694,
            43.0891302
          ],
          [
            141.307963,
            43.0893746
          ],
          [
            141.308311,
            43.089167
          ],
          [
            141.3084428,
            43.0890883
          ],
          [
            141.3086475,
            43.0889748
          ],
          [
            141.3084428,
            43.0890883
          ],
          [
            141.3088091,
            43.0894132
          ],
          [
            141.3084428,
            43.0890883
          ],
          [
            141.308311,
            43.089167
          ],
          [
            141.307963,
            43.0893746
          ],
          [
            141.3085823,
            43.0899373
          ],
          [
            141.3090738,
            43.0896482
          ],
          [
            141.3088091,
            43.0894132
          ],
          [
            141.3090738,
            43.0896482
          ],
          [
            141.3093397,
            43.0898842
          ],
          [
            141.3090738,
            43.0896482
          ],
          [
            141.3085823,
            43.0899373
          ],
          [
            141.3091873,
            43.090487
          ],
          [
            141.3084911,
            43.0908935
          ],
          [
            141.3084394,
            43.090925
          ],
          [
            141.3078543,
            43.0912814
          ],
          [
            141.3084394,
            43.090925
          ],
          [
            141.3084911,
            43.0908935
          ],
          [
            141.3075312,
            43.0900191
          ],
          [
            141.3072034,
            43.0897205
          ],
          [
            141.3069864,
            43.0895229
          ],
          [
            141.3067696,
            43.0893253
          ],
          [
            141.3067111,
            43.089272
          ],
          [
            141.3066457,
            43.0892136
          ],
          [
            141.3065653,
            43.0891412
          ],
          [
            141.3065501,
            43.0890663
          ],
          [
            141.3065694,
            43.0889858
          ],
          [
            141.3066323,
            43.0887239
          ],
          [
            141.3067774,
            43.0881662
          ],
          [
            141.3068505,
            43.0878852
          ],
          [
            141.3067774,
            43.0881662
          ],
          [
            141.3066323,
            43.0887239
          ],
          [
            141.3065694,
            43.0889858
          ],
          [
            141.3065501,
            43.0890663
          ],
          [
            141.3065653,
            43.0891412
          ],
          [
            141.3066457,
            43.0892136
          ],
          [
            141.3067111,
            43.089272
          ],
          [
            141.3067696,
            43.0893253
          ],
          [
            141.3069864,
            43.0895229
          ],
          [
            141.3072034,
            43.0897205
          ],
          [
            141.3075312,
            43.0900191
          ],
          [
            141.3084911,
            43.0908935
          ],
          [
            141.3091873,
            43.090487
          ],
          [
            141.3096888,
            43.0901941
          ],
          [
            141.3093397,
            43.0898842
          ],
          [
            141.3096888,
            43.0901941
          ],
          [
            141.309756,
            43.0902563
          ],
          [
            141.3107521,
            43.0911771
          ],
          [
            141.3114335,
            43.091807
          ],
          [
            141.3118051,
            43.0921247
          ],
          [
            141.3125738,
            43.0928217
          ],
          [
            141.3126246,
            43.0928659
          ],
          [
            141.3125738,
            43.0928217
          ],
          [
            141.3118051,
            43.0921247
          ],
          [
            141.3117694,
            43.0921461
          ],
          [
            141.3114885,
            43.0923147
          ],
          [
            141.3122699,
            43.093023
          ],
          [
            141.3123111,
            43.0930604
          ],
          [
            141.3126246,
            43.0928659
          ],
          [
            141.3131019,
            43.0933116
          ],
          [
            141.3127141,
            43.0935385
          ],
          [
            141.3122109,
            43.0931181
          ],
          [
            141.3127141,
            43.0935385
          ],
          [
            141.3131019,
            43.0933116
          ],
          [
            141.3131886,
            43.0932612
          ],
          [
            141.3131019,
            43.0933116
          ],
          [
            141.3131886,
            43.0932612
          ],
          [
            141.3137207,
            43.0929607
          ],
          [
            141.313787,
            43.0929232
          ],
          [
            141.3134942,
            43.0926565
          ],
          [
            141.3143824,
            43.0921572
          ],
          [
            141.3146588,
            43.0924081
          ],
          [
            141.3143824,
            43.0921572
          ],
          [
            141.3134942,
            43.0926565
          ],
          [
            141.3132907,
            43.0924747
          ],
          [
            141.3134942,
            43.0926565
          ],
          [
            141.313787,
            43.0929232
          ],
          [
            141.3146588,
            43.0924081
          ],
          [
            141.3148548,
            43.0922939
          ],
          [
            141.31491,
            43.0922618
          ],
          [
            141.3149964,
            43.0923359
          ],
          [
            141.31491,
            43.0922618
          ],
          [
            141.314641,
            43.0920148
          ],
          [
            141.3144852,
            43.0918635
          ],
          [
            141.314641,
            43.0920148
          ],
          [
            141.31491,
            43.0922618
          ],
          [
            141.3148548,
            43.0922939
          ],
          [
            141.3146588,
            43.0924081
          ],
          [
            141.313787,
            43.0929232
          ],
          [
            141.3137207,
            43.0929607
          ],
          [
            141.313742,
            43.0929798
          ],
          [
            141.3137207,
            43.0929607
          ],
          [
            141.3131886,
            43.0932612
          ],
          [
            141.3132146,
            43.0932856
          ],
          [
            141.3134339,
            43.0934919
          ],
          [
            141.3136689,
            43.0937169
          ],
          [
            141.3136462,
            43.0937305
          ],
          [
            141.3132148,
            43.0939899
          ],
          [
            141.313449,
            43.0942134
          ],
          [
            141.3138934,
            43.0939515
          ],
          [
            141.3139219,
            43.0939347
          ],
          [
            141.3138934,
            43.0939515
          ],
          [
            141.313449,
            43.0942134
          ],
          [
            141.3132148,
            43.0939899
          ],
          [
            141.3136462,
            43.0937305
          ],
          [
            141.3136689,
            43.0937169
          ],
          [
            141.3142156,
            43.0934031
          ],
          [
            141.3136689,
            43.0937169
          ],
          [
            141.3139219,
            43.0939347
          ],
          [
            141.3144683,
            43.0936297
          ],
          [
            141.3139219,
            43.0939347
          ],
          [
            141.3141637,
            43.0941452
          ],
          [
            141.3144395,
            43.0943932
          ],
          [
            141.3144119,
            43.0944092
          ],
          [
            141.3139712,
            43.0946656
          ],
          [
            141.314224,
            43.0948929
          ],
          [
            141.3142556,
            43.0949213
          ],
          [
            141.314224,
            43.0948929
          ],
          [
            141.3146628,
            43.0946329
          ],
          [
            141.3146854,
            43.0946195
          ],
          [
            141.3146628,
            43.0946329
          ],
          [
            141.314224,
            43.0948929
          ],
          [
            141.3139712,
            43.0946656
          ],
          [
            141.3144119,
            43.0944092
          ],
          [
            141.3144395,
            43.0943932
          ],
          [
            141.3149757,
            43.0940924
          ],
          [
            141.314702,
            43.093838
          ],
          [
            141.3149757,
            43.0940924
          ],
          [
            141.3144395,
            43.0943932
          ],
          [
            141.3146854,
            43.0946195
          ],
          [
            141.3146628,
            43.0946329
          ],
          [
            141.314224,
            43.0948929
          ],
          [
            141.3139712,
            43.0946656
          ],
          [
            141.313706,
            43.0944346
          ],
          [
            141.3139712,
            43.0946656
          ],
          [
            141.313706,
            43.0944346
          ],
          [
            141.313449,
            43.0942134
          ],
          [
            141.313706,
            43.0944346
          ],
          [
            141.3129096,
            43.0949131
          ],
          [
            141.3122154,
            43.0943053
          ],
          [
            141.3118848,
            43.0940158
          ],
          [
            141.3114067,
            43.0935973
          ],
          [
            141.3112863,
            43.0936674
          ],
          [
            141.3104784,
            43.0929397
          ],
          [
            141.3109105,
            43.0926816
          ],
          [
            141.3102694,
            43.092093
          ],
          [
            141.3100961,
            43.0921906
          ],
          [
            141.3102694,
            43.092093
          ],
          [
            141.3109105,
            43.0926816
          ],
          [
            141.3117106,
            43.0934162
          ],
          [
            141.3109105,
            43.0926816
          ],
          [
            141.3104784,
            43.0929397
          ],
          [
            141.3098209,
            43.0923458
          ],
          [
            141.3100961,
            43.0921906
          ],
          [
            141.3098441,
            43.0919608
          ],
          [
            141.3095566,
            43.0916932
          ],
          [
            141.3097564,
            43.0915839
          ],
          [
            141.3095566,
            43.0916932
          ],
          [
            141.3092824,
            43.0914486
          ],
          [
            141.3090902,
            43.0915654
          ],
          [
            141.3085272,
            43.0918924
          ],
          [
            141.3079212,
            43.0913445
          ],
          [
            141.3078543,
            43.0912814
          ],
          [
            141.3070306,
            43.0917846
          ],
          [
            141.3069463,
            43.0918337
          ],
          [
            141.3068417,
            43.0918946
          ],
          [
            141.3067607,
            43.0919418
          ],
          [
            141.3061371,
            43.0923051
          ],
          [
            141.3056575,
            43.0925844
          ],
          [
            141.3052193,
            43.0928464
          ],
          [
            141.3051425,
            43.0928922
          ],
          [
            141.3045984,
            43.0932058
          ],
          [
            141.3044598,
            43.0932868
          ],
          [
            141.3040792,
            43.0935107
          ],
          [
            141.3036754,
            43.0937478
          ],
          [
            141.3035112,
            43.0938443
          ],
          [
            141.3033727,
            43.0937331
          ],
          [
            141.3028297,
            43.0933353
          ],
          [
            141.3023434,
            43.092968
          ],
          [
            141.3022561,
            43.0930244
          ],
          [
            141.3019322,
            43.0932339
          ],
          [
            141.3016665,
            43.0934056
          ],
          [
            141.3015894,
            43.0934554
          ],
          [
            141.3013236,
            43.0936272
          ],
          [
            141.3009134,
            43.0938923
          ],
          [
            141.300879,
            43.0939146
          ],
          [
            141.3007959,
            43.0940399
          ],
          [
            141.3005391,
            43.094214
          ],
          [
            141.3003864,
            43.0943171
          ],
          [
            141.300015,
            43.0945471
          ]
        ]
      }
    },
    {
      "type": "Feature",
      "properties": {
        "scenario": 2,
        "vehicle": 2,
        "depot": "仮設待機点B",
        "hours": 3.0926628000979335,
        "distance_km": 26.233869401592113
      },
      "geometry": {
        "type": "LineString",
        "coordinates": [
          [
            141.3149964,
            43.0923359
          ],
          [
            141.31491,
            43.0922618
          ],
          [
            141.3148548,
            43.0922939
          ],
          [
            141.3146588,
            43.0924081
          ],
          [
            141.313787,
            43.0929232
          ],
          [
            141.3137207,
            43.0929607
          ],
          [
            141.3131886,
            43.0932612
          ],
          [
            141.3131019,
            43.0933116
          ],
          [
            141.3127141,
            43.0935385
          ],
          [
            141.3123173,
            43.0937658
          ],
          [
            141.3118848,
            43.0940158
          ],
          [
            141.3114067,
            43.0935973
          ],
          [
            141.3112863,
            43.0936674
          ],
          [
            141.3104784,
            43.0929397
          ],
          [
            141.3100008,
            43.0932024
          ],
          [
            141.3099023,
            43.09311
          ],
          [
            141.3097966,
            43.0930163
          ],
          [
            141.3096443,
            43.0928787
          ],
          [
            141.3093537,
            43.0926166
          ],
          [
            141.309086,
            43.0923787
          ],
          [
            141.3090364,
            43.0923329
          ],
          [
            141.3088515,
            43.092169
          ],
          [
            141.3088052,
            43.0921305
          ],
          [
            141.3085272,
            43.0918924
          ],
          [
            141.3090902,
            43.0915654
          ],
          [
            141.3092824,
            43.0914486
          ],
          [
            141.3095566,
            43.0916932
          ],
          [
            141.3088052,
            43.0921305
          ],
          [
            141.3095566,
            43.0916932
          ],
          [
            141.3098441,
            43.0919608
          ],
          [
            141.309086,
            43.0923787
          ],
          [
            141.3098441,
            43.0919608
          ],
          [
            141.3100961,
            43.0921906
          ],
          [
            141.3098209,
            43.0923458
          ],
          [
            141.3093537,
            43.0926166
          ],
          [
            141.3098209,
            43.0923458
          ],
          [
            141.3104784,
            43.0929397
          ],
          [
            141.3100008,
            43.0932024
          ],
          [
            141.3104784,
            43.0929397
          ],
          [
            141.3112863,
            43.0936674
          ],
          [
            141.3114067,
            43.0935973
          ],
          [
            141.3117106,
            43.0934162
          ],
          [
            141.3118358,
            43.0933445
          ],
          [
            141.3117106,
            43.0934162
          ],
          [
            141.3114067,
            43.0935973
          ],
          [
            141.3118848,
            43.0940158
          ],
          [
            141.3114705,
            43.094258
          ],
          [
            141.3112408,
            43.0943923
          ],
          [
            141.310851,
            43.094003
          ],
          [
            141.3112408,
            43.0943923
          ],
          [
            141.3115274,
            43.0946785
          ],
          [
            141.3116288,
            43.0947818
          ],
          [
            141.3115274,
            43.0946785
          ],
          [
            141.3117983,
            43.0945315
          ],
          [
            141.3115274,
            43.0946785
          ],
          [
            141.3112408,
            43.0943923
          ],
          [
            141.3109871,
            43.0945617
          ],
          [
            141.3107415,
            43.0943298
          ],
          [
            141.3103558,
            43.0945556
          ],
          [
            141.3107415,
            43.0943298
          ],
          [
            141.3109871,
            43.0945617
          ],
          [
            141.3113775,
            43.0949302
          ],
          [
            141.3116288,
            43.0947818
          ],
          [
            141.3113775,
            43.0949302
          ],
          [
            141.3109871,
            43.0945617
          ],
          [
            141.3112408,
            43.0943923
          ],
          [
            141.3114705,
            43.094258
          ],
          [
            141.3118848,
            43.0940158
          ],
          [
            141.3122154,
            43.0943053
          ],
          [
            141.3117983,
            43.0945315
          ],
          [
            141.3122154,
            43.0943053
          ],
          [
            141.3129096,
            43.0949131
          ],
          [
            141.313706,
            43.0944346
          ],
          [
            141.3141304,
            43.0941663
          ],
          [
            141.3141637,
            43.0941452
          ],
          [
            141.3141304,
            43.0941663
          ],
          [
            141.313706,
            43.0944346
          ],
          [
            141.313449,
            43.0942134
          ],
          [
            141.3132148,
            43.0939899
          ],
          [
            141.3129725,
            43.0937667
          ],
          [
            141.3132148,
            43.0939899
          ],
          [
            141.3129725,
            43.0937667
          ],
          [
            141.3127141,
            43.0935385
          ],
          [
            141.3129725,
            43.0937667
          ],
          [
            141.3134008,
            43.0935116
          ],
          [
            141.3134339,
            43.0934919
          ],
          [
            141.3139768,
            43.0931897
          ],
          [
            141.313742,
            43.0929798
          ],
          [
            141.3139768,
            43.0931897
          ],
          [
            141.314019,
            43.0932273
          ],
          [
            141.3142156,
            43.0934031
          ],
          [
            141.3143664,
            43.0935379
          ],
          [
            141.3144683,
            43.0936297
          ],
          [
            141.314702,
            43.093838
          ],
          [
            141.3141637,
            43.0941452
          ],
          [
            141.314702,
            43.093838
          ],
          [
            141.3144683,
            43.0936297
          ],
          [
            141.3143664,
            43.0935379
          ],
          [
            141.3142156,
            43.0934031
          ],
          [
            141.314019,
            43.0932273
          ],
          [
            141.3139768,
            43.0931897
          ],
          [
            141.3134339,
            43.0934919
          ],
          [
            141.3134008,
            43.0935116
          ],
          [
            141.3129725,
            43.0937667
          ],
          [
            141.3127141,
            43.0935385
          ],
          [
            141.3123173,
            43.0937658
          ],
          [
            141.3118848,
            43.0940158
          ],
          [
            141.3123173,
            43.0937658
          ],
          [
            141.3127141,
            43.0935385
          ],
          [
            141.3122109,
            43.0931181
          ],
          [
            141.3123111,
            43.0930604
          ],
          [
            141.3122109,
            43.0931181
          ],
          [
            141.3118358,
            43.0933445
          ],
          [
            141.3123173,
            43.0937658
          ],
          [
            141.3118358,
            43.0933445
          ],
          [
            141.3122109,
            43.0931181
          ],
          [
            141.3123111,
            43.0930604
          ],
          [
            141.3126246,
            43.0928659
          ],
          [
            141.3123111,
            43.0930604
          ],
          [
            141.3122699,
            43.093023
          ],
          [
            141.3114885,
            43.0923147
          ],
          [
            141.3117694,
            43.0921461
          ],
          [
            141.3118051,
            43.0921247
          ],
          [
            141.3114335,
            43.091807
          ],
          [
            141.3107521,
            43.0911771
          ],
          [
            141.309756,
            43.0902563
          ],
          [
            141.3096888,
            43.0901941
          ],
          [
            141.3103693,
            43.0897967
          ],
          [
            141.3104351,
            43.089857
          ],
          [
            141.3113045,
            43.090654
          ],
          [
            141.3113589,
            43.0906227
          ],
          [
            141.3117082,
            43.090422
          ],
          [
            141.3120607,
            43.0902193
          ],
          [
            141.3124339,
            43.0900048
          ],
          [
            141.3120607,
            43.0902193
          ],
          [
            141.3117082,
            43.090422
          ],
          [
            141.3113589,
            43.0906227
          ],
          [
            141.3113045,
            43.090654
          ],
          [
            141.3123532,
            43.0916154
          ],
          [
            141.3132907,
            43.0924747
          ],
          [
            141.3123532,
            43.0916154
          ],
          [
            141.3127415,
            43.0913843
          ],
          [
            141.3136955,
            43.0922336
          ],
          [
            141.3132907,
            43.0924747
          ],
          [
            141.3126246,
            43.0928659
          ],
          [
            141.3132907,
            43.0924747
          ],
          [
            141.3136955,
            43.0922336
          ],
          [
            141.3127415,
            43.0913843
          ],
          [
            141.3130922,
            43.0911756
          ],
          [
            141.3140414,
            43.0920274
          ],
          [
            141.3136955,
            43.0922336
          ],
          [
            141.3140414,
            43.0920274
          ],
          [
            141.3143642,
            43.0918377
          ],
          [
            141.3144165,
            43.091807
          ],
          [
            141.3144852,
            43.0918635
          ],
          [
            141.3144165,
            43.091807
          ],
          [
            141.3142754,
            43.091684
          ],
          [
            141.313961,
            43.0914013
          ],
          [
            141.3134823,
            43.0909619
          ],
          [
            141.3134701,
            43.0909507
          ],
          [
            141.3129228,
            43.0904507
          ],
          [
            141.3126749,
            43.0902242
          ],
          [
            141.3127391,
            43.0901884
          ],
          [
            141.3133278,
            43.0898599
          ],
          [
            141.3127391,
            43.0901884
          ],
          [
            141.3126749,
            43.0902242
          ],
          [
            141.3124339,
            43.0900048
          ],
          [
            141.3115574,
            43.0892066
          ],
          [
            141.311488,
            43.0891433
          ],
          [
            141.3115574,
            43.0892066
          ],
          [
            141.3124339,
            43.0900048
          ],
          [
            141.3126749,
            43.0902242
          ],
          [
            141.3129228,
            43.0904507
          ],
          [
            141.3134701,
            43.0909507
          ],
          [
            141.3134823,
            43.0909619
          ],
          [
            141.313961,
            43.0914013
          ],
          [
            141.3140286,
            43.091362
          ],
          [
            141.3144144,
            43.0911379
          ],
          [
            141.31494,
            43.0908108
          ],
          [
            141.3144144,
            43.0911379
          ],
          [
            141.3141486,
            43.0909163
          ],
          [
            141.3144546,
            43.0907165
          ],
          [
            141.3146639,
            43.0905804
          ],
          [
            141.31494,
            43.0908108
          ],
          [
            141.3146639,
            43.0905804
          ],
          [
            141.3144546,
            43.0907165
          ],
          [
            141.3142864,
            43.0905698
          ],
          [
            141.3139946,
            43.0903195
          ],
          [
            141.3145534,
            43.0899634
          ],
          [
            141.3142959,
            43.0897506
          ],
          [
            141.3138092,
            43.0900628
          ],
          [
            141.3134868,
            43.0897746
          ],
          [
            141.3133278,
            43.0898599
          ],
          [
            141.3132971,
            43.0898326
          ],
          [
            141.3131041,
            43.0896607
          ],
          [
            141.3132971,
            43.0898326
          ],
          [
            141.3133278,
            43.0898599
          ],
          [
            141.3134868,
            43.0897746
          ],
          [
            141.3142559,
            43.0892991
          ],
          [
            141.3144845,
            43.0894878
          ],
          [
            141.3142559,
            43.0892991
          ],
          [
            141.3145574,
            43.0890811
          ],
          [
            141.314261,
            43.0888159
          ],
          [
            141.3142375,
            43.0887949
          ],
          [
            141.3141986,
            43.0887589
          ],
          [
            141.3138143,
            43.088403
          ],
          [
            141.31386,
            43.0883759
          ],
          [
            141.3146433,
            43.0879123
          ],
          [
            141.31386,
            43.0883759
          ],
          [
            141.3138143,
            43.088403
          ],
          [
            141.3133508,
            43.0886662
          ],
          [
            141.31377,
            43.0890311
          ],
          [
            141.3129603,
            43.0895082
          ],
          [
            141.3131041,
            43.0896607
          ],
          [
            141.3129603,
            43.0895082
          ],
          [
            141.3121956,
            43.0888273
          ],
          [
            141.3129603,
            43.0895082
          ],
          [
            141.31377,
            43.0890311
          ],
          [
            141.3133508,
            43.0886662
          ],
          [
            141.3130038,
            43.0883522
          ],
          [
            141.3133508,
            43.0886662
          ],
          [
            141.3138143,
            43.088403
          ],
          [
            141.3137796,
            43.088372
          ],
          [
            141.3134541,
            43.0880806
          ],
          [
            141.3133962,
            43.0880288
          ],
          [
            141.3133343,
            43.088065
          ],
          [
            141.3132455,
            43.0881168
          ],
          [
            141.3130026,
            43.0878955
          ],
          [
            141.3128174,
            43.0877267
          ],
          [
            141.3131403,
            43.0875326
          ],
          [
            141.3131652,
            43.087487
          ],
          [
            141.3131903,
            43.0874409
          ],
          [
            141.3135708,
            43.0872279
          ],
          [
            141.3137214,
            43.0873606
          ],
          [
            141.3141129,
            43.0871363
          ],
          [
            141.3137214,
            43.0873606
          ],
          [
            141.3135708,
            43.0872279
          ],
          [
            141.3133096,
            43.086982
          ],
          [
            141.3135708,
            43.0872279
          ],
          [
            141.3131903,
            43.0874409
          ],
          [
            141.3131652,
            43.087487
          ],
          [
            141.3128831,
            43.0872366
          ],
          [
            141.3131652,
            43.087487
          ],
          [
            141.3131403,
            43.0875326
          ],
          [
            141.3128174,
            43.0877267
          ],
          [
            141.3130026,
            43.0878955
          ],
          [
            141.3132455,
            43.0881168
          ],
          [
            141.31294,
            43.0882945
          ],
          [
            141.3130038,
            43.0883522
          ],
          [
            141.31294,
            43.0882945
          ],
          [
            141.3127348,
            43.0884151
          ],
          [
            141.312269,
            43.0886872
          ],
          [
            141.3121296,
            43.0887664
          ],
          [
            141.3121956,
            43.0888273
          ],
          [
            141.3121296,
            43.0887664
          ],
          [
            141.312269,
            43.0886872
          ],
          [
            141.3115429,
            43.0880275
          ],
          [
            141.3120045,
            43.0877563
          ],
          [
            141.3115429,
            43.0880275
          ],
          [
            141.3108461,
            43.0873944
          ],
          [
            141.3104945,
            43.0870749
          ],
          [
            141.3114711,
            43.0864969
          ],
          [
            141.3110878,
            43.0861442
          ],
          [
            141.3114711,
            43.0864969
          ],
          [
            141.3118194,
            43.0868105
          ],
          [
            141.3121236,
            43.0870921
          ],
          [
            141.3122468,
            43.0872061
          ],
          [
            141.3122888,
            43.087245
          ],
          [
            141.3125185,
            43.0874543
          ],
          [
            141.3128174,
            43.0877267
          ],
          [
            141.3125185,
            43.0874543
          ],
          [
            141.3120045,
            43.0877563
          ],
          [
            141.3125185,
            43.0874543
          ],
          [
            141.3128831,
            43.0872366
          ],
          [
            141.3133096,
            43.086982
          ],
          [
            141.3136892,
            43.0867553
          ],
          [
            141.3141129,
            43.0871363
          ],
          [
            141.3143568,
            43.0873557
          ],
          [
            141.3144354,
            43.0874264
          ],
          [
            141.3142692,
            43.0875242
          ],
          [
            141.3143215,
            43.0875736
          ],
          [
            141.3146658,
            43.087899
          ],
          [
            141.3146433,
            43.0879123
          ],
          [
            141.3146658,
            43.087899
          ],
          [
            141.3143215,
            43.0875736
          ],
          [
            141.3142692,
            43.0875242
          ],
          [
            141.3144354,
            43.0874264
          ],
          [
            141.3143568,
            43.0873557
          ],
          [
            141.3141129,
            43.0871363
          ],
          [
            141.3136892,
            43.0867553
          ],
          [
            141.3133096,
            43.086982
          ],
          [
            141.3128831,
            43.0872366
          ],
          [
            141.3125185,
            43.0874543
          ],
          [
            141.3122888,
            43.087245
          ],
          [
            141.3122468,
            43.0872061
          ],
          [
            141.3121236,
            43.0870921
          ],
          [
            141.3118194,
            43.0868105
          ],
          [
            141.3114711,
            43.0864969
          ],
          [
            141.3104945,
            43.0870749
          ],
          [
            141.3101149,
            43.0867163
          ],
          [
            141.3096956,
            43.0869672
          ],
          [
            141.3096525,
            43.0869923
          ],
          [
            141.3093298,
            43.087181
          ],
          [
            141.3092871,
            43.087206
          ],
          [
            141.3093161,
            43.0872327
          ],
          [
            141.3097017,
            43.0875874
          ],
          [
            141.3098724,
            43.0876211
          ],
          [
            141.310535,
            43.0882381
          ],
          [
            141.3101837,
            43.0884323
          ],
          [
            141.3101175,
            43.0884689
          ],
          [
            141.3089826,
            43.08743
          ],
          [
            141.3101175,
            43.0884689
          ],
          [
            141.3101837,
            43.0884323
          ],
          [
            141.3102073,
            43.0884544
          ],
          [
            141.3103789,
            43.0886146
          ],
          [
            141.3110687,
            43.0882207
          ],
          [
            141.3114615,
            43.08858
          ],
          [
            141.3110687,
            43.0882207
          ],
          [
            141.3103789,
            43.0886146
          ],
          [
            141.3107626,
            43.088973
          ],
          [
            141.3111303,
            43.0887662
          ],
          [
            141.3114615,
            43.08858
          ],
          [
            141.3111303,
            43.0887662
          ],
          [
            141.3107626,
            43.088973
          ],
          [
            141.3103789,
            43.0886146
          ],
          [
            141.3102073,
            43.0884544
          ],
          [
            141.3101837,
            43.0884323
          ],
          [
            141.310535,
            43.0882381
          ],
          [
            141.3098724,
            43.0876211
          ],
          [
            141.3097017,
            43.0875874
          ],
          [
            141.3093161,
            43.0872327
          ],
          [
            141.3092871,
            43.087206
          ],
          [
            141.3089801,
            43.0873855
          ],
          [
            141.308952,
            43.087402
          ],
          [
            141.3089826,
            43.08743
          ],
          [
            141.308952,
            43.087402
          ],
          [
            141.3084886,
            43.0876729
          ],
          [
            141.3085145,
            43.0876977
          ],
          [
            141.3089578,
            43.0881226
          ],
          [
            141.3085145,
            43.0876977
          ],
          [
            141.3084886,
            43.0876729
          ],
          [
            141.308952,
            43.087402
          ],
          [
            141.3089801,
            43.0873855
          ],
          [
            141.3084444,
            43.0869352
          ],
          [
            141.3081734,
            43.0866536
          ],
          [
            141.3078074,
            43.0868461
          ],
          [
            141.3074261,
            43.0870636
          ],
          [
            141.3070753,
            43.0872949
          ],
          [
            141.3066997,
            43.0874985
          ],
          [
            141.3065694,
            43.0875574
          ],
          [
            141.3065346,
            43.0876093
          ],
          [
            141.3065211,
            43.0877553
          ],
          [
            141.3069595,
            43.0878202
          ],
          [
            141.3068505,
            43.0878852
          ],
          [
            141.3069595,
            43.0878202
          ],
          [
            141.3065211,
            43.0877553
          ],
          [
            141.3057192,
            43.0876557
          ],
          [
            141.3056746,
            43.0876349
          ],
          [
            141.3057392,
            43.0873841
          ],
          [
            141.3057254,
            43.0873303
          ],
          [
            141.3059003,
            43.0873434
          ],
          [
            141.3057254,
            43.0873303
          ],
          [
            141.3057173,
            43.0872989
          ],
          [
            141.3056372,
            43.0869864
          ],
          [
            141.3056034,
            43.0868999
          ],
          [
            141.3055115,
            43.0866652
          ],
          [
            141.3059885,
            43.0865635
          ],
          [
            141.3066789,
            43.0863973
          ],
          [
            141.3074261,
            43.0870636
          ],
          [
            141.307788,
            43.0873256
          ],
          [
            141.308332,
            43.0877645
          ],
          [
            141.307788,
            43.0873256
          ],
          [
            141.3069595,
            43.0878202
          ],
          [
            141.307788,
            43.0873256
          ],
          [
            141.3079117,
            43.087252
          ],
          [
            141.3084444,
            43.0869352
          ],
          [
            141.3086912,
            43.0867884
          ],
          [
            141.308836,
            43.0867021
          ],
          [
            141.3092046,
            43.086483
          ],
          [
            141.309159,
            43.0864427
          ],
          [
            141.3088482,
            43.0861683
          ],
          [
            141.3085292,
            43.0858864
          ],
          [
            141.3083708,
            43.0857465
          ],
          [
            141.3082031,
            43.0855984
          ],
          [
            141.3078062,
            43.0852334
          ],
          [
            141.3078217,
            43.0851925
          ],
          [
            141.3078062,
            43.0852334
          ],
          [
            141.307432,
            43.0854692
          ],
          [
            141.3071099,
            43.0856569
          ],
          [
            141.3070585,
            43.0856882
          ],
          [
            141.3071099,
            43.0856569
          ],
          [
            141.307432,
            43.0854692
          ],
          [
            141.3078062,
            43.0852334
          ],
          [
            141.3082031,
            43.0855984
          ],
          [
            141.3083708,
            43.0857465
          ],
          [
            141.3085292,
            43.0858864
          ],
          [
            141.3088482,
            43.0861683
          ],
          [
            141.309159,
            43.0864427
          ],
          [
            141.3092046,
            43.086483
          ],
          [
            141.308836,
            43.0867021
          ],
          [
            141.3086912,
            43.0867884
          ],
          [
            141.3084444,
            43.0869352
          ],
          [
            141.3079117,
            43.087252
          ],
          [
            141.307788,
            43.0873256
          ],
          [
            141.3074261,
            43.0870636
          ],
          [
            141.3066789,
            43.0863973
          ],
          [
            141.3065973,
            43.0862228
          ],
          [
            141.3064301,
            43.0858875
          ],
          [
            141.3069171,
            43.0857747
          ],
          [
            141.3069736,
            43.085731
          ],
          [
            141.3070585,
            43.0856882
          ],
          [
            141.3069736,
            43.085731
          ],
          [
            141.3066429,
            43.085433
          ],
          [
            141.3062032,
            43.0850377
          ],
          [
            141.3066429,
            43.085433
          ],
          [
            141.3069736,
            43.085731
          ],
          [
            141.3069171,
            43.0857747
          ],
          [
            141.3064301,
            43.0858875
          ],
          [
            141.3062287,
            43.0859371
          ],
          [
            141.3064301,
            43.0858875
          ],
          [
            141.3065973,
            43.0862228
          ],
          [
            141.3066789,
            43.0863973
          ],
          [
            141.3059885,
            43.0865635
          ],
          [
            141.3055115,
            43.0866652
          ],
          [
            141.3054608,
            43.0865356
          ],
          [
            141.3054441,
            43.0864928
          ],
          [
            141.3053033,
            43.0861629
          ],
          [
            141.3052763,
            43.0861076
          ],
          [
            141.3051573,
            43.0859643
          ],
          [
            141.3050406,
            43.0858206
          ],
          [
            141.3049613,
            43.0857216
          ],
          [
            141.3047983,
            43.0855248
          ],
          [
            141.3045903,
            43.0852686
          ],
          [
            141.3044764,
            43.0851206
          ],
          [
            141.3044437,
            43.0850897
          ],
          [
            141.3044764,
            43.0851206
          ],
          [
            141.3045903,
            43.0852686
          ],
          [
            141.3047983,
            43.0855248
          ],
          [
            141.3049613,
            43.0857216
          ],
          [
            141.3050406,
            43.0858206
          ],
          [
            141.3051573,
            43.0859643
          ],
          [
            141.3052763,
            43.0861076
          ],
          [
            141.3053033,
            43.0861629
          ],
          [
            141.3062287,
            43.0859371
          ],
          [
            141.3053033,
            43.0861629
          ],
          [
            141.3050274,
            43.0862315
          ],
          [
            141.3043069,
            43.0864047
          ],
          [
            141.3041714,
            43.0864467
          ],
          [
            141.3040932,
            43.0863377
          ],
          [
            141.3036399,
            43.0857539
          ],
          [
            141.3034066,
            43.0854248
          ],
          [
            141.3036399,
            43.0857539
          ],
          [
            141.3040932,
            43.0863377
          ],
          [
            141.3041714,
            43.0864467
          ],
          [
            141.3042139,
            43.0865061
          ],
          [
            141.3043319,
            43.0867001
          ],
          [
            141.304399,
            43.0868529
          ],
          [
            141.3044795,
            43.087131
          ],
          [
            141.3045063,
            43.0873289
          ],
          [
            141.3045009,
            43.0875208
          ],
          [
            141.3044687,
            43.0876795
          ],
          [
            141.3043981,
            43.0878914
          ],
          [
            141.3043444,
            43.0880579
          ],
          [
            141.3042827,
            43.0882303
          ],
          [
            141.3042327,
            43.0884709
          ],
          [
            141.304213,
            43.0887651
          ],
          [
            141.3042452,
            43.0890432
          ],
          [
            141.3043856,
            43.0894013
          ],
          [
            141.304517,
            43.0896794
          ],
          [
            141.3045934,
            43.0897763
          ],
          [
            141.3046833,
            43.0898929
          ],
          [
            141.3048214,
            43.0900281
          ],
          [
            141.3058062,
            43.0909393
          ],
          [
            141.3067462,
            43.0918065
          ],
          [
            141.3068417,
            43.0918946
          ],
          [
            141.3069463,
            43.0918337
          ],
          [
            141.3070306,
            43.0917846
          ],
          [
            141.3078543,
            43.0912814
          ],
          [
            141.3079212,
            43.0913445
          ],
          [
            141.3085272,
            43.0918924
          ],
          [
            141.3088052,
            43.0921305
          ],
          [
            141.3085272,
            43.0918924
          ],
          [
            141.3079212,
            43.0913445
          ],
          [
            141.3078543,
            43.0912814
          ],
          [
            141.3070306,
            43.0917846
          ],
          [
            141.3070798,
            43.0918306
          ],
          [
            141.3079517,
            43.0926449
          ],
          [
            141.3079935,
            43.0926839
          ],
          [
            141.307581,
            43.0929269
          ],
          [
            141.3079935,
            43.0926839
          ],
          [
            141.3088515,
            43.092169
          ],
          [
            141.3088052,
            43.0921305
          ],
          [
            141.3088515,
            43.092169
          ],
          [
            141.3079935,
            43.0926839
          ],
          [
            141.3081772,
            43.0928555
          ],
          [
            141.3090364,
            43.0923329
          ],
          [
            141.3088515,
            43.092169
          ],
          [
            141.3090364,
            43.0923329
          ],
          [
            141.309086,
            43.0923787
          ],
          [
            141.3093537,
            43.0926166
          ],
          [
            141.3096443,
            43.0928787
          ],
          [
            141.3093537,
            43.0926166
          ],
          [
            141.309086,
            43.0923787
          ],
          [
            141.3090364,
            43.0923329
          ],
          [
            141.3081772,
            43.0928555
          ],
          [
            141.3084827,
            43.0931408
          ],
          [
            141.3087694,
            43.0934086
          ],
          [
            141.3089182,
            43.0935476
          ],
          [
            141.3097966,
            43.0930163
          ],
          [
            141.3096443,
            43.0928787
          ],
          [
            141.3097966,
            43.0930163
          ],
          [
            141.3099023,
            43.09311
          ],
          [
            141.3100008,
            43.0932024
          ],
          [
            141.3107447,
            43.0939013
          ],
          [
            141.3107991,
            43.0939512
          ],
          [
            141.310851,
            43.094003
          ],
          [
            141.3107991,
            43.0939512
          ],
          [
            141.3107211,
            43.0939966
          ],
          [
            141.3107991,
            43.0939512
          ],
          [
            141.3108865,
            43.0939002
          ],
          [
            141.3110093,
            43.0938287
          ],
          [
            141.3112863,
            43.0936674
          ],
          [
            141.3110093,
            43.0938287
          ],
          [
            141.3114705,
            43.094258
          ],
          [
            141.3117983,
            43.0945315
          ],
          [
            141.3114705,
            43.094258
          ],
          [
            141.3110093,
            43.0938287
          ],
          [
            141.3108865,
            43.0939002
          ],
          [
            141.3107991,
            43.0939512
          ],
          [
            141.3107447,
            43.0939013
          ],
          [
            141.3100008,
            43.0932024
          ],
          [
            141.3099023,
            43.09311
          ],
          [
            141.3097966,
            43.0930163
          ],
          [
            141.3089182,
            43.0935476
          ],
          [
            141.3085101,
            43.0937837
          ],
          [
            141.307581,
            43.0929269
          ],
          [
            141.3085101,
            43.0937837
          ],
          [
            141.308045,
            43.0940527
          ],
          [
            141.3075853,
            43.0943276
          ],
          [
            141.3066466,
            43.0934685
          ],
          [
            141.3056575,
            43.0925844
          ],
          [
            141.3061371,
            43.0923051
          ],
          [
            141.3056575,
            43.0925844
          ],
          [
            141.3052193,
            43.0928464
          ],
          [
            141.3061924,
            43.0937337
          ],
          [
            141.3069534,
            43.0944091
          ],
          [
            141.3061924,
            43.0937337
          ],
          [
            141.305584,
            43.0941037
          ],
          [
            141.3059704,
            43.0944564
          ],
          [
            141.3054578,
            43.0947587
          ],
          [
            141.3059704,
            43.0944564
          ],
          [
            141.305584,
            43.0941037
          ],
          [
            141.3061924,
            43.0937337
          ],
          [
            141.3066466,
            43.0934685
          ],
          [
            141.3071109,
            43.0931929
          ],
          [
            141.307581,
            43.0929269
          ],
          [
            141.3071109,
            43.0931929
          ],
          [
            141.3061371,
            43.0923051
          ],
          [
            141.3071109,
            43.0931929
          ],
          [
            141.308045,
            43.0940527
          ],
          [
            141.3081035,
            43.0941066
          ],
          [
            141.3090445,
            43.0949733
          ],
          [
            141.3090311,
            43.0949811
          ],
          [
            141.3090445,
            43.0949733
          ],
          [
            141.3091502,
            43.0949117
          ],
          [
            141.3092456,
            43.0948561
          ],
          [
            141.3096022,
            43.0946484
          ],
          [
            141.3101203,
            43.0943466
          ],
          [
            141.3107211,
            43.0939966
          ],
          [
            141.3101203,
            43.0943466
          ],
          [
            141.3103558,
            43.0945556
          ],
          [
            141.3101203,
            43.0943466
          ],
          [
            141.3096022,
            43.0946484
          ],
          [
            141.3092456,
            43.0948561
          ],
          [
            141.3091502,
            43.0949117
          ],
          [
            141.3090445,
            43.0949733
          ],
          [
            141.3081035,
            43.0941066
          ],
          [
            141.308045,
            43.0940527
          ],
          [
            141.3071109,
            43.0931929
          ],
          [
            141.3066466,
            43.0934685
          ],
          [
            141.3061924,
            43.0937337
          ],
          [
            141.3052193,
            43.0928464
          ],
          [
            141.3051425,
            43.0928922
          ],
          [
            141.3049031,
            43.0927142
          ],
          [
            141.3040988,
            43.0921159
          ],
          [
            141.3040012,
            43.0920848
          ],
          [
            141.3034582,
            43.0920243
          ],
          [
            141.3033829,
            43.0920373
          ],
          [
            141.3033307,
            43.092086
          ],
          [
            141.3021057,
            43.0928108
          ],
          [
            141.3015941,
            43.0924092
          ],
          [
            141.3011356,
            43.092069
          ],
          [
            141.3010012,
            43.091967
          ],
          [
            141.3005187,
            43.0916072
          ],
          [
            141.3010012,
            43.091967
          ],
          [
            141.3011356,
            43.092069
          ],
          [
            141.3015941,
            43.0924092
          ],
          [
            141.3021057,
            43.0928108
          ],
          [
            141.3023434,
            43.092968
          ],
          [
            141.3028297,
            43.0933353
          ],
          [
            141.3023434,
            43.092968
          ],
          [
            141.3022561,
            43.0930244
          ],
          [
            141.3019322,
            43.0932339
          ],
          [
            141.3008759,
            43.0924582
          ],
          [
            141.3010715,
            43.0921651
          ],
          [
            141.3011356,
            43.092069
          ],
          [
            141.3010715,
            43.0921651
          ],
          [
            141.3008759,
            43.0924582
          ],
          [
            141.3006753,
            43.0927781
          ],
          [
            141.3015894,
            43.0934554
          ],
          [
            141.3016665,
            43.0934056
          ],
          [
            141.3019322,
            43.0932339
          ],
          [
            141.3016665,
            43.0934056
          ],
          [
            141.3015894,
            43.0934554
          ],
          [
            141.3013236,
            43.0936272
          ],
          [
            141.3017592,
            43.0940272
          ],
          [
            141.3021156,
            43.0937968
          ],
          [
            141.3016665,
            43.0934056
          ],
          [
            141.3021156,
            43.0937968
          ],
          [
            141.3017592,
            43.0940272
          ],
          [
            141.3019117,
            43.0941672
          ],
          [
            141.3022683,
            43.0944794
          ],
          [
            141.3019117,
            43.0941672
          ],
          [
            141.3016241,
            43.0943449
          ],
          [
            141.3015948,
            43.0943671
          ],
          [
            141.3016241,
            43.0943449
          ],
          [
            141.3019117,
            43.0941672
          ],
          [
            141.3017592,
            43.0940272
          ],
          [
            141.3013236,
            43.0936272
          ],
          [
            141.3009134,
            43.0938923
          ],
          [
            141.300879,
            43.0939146
          ],
          [
            141.3007959,
            43.0940399
          ],
          [
            141.3005391,
            43.094214
          ],
          [
            141.3003864,
            43.0943171
          ],
          [
            141.300015,
            43.0945471
          ],
          [
            141.3003066,
            43.0948135
          ],
          [
            141.3004561,
            43.0949501
          ],
          [
            141.3003066,
            43.0948135
          ],
          [
            141.300015,
            43.0945471
          ],
          [
            141.3003864,
            43.0943171
          ],
          [
            141.3005391,
            43.094214
          ],
          [
            141.3007959,
            43.0940399
          ],
          [
            141.300879,
            43.0939146
          ],
          [
            141.3009134,
            43.0938923
          ],
          [
            141.3013236,
            43.0936272
          ],
          [
            141.3015894,
            43.0934554
          ],
          [
            141.3016665,
            43.0934056
          ],
          [
            141.3019322,
            43.0932339
          ],
          [
            141.3022561,
            43.0930244
          ],
          [
            141.3023434,
            43.092968
          ],
          [
            141.3028297,
            43.0933353
          ],
          [
            141.3033727,
            43.0937331
          ],
          [
            141.3035112,
            43.0938443
          ],
          [
            141.3036754,
            43.0937478
          ],
          [
            141.3040792,
            43.0935107
          ],
          [
            141.3041574,
            43.0935765
          ],
          [
            141.3045973,
            43.0939703
          ],
          [
            141.3050413,
            43.0943644
          ],
          [
            141.3050813,
            43.0943999
          ],
          [
            141.305584,
            43.0941037
          ],
          [
            141.3061924,
            43.0937337
          ],
          [
            141.3069534,
            43.0944091
          ],
          [
            141.3071419,
            43.0945752
          ],
          [
            141.3075853,
            43.0943276
          ],
          [
            141.308045,
            43.0940527
          ],
          [
            141.3085101,
            43.0937837
          ],
          [
            141.3089182,
            43.0935476
          ],
          [
            141.3097966,
            43.0930163
          ],
          [
            141.3099023,
            43.09311
          ],
          [
            141.3100008,
            43.0932024
          ],
          [
            141.3104784,
            43.0929397
          ],
          [
            141.3112863,
            43.0936674
          ],
          [
            141.3114067,
            43.0935973
          ],
          [
            141.3118848,
            43.0940158
          ],
          [
            141.3123173,
            43.0937658
          ],
          [
            141.3127141,
            43.0935385
          ],
          [
            141.3131019,
            43.0933116
          ],
          [
            141.3131886,
            43.0932612
          ],
          [
            141.3137207,
            43.0929607
          ],
          [
            141.313787,
            43.0929232
          ],
          [
            141.3146588,
            43.0924081
          ],
          [
            141.3148548,
            43.0922939
          ],
          [
            141.31491,
            43.0922618
          ],
          [
            141.3149964,
            43.0923359
          ]
        ]
      }
    },
    {
      "type": "Feature",
      "properties": {
        "scenario": 4,
        "vehicle": 1,
        "depot": "仮設待機点A",
        "hours": 1.5625603423956138,
        "distance_km": 13.42371801120587
      },
      "geometry": {
        "type": "LineString",
        "coordinates": [
          [
            141.300015,
            43.0945471
          ],
          [
            141.3003864,
            43.0943171
          ],
          [
            141.3005391,
            43.094214
          ],
          [
            141.3007959,
            43.0940399
          ],
          [
            141.300879,
            43.0939146
          ],
          [
            141.3009134,
            43.0938923
          ],
          [
            141.3013236,
            43.0936272
          ],
          [
            141.3015894,
            43.0934554
          ],
          [
            141.3006753,
            43.0927781
          ],
          [
            141.3006402,
            43.0928251
          ],
          [
            141.300532,
            43.092889
          ],
          [
            141.3003331,
            43.0931617
          ],
          [
            141.300532,
            43.092889
          ],
          [
            141.3006402,
            43.0928251
          ],
          [
            141.3006753,
            43.0927781
          ],
          [
            141.3008759,
            43.0924582
          ],
          [
            141.3019322,
            43.0932339
          ],
          [
            141.3022561,
            43.0930244
          ],
          [
            141.3023434,
            43.092968
          ],
          [
            141.3021057,
            43.0928108
          ],
          [
            141.3033307,
            43.092086
          ],
          [
            141.3044891,
            43.0929324
          ],
          [
            141.3049031,
            43.0927142
          ],
          [
            141.3044891,
            43.0929324
          ],
          [
            141.3033307,
            43.092086
          ],
          [
            141.3033829,
            43.0920373
          ],
          [
            141.3034582,
            43.0920243
          ],
          [
            141.3040012,
            43.0920848
          ],
          [
            141.3040988,
            43.0921159
          ],
          [
            141.3049031,
            43.0927142
          ],
          [
            141.3051425,
            43.0928922
          ],
          [
            141.3045984,
            43.0932058
          ],
          [
            141.3044598,
            43.0932868
          ],
          [
            141.3040792,
            43.0935107
          ],
          [
            141.3036754,
            43.0937478
          ],
          [
            141.3035112,
            43.0938443
          ],
          [
            141.3033388,
            43.0939413
          ],
          [
            141.3025528,
            43.0944078
          ],
          [
            141.3023336,
            43.0945366
          ],
          [
            141.3020012,
            43.094735
          ],
          [
            141.3019342,
            43.0946744
          ],
          [
            141.3015948,
            43.0943671
          ],
          [
            141.3014633,
            43.0942451
          ],
          [
            141.3012199,
            43.0940192
          ],
          [
            141.3014633,
            43.0942451
          ],
          [
            141.3015948,
            43.0943671
          ],
          [
            141.3019342,
            43.0946744
          ],
          [
            141.3020012,
            43.094735
          ],
          [
            141.3023336,
            43.0945366
          ],
          [
            141.3022683,
            43.0944794
          ],
          [
            141.3023336,
            43.0945366
          ],
          [
            141.3025528,
            43.0944078
          ],
          [
            141.3026168,
            43.0944665
          ],
          [
            141.3025528,
            43.0944078
          ],
          [
            141.3033388,
            43.0939413
          ],
          [
            141.3035112,
            43.0938443
          ],
          [
            141.3033727,
            43.0937331
          ],
          [
            141.3028297,
            43.0933353
          ],
          [
            141.3027509,
            43.0933862
          ],
          [
            141.3021156,
            43.0937968
          ],
          [
            141.3027509,
            43.0933862
          ],
          [
            141.3028297,
            43.0933353
          ],
          [
            141.3033727,
            43.0937331
          ],
          [
            141.3035112,
            43.0938443
          ],
          [
            141.3036244,
            43.0939528
          ],
          [
            141.3045004,
            43.0947423
          ],
          [
            141.3036244,
            43.0939528
          ],
          [
            141.3035112,
            43.0938443
          ],
          [
            141.3036754,
            43.0937478
          ],
          [
            141.3040792,
            43.0935107
          ],
          [
            141.3041574,
            43.0935765
          ],
          [
            141.3045973,
            43.0939703
          ],
          [
            141.3050413,
            43.0943644
          ],
          [
            141.3050813,
            43.0943999
          ],
          [
            141.3045004,
            43.0947423
          ],
          [
            141.3050813,
            43.0943999
          ],
          [
            141.3050413,
            43.0943644
          ],
          [
            141.3045973,
            43.0939703
          ],
          [
            141.3041574,
            43.0935765
          ],
          [
            141.3040792,
            43.0935107
          ],
          [
            141.3044598,
            43.0932868
          ],
          [
            141.3045984,
            43.0932058
          ],
          [
            141.3051038,
            43.0936712
          ],
          [
            141.305584,
            43.0941037
          ],
          [
            141.3050813,
            43.0943999
          ],
          [
            141.3054578,
            43.0947587
          ],
          [
            141.305525,
            43.0948228
          ],
          [
            141.3054578,
            43.0947587
          ],
          [
            141.3050813,
            43.0943999
          ],
          [
            141.305584,
            43.0941037
          ],
          [
            141.3051038,
            43.0936712
          ],
          [
            141.3045984,
            43.0932058
          ],
          [
            141.3051425,
            43.0928922
          ],
          [
            141.3052193,
            43.0928464
          ],
          [
            141.3056575,
            43.0925844
          ],
          [
            141.3066466,
            43.0934685
          ],
          [
            141.3075853,
            43.0943276
          ],
          [
            141.3071419,
            43.0945752
          ],
          [
            141.3069534,
            43.0944091
          ],
          [
            141.3063308,
            43.09478
          ],
          [
            141.3059704,
            43.0944564
          ],
          [
            141.3063308,
            43.09478
          ],
          [
            141.3069534,
            43.0944091
          ],
          [
            141.3071419,
            43.0945752
          ],
          [
            141.3075853,
            43.0943276
          ],
          [
            141.308045,
            43.0940527
          ],
          [
            141.3085101,
            43.0937837
          ],
          [
            141.3089182,
            43.0935476
          ],
          [
            141.3087694,
            43.0934086
          ],
          [
            141.3084827,
            43.0931408
          ],
          [
            141.3081772,
            43.0928555
          ],
          [
            141.3079935,
            43.0926839
          ],
          [
            141.3079517,
            43.0926449
          ],
          [
            141.3070798,
            43.0918306
          ],
          [
            141.3070306,
            43.0917846
          ],
          [
            141.3069463,
            43.0918337
          ],
          [
            141.3068417,
            43.0918946
          ],
          [
            141.3067607,
            43.0919418
          ],
          [
            141.3061371,
            43.0923051
          ],
          [
            141.3067607,
            43.0919418
          ],
          [
            141.3068417,
            43.0918946
          ],
          [
            141.3067462,
            43.0918065
          ],
          [
            141.3058062,
            43.0909393
          ],
          [
            141.3048214,
            43.0900281
          ],
          [
            141.3046833,
            43.0898929
          ],
          [
            141.3045934,
            43.0897763
          ],
          [
            141.304517,
            43.0896794
          ],
          [
            141.3043856,
            43.0894013
          ],
          [
            141.3042452,
            43.0890432
          ],
          [
            141.304213,
            43.0887651
          ],
          [
            141.3042327,
            43.0884709
          ],
          [
            141.3042827,
            43.0882303
          ],
          [
            141.3043444,
            43.0880579
          ],
          [
            141.3043981,
            43.0878914
          ],
          [
            141.3044687,
            43.0876795
          ],
          [
            141.3045009,
            43.0875208
          ],
          [
            141.3045063,
            43.0873289
          ],
          [
            141.3044795,
            43.087131
          ],
          [
            141.304399,
            43.0868529
          ],
          [
            141.3043319,
            43.0867001
          ],
          [
            141.3042139,
            43.0865061
          ],
          [
            141.3041714,
            43.0864467
          ],
          [
            141.3043069,
            43.0864047
          ],
          [
            141.3050274,
            43.0862315
          ],
          [
            141.3053033,
            43.0861629
          ],
          [
            141.3054441,
            43.0864928
          ],
          [
            141.3054608,
            43.0865356
          ],
          [
            141.3055115,
            43.0866652
          ],
          [
            141.3056034,
            43.0868999
          ],
          [
            141.3056372,
            43.0869864
          ],
          [
            141.3057173,
            43.0872989
          ],
          [
            141.3057254,
            43.0873303
          ],
          [
            141.3057392,
            43.0873841
          ],
          [
            141.3056746,
            43.0876349
          ],
          [
            141.3057192,
            43.0876557
          ],
          [
            141.3065211,
            43.0877553
          ],
          [
            141.3065346,
            43.0876093
          ],
          [
            141.3065694,
            43.0875574
          ],
          [
            141.3066997,
            43.0874985
          ],
          [
            141.3064285,
            43.087254
          ],
          [
            141.3062578,
            43.0873538
          ],
          [
            141.3061459,
            43.0873683
          ],
          [
            141.3059003,
            43.0873434
          ],
          [
            141.3061459,
            43.0873683
          ],
          [
            141.3062578,
            43.0873538
          ],
          [
            141.3064285,
            43.087254
          ],
          [
            141.3061933,
            43.0870608
          ],
          [
            141.3060928,
            43.0868807
          ],
          [
            141.3064532,
            43.0868004
          ],
          [
            141.3065461,
            43.0868101
          ],
          [
            141.3067927,
            43.0870345
          ],
          [
            141.3070753,
            43.0872949
          ],
          [
            141.3067927,
            43.0870345
          ],
          [
            141.3065461,
            43.0868101
          ],
          [
            141.3064532,
            43.0868004
          ],
          [
            141.3060928,
            43.0868807
          ],
          [
            141.3059885,
            43.0865635
          ],
          [
            141.3060928,
            43.0868807
          ],
          [
            141.3061933,
            43.0870608
          ],
          [
            141.3064285,
            43.087254
          ],
          [
            141.3066997,
            43.0874985
          ],
          [
            141.3070753,
            43.0872949
          ],
          [
            141.3074261,
            43.0870636
          ],
          [
            141.3078074,
            43.0868461
          ],
          [
            141.3072735,
            43.0864105
          ],
          [
            141.3070106,
            43.08615
          ],
          [
            141.3069329,
            43.0861422
          ],
          [
            141.3065973,
            43.0862228
          ],
          [
            141.3069329,
            43.0861422
          ],
          [
            141.3070106,
            43.08615
          ],
          [
            141.3072735,
            43.0864105
          ],
          [
            141.3076329,
            43.0861909
          ],
          [
            141.308002,
            43.0859686
          ],
          [
            141.308836,
            43.0867021
          ],
          [
            141.308002,
            43.0859686
          ],
          [
            141.3083708,
            43.0857465
          ],
          [
            141.308002,
            43.0859686
          ],
          [
            141.307432,
            43.0854692
          ],
          [
            141.308002,
            43.0859686
          ],
          [
            141.3076329,
            43.0861909
          ],
          [
            141.3072735,
            43.0864105
          ],
          [
            141.3078074,
            43.0868461
          ],
          [
            141.3081734,
            43.0866536
          ],
          [
            141.3076329,
            43.0861909
          ],
          [
            141.3070585,
            43.0856882
          ],
          [
            141.3076329,
            43.0861909
          ],
          [
            141.3081734,
            43.0866536
          ],
          [
            141.3084444,
            43.0869352
          ],
          [
            141.3089801,
            43.0873855
          ],
          [
            141.3092871,
            43.087206
          ],
          [
            141.3093298,
            43.087181
          ],
          [
            141.3096525,
            43.0869923
          ],
          [
            141.3096956,
            43.0869672
          ],
          [
            141.31094,
            43.088103
          ],
          [
            141.3110687,
            43.0882207
          ],
          [
            141.31094,
            43.088103
          ],
          [
            141.3096956,
            43.0869672
          ],
          [
            141.3101149,
            43.0867163
          ],
          [
            141.3102475,
            43.0866372
          ],
          [
            141.3094961,
            43.0859642
          ],
          [
            141.3092315,
            43.0857207
          ],
          [
            141.3088477,
            43.0853534
          ],
          [
            141.3093825,
            43.0850344
          ],
          [
            141.3094196,
            43.0850122
          ],
          [
            141.3094388,
            43.0850303
          ],
          [
            141.3098219,
            43.0853713
          ],
          [
            141.3100918,
            43.0856212
          ],
          [
            141.3101504,
            43.0856715
          ],
          [
            141.3107549,
            43.0853376
          ],
          [
            141.3109999,
            43.0855577
          ],
          [
            141.3112363,
            43.0857824
          ],
          [
            141.3114148,
            43.0859521
          ],
          [
            141.3120642,
            43.0855725
          ],
          [
            141.3115395,
            43.0850912
          ],
          [
            141.3120642,
            43.0855725
          ],
          [
            141.3128971,
            43.0850815
          ],
          [
            141.3129663,
            43.0850407
          ],
          [
            141.3136491,
            43.0856675
          ],
          [
            141.3136926,
            43.085706
          ],
          [
            141.3137527,
            43.0857613
          ],
          [
            141.3138482,
            43.0858479
          ],
          [
            141.313931,
            43.0858004
          ],
          [
            141.3138482,
            43.0858479
          ],
          [
            141.3141707,
            43.086141
          ],
          [
            141.3145288,
            43.0864686
          ],
          [
            141.3145762,
            43.0865133
          ],
          [
            141.3145288,
            43.0864686
          ],
          [
            141.3146079,
            43.086422
          ],
          [
            141.3145288,
            43.0864686
          ],
          [
            141.3141707,
            43.086141
          ],
          [
            141.3142515,
            43.0860956
          ],
          [
            141.3141707,
            43.086141
          ],
          [
            141.3138482,
            43.0858479
          ],
          [
            141.3137527,
            43.0857613
          ],
          [
            141.3136926,
            43.085706
          ],
          [
            141.3136255,
            43.0857456
          ],
          [
            141.3127309,
            43.086273
          ],
          [
            141.313088,
            43.0865823
          ],
          [
            141.3133444,
            43.0864459
          ],
          [
            141.3136892,
            43.0867553
          ],
          [
            141.3137316,
            43.0867315
          ],
          [
            141.3138786,
            43.0866489
          ],
          [
            141.3136243,
            43.0864382
          ],
          [
            141.3138786,
            43.0866489
          ],
          [
            141.3137316,
            43.0867315
          ],
          [
            141.3136892,
            43.0867553
          ],
          [
            141.3133444,
            43.0864459
          ],
          [
            141.313088,
            43.0865823
          ],
          [
            141.3127309,
            43.086273
          ],
          [
            141.3136255,
            43.0857456
          ],
          [
            141.3136926,
            43.085706
          ],
          [
            141.3136491,
            43.0856675
          ],
          [
            141.3146084,
            43.0851215
          ],
          [
            141.3136491,
            43.0856675
          ],
          [
            141.3129663,
            43.0850407
          ],
          [
            141.3128971,
            43.0850815
          ],
          [
            141.3120642,
            43.0855725
          ],
          [
            141.3114148,
            43.0859521
          ],
          [
            141.3112363,
            43.0857824
          ],
          [
            141.3109999,
            43.0855577
          ],
          [
            141.3107549,
            43.0853376
          ],
          [
            141.3104164,
            43.0850217
          ],
          [
            141.3107549,
            43.0853376
          ],
          [
            141.3101504,
            43.0856715
          ],
          [
            141.3103931,
            43.0858987
          ],
          [
            141.3106444,
            43.0861309
          ],
          [
            141.3108256,
            43.086299
          ],
          [
            141.3106444,
            43.0861309
          ],
          [
            141.3103931,
            43.0858987
          ],
          [
            141.3109999,
            43.0855577
          ],
          [
            141.3103931,
            43.0858987
          ],
          [
            141.3101504,
            43.0856715
          ],
          [
            141.3100918,
            43.0856212
          ],
          [
            141.3098219,
            43.0853713
          ],
          [
            141.3094388,
            43.0850303
          ],
          [
            141.3094196,
            43.0850122
          ],
          [
            141.3093825,
            43.0850344
          ],
          [
            141.3088477,
            43.0853534
          ],
          [
            141.3092315,
            43.0857207
          ],
          [
            141.3097836,
            43.0854004
          ],
          [
            141.3098219,
            43.0853713
          ],
          [
            141.3104164,
            43.0850217
          ],
          [
            141.3098219,
            43.0853713
          ],
          [
            141.3097836,
            43.0854004
          ],
          [
            141.3092315,
            43.0857207
          ],
          [
            141.3094961,
            43.0859642
          ],
          [
            141.3102475,
            43.0866372
          ],
          [
            141.310508,
            43.0864834
          ],
          [
            141.3108256,
            43.086299
          ],
          [
            141.3110878,
            43.0861442
          ],
          [
            141.3114148,
            43.0859521
          ],
          [
            141.3110878,
            43.0861442
          ],
          [
            141.3108256,
            43.086299
          ],
          [
            141.310508,
            43.0864834
          ],
          [
            141.3102475,
            43.0866372
          ],
          [
            141.3101149,
            43.0867163
          ],
          [
            141.3104945,
            43.0870749
          ],
          [
            141.3108461,
            43.0873944
          ],
          [
            141.3115429,
            43.0880275
          ],
          [
            141.312269,
            43.0886872
          ],
          [
            141.3121296,
            43.0887664
          ],
          [
            141.3118476,
            43.0889333
          ],
          [
            141.3116097,
            43.0890722
          ],
          [
            141.311488,
            43.0891433
          ],
          [
            141.3113532,
            43.089222
          ],
          [
            141.3111538,
            43.0893385
          ],
          [
            141.3103693,
            43.0897967
          ],
          [
            141.3096888,
            43.0901941
          ],
          [
            141.3091873,
            43.090487
          ],
          [
            141.3084911,
            43.0908935
          ],
          [
            141.3084394,
            43.090925
          ],
          [
            141.3078543,
            43.0912814
          ],
          [
            141.3070306,
            43.0917846
          ],
          [
            141.3069463,
            43.0918337
          ],
          [
            141.3068417,
            43.0918946
          ],
          [
            141.3067607,
            43.0919418
          ],
          [
            141.3061371,
            43.0923051
          ],
          [
            141.3056575,
            43.0925844
          ],
          [
            141.3052193,
            43.0928464
          ],
          [
            141.3051425,
            43.0928922
          ],
          [
            141.3045984,
            43.0932058
          ],
          [
            141.3044598,
            43.0932868
          ],
          [
            141.3040792,
            43.0935107
          ],
          [
            141.3036754,
            43.0937478
          ],
          [
            141.3035112,
            43.0938443
          ],
          [
            141.3033727,
            43.0937331
          ],
          [
            141.3028297,
            43.0933353
          ],
          [
            141.3023434,
            43.092968
          ],
          [
            141.3022561,
            43.0930244
          ],
          [
            141.3019322,
            43.0932339
          ],
          [
            141.3016665,
            43.0934056
          ],
          [
            141.3015894,
            43.0934554
          ],
          [
            141.3013236,
            43.0936272
          ],
          [
            141.3009134,
            43.0938923
          ],
          [
            141.300879,
            43.0939146
          ],
          [
            141.3007959,
            43.0940399
          ],
          [
            141.3005391,
            43.094214
          ],
          [
            141.3003864,
            43.0943171
          ],
          [
            141.300015,
            43.0945471
          ]
        ]
      }
    },
    {
      "type": "Feature",
      "properties": {
        "scenario": 4,
        "vehicle": 2,
        "depot": "仮設待機点B",
        "hours": 1.5666169938689924,
        "distance_km": 13.60550684793148
      },
      "geometry": {
        "type": "LineString",
        "coordinates": [
          [
            141.3149964,
            43.0923359
          ],
          [
            141.31491,
            43.0922618
          ],
          [
            141.314641,
            43.0920148
          ],
          [
            141.3144852,
            43.0918635
          ],
          [
            141.3144165,
            43.091807
          ],
          [
            141.3142754,
            43.091684
          ],
          [
            141.313961,
            43.0914013
          ],
          [
            141.3134823,
            43.0909619
          ],
          [
            141.3134701,
            43.0909507
          ],
          [
            141.3129228,
            43.0904507
          ],
          [
            141.3126749,
            43.0902242
          ],
          [
            141.3124339,
            43.0900048
          ],
          [
            141.3115574,
            43.0892066
          ],
          [
            141.311488,
            43.0891433
          ],
          [
            141.3116097,
            43.0890722
          ],
          [
            141.3118476,
            43.0889333
          ],
          [
            141.3121296,
            43.0887664
          ],
          [
            141.312269,
            43.0886872
          ],
          [
            141.3115429,
            43.0880275
          ],
          [
            141.3108461,
            43.0873944
          ],
          [
            141.3104945,
            43.0870749
          ],
          [
            141.3108461,
            43.0873944
          ],
          [
            141.3118194,
            43.0868105
          ],
          [
            141.3127309,
            43.086273
          ],
          [
            141.3118194,
            43.0868105
          ],
          [
            141.3108461,
            43.0873944
          ],
          [
            141.3115429,
            43.0880275
          ],
          [
            141.312269,
            43.0886872
          ],
          [
            141.3127348,
            43.0884151
          ],
          [
            141.3120045,
            43.0877563
          ],
          [
            141.3117668,
            43.0875347
          ],
          [
            141.3116642,
            43.0874389
          ],
          [
            141.3117668,
            43.0875347
          ],
          [
            141.3122888,
            43.087245
          ],
          [
            141.3117668,
            43.0875347
          ],
          [
            141.3120045,
            43.0877563
          ],
          [
            141.3127348,
            43.0884151
          ],
          [
            141.31294,
            43.0882945
          ],
          [
            141.3132455,
            43.0881168
          ],
          [
            141.3133343,
            43.088065
          ],
          [
            141.3133962,
            43.0880288
          ],
          [
            141.3135452,
            43.0879388
          ],
          [
            141.3134707,
            43.0878781
          ],
          [
            141.3132896,
            43.0877308
          ],
          [
            141.3130026,
            43.0878955
          ],
          [
            141.3132896,
            43.0877308
          ],
          [
            141.3134707,
            43.0878781
          ],
          [
            141.3135452,
            43.0879388
          ],
          [
            141.3142692,
            43.0875242
          ],
          [
            141.3135452,
            43.0879388
          ],
          [
            141.3133962,
            43.0880288
          ],
          [
            141.3134541,
            43.0880806
          ],
          [
            141.3137796,
            43.088372
          ],
          [
            141.3138143,
            43.088403
          ],
          [
            141.3141986,
            43.0887589
          ],
          [
            141.3142375,
            43.0887949
          ],
          [
            141.3142109,
            43.0888092
          ],
          [
            141.31377,
            43.0890311
          ],
          [
            141.3142109,
            43.0888092
          ],
          [
            141.3142375,
            43.0887949
          ],
          [
            141.3142891,
            43.0887631
          ],
          [
            141.3142375,
            43.0887949
          ],
          [
            141.314261,
            43.0888159
          ],
          [
            141.3145574,
            43.0890811
          ],
          [
            141.3142559,
            43.0892991
          ],
          [
            141.3134868,
            43.0897746
          ],
          [
            141.3138092,
            43.0900628
          ],
          [
            141.3142959,
            43.0897506
          ],
          [
            141.3141982,
            43.0896698
          ],
          [
            141.3144845,
            43.0894878
          ],
          [
            141.3141982,
            43.0896698
          ],
          [
            141.3142959,
            43.0897506
          ],
          [
            141.3145534,
            43.0899634
          ],
          [
            141.3148538,
            43.0902117
          ],
          [
            141.3145534,
            43.0899634
          ],
          [
            141.3139946,
            43.0903195
          ],
          [
            141.3142864,
            43.0905698
          ],
          [
            141.3144546,
            43.0907165
          ],
          [
            141.3141486,
            43.0909163
          ],
          [
            141.3144144,
            43.0911379
          ],
          [
            141.3140286,
            43.091362
          ],
          [
            141.313961,
            43.0914013
          ],
          [
            141.3142754,
            43.091684
          ],
          [
            141.3143448,
            43.0916414
          ],
          [
            141.3142754,
            43.091684
          ],
          [
            141.3144165,
            43.091807
          ],
          [
            141.3143642,
            43.0918377
          ],
          [
            141.3140414,
            43.0920274
          ],
          [
            141.3130922,
            43.0911756
          ],
          [
            141.3120896,
            43.0902461
          ],
          [
            141.3120607,
            43.0902193
          ],
          [
            141.3120896,
            43.0902461
          ],
          [
            141.3130922,
            43.0911756
          ],
          [
            141.3134322,
            43.0909733
          ],
          [
            141.3134701,
            43.0909507
          ],
          [
            141.3134322,
            43.0909733
          ],
          [
            141.3130922,
            43.0911756
          ],
          [
            141.3127415,
            43.0913843
          ],
          [
            141.3117365,
            43.0904483
          ],
          [
            141.3117082,
            43.090422
          ],
          [
            141.3117365,
            43.0904483
          ],
          [
            141.3127415,
            43.0913843
          ],
          [
            141.3123532,
            43.0916154
          ],
          [
            141.3113045,
            43.090654
          ],
          [
            141.3104351,
            43.089857
          ],
          [
            141.3103693,
            43.0897967
          ],
          [
            141.3111538,
            43.0893385
          ],
          [
            141.3113532,
            43.089222
          ],
          [
            141.311488,
            43.0891433
          ],
          [
            141.3116097,
            43.0890722
          ],
          [
            141.3118476,
            43.0889333
          ],
          [
            141.3114615,
            43.08858
          ],
          [
            141.3118476,
            43.0889333
          ],
          [
            141.3121296,
            43.0887664
          ],
          [
            141.3118476,
            43.0889333
          ],
          [
            141.3116097,
            43.0890722
          ],
          [
            141.311488,
            43.0891433
          ],
          [
            141.3113532,
            43.089222
          ],
          [
            141.3111538,
            43.0893385
          ],
          [
            141.3109972,
            43.0891922
          ],
          [
            141.3107626,
            43.088973
          ],
          [
            141.3109972,
            43.0891922
          ],
          [
            141.3111538,
            43.0893385
          ],
          [
            141.3103693,
            43.0897967
          ],
          [
            141.3096888,
            43.0901941
          ],
          [
            141.3091873,
            43.090487
          ],
          [
            141.3085823,
            43.0899373
          ],
          [
            141.307963,
            43.0893746
          ],
          [
            141.307694,
            43.0891302
          ],
          [
            141.3074274,
            43.088888
          ],
          [
            141.3077917,
            43.0886821
          ],
          [
            141.308311,
            43.089167
          ],
          [
            141.3077917,
            43.0886821
          ],
          [
            141.3081305,
            43.0884906
          ],
          [
            141.3077576,
            43.0881414
          ],
          [
            141.3077309,
            43.0881164
          ],
          [
            141.3074888,
            43.0882584
          ],
          [
            141.3072416,
            43.0880452
          ],
          [
            141.3069849,
            43.0881922
          ],
          [
            141.3067774,
            43.0881662
          ],
          [
            141.3069849,
            43.0881922
          ],
          [
            141.3072416,
            43.0880452
          ],
          [
            141.3074888,
            43.0882584
          ],
          [
            141.3070303,
            43.0885273
          ],
          [
            141.3067852,
            43.088671
          ],
          [
            141.3066323,
            43.0887239
          ],
          [
            141.3067852,
            43.088671
          ],
          [
            141.3070303,
            43.0885273
          ],
          [
            141.3070836,
            43.0885757
          ],
          [
            141.3070303,
            43.0885273
          ],
          [
            141.3074888,
            43.0882584
          ],
          [
            141.3077309,
            43.0881164
          ],
          [
            141.3078912,
            43.0880223
          ],
          [
            141.3079782,
            43.0879714
          ],
          [
            141.308332,
            43.0877645
          ],
          [
            141.3084886,
            43.0876729
          ],
          [
            141.308332,
            43.0877645
          ],
          [
            141.3079782,
            43.0879714
          ],
          [
            141.3078912,
            43.0880223
          ],
          [
            141.3077309,
            43.0881164
          ],
          [
            141.3077576,
            43.0881414
          ],
          [
            141.3081305,
            43.0884906
          ],
          [
            141.3086475,
            43.0889748
          ],
          [
            141.3087892,
            43.0888962
          ],
          [
            141.3086475,
            43.0889748
          ],
          [
            141.3081305,
            43.0884906
          ],
          [
            141.3077917,
            43.0886821
          ],
          [
            141.3074274,
            43.088888
          ],
          [
            141.3070836,
            43.0885757
          ],
          [
            141.3074274,
            43.088888
          ],
          [
            141.307694,
            43.0891302
          ],
          [
            141.3069864,
            43.0895229
          ],
          [
            141.307694,
            43.0891302
          ],
          [
            141.307963,
            43.0893746
          ],
          [
            141.308311,
            43.089167
          ],
          [
            141.3084428,
            43.0890883
          ],
          [
            141.3086475,
            43.0889748
          ],
          [
            141.3084428,
            43.0890883
          ],
          [
            141.3088091,
            43.0894132
          ],
          [
            141.3084428,
            43.0890883
          ],
          [
            141.308311,
            43.089167
          ],
          [
            141.307963,
            43.0893746
          ],
          [
            141.3085823,
            43.0899373
          ],
          [
            141.3090738,
            43.0896482
          ],
          [
            141.3088091,
            43.0894132
          ],
          [
            141.3090738,
            43.0896482
          ],
          [
            141.3093397,
            43.0898842
          ],
          [
            141.3090738,
            43.0896482
          ],
          [
            141.3085823,
            43.0899373
          ],
          [
            141.3091873,
            43.090487
          ],
          [
            141.3084911,
            43.0908935
          ],
          [
            141.3084394,
            43.090925
          ],
          [
            141.3078543,
            43.0912814
          ],
          [
            141.3084394,
            43.090925
          ],
          [
            141.3084911,
            43.0908935
          ],
          [
            141.3075312,
            43.0900191
          ],
          [
            141.3072034,
            43.0897205
          ],
          [
            141.3069864,
            43.0895229
          ],
          [
            141.3067696,
            43.0893253
          ],
          [
            141.3067111,
            43.089272
          ],
          [
            141.3066457,
            43.0892136
          ],
          [
            141.3065653,
            43.0891412
          ],
          [
            141.3065501,
            43.0890663
          ],
          [
            141.3065694,
            43.0889858
          ],
          [
            141.3066323,
            43.0887239
          ],
          [
            141.3067774,
            43.0881662
          ],
          [
            141.3068505,
            43.0878852
          ],
          [
            141.3067774,
            43.0881662
          ],
          [
            141.3066323,
            43.0887239
          ],
          [
            141.3065694,
            43.0889858
          ],
          [
            141.3065501,
            43.0890663
          ],
          [
            141.3065653,
            43.0891412
          ],
          [
            141.3066457,
            43.0892136
          ],
          [
            141.3067111,
            43.089272
          ],
          [
            141.3067696,
            43.0893253
          ],
          [
            141.3069864,
            43.0895229
          ],
          [
            141.3072034,
            43.0897205
          ],
          [
            141.3075312,
            43.0900191
          ],
          [
            141.3084911,
            43.0908935
          ],
          [
            141.3091873,
            43.090487
          ],
          [
            141.3096888,
            43.0901941
          ],
          [
            141.3093397,
            43.0898842
          ],
          [
            141.3096888,
            43.0901941
          ],
          [
            141.309756,
            43.0902563
          ],
          [
            141.3107521,
            43.0911771
          ],
          [
            141.3114335,
            43.091807
          ],
          [
            141.3118051,
            43.0921247
          ],
          [
            141.3125738,
            43.0928217
          ],
          [
            141.3126246,
            43.0928659
          ],
          [
            141.3125738,
            43.0928217
          ],
          [
            141.3118051,
            43.0921247
          ],
          [
            141.3117694,
            43.0921461
          ],
          [
            141.3114885,
            43.0923147
          ],
          [
            141.3122699,
            43.093023
          ],
          [
            141.3123111,
            43.0930604
          ],
          [
            141.3126246,
            43.0928659
          ],
          [
            141.3131019,
            43.0933116
          ],
          [
            141.3127141,
            43.0935385
          ],
          [
            141.3122109,
            43.0931181
          ],
          [
            141.3127141,
            43.0935385
          ],
          [
            141.3131019,
            43.0933116
          ],
          [
            141.3131886,
            43.0932612
          ],
          [
            141.3131019,
            43.0933116
          ],
          [
            141.3131886,
            43.0932612
          ],
          [
            141.3137207,
            43.0929607
          ],
          [
            141.313787,
            43.0929232
          ],
          [
            141.3134942,
            43.0926565
          ],
          [
            141.3143824,
            43.0921572
          ],
          [
            141.3146588,
            43.0924081
          ],
          [
            141.3143824,
            43.0921572
          ],
          [
            141.3134942,
            43.0926565
          ],
          [
            141.3132907,
            43.0924747
          ],
          [
            141.3134942,
            43.0926565
          ],
          [
            141.313787,
            43.0929232
          ],
          [
            141.3146588,
            43.0924081
          ],
          [
            141.3148548,
            43.0922939
          ],
          [
            141.31491,
            43.0922618
          ],
          [
            141.3149964,
            43.0923359
          ],
          [
            141.31491,
            43.0922618
          ],
          [
            141.314641,
            43.0920148
          ],
          [
            141.3144852,
            43.0918635
          ],
          [
            141.314641,
            43.0920148
          ],
          [
            141.31491,
            43.0922618
          ],
          [
            141.3148548,
            43.0922939
          ],
          [
            141.3146588,
            43.0924081
          ],
          [
            141.313787,
            43.0929232
          ],
          [
            141.3137207,
            43.0929607
          ],
          [
            141.313742,
            43.0929798
          ],
          [
            141.3137207,
            43.0929607
          ],
          [
            141.3131886,
            43.0932612
          ],
          [
            141.3132146,
            43.0932856
          ],
          [
            141.3134339,
            43.0934919
          ],
          [
            141.3136689,
            43.0937169
          ],
          [
            141.3136462,
            43.0937305
          ],
          [
            141.3132148,
            43.0939899
          ],
          [
            141.313449,
            43.0942134
          ],
          [
            141.3138934,
            43.0939515
          ],
          [
            141.3139219,
            43.0939347
          ],
          [
            141.3138934,
            43.0939515
          ],
          [
            141.313449,
            43.0942134
          ],
          [
            141.3132148,
            43.0939899
          ],
          [
            141.3136462,
            43.0937305
          ],
          [
            141.3136689,
            43.0937169
          ],
          [
            141.3142156,
            43.0934031
          ],
          [
            141.3136689,
            43.0937169
          ],
          [
            141.3139219,
            43.0939347
          ],
          [
            141.3144683,
            43.0936297
          ],
          [
            141.3139219,
            43.0939347
          ],
          [
            141.3141637,
            43.0941452
          ],
          [
            141.3144395,
            43.0943932
          ],
          [
            141.3144119,
            43.0944092
          ],
          [
            141.3139712,
            43.0946656
          ],
          [
            141.314224,
            43.0948929
          ],
          [
            141.3142556,
            43.0949213
          ],
          [
            141.314224,
            43.0948929
          ],
          [
            141.3146628,
            43.0946329
          ],
          [
            141.3146854,
            43.0946195
          ],
          [
            141.3146628,
            43.0946329
          ],
          [
            141.314224,
            43.0948929
          ],
          [
            141.3139712,
            43.0946656
          ],
          [
            141.3144119,
            43.0944092
          ],
          [
            141.3144395,
            43.0943932
          ],
          [
            141.3149757,
            43.0940924
          ],
          [
            141.314702,
            43.093838
          ],
          [
            141.3149757,
            43.0940924
          ],
          [
            141.3144395,
            43.0943932
          ],
          [
            141.3146854,
            43.0946195
          ],
          [
            141.3146628,
            43.0946329
          ],
          [
            141.314224,
            43.0948929
          ],
          [
            141.3139712,
            43.0946656
          ],
          [
            141.313706,
            43.0944346
          ],
          [
            141.3139712,
            43.0946656
          ],
          [
            141.313706,
            43.0944346
          ],
          [
            141.313449,
            43.0942134
          ],
          [
            141.313706,
            43.0944346
          ],
          [
            141.3129096,
            43.0949131
          ],
          [
            141.3122154,
            43.0943053
          ],
          [
            141.3118848,
            43.0940158
          ],
          [
            141.3114067,
            43.0935973
          ],
          [
            141.3112863,
            43.0936674
          ],
          [
            141.3104784,
            43.0929397
          ],
          [
            141.3109105,
            43.0926816
          ],
          [
            141.3102694,
            43.092093
          ],
          [
            141.3100961,
            43.0921906
          ],
          [
            141.3102694,
            43.092093
          ],
          [
            141.3109105,
            43.0926816
          ],
          [
            141.3117106,
            43.0934162
          ],
          [
            141.3109105,
            43.0926816
          ],
          [
            141.3104784,
            43.0929397
          ],
          [
            141.3098209,
            43.0923458
          ],
          [
            141.3100961,
            43.0921906
          ],
          [
            141.3098441,
            43.0919608
          ],
          [
            141.3095566,
            43.0916932
          ],
          [
            141.3097564,
            43.0915839
          ],
          [
            141.3095566,
            43.0916932
          ],
          [
            141.3092824,
            43.0914486
          ],
          [
            141.3090902,
            43.0915654
          ],
          [
            141.3085272,
            43.0918924
          ],
          [
            141.3088052,
            43.0921305
          ],
          [
            141.3088515,
            43.092169
          ],
          [
            141.3090364,
            43.0923329
          ],
          [
            141.309086,
            43.0923787
          ],
          [
            141.3093537,
            43.0926166
          ],
          [
            141.3096443,
            43.0928787
          ],
          [
            141.3097966,
            43.0930163
          ],
          [
            141.3099023,
            43.09311
          ],
          [
            141.3100008,
            43.0932024
          ],
          [
            141.3104784,
            43.0929397
          ],
          [
            141.3112863,
            43.0936674
          ],
          [
            141.3114067,
            43.0935973
          ],
          [
            141.3118848,
            43.0940158
          ],
          [
            141.3123173,
            43.0937658
          ],
          [
            141.3127141,
            43.0935385
          ],
          [
            141.3131019,
            43.0933116
          ],
          [
            141.3131886,
            43.0932612
          ],
          [
            141.3137207,
            43.0929607
          ],
          [
            141.313787,
            43.0929232
          ],
          [
            141.3146588,
            43.0924081
          ],
          [
            141.3148548,
            43.0922939
          ],
          [
            141.31491,
            43.0922618
          ],
          [
            141.3149964,
            43.0923359
          ]
        ]
      }
    },
    {
      "type": "Feature",
      "properties": {
        "scenario": 4,
        "vehicle": 3,
        "depot": "仮設待機点B",
        "hours": 1.551584523302134,
        "distance_km": 13.293133383922843
      },
      "geometry": {
        "type": "LineString",
        "coordinates": [
          [
            141.3149964,
            43.0923359
          ],
          [
            141.31491,
            43.0922618
          ],
          [
            141.3148548,
            43.0922939
          ],
          [
            141.3146588,
            43.0924081
          ],
          [
            141.313787,
            43.0929232
          ],
          [
            141.3137207,
            43.0929607
          ],
          [
            141.3131886,
            43.0932612
          ],
          [
            141.3131019,
            43.0933116
          ],
          [
            141.3127141,
            43.0935385
          ],
          [
            141.3123173,
            43.0937658
          ],
          [
            141.3118848,
            43.0940158
          ],
          [
            141.3114067,
            43.0935973
          ],
          [
            141.3112863,
            43.0936674
          ],
          [
            141.3104784,
            43.0929397
          ],
          [
            141.3100008,
            43.0932024
          ],
          [
            141.3099023,
            43.09311
          ],
          [
            141.3097966,
            43.0930163
          ],
          [
            141.3096443,
            43.0928787
          ],
          [
            141.3093537,
            43.0926166
          ],
          [
            141.309086,
            43.0923787
          ],
          [
            141.3090364,
            43.0923329
          ],
          [
            141.3088515,
            43.092169
          ],
          [
            141.3088052,
            43.0921305
          ],
          [
            141.3085272,
            43.0918924
          ],
          [
            141.3090902,
            43.0915654
          ],
          [
            141.3092824,
            43.0914486
          ],
          [
            141.3095566,
            43.0916932
          ],
          [
            141.3088052,
            43.0921305
          ],
          [
            141.3095566,
            43.0916932
          ],
          [
            141.3098441,
            43.0919608
          ],
          [
            141.309086,
            43.0923787
          ],
          [
            141.3098441,
            43.0919608
          ],
          [
            141.3100961,
            43.0921906
          ],
          [
            141.3098209,
            43.0923458
          ],
          [
            141.3093537,
            43.0926166
          ],
          [
            141.3098209,
            43.0923458
          ],
          [
            141.3104784,
            43.0929397
          ],
          [
            141.3100008,
            43.0932024
          ],
          [
            141.3104784,
            43.0929397
          ],
          [
            141.3112863,
            43.0936674
          ],
          [
            141.3114067,
            43.0935973
          ],
          [
            141.3117106,
            43.0934162
          ],
          [
            141.3118358,
            43.0933445
          ],
          [
            141.3117106,
            43.0934162
          ],
          [
            141.3114067,
            43.0935973
          ],
          [
            141.3118848,
            43.0940158
          ],
          [
            141.3114705,
            43.094258
          ],
          [
            141.3112408,
            43.0943923
          ],
          [
            141.310851,
            43.094003
          ],
          [
            141.3112408,
            43.0943923
          ],
          [
            141.3115274,
            43.0946785
          ],
          [
            141.3116288,
            43.0947818
          ],
          [
            141.3115274,
            43.0946785
          ],
          [
            141.3117983,
            43.0945315
          ],
          [
            141.3115274,
            43.0946785
          ],
          [
            141.3112408,
            43.0943923
          ],
          [
            141.3109871,
            43.0945617
          ],
          [
            141.3107415,
            43.0943298
          ],
          [
            141.3103558,
            43.0945556
          ],
          [
            141.3107415,
            43.0943298
          ],
          [
            141.3109871,
            43.0945617
          ],
          [
            141.3113775,
            43.0949302
          ],
          [
            141.3116288,
            43.0947818
          ],
          [
            141.3113775,
            43.0949302
          ],
          [
            141.3109871,
            43.0945617
          ],
          [
            141.3112408,
            43.0943923
          ],
          [
            141.3114705,
            43.094258
          ],
          [
            141.3118848,
            43.0940158
          ],
          [
            141.3122154,
            43.0943053
          ],
          [
            141.3117983,
            43.0945315
          ],
          [
            141.3122154,
            43.0943053
          ],
          [
            141.3129096,
            43.0949131
          ],
          [
            141.313706,
            43.0944346
          ],
          [
            141.3141304,
            43.0941663
          ],
          [
            141.3141637,
            43.0941452
          ],
          [
            141.3141304,
            43.0941663
          ],
          [
            141.313706,
            43.0944346
          ],
          [
            141.313449,
            43.0942134
          ],
          [
            141.3132148,
            43.0939899
          ],
          [
            141.3129725,
            43.0937667
          ],
          [
            141.3132148,
            43.0939899
          ],
          [
            141.3129725,
            43.0937667
          ],
          [
            141.3127141,
            43.0935385
          ],
          [
            141.3129725,
            43.0937667
          ],
          [
            141.3134008,
            43.0935116
          ],
          [
            141.3134339,
            43.0934919
          ],
          [
            141.3139768,
            43.0931897
          ],
          [
            141.313742,
            43.0929798
          ],
          [
            141.3139768,
            43.0931897
          ],
          [
            141.314019,
            43.0932273
          ],
          [
            141.3142156,
            43.0934031
          ],
          [
            141.3143664,
            43.0935379
          ],
          [
            141.3144683,
            43.0936297
          ],
          [
            141.314702,
            43.093838
          ],
          [
            141.3141637,
            43.0941452
          ],
          [
            141.314702,
            43.093838
          ],
          [
            141.3144683,
            43.0936297
          ],
          [
            141.3143664,
            43.0935379
          ],
          [
            141.3142156,
            43.0934031
          ],
          [
            141.314019,
            43.0932273
          ],
          [
            141.3139768,
            43.0931897
          ],
          [
            141.3134339,
            43.0934919
          ],
          [
            141.3134008,
            43.0935116
          ],
          [
            141.3129725,
            43.0937667
          ],
          [
            141.3127141,
            43.0935385
          ],
          [
            141.3123173,
            43.0937658
          ],
          [
            141.3118848,
            43.0940158
          ],
          [
            141.3123173,
            43.0937658
          ],
          [
            141.3127141,
            43.0935385
          ],
          [
            141.3122109,
            43.0931181
          ],
          [
            141.3123111,
            43.0930604
          ],
          [
            141.3122109,
            43.0931181
          ],
          [
            141.3118358,
            43.0933445
          ],
          [
            141.3123173,
            43.0937658
          ],
          [
            141.3118358,
            43.0933445
          ],
          [
            141.3122109,
            43.0931181
          ],
          [
            141.3123111,
            43.0930604
          ],
          [
            141.3126246,
            43.0928659
          ],
          [
            141.3123111,
            43.0930604
          ],
          [
            141.3122699,
            43.093023
          ],
          [
            141.3114885,
            43.0923147
          ],
          [
            141.3117694,
            43.0921461
          ],
          [
            141.3118051,
            43.0921247
          ],
          [
            141.3114335,
            43.091807
          ],
          [
            141.3107521,
            43.0911771
          ],
          [
            141.309756,
            43.0902563
          ],
          [
            141.3096888,
            43.0901941
          ],
          [
            141.3103693,
            43.0897967
          ],
          [
            141.3104351,
            43.089857
          ],
          [
            141.3113045,
            43.090654
          ],
          [
            141.3113589,
            43.0906227
          ],
          [
            141.3117082,
            43.090422
          ],
          [
            141.3120607,
            43.0902193
          ],
          [
            141.3124339,
            43.0900048
          ],
          [
            141.3120607,
            43.0902193
          ],
          [
            141.3117082,
            43.090422
          ],
          [
            141.3113589,
            43.0906227
          ],
          [
            141.3113045,
            43.090654
          ],
          [
            141.3123532,
            43.0916154
          ],
          [
            141.3132907,
            43.0924747
          ],
          [
            141.3123532,
            43.0916154
          ],
          [
            141.3127415,
            43.0913843
          ],
          [
            141.3136955,
            43.0922336
          ],
          [
            141.3132907,
            43.0924747
          ],
          [
            141.3126246,
            43.0928659
          ],
          [
            141.3132907,
            43.0924747
          ],
          [
            141.3136955,
            43.0922336
          ],
          [
            141.3127415,
            43.0913843
          ],
          [
            141.3130922,
            43.0911756
          ],
          [
            141.3140414,
            43.0920274
          ],
          [
            141.3136955,
            43.0922336
          ],
          [
            141.3140414,
            43.0920274
          ],
          [
            141.3143642,
            43.0918377
          ],
          [
            141.3144165,
            43.091807
          ],
          [
            141.3144852,
            43.0918635
          ],
          [
            141.3144165,
            43.091807
          ],
          [
            141.3142754,
            43.091684
          ],
          [
            141.313961,
            43.0914013
          ],
          [
            141.3134823,
            43.0909619
          ],
          [
            141.3134701,
            43.0909507
          ],
          [
            141.3129228,
            43.0904507
          ],
          [
            141.3126749,
            43.0902242
          ],
          [
            141.3127391,
            43.0901884
          ],
          [
            141.3133278,
            43.0898599
          ],
          [
            141.3127391,
            43.0901884
          ],
          [
            141.3126749,
            43.0902242
          ],
          [
            141.3124339,
            43.0900048
          ],
          [
            141.3115574,
            43.0892066
          ],
          [
            141.311488,
            43.0891433
          ],
          [
            141.3115574,
            43.0892066
          ],
          [
            141.3124339,
            43.0900048
          ],
          [
            141.3126749,
            43.0902242
          ],
          [
            141.3129228,
            43.0904507
          ],
          [
            141.3134701,
            43.0909507
          ],
          [
            141.3134823,
            43.0909619
          ],
          [
            141.313961,
            43.0914013
          ],
          [
            141.3140286,
            43.091362
          ],
          [
            141.3144144,
            43.0911379
          ],
          [
            141.31494,
            43.0908108
          ],
          [
            141.3144144,
            43.0911379
          ],
          [
            141.3141486,
            43.0909163
          ],
          [
            141.3144546,
            43.0907165
          ],
          [
            141.3146639,
            43.0905804
          ],
          [
            141.31494,
            43.0908108
          ],
          [
            141.3146639,
            43.0905804
          ],
          [
            141.3144546,
            43.0907165
          ],
          [
            141.3142864,
            43.0905698
          ],
          [
            141.3139946,
            43.0903195
          ],
          [
            141.3145534,
            43.0899634
          ],
          [
            141.3142959,
            43.0897506
          ],
          [
            141.3138092,
            43.0900628
          ],
          [
            141.3134868,
            43.0897746
          ],
          [
            141.3133278,
            43.0898599
          ],
          [
            141.3132971,
            43.0898326
          ],
          [
            141.3131041,
            43.0896607
          ],
          [
            141.3132971,
            43.0898326
          ],
          [
            141.3133278,
            43.0898599
          ],
          [
            141.3134868,
            43.0897746
          ],
          [
            141.3142559,
            43.0892991
          ],
          [
            141.3144845,
            43.0894878
          ],
          [
            141.3142559,
            43.0892991
          ],
          [
            141.3145574,
            43.0890811
          ],
          [
            141.314261,
            43.0888159
          ],
          [
            141.3142375,
            43.0887949
          ],
          [
            141.3141986,
            43.0887589
          ],
          [
            141.3138143,
            43.088403
          ],
          [
            141.31386,
            43.0883759
          ],
          [
            141.3146433,
            43.0879123
          ],
          [
            141.31386,
            43.0883759
          ],
          [
            141.3138143,
            43.088403
          ],
          [
            141.3133508,
            43.0886662
          ],
          [
            141.31377,
            43.0890311
          ],
          [
            141.3129603,
            43.0895082
          ],
          [
            141.3131041,
            43.0896607
          ],
          [
            141.3129603,
            43.0895082
          ],
          [
            141.3121956,
            43.0888273
          ],
          [
            141.3129603,
            43.0895082
          ],
          [
            141.31377,
            43.0890311
          ],
          [
            141.3133508,
            43.0886662
          ],
          [
            141.3130038,
            43.0883522
          ],
          [
            141.3133508,
            43.0886662
          ],
          [
            141.3138143,
            43.088403
          ],
          [
            141.3137796,
            43.088372
          ],
          [
            141.3134541,
            43.0880806
          ],
          [
            141.3133962,
            43.0880288
          ],
          [
            141.3133343,
            43.088065
          ],
          [
            141.3132455,
            43.0881168
          ],
          [
            141.3130026,
            43.0878955
          ],
          [
            141.3128174,
            43.0877267
          ],
          [
            141.3131403,
            43.0875326
          ],
          [
            141.3131652,
            43.087487
          ],
          [
            141.3131903,
            43.0874409
          ],
          [
            141.3135708,
            43.0872279
          ],
          [
            141.3137214,
            43.0873606
          ],
          [
            141.3141129,
            43.0871363
          ],
          [
            141.3137214,
            43.0873606
          ],
          [
            141.3135708,
            43.0872279
          ],
          [
            141.3133096,
            43.086982
          ],
          [
            141.3135708,
            43.0872279
          ],
          [
            141.3131903,
            43.0874409
          ],
          [
            141.3131652,
            43.087487
          ],
          [
            141.3128831,
            43.0872366
          ],
          [
            141.3131652,
            43.087487
          ],
          [
            141.3131403,
            43.0875326
          ],
          [
            141.3128174,
            43.0877267
          ],
          [
            141.3130026,
            43.0878955
          ],
          [
            141.3132455,
            43.0881168
          ],
          [
            141.31294,
            43.0882945
          ],
          [
            141.3130038,
            43.0883522
          ],
          [
            141.31294,
            43.0882945
          ],
          [
            141.3127348,
            43.0884151
          ],
          [
            141.312269,
            43.0886872
          ],
          [
            141.3121296,
            43.0887664
          ],
          [
            141.3121956,
            43.0888273
          ],
          [
            141.3121296,
            43.0887664
          ],
          [
            141.312269,
            43.0886872
          ],
          [
            141.3115429,
            43.0880275
          ],
          [
            141.3120045,
            43.0877563
          ],
          [
            141.3115429,
            43.0880275
          ],
          [
            141.3108461,
            43.0873944
          ],
          [
            141.3104945,
            43.0870749
          ],
          [
            141.3114711,
            43.0864969
          ],
          [
            141.3110878,
            43.0861442
          ],
          [
            141.3114711,
            43.0864969
          ],
          [
            141.3118194,
            43.0868105
          ],
          [
            141.3121236,
            43.0870921
          ],
          [
            141.3122468,
            43.0872061
          ],
          [
            141.3122888,
            43.087245
          ],
          [
            141.3125185,
            43.0874543
          ],
          [
            141.3128174,
            43.0877267
          ],
          [
            141.3125185,
            43.0874543
          ],
          [
            141.3120045,
            43.0877563
          ],
          [
            141.3125185,
            43.0874543
          ],
          [
            141.3128831,
            43.0872366
          ],
          [
            141.3133096,
            43.086982
          ],
          [
            141.3136892,
            43.0867553
          ],
          [
            141.3141129,
            43.0871363
          ],
          [
            141.3143568,
            43.0873557
          ],
          [
            141.3144354,
            43.0874264
          ],
          [
            141.3142692,
            43.0875242
          ],
          [
            141.3143215,
            43.0875736
          ],
          [
            141.3146658,
            43.087899
          ],
          [
            141.3146433,
            43.0879123
          ],
          [
            141.3146658,
            43.087899
          ],
          [
            141.3143215,
            43.0875736
          ],
          [
            141.3142692,
            43.0875242
          ],
          [
            141.3144354,
            43.0874264
          ],
          [
            141.3143568,
            43.0873557
          ],
          [
            141.3141129,
            43.0871363
          ],
          [
            141.3136892,
            43.0867553
          ],
          [
            141.3133096,
            43.086982
          ],
          [
            141.3128831,
            43.0872366
          ],
          [
            141.3125185,
            43.0874543
          ],
          [
            141.3122888,
            43.087245
          ],
          [
            141.3122468,
            43.0872061
          ],
          [
            141.3121236,
            43.0870921
          ],
          [
            141.3118194,
            43.0868105
          ],
          [
            141.3114711,
            43.0864969
          ],
          [
            141.3104945,
            43.0870749
          ],
          [
            141.3101149,
            43.0867163
          ],
          [
            141.3096956,
            43.0869672
          ],
          [
            141.3096525,
            43.0869923
          ],
          [
            141.3093298,
            43.087181
          ],
          [
            141.3092871,
            43.087206
          ],
          [
            141.3093161,
            43.0872327
          ],
          [
            141.3097017,
            43.0875874
          ],
          [
            141.3098724,
            43.0876211
          ],
          [
            141.310535,
            43.0882381
          ],
          [
            141.3101837,
            43.0884323
          ],
          [
            141.3101175,
            43.0884689
          ],
          [
            141.3089826,
            43.08743
          ],
          [
            141.3101175,
            43.0884689
          ],
          [
            141.3101837,
            43.0884323
          ],
          [
            141.3102073,
            43.0884544
          ],
          [
            141.3103789,
            43.0886146
          ],
          [
            141.3110687,
            43.0882207
          ],
          [
            141.3114615,
            43.08858
          ],
          [
            141.3110687,
            43.0882207
          ],
          [
            141.3103789,
            43.0886146
          ],
          [
            141.3107626,
            43.088973
          ],
          [
            141.3111303,
            43.0887662
          ],
          [
            141.3114615,
            43.08858
          ],
          [
            141.3111303,
            43.0887662
          ],
          [
            141.3107626,
            43.088973
          ],
          [
            141.3103789,
            43.0886146
          ],
          [
            141.3102073,
            43.0884544
          ],
          [
            141.3101837,
            43.0884323
          ],
          [
            141.310535,
            43.0882381
          ],
          [
            141.3101837,
            43.0884323
          ],
          [
            141.3102073,
            43.0884544
          ],
          [
            141.3103789,
            43.0886146
          ],
          [
            141.3107626,
            43.088973
          ],
          [
            141.3109972,
            43.0891922
          ],
          [
            141.3111538,
            43.0893385
          ],
          [
            141.3113532,
            43.089222
          ],
          [
            141.311488,
            43.0891433
          ],
          [
            141.3115574,
            43.0892066
          ],
          [
            141.3124339,
            43.0900048
          ],
          [
            141.3126749,
            43.0902242
          ],
          [
            141.3129228,
            43.0904507
          ],
          [
            141.3134701,
            43.0909507
          ],
          [
            141.3134823,
            43.0909619
          ],
          [
            141.313961,
            43.0914013
          ],
          [
            141.3142754,
            43.091684
          ],
          [
            141.3144165,
            43.091807
          ],
          [
            141.3144852,
            43.0918635
          ],
          [
            141.314641,
            43.0920148
          ],
          [
            141.31491,
            43.0922618
          ],
          [
            141.3149964,
            43.0923359
          ]
        ]
      }
    },
    {
      "type": "Feature",
      "properties": {
        "scenario": 4,
        "vehicle": 4,
        "depot": "仮設待機点A",
        "hours": 1.557891610129135,
        "distance_km": 13.276998699025556
      },
      "geometry": {
        "type": "LineString",
        "coordinates": [
          [
            141.300015,
            43.0945471
          ],
          [
            141.3003864,
            43.0943171
          ],
          [
            141.3005391,
            43.094214
          ],
          [
            141.3007959,
            43.0940399
          ],
          [
            141.300879,
            43.0939146
          ],
          [
            141.3009134,
            43.0938923
          ],
          [
            141.3013236,
            43.0936272
          ],
          [
            141.3015894,
            43.0934554
          ],
          [
            141.3016665,
            43.0934056
          ],
          [
            141.3019322,
            43.0932339
          ],
          [
            141.3022561,
            43.0930244
          ],
          [
            141.3023434,
            43.092968
          ],
          [
            141.3028297,
            43.0933353
          ],
          [
            141.3033727,
            43.0937331
          ],
          [
            141.3035112,
            43.0938443
          ],
          [
            141.3036754,
            43.0937478
          ],
          [
            141.3040792,
            43.0935107
          ],
          [
            141.3044598,
            43.0932868
          ],
          [
            141.3045984,
            43.0932058
          ],
          [
            141.3051425,
            43.0928922
          ],
          [
            141.3052193,
            43.0928464
          ],
          [
            141.3056575,
            43.0925844
          ],
          [
            141.3061371,
            43.0923051
          ],
          [
            141.3067607,
            43.0919418
          ],
          [
            141.3068417,
            43.0918946
          ],
          [
            141.3069463,
            43.0918337
          ],
          [
            141.3070306,
            43.0917846
          ],
          [
            141.3078543,
            43.0912814
          ],
          [
            141.3084394,
            43.090925
          ],
          [
            141.3084911,
            43.0908935
          ],
          [
            141.3091873,
            43.090487
          ],
          [
            141.3096888,
            43.0901941
          ],
          [
            141.3103693,
            43.0897967
          ],
          [
            141.3111538,
            43.0893385
          ],
          [
            141.3109972,
            43.0891922
          ],
          [
            141.3107626,
            43.088973
          ],
          [
            141.3103789,
            43.0886146
          ],
          [
            141.3102073,
            43.0884544
          ],
          [
            141.3101837,
            43.0884323
          ],
          [
            141.310535,
            43.0882381
          ],
          [
            141.3098724,
            43.0876211
          ],
          [
            141.3097017,
            43.0875874
          ],
          [
            141.3093161,
            43.0872327
          ],
          [
            141.3092871,
            43.087206
          ],
          [
            141.3089801,
            43.0873855
          ],
          [
            141.308952,
            43.087402
          ],
          [
            141.3089826,
            43.08743
          ],
          [
            141.308952,
            43.087402
          ],
          [
            141.3084886,
            43.0876729
          ],
          [
            141.3085145,
            43.0876977
          ],
          [
            141.3089578,
            43.0881226
          ],
          [
            141.3085145,
            43.0876977
          ],
          [
            141.3084886,
            43.0876729
          ],
          [
            141.308952,
            43.087402
          ],
          [
            141.3089801,
            43.0873855
          ],
          [
            141.3084444,
            43.0869352
          ],
          [
            141.3081734,
            43.0866536
          ],
          [
            141.3078074,
            43.0868461
          ],
          [
            141.3074261,
            43.0870636
          ],
          [
            141.3070753,
            43.0872949
          ],
          [
            141.3066997,
            43.0874985
          ],
          [
            141.3065694,
            43.0875574
          ],
          [
            141.3065346,
            43.0876093
          ],
          [
            141.3065211,
            43.0877553
          ],
          [
            141.3069595,
            43.0878202
          ],
          [
            141.3068505,
            43.0878852
          ],
          [
            141.3069595,
            43.0878202
          ],
          [
            141.3065211,
            43.0877553
          ],
          [
            141.3057192,
            43.0876557
          ],
          [
            141.3056746,
            43.0876349
          ],
          [
            141.3057392,
            43.0873841
          ],
          [
            141.3057254,
            43.0873303
          ],
          [
            141.3059003,
            43.0873434
          ],
          [
            141.3057254,
            43.0873303
          ],
          [
            141.3057173,
            43.0872989
          ],
          [
            141.3056372,
            43.0869864
          ],
          [
            141.3056034,
            43.0868999
          ],
          [
            141.3055115,
            43.0866652
          ],
          [
            141.3059885,
            43.0865635
          ],
          [
            141.3066789,
            43.0863973
          ],
          [
            141.3074261,
            43.0870636
          ],
          [
            141.307788,
            43.0873256
          ],
          [
            141.308332,
            43.0877645
          ],
          [
            141.307788,
            43.0873256
          ],
          [
            141.3069595,
            43.0878202
          ],
          [
            141.307788,
            43.0873256
          ],
          [
            141.3079117,
            43.087252
          ],
          [
            141.3084444,
            43.0869352
          ],
          [
            141.3086912,
            43.0867884
          ],
          [
            141.308836,
            43.0867021
          ],
          [
            141.3092046,
            43.086483
          ],
          [
            141.309159,
            43.0864427
          ],
          [
            141.3088482,
            43.0861683
          ],
          [
            141.3085292,
            43.0858864
          ],
          [
            141.3083708,
            43.0857465
          ],
          [
            141.3082031,
            43.0855984
          ],
          [
            141.3078062,
            43.0852334
          ],
          [
            141.3078217,
            43.0851925
          ],
          [
            141.3078062,
            43.0852334
          ],
          [
            141.307432,
            43.0854692
          ],
          [
            141.3071099,
            43.0856569
          ],
          [
            141.3070585,
            43.0856882
          ],
          [
            141.3071099,
            43.0856569
          ],
          [
            141.307432,
            43.0854692
          ],
          [
            141.3078062,
            43.0852334
          ],
          [
            141.3082031,
            43.0855984
          ],
          [
            141.3083708,
            43.0857465
          ],
          [
            141.3085292,
            43.0858864
          ],
          [
            141.3088482,
            43.0861683
          ],
          [
            141.309159,
            43.0864427
          ],
          [
            141.3092046,
            43.086483
          ],
          [
            141.308836,
            43.0867021
          ],
          [
            141.3086912,
            43.0867884
          ],
          [
            141.3084444,
            43.0869352
          ],
          [
            141.3079117,
            43.087252
          ],
          [
            141.307788,
            43.0873256
          ],
          [
            141.3074261,
            43.0870636
          ],
          [
            141.3066789,
            43.0863973
          ],
          [
            141.3065973,
            43.0862228
          ],
          [
            141.3064301,
            43.0858875
          ],
          [
            141.3069171,
            43.0857747
          ],
          [
            141.3069736,
            43.085731
          ],
          [
            141.3070585,
            43.0856882
          ],
          [
            141.3069736,
            43.085731
          ],
          [
            141.3066429,
            43.085433
          ],
          [
            141.3062032,
            43.0850377
          ],
          [
            141.3066429,
            43.085433
          ],
          [
            141.3069736,
            43.085731
          ],
          [
            141.3069171,
            43.0857747
          ],
          [
            141.3064301,
            43.0858875
          ],
          [
            141.3062287,
            43.0859371
          ],
          [
            141.3064301,
            43.0858875
          ],
          [
            141.3065973,
            43.0862228
          ],
          [
            141.3066789,
            43.0863973
          ],
          [
            141.3059885,
            43.0865635
          ],
          [
            141.3055115,
            43.0866652
          ],
          [
            141.3054608,
            43.0865356
          ],
          [
            141.3054441,
            43.0864928
          ],
          [
            141.3053033,
            43.0861629
          ],
          [
            141.3052763,
            43.0861076
          ],
          [
            141.3051573,
            43.0859643
          ],
          [
            141.3050406,
            43.0858206
          ],
          [
            141.3049613,
            43.0857216
          ],
          [
            141.3047983,
            43.0855248
          ],
          [
            141.3045903,
            43.0852686
          ],
          [
            141.3044764,
            43.0851206
          ],
          [
            141.3044437,
            43.0850897
          ],
          [
            141.3044764,
            43.0851206
          ],
          [
            141.3045903,
            43.0852686
          ],
          [
            141.3047983,
            43.0855248
          ],
          [
            141.3049613,
            43.0857216
          ],
          [
            141.3050406,
            43.0858206
          ],
          [
            141.3051573,
            43.0859643
          ],
          [
            141.3052763,
            43.0861076
          ],
          [
            141.3053033,
            43.0861629
          ],
          [
            141.3062287,
            43.0859371
          ],
          [
            141.3053033,
            43.0861629
          ],
          [
            141.3050274,
            43.0862315
          ],
          [
            141.3043069,
            43.0864047
          ],
          [
            141.3041714,
            43.0864467
          ],
          [
            141.3040932,
            43.0863377
          ],
          [
            141.3036399,
            43.0857539
          ],
          [
            141.3034066,
            43.0854248
          ],
          [
            141.3036399,
            43.0857539
          ],
          [
            141.3040932,
            43.0863377
          ],
          [
            141.3041714,
            43.0864467
          ],
          [
            141.3042139,
            43.0865061
          ],
          [
            141.3043319,
            43.0867001
          ],
          [
            141.304399,
            43.0868529
          ],
          [
            141.3044795,
            43.087131
          ],
          [
            141.3045063,
            43.0873289
          ],
          [
            141.3045009,
            43.0875208
          ],
          [
            141.3044687,
            43.0876795
          ],
          [
            141.3043981,
            43.0878914
          ],
          [
            141.3043444,
            43.0880579
          ],
          [
            141.3042827,
            43.0882303
          ],
          [
            141.3042327,
            43.0884709
          ],
          [
            141.304213,
            43.0887651
          ],
          [
            141.3042452,
            43.0890432
          ],
          [
            141.3043856,
            43.0894013
          ],
          [
            141.304517,
            43.0896794
          ],
          [
            141.3045934,
            43.0897763
          ],
          [
            141.3046833,
            43.0898929
          ],
          [
            141.3048214,
            43.0900281
          ],
          [
            141.3058062,
            43.0909393
          ],
          [
            141.3067462,
            43.0918065
          ],
          [
            141.3068417,
            43.0918946
          ],
          [
            141.3069463,
            43.0918337
          ],
          [
            141.3070306,
            43.0917846
          ],
          [
            141.3078543,
            43.0912814
          ],
          [
            141.3079212,
            43.0913445
          ],
          [
            141.3085272,
            43.0918924
          ],
          [
            141.3088052,
            43.0921305
          ],
          [
            141.3085272,
            43.0918924
          ],
          [
            141.3079212,
            43.0913445
          ],
          [
            141.3078543,
            43.0912814
          ],
          [
            141.3070306,
            43.0917846
          ],
          [
            141.3070798,
            43.0918306
          ],
          [
            141.3079517,
            43.0926449
          ],
          [
            141.3079935,
            43.0926839
          ],
          [
            141.307581,
            43.0929269
          ],
          [
            141.3079935,
            43.0926839
          ],
          [
            141.3088515,
            43.092169
          ],
          [
            141.3088052,
            43.0921305
          ],
          [
            141.3088515,
            43.092169
          ],
          [
            141.3079935,
            43.0926839
          ],
          [
            141.3081772,
            43.0928555
          ],
          [
            141.3090364,
            43.0923329
          ],
          [
            141.3088515,
            43.092169
          ],
          [
            141.3090364,
            43.0923329
          ],
          [
            141.309086,
            43.0923787
          ],
          [
            141.3093537,
            43.0926166
          ],
          [
            141.3096443,
            43.0928787
          ],
          [
            141.3093537,
            43.0926166
          ],
          [
            141.309086,
            43.0923787
          ],
          [
            141.3090364,
            43.0923329
          ],
          [
            141.3081772,
            43.0928555
          ],
          [
            141.3084827,
            43.0931408
          ],
          [
            141.3087694,
            43.0934086
          ],
          [
            141.3089182,
            43.0935476
          ],
          [
            141.3097966,
            43.0930163
          ],
          [
            141.3096443,
            43.0928787
          ],
          [
            141.3097966,
            43.0930163
          ],
          [
            141.3099023,
            43.09311
          ],
          [
            141.3100008,
            43.0932024
          ],
          [
            141.3107447,
            43.0939013
          ],
          [
            141.3107991,
            43.0939512
          ],
          [
            141.310851,
            43.094003
          ],
          [
            141.3107991,
            43.0939512
          ],
          [
            141.3107211,
            43.0939966
          ],
          [
            141.3107991,
            43.0939512
          ],
          [
            141.3108865,
            43.0939002
          ],
          [
            141.3110093,
            43.0938287
          ],
          [
            141.3112863,
            43.0936674
          ],
          [
            141.3110093,
            43.0938287
          ],
          [
            141.3114705,
            43.094258
          ],
          [
            141.3117983,
            43.0945315
          ],
          [
            141.3114705,
            43.094258
          ],
          [
            141.3110093,
            43.0938287
          ],
          [
            141.3108865,
            43.0939002
          ],
          [
            141.3107991,
            43.0939512
          ],
          [
            141.3107447,
            43.0939013
          ],
          [
            141.3100008,
            43.0932024
          ],
          [
            141.3099023,
            43.09311
          ],
          [
            141.3097966,
            43.0930163
          ],
          [
            141.3089182,
            43.0935476
          ],
          [
            141.3085101,
            43.0937837
          ],
          [
            141.307581,
            43.0929269
          ],
          [
            141.3085101,
            43.0937837
          ],
          [
            141.308045,
            43.0940527
          ],
          [
            141.3075853,
            43.0943276
          ],
          [
            141.3066466,
            43.0934685
          ],
          [
            141.3056575,
            43.0925844
          ],
          [
            141.3061371,
            43.0923051
          ],
          [
            141.3056575,
            43.0925844
          ],
          [
            141.3052193,
            43.0928464
          ],
          [
            141.3061924,
            43.0937337
          ],
          [
            141.3069534,
            43.0944091
          ],
          [
            141.3061924,
            43.0937337
          ],
          [
            141.305584,
            43.0941037
          ],
          [
            141.3059704,
            43.0944564
          ],
          [
            141.3054578,
            43.0947587
          ],
          [
            141.3059704,
            43.0944564
          ],
          [
            141.305584,
            43.0941037
          ],
          [
            141.3061924,
            43.0937337
          ],
          [
            141.3066466,
            43.0934685
          ],
          [
            141.3071109,
            43.0931929
          ],
          [
            141.307581,
            43.0929269
          ],
          [
            141.3071109,
            43.0931929
          ],
          [
            141.3061371,
            43.0923051
          ],
          [
            141.3071109,
            43.0931929
          ],
          [
            141.308045,
            43.0940527
          ],
          [
            141.3081035,
            43.0941066
          ],
          [
            141.3090445,
            43.0949733
          ],
          [
            141.3090311,
            43.0949811
          ],
          [
            141.3090445,
            43.0949733
          ],
          [
            141.3091502,
            43.0949117
          ],
          [
            141.3092456,
            43.0948561
          ],
          [
            141.3096022,
            43.0946484
          ],
          [
            141.3101203,
            43.0943466
          ],
          [
            141.3107211,
            43.0939966
          ],
          [
            141.3101203,
            43.0943466
          ],
          [
            141.3103558,
            43.0945556
          ],
          [
            141.3101203,
            43.0943466
          ],
          [
            141.3096022,
            43.0946484
          ],
          [
            141.3092456,
            43.0948561
          ],
          [
            141.3091502,
            43.0949117
          ],
          [
            141.3090445,
            43.0949733
          ],
          [
            141.3081035,
            43.0941066
          ],
          [
            141.308045,
            43.0940527
          ],
          [
            141.3071109,
            43.0931929
          ],
          [
            141.3066466,
            43.0934685
          ],
          [
            141.3061924,
            43.0937337
          ],
          [
            141.3052193,
            43.0928464
          ],
          [
            141.3051425,
            43.0928922
          ],
          [
            141.3049031,
            43.0927142
          ],
          [
            141.3040988,
            43.0921159
          ],
          [
            141.3040012,
            43.0920848
          ],
          [
            141.3034582,
            43.0920243
          ],
          [
            141.3033829,
            43.0920373
          ],
          [
            141.3033307,
            43.092086
          ],
          [
            141.3021057,
            43.0928108
          ],
          [
            141.3015941,
            43.0924092
          ],
          [
            141.3011356,
            43.092069
          ],
          [
            141.3010012,
            43.091967
          ],
          [
            141.3005187,
            43.0916072
          ],
          [
            141.3010012,
            43.091967
          ],
          [
            141.3011356,
            43.092069
          ],
          [
            141.3015941,
            43.0924092
          ],
          [
            141.3021057,
            43.0928108
          ],
          [
            141.3023434,
            43.092968
          ],
          [
            141.3028297,
            43.0933353
          ],
          [
            141.3023434,
            43.092968
          ],
          [
            141.3022561,
            43.0930244
          ],
          [
            141.3019322,
            43.0932339
          ],
          [
            141.3008759,
            43.0924582
          ],
          [
            141.3010715,
            43.0921651
          ],
          [
            141.3011356,
            43.092069
          ],
          [
            141.3010715,
            43.0921651
          ],
          [
            141.3008759,
            43.0924582
          ],
          [
            141.3006753,
            43.0927781
          ],
          [
            141.3015894,
            43.0934554
          ],
          [
            141.3016665,
            43.0934056
          ],
          [
            141.3019322,
            43.0932339
          ],
          [
            141.3016665,
            43.0934056
          ],
          [
            141.3015894,
            43.0934554
          ],
          [
            141.3013236,
            43.0936272
          ],
          [
            141.3017592,
            43.0940272
          ],
          [
            141.3021156,
            43.0937968
          ],
          [
            141.3016665,
            43.0934056
          ],
          [
            141.3021156,
            43.0937968
          ],
          [
            141.3017592,
            43.0940272
          ],
          [
            141.3019117,
            43.0941672
          ],
          [
            141.3022683,
            43.0944794
          ],
          [
            141.3019117,
            43.0941672
          ],
          [
            141.3016241,
            43.0943449
          ],
          [
            141.3015948,
            43.0943671
          ],
          [
            141.3016241,
            43.0943449
          ],
          [
            141.3019117,
            43.0941672
          ],
          [
            141.3017592,
            43.0940272
          ],
          [
            141.3013236,
            43.0936272
          ],
          [
            141.3009134,
            43.0938923
          ],
          [
            141.300879,
            43.0939146
          ],
          [
            141.3007959,
            43.0940399
          ],
          [
            141.3005391,
            43.094214
          ],
          [
            141.3003864,
            43.0943171
          ],
          [
            141.300015,
            43.0945471
          ],
          [
            141.3003066,
            43.0948135
          ],
          [
            141.3004561,
            43.0949501
          ],
          [
            141.3003066,
            43.0948135
          ],
          [
            141.300015,
            43.0945471
          ]
        ]
      }
    },
    {
      "type": "Feature",
      "properties": {
        "scenario": 8,
        "vehicle": 1,
        "depot": "仮設待機点A",
        "hours": 0.8176810149644189,
        "distance_km": 7.425096358588316
      },
      "geometry": {
        "type": "LineString",
        "coordinates": [
          [
            141.300015,
            43.0945471
          ],
          [
            141.3003864,
            43.0943171
          ],
          [
            141.3005391,
            43.094214
          ],
          [
            141.3007959,
            43.0940399
          ],
          [
            141.300879,
            43.0939146
          ],
          [
            141.3009134,
            43.0938923
          ],
          [
            141.3013236,
            43.0936272
          ],
          [
            141.3015894,
            43.0934554
          ],
          [
            141.3006753,
            43.0927781
          ],
          [
            141.3006402,
            43.0928251
          ],
          [
            141.300532,
            43.092889
          ],
          [
            141.3003331,
            43.0931617
          ],
          [
            141.300532,
            43.092889
          ],
          [
            141.3006402,
            43.0928251
          ],
          [
            141.3006753,
            43.0927781
          ],
          [
            141.3008759,
            43.0924582
          ],
          [
            141.3019322,
            43.0932339
          ],
          [
            141.3022561,
            43.0930244
          ],
          [
            141.3023434,
            43.092968
          ],
          [
            141.3021057,
            43.0928108
          ],
          [
            141.3033307,
            43.092086
          ],
          [
            141.3044891,
            43.0929324
          ],
          [
            141.3049031,
            43.0927142
          ],
          [
            141.3044891,
            43.0929324
          ],
          [
            141.3033307,
            43.092086
          ],
          [
            141.3033829,
            43.0920373
          ],
          [
            141.3034582,
            43.0920243
          ],
          [
            141.3040012,
            43.0920848
          ],
          [
            141.3040988,
            43.0921159
          ],
          [
            141.3049031,
            43.0927142
          ],
          [
            141.3051425,
            43.0928922
          ],
          [
            141.3045984,
            43.0932058
          ],
          [
            141.3044598,
            43.0932868
          ],
          [
            141.3040792,
            43.0935107
          ],
          [
            141.3036754,
            43.0937478
          ],
          [
            141.3035112,
            43.0938443
          ],
          [
            141.3033388,
            43.0939413
          ],
          [
            141.3025528,
            43.0944078
          ],
          [
            141.3023336,
            43.0945366
          ],
          [
            141.3020012,
            43.094735
          ],
          [
            141.3019342,
            43.0946744
          ],
          [
            141.3015948,
            43.0943671
          ],
          [
            141.3014633,
            43.0942451
          ],
          [
            141.3012199,
            43.0940192
          ],
          [
            141.3014633,
            43.0942451
          ],
          [
            141.3015948,
            43.0943671
          ],
          [
            141.3019342,
            43.0946744
          ],
          [
            141.3020012,
            43.094735
          ],
          [
            141.3023336,
            43.0945366
          ],
          [
            141.3022683,
            43.0944794
          ],
          [
            141.3023336,
            43.0945366
          ],
          [
            141.3025528,
            43.0944078
          ],
          [
            141.3026168,
            43.0944665
          ],
          [
            141.3025528,
            43.0944078
          ],
          [
            141.3033388,
            43.0939413
          ],
          [
            141.3035112,
            43.0938443
          ],
          [
            141.3033727,
            43.0937331
          ],
          [
            141.3028297,
            43.0933353
          ],
          [
            141.3027509,
            43.0933862
          ],
          [
            141.3021156,
            43.0937968
          ],
          [
            141.3027509,
            43.0933862
          ],
          [
            141.3028297,
            43.0933353
          ],
          [
            141.3033727,
            43.0937331
          ],
          [
            141.3035112,
            43.0938443
          ],
          [
            141.3036244,
            43.0939528
          ],
          [
            141.3045004,
            43.0947423
          ],
          [
            141.3036244,
            43.0939528
          ],
          [
            141.3035112,
            43.0938443
          ],
          [
            141.3036754,
            43.0937478
          ],
          [
            141.3040792,
            43.0935107
          ],
          [
            141.3041574,
            43.0935765
          ],
          [
            141.3045973,
            43.0939703
          ],
          [
            141.3050413,
            43.0943644
          ],
          [
            141.3050813,
            43.0943999
          ],
          [
            141.3045004,
            43.0947423
          ],
          [
            141.3050813,
            43.0943999
          ],
          [
            141.3050413,
            43.0943644
          ],
          [
            141.3045973,
            43.0939703
          ],
          [
            141.3041574,
            43.0935765
          ],
          [
            141.3040792,
            43.0935107
          ],
          [
            141.3044598,
            43.0932868
          ],
          [
            141.3045984,
            43.0932058
          ],
          [
            141.3051038,
            43.0936712
          ],
          [
            141.305584,
            43.0941037
          ],
          [
            141.3050813,
            43.0943999
          ],
          [
            141.3054578,
            43.0947587
          ],
          [
            141.305525,
            43.0948228
          ],
          [
            141.3054578,
            43.0947587
          ],
          [
            141.3050813,
            43.0943999
          ],
          [
            141.305584,
            43.0941037
          ],
          [
            141.3051038,
            43.0936712
          ],
          [
            141.3045984,
            43.0932058
          ],
          [
            141.3051425,
            43.0928922
          ],
          [
            141.3052193,
            43.0928464
          ],
          [
            141.3056575,
            43.0925844
          ],
          [
            141.3066466,
            43.0934685
          ],
          [
            141.3075853,
            43.0943276
          ],
          [
            141.3071419,
            43.0945752
          ],
          [
            141.3069534,
            43.0944091
          ],
          [
            141.3063308,
            43.09478
          ],
          [
            141.3059704,
            43.0944564
          ],
          [
            141.3063308,
            43.09478
          ],
          [
            141.3069534,
            43.0944091
          ],
          [
            141.3071419,
            43.0945752
          ],
          [
            141.3075853,
            43.0943276
          ],
          [
            141.308045,
            43.0940527
          ],
          [
            141.3085101,
            43.0937837
          ],
          [
            141.3089182,
            43.0935476
          ],
          [
            141.3087694,
            43.0934086
          ],
          [
            141.3084827,
            43.0931408
          ],
          [
            141.3081772,
            43.0928555
          ],
          [
            141.3079935,
            43.0926839
          ],
          [
            141.3079517,
            43.0926449
          ],
          [
            141.3070798,
            43.0918306
          ],
          [
            141.3070306,
            43.0917846
          ],
          [
            141.3069463,
            43.0918337
          ],
          [
            141.3068417,
            43.0918946
          ],
          [
            141.3067607,
            43.0919418
          ],
          [
            141.3061371,
            43.0923051
          ],
          [
            141.3067607,
            43.0919418
          ],
          [
            141.3068417,
            43.0918946
          ],
          [
            141.3067462,
            43.0918065
          ],
          [
            141.3058062,
            43.0909393
          ],
          [
            141.3048214,
            43.0900281
          ],
          [
            141.3046833,
            43.0898929
          ],
          [
            141.3045934,
            43.0897763
          ],
          [
            141.304517,
            43.0896794
          ],
          [
            141.3043856,
            43.0894013
          ],
          [
            141.3042452,
            43.0890432
          ],
          [
            141.304213,
            43.0887651
          ],
          [
            141.3042327,
            43.0884709
          ],
          [
            141.3042827,
            43.0882303
          ],
          [
            141.3043444,
            43.0880579
          ],
          [
            141.3043981,
            43.0878914
          ],
          [
            141.3044687,
            43.0876795
          ],
          [
            141.3045009,
            43.0875208
          ],
          [
            141.3045063,
            43.0873289
          ],
          [
            141.3044795,
            43.087131
          ],
          [
            141.304399,
            43.0868529
          ],
          [
            141.3043319,
            43.0867001
          ],
          [
            141.3042139,
            43.0865061
          ],
          [
            141.3041714,
            43.0864467
          ],
          [
            141.3043069,
            43.0864047
          ],
          [
            141.3050274,
            43.0862315
          ],
          [
            141.3053033,
            43.0861629
          ],
          [
            141.3054441,
            43.0864928
          ],
          [
            141.3054608,
            43.0865356
          ],
          [
            141.3055115,
            43.0866652
          ],
          [
            141.3056034,
            43.0868999
          ],
          [
            141.3056372,
            43.0869864
          ],
          [
            141.3057173,
            43.0872989
          ],
          [
            141.3057254,
            43.0873303
          ],
          [
            141.3057392,
            43.0873841
          ],
          [
            141.3056746,
            43.0876349
          ],
          [
            141.3057192,
            43.0876557
          ],
          [
            141.3065211,
            43.0877553
          ],
          [
            141.3065346,
            43.0876093
          ],
          [
            141.3065694,
            43.0875574
          ],
          [
            141.3066997,
            43.0874985
          ],
          [
            141.3064285,
            43.087254
          ],
          [
            141.3062578,
            43.0873538
          ],
          [
            141.3061459,
            43.0873683
          ],
          [
            141.3059003,
            43.0873434
          ],
          [
            141.3061459,
            43.0873683
          ],
          [
            141.3062578,
            43.0873538
          ],
          [
            141.3064285,
            43.087254
          ],
          [
            141.3066997,
            43.0874985
          ],
          [
            141.3065694,
            43.0875574
          ],
          [
            141.3065346,
            43.0876093
          ],
          [
            141.3065211,
            43.0877553
          ],
          [
            141.3069595,
            43.0878202
          ],
          [
            141.3068505,
            43.0878852
          ],
          [
            141.3067774,
            43.0881662
          ],
          [
            141.3066323,
            43.0887239
          ],
          [
            141.3065694,
            43.0889858
          ],
          [
            141.3065501,
            43.0890663
          ],
          [
            141.3065653,
            43.0891412
          ],
          [
            141.3066457,
            43.0892136
          ],
          [
            141.3067111,
            43.089272
          ],
          [
            141.3067696,
            43.0893253
          ],
          [
            141.3069864,
            43.0895229
          ],
          [
            141.3072034,
            43.0897205
          ],
          [
            141.3075312,
            43.0900191
          ],
          [
            141.3084911,
            43.0908935
          ],
          [
            141.3084394,
            43.090925
          ],
          [
            141.3078543,
            43.0912814
          ],
          [
            141.3070306,
            43.0917846
          ],
          [
            141.3069463,
            43.0918337
          ],
          [
            141.3068417,
            43.0918946
          ],
          [
            141.3067607,
            43.0919418
          ],
          [
            141.3061371,
            43.0923051
          ],
          [
            141.3056575,
            43.0925844
          ],
          [
            141.3052193,
            43.0928464
          ],
          [
            141.3051425,
            43.0928922
          ],
          [
            141.3045984,
            43.0932058
          ],
          [
            141.3044598,
            43.0932868
          ],
          [
            141.3040792,
            43.0935107
          ],
          [
            141.3036754,
            43.0937478
          ],
          [
            141.3035112,
            43.0938443
          ],
          [
            141.3033727,
            43.0937331
          ],
          [
            141.3028297,
            43.0933353
          ],
          [
            141.3023434,
            43.092968
          ],
          [
            141.3022561,
            43.0930244
          ],
          [
            141.3019322,
            43.0932339
          ],
          [
            141.3016665,
            43.0934056
          ],
          [
            141.3015894,
            43.0934554
          ],
          [
            141.3013236,
            43.0936272
          ],
          [
            141.3009134,
            43.0938923
          ],
          [
            141.300879,
            43.0939146
          ],
          [
            141.3007959,
            43.0940399
          ],
          [
            141.3005391,
            43.094214
          ],
          [
            141.3003864,
            43.0943171
          ],
          [
            141.300015,
            43.0945471
          ]
        ]
      }
    },
    {
      "type": "Feature",
      "properties": {
        "scenario": 8,
        "vehicle": 2,
        "depot": "仮設待機点B",
        "hours": 0.8352301607645266,
        "distance_km": 7.80562707089374
      },
      "geometry": {
        "type": "LineString",
        "coordinates": [
          [
            141.3149964,
            43.0923359
          ],
          [
            141.31491,
            43.0922618
          ],
          [
            141.314641,
            43.0920148
          ],
          [
            141.3144852,
            43.0918635
          ],
          [
            141.3144165,
            43.091807
          ],
          [
            141.3142754,
            43.091684
          ],
          [
            141.313961,
            43.0914013
          ],
          [
            141.3134823,
            43.0909619
          ],
          [
            141.3134701,
            43.0909507
          ],
          [
            141.3129228,
            43.0904507
          ],
          [
            141.3126749,
            43.0902242
          ],
          [
            141.3124339,
            43.0900048
          ],
          [
            141.3115574,
            43.0892066
          ],
          [
            141.311488,
            43.0891433
          ],
          [
            141.3113532,
            43.089222
          ],
          [
            141.3111538,
            43.0893385
          ],
          [
            141.3109972,
            43.0891922
          ],
          [
            141.3107626,
            43.088973
          ],
          [
            141.3103789,
            43.0886146
          ],
          [
            141.3102073,
            43.0884544
          ],
          [
            141.3101837,
            43.0884323
          ],
          [
            141.3101175,
            43.0884689
          ],
          [
            141.3089826,
            43.08743
          ],
          [
            141.308952,
            43.087402
          ],
          [
            141.3084886,
            43.0876729
          ],
          [
            141.308332,
            43.0877645
          ],
          [
            141.307788,
            43.0873256
          ],
          [
            141.3074261,
            43.0870636
          ],
          [
            141.3070753,
            43.0872949
          ],
          [
            141.3066997,
            43.0874985
          ],
          [
            141.3064285,
            43.087254
          ],
          [
            141.3062578,
            43.0873538
          ],
          [
            141.3061459,
            43.0873683
          ],
          [
            141.3059003,
            43.0873434
          ],
          [
            141.3061459,
            43.0873683
          ],
          [
            141.3062578,
            43.0873538
          ],
          [
            141.3064285,
            43.087254
          ],
          [
            141.3061933,
            43.0870608
          ],
          [
            141.3060928,
            43.0868807
          ],
          [
            141.3064532,
            43.0868004
          ],
          [
            141.3065461,
            43.0868101
          ],
          [
            141.3067927,
            43.0870345
          ],
          [
            141.3070753,
            43.0872949
          ],
          [
            141.3067927,
            43.0870345
          ],
          [
            141.3065461,
            43.0868101
          ],
          [
            141.3064532,
            43.0868004
          ],
          [
            141.3060928,
            43.0868807
          ],
          [
            141.3059885,
            43.0865635
          ],
          [
            141.3060928,
            43.0868807
          ],
          [
            141.3061933,
            43.0870608
          ],
          [
            141.3064285,
            43.087254
          ],
          [
            141.3066997,
            43.0874985
          ],
          [
            141.3070753,
            43.0872949
          ],
          [
            141.3074261,
            43.0870636
          ],
          [
            141.3078074,
            43.0868461
          ],
          [
            141.3072735,
            43.0864105
          ],
          [
            141.3070106,
            43.08615
          ],
          [
            141.3069329,
            43.0861422
          ],
          [
            141.3065973,
            43.0862228
          ],
          [
            141.3069329,
            43.0861422
          ],
          [
            141.3070106,
            43.08615
          ],
          [
            141.3072735,
            43.0864105
          ],
          [
            141.3076329,
            43.0861909
          ],
          [
            141.308002,
            43.0859686
          ],
          [
            141.308836,
            43.0867021
          ],
          [
            141.308002,
            43.0859686
          ],
          [
            141.3083708,
            43.0857465
          ],
          [
            141.308002,
            43.0859686
          ],
          [
            141.307432,
            43.0854692
          ],
          [
            141.308002,
            43.0859686
          ],
          [
            141.3076329,
            43.0861909
          ],
          [
            141.3072735,
            43.0864105
          ],
          [
            141.3078074,
            43.0868461
          ],
          [
            141.3081734,
            43.0866536
          ],
          [
            141.3076329,
            43.0861909
          ],
          [
            141.3070585,
            43.0856882
          ],
          [
            141.3076329,
            43.0861909
          ],
          [
            141.3081734,
            43.0866536
          ],
          [
            141.3084444,
            43.0869352
          ],
          [
            141.3089801,
            43.0873855
          ],
          [
            141.3092871,
            43.087206
          ],
          [
            141.3093298,
            43.087181
          ],
          [
            141.3096525,
            43.0869923
          ],
          [
            141.3096956,
            43.0869672
          ],
          [
            141.31094,
            43.088103
          ],
          [
            141.3110687,
            43.0882207
          ],
          [
            141.31094,
            43.088103
          ],
          [
            141.3096956,
            43.0869672
          ],
          [
            141.3101149,
            43.0867163
          ],
          [
            141.3102475,
            43.0866372
          ],
          [
            141.3094961,
            43.0859642
          ],
          [
            141.3092315,
            43.0857207
          ],
          [
            141.3088477,
            43.0853534
          ],
          [
            141.3093825,
            43.0850344
          ],
          [
            141.3094196,
            43.0850122
          ],
          [
            141.3094388,
            43.0850303
          ],
          [
            141.3098219,
            43.0853713
          ],
          [
            141.3100918,
            43.0856212
          ],
          [
            141.3101504,
            43.0856715
          ],
          [
            141.3107549,
            43.0853376
          ],
          [
            141.3109999,
            43.0855577
          ],
          [
            141.3112363,
            43.0857824
          ],
          [
            141.3114148,
            43.0859521
          ],
          [
            141.3120642,
            43.0855725
          ],
          [
            141.3115395,
            43.0850912
          ],
          [
            141.3120642,
            43.0855725
          ],
          [
            141.3128971,
            43.0850815
          ],
          [
            141.3129663,
            43.0850407
          ],
          [
            141.3136491,
            43.0856675
          ],
          [
            141.3136926,
            43.085706
          ],
          [
            141.3137527,
            43.0857613
          ],
          [
            141.3138482,
            43.0858479
          ],
          [
            141.313931,
            43.0858004
          ],
          [
            141.3138482,
            43.0858479
          ],
          [
            141.3141707,
            43.086141
          ],
          [
            141.3145288,
            43.0864686
          ],
          [
            141.3145762,
            43.0865133
          ],
          [
            141.3145288,
            43.0864686
          ],
          [
            141.3146079,
            43.086422
          ],
          [
            141.3145288,
            43.0864686
          ],
          [
            141.3141707,
            43.086141
          ],
          [
            141.3142515,
            43.0860956
          ],
          [
            141.3141707,
            43.086141
          ],
          [
            141.3138482,
            43.0858479
          ],
          [
            141.3137527,
            43.0857613
          ],
          [
            141.3136926,
            43.085706
          ],
          [
            141.3136255,
            43.0857456
          ],
          [
            141.3127309,
            43.086273
          ],
          [
            141.313088,
            43.0865823
          ],
          [
            141.3133444,
            43.0864459
          ],
          [
            141.3136892,
            43.0867553
          ],
          [
            141.3137316,
            43.0867315
          ],
          [
            141.3138786,
            43.0866489
          ],
          [
            141.3136243,
            43.0864382
          ],
          [
            141.3138786,
            43.0866489
          ],
          [
            141.3137316,
            43.0867315
          ],
          [
            141.3136892,
            43.0867553
          ],
          [
            141.3133444,
            43.0864459
          ],
          [
            141.313088,
            43.0865823
          ],
          [
            141.3127309,
            43.086273
          ],
          [
            141.3136255,
            43.0857456
          ],
          [
            141.3136926,
            43.085706
          ],
          [
            141.3136491,
            43.0856675
          ],
          [
            141.3146084,
            43.0851215
          ],
          [
            141.3136491,
            43.0856675
          ],
          [
            141.3129663,
            43.0850407
          ],
          [
            141.3128971,
            43.0850815
          ],
          [
            141.3120642,
            43.0855725
          ],
          [
            141.3114148,
            43.0859521
          ],
          [
            141.3112363,
            43.0857824
          ],
          [
            141.3109999,
            43.0855577
          ],
          [
            141.3107549,
            43.0853376
          ],
          [
            141.3104164,
            43.0850217
          ],
          [
            141.3107549,
            43.0853376
          ],
          [
            141.3101504,
            43.0856715
          ],
          [
            141.3103931,
            43.0858987
          ],
          [
            141.3106444,
            43.0861309
          ],
          [
            141.3108256,
            43.086299
          ],
          [
            141.3106444,
            43.0861309
          ],
          [
            141.3103931,
            43.0858987
          ],
          [
            141.3109999,
            43.0855577
          ],
          [
            141.3103931,
            43.0858987
          ],
          [
            141.3101504,
            43.0856715
          ],
          [
            141.3100918,
            43.0856212
          ],
          [
            141.3098219,
            43.0853713
          ],
          [
            141.3094388,
            43.0850303
          ],
          [
            141.3094196,
            43.0850122
          ],
          [
            141.3093825,
            43.0850344
          ],
          [
            141.3088477,
            43.0853534
          ],
          [
            141.3092315,
            43.0857207
          ],
          [
            141.3097836,
            43.0854004
          ],
          [
            141.3098219,
            43.0853713
          ],
          [
            141.3104164,
            43.0850217
          ],
          [
            141.3098219,
            43.0853713
          ],
          [
            141.3097836,
            43.0854004
          ],
          [
            141.3092315,
            43.0857207
          ],
          [
            141.3094961,
            43.0859642
          ],
          [
            141.3102475,
            43.0866372
          ],
          [
            141.310508,
            43.0864834
          ],
          [
            141.3108256,
            43.086299
          ],
          [
            141.3110878,
            43.0861442
          ],
          [
            141.3114148,
            43.0859521
          ],
          [
            141.3110878,
            43.0861442
          ],
          [
            141.3108256,
            43.086299
          ],
          [
            141.310508,
            43.0864834
          ],
          [
            141.3102475,
            43.0866372
          ],
          [
            141.3101149,
            43.0867163
          ],
          [
            141.3104945,
            43.0870749
          ],
          [
            141.3108461,
            43.0873944
          ],
          [
            141.3115429,
            43.0880275
          ],
          [
            141.312269,
            43.0886872
          ],
          [
            141.3121296,
            43.0887664
          ],
          [
            141.3118476,
            43.0889333
          ],
          [
            141.3116097,
            43.0890722
          ],
          [
            141.311488,
            43.0891433
          ],
          [
            141.3115574,
            43.0892066
          ],
          [
            141.3124339,
            43.0900048
          ],
          [
            141.3126749,
            43.0902242
          ],
          [
            141.3129228,
            43.0904507
          ],
          [
            141.3134701,
            43.0909507
          ],
          [
            141.3134823,
            43.0909619
          ],
          [
            141.313961,
            43.0914013
          ],
          [
            141.3142754,
            43.091684
          ],
          [
            141.3144165,
            43.091807
          ],
          [
            141.3144852,
            43.0918635
          ],
          [
            141.314641,
            43.0920148
          ],
          [
            141.31491,
            43.0922618
          ],
          [
            141.3149964,
            43.0923359
          ]
        ]
      }
    },
    {
      "type": "Feature",
      "properties": {
        "scenario": 8,
        "vehicle": 3,
        "depot": "仮設待機点B",
        "hours": 0.8218737403467556,
        "distance_km": 7.486425854196373
      },
      "geometry": {
        "type": "LineString",
        "coordinates": [
          [
            141.3149964,
            43.0923359
          ],
          [
            141.31491,
            43.0922618
          ],
          [
            141.314641,
            43.0920148
          ],
          [
            141.3144852,
            43.0918635
          ],
          [
            141.3144165,
            43.091807
          ],
          [
            141.3142754,
            43.091684
          ],
          [
            141.313961,
            43.0914013
          ],
          [
            141.3134823,
            43.0909619
          ],
          [
            141.3134701,
            43.0909507
          ],
          [
            141.3129228,
            43.0904507
          ],
          [
            141.3126749,
            43.0902242
          ],
          [
            141.3124339,
            43.0900048
          ],
          [
            141.3115574,
            43.0892066
          ],
          [
            141.311488,
            43.0891433
          ],
          [
            141.3116097,
            43.0890722
          ],
          [
            141.3118476,
            43.0889333
          ],
          [
            141.3121296,
            43.0887664
          ],
          [
            141.312269,
            43.0886872
          ],
          [
            141.3115429,
            43.0880275
          ],
          [
            141.3108461,
            43.0873944
          ],
          [
            141.3104945,
            43.0870749
          ],
          [
            141.3108461,
            43.0873944
          ],
          [
            141.3118194,
            43.0868105
          ],
          [
            141.3127309,
            43.086273
          ],
          [
            141.3118194,
            43.0868105
          ],
          [
            141.3108461,
            43.0873944
          ],
          [
            141.3115429,
            43.0880275
          ],
          [
            141.312269,
            43.0886872
          ],
          [
            141.3127348,
            43.0884151
          ],
          [
            141.3120045,
            43.0877563
          ],
          [
            141.3117668,
            43.0875347
          ],
          [
            141.3116642,
            43.0874389
          ],
          [
            141.3117668,
            43.0875347
          ],
          [
            141.3122888,
            43.087245
          ],
          [
            141.3117668,
            43.0875347
          ],
          [
            141.3120045,
            43.0877563
          ],
          [
            141.3127348,
            43.0884151
          ],
          [
            141.31294,
            43.0882945
          ],
          [
            141.3132455,
            43.0881168
          ],
          [
            141.3133343,
            43.088065
          ],
          [
            141.3133962,
            43.0880288
          ],
          [
            141.3135452,
            43.0879388
          ],
          [
            141.3134707,
            43.0878781
          ],
          [
            141.3132896,
            43.0877308
          ],
          [
            141.3130026,
            43.0878955
          ],
          [
            141.3132896,
            43.0877308
          ],
          [
            141.3134707,
            43.0878781
          ],
          [
            141.3135452,
            43.0879388
          ],
          [
            141.3142692,
            43.0875242
          ],
          [
            141.3135452,
            43.0879388
          ],
          [
            141.3133962,
            43.0880288
          ],
          [
            141.3134541,
            43.0880806
          ],
          [
            141.3137796,
            43.088372
          ],
          [
            141.3138143,
            43.088403
          ],
          [
            141.3141986,
            43.0887589
          ],
          [
            141.3142375,
            43.0887949
          ],
          [
            141.3142109,
            43.0888092
          ],
          [
            141.31377,
            43.0890311
          ],
          [
            141.3142109,
            43.0888092
          ],
          [
            141.3142375,
            43.0887949
          ],
          [
            141.3142891,
            43.0887631
          ],
          [
            141.3142375,
            43.0887949
          ],
          [
            141.314261,
            43.0888159
          ],
          [
            141.3145574,
            43.0890811
          ],
          [
            141.3142559,
            43.0892991
          ],
          [
            141.3134868,
            43.0897746
          ],
          [
            141.3138092,
            43.0900628
          ],
          [
            141.3142959,
            43.0897506
          ],
          [
            141.3141982,
            43.0896698
          ],
          [
            141.3144845,
            43.0894878
          ],
          [
            141.3141982,
            43.0896698
          ],
          [
            141.3142959,
            43.0897506
          ],
          [
            141.3145534,
            43.0899634
          ],
          [
            141.3148538,
            43.0902117
          ],
          [
            141.3145534,
            43.0899634
          ],
          [
            141.3139946,
            43.0903195
          ],
          [
            141.3142864,
            43.0905698
          ],
          [
            141.3144546,
            43.0907165
          ],
          [
            141.3141486,
            43.0909163
          ],
          [
            141.3144144,
            43.0911379
          ],
          [
            141.3140286,
            43.091362
          ],
          [
            141.313961,
            43.0914013
          ],
          [
            141.3142754,
            43.091684
          ],
          [
            141.3143448,
            43.0916414
          ],
          [
            141.3142754,
            43.091684
          ],
          [
            141.3144165,
            43.091807
          ],
          [
            141.3143642,
            43.0918377
          ],
          [
            141.3140414,
            43.0920274
          ],
          [
            141.3130922,
            43.0911756
          ],
          [
            141.3120896,
            43.0902461
          ],
          [
            141.3120607,
            43.0902193
          ],
          [
            141.3120896,
            43.0902461
          ],
          [
            141.3130922,
            43.0911756
          ],
          [
            141.3134322,
            43.0909733
          ],
          [
            141.3134701,
            43.0909507
          ],
          [
            141.3134322,
            43.0909733
          ],
          [
            141.3130922,
            43.0911756
          ],
          [
            141.3127415,
            43.0913843
          ],
          [
            141.3117365,
            43.0904483
          ],
          [
            141.3117082,
            43.090422
          ],
          [
            141.3117365,
            43.0904483
          ],
          [
            141.3127415,
            43.0913843
          ],
          [
            141.3123532,
            43.0916154
          ],
          [
            141.3113045,
            43.090654
          ],
          [
            141.3104351,
            43.089857
          ],
          [
            141.3103693,
            43.0897967
          ],
          [
            141.3111538,
            43.0893385
          ],
          [
            141.3113532,
            43.089222
          ],
          [
            141.311488,
            43.0891433
          ],
          [
            141.3116097,
            43.0890722
          ],
          [
            141.3118476,
            43.0889333
          ],
          [
            141.3114615,
            43.08858
          ],
          [
            141.3118476,
            43.0889333
          ],
          [
            141.3121296,
            43.0887664
          ],
          [
            141.3118476,
            43.0889333
          ],
          [
            141.3116097,
            43.0890722
          ],
          [
            141.311488,
            43.0891433
          ],
          [
            141.3113532,
            43.089222
          ],
          [
            141.3111538,
            43.0893385
          ],
          [
            141.3109972,
            43.0891922
          ],
          [
            141.3107626,
            43.088973
          ],
          [
            141.3109972,
            43.0891922
          ],
          [
            141.3111538,
            43.0893385
          ],
          [
            141.3103693,
            43.0897967
          ],
          [
            141.3096888,
            43.0901941
          ],
          [
            141.3091873,
            43.090487
          ],
          [
            141.3085823,
            43.0899373
          ],
          [
            141.307963,
            43.0893746
          ],
          [
            141.307694,
            43.0891302
          ],
          [
            141.3074274,
            43.088888
          ],
          [
            141.3077917,
            43.0886821
          ],
          [
            141.308311,
            43.089167
          ],
          [
            141.3077917,
            43.0886821
          ],
          [
            141.3081305,
            43.0884906
          ],
          [
            141.3077576,
            43.0881414
          ],
          [
            141.3077309,
            43.0881164
          ],
          [
            141.3074888,
            43.0882584
          ],
          [
            141.3072416,
            43.0880452
          ],
          [
            141.3069849,
            43.0881922
          ],
          [
            141.3067774,
            43.0881662
          ],
          [
            141.3069849,
            43.0881922
          ],
          [
            141.3072416,
            43.0880452
          ],
          [
            141.3074888,
            43.0882584
          ],
          [
            141.3070303,
            43.0885273
          ],
          [
            141.3067852,
            43.088671
          ],
          [
            141.3066323,
            43.0887239
          ],
          [
            141.3067852,
            43.088671
          ],
          [
            141.3070303,
            43.0885273
          ],
          [
            141.3070836,
            43.0885757
          ],
          [
            141.3070303,
            43.0885273
          ],
          [
            141.3074888,
            43.0882584
          ],
          [
            141.3077309,
            43.0881164
          ],
          [
            141.3078912,
            43.0880223
          ],
          [
            141.3079782,
            43.0879714
          ],
          [
            141.308332,
            43.0877645
          ],
          [
            141.3084886,
            43.0876729
          ],
          [
            141.308332,
            43.0877645
          ],
          [
            141.3079782,
            43.0879714
          ],
          [
            141.3078912,
            43.0880223
          ],
          [
            141.3077309,
            43.0881164
          ],
          [
            141.3077576,
            43.0881414
          ],
          [
            141.3081305,
            43.0884906
          ],
          [
            141.3086475,
            43.0889748
          ],
          [
            141.3087892,
            43.0888962
          ],
          [
            141.3086475,
            43.0889748
          ],
          [
            141.3081305,
            43.0884906
          ],
          [
            141.3077917,
            43.0886821
          ],
          [
            141.3074274,
            43.088888
          ],
          [
            141.3070836,
            43.0885757
          ],
          [
            141.3074274,
            43.088888
          ],
          [
            141.307694,
            43.0891302
          ],
          [
            141.3069864,
            43.0895229
          ],
          [
            141.307694,
            43.0891302
          ],
          [
            141.307963,
            43.0893746
          ],
          [
            141.308311,
            43.089167
          ],
          [
            141.3084428,
            43.0890883
          ],
          [
            141.3086475,
            43.0889748
          ],
          [
            141.3084428,
            43.0890883
          ],
          [
            141.3088091,
            43.0894132
          ],
          [
            141.3090738,
            43.0896482
          ],
          [
            141.3093397,
            43.0898842
          ],
          [
            141.3096888,
            43.0901941
          ],
          [
            141.309756,
            43.0902563
          ],
          [
            141.3107521,
            43.0911771
          ],
          [
            141.3114335,
            43.091807
          ],
          [
            141.3118051,
            43.0921247
          ],
          [
            141.3125738,
            43.0928217
          ],
          [
            141.3126246,
            43.0928659
          ],
          [
            141.3132907,
            43.0924747
          ],
          [
            141.3134942,
            43.0926565
          ],
          [
            141.3143824,
            43.0921572
          ],
          [
            141.3146588,
            43.0924081
          ],
          [
            141.3148548,
            43.0922939
          ],
          [
            141.31491,
            43.0922618
          ],
          [
            141.3149964,
            43.0923359
          ]
        ]
      }
    },
    {
      "type": "Feature",
      "properties": {
        "scenario": 8,
        "vehicle": 4,
        "depot": "仮設待機点B",
        "hours": 0.8200071424111249,
        "distance_km": 7.624353262339129
      },
      "geometry": {
        "type": "LineString",
        "coordinates": [
          [
            141.3149964,
            43.0923359
          ],
          [
            141.31491,
            43.0922618
          ],
          [
            141.3148548,
            43.0922939
          ],
          [
            141.3146588,
            43.0924081
          ],
          [
            141.3143824,
            43.0921572
          ],
          [
            141.3134942,
            43.0926565
          ],
          [
            141.3132907,
            43.0924747
          ],
          [
            141.3126246,
            43.0928659
          ],
          [
            141.3125738,
            43.0928217
          ],
          [
            141.3118051,
            43.0921247
          ],
          [
            141.3114335,
            43.091807
          ],
          [
            141.3107521,
            43.0911771
          ],
          [
            141.309756,
            43.0902563
          ],
          [
            141.3096888,
            43.0901941
          ],
          [
            141.3093397,
            43.0898842
          ],
          [
            141.3090738,
            43.0896482
          ],
          [
            141.3088091,
            43.0894132
          ],
          [
            141.3084428,
            43.0890883
          ],
          [
            141.308311,
            43.089167
          ],
          [
            141.307963,
            43.0893746
          ],
          [
            141.3085823,
            43.0899373
          ],
          [
            141.3090738,
            43.0896482
          ],
          [
            141.3088091,
            43.0894132
          ],
          [
            141.3090738,
            43.0896482
          ],
          [
            141.3093397,
            43.0898842
          ],
          [
            141.3090738,
            43.0896482
          ],
          [
            141.3085823,
            43.0899373
          ],
          [
            141.3091873,
            43.090487
          ],
          [
            141.3084911,
            43.0908935
          ],
          [
            141.3084394,
            43.090925
          ],
          [
            141.3078543,
            43.0912814
          ],
          [
            141.3084394,
            43.090925
          ],
          [
            141.3084911,
            43.0908935
          ],
          [
            141.3075312,
            43.0900191
          ],
          [
            141.3072034,
            43.0897205
          ],
          [
            141.3069864,
            43.0895229
          ],
          [
            141.3067696,
            43.0893253
          ],
          [
            141.3067111,
            43.089272
          ],
          [
            141.3066457,
            43.0892136
          ],
          [
            141.3065653,
            43.0891412
          ],
          [
            141.3065501,
            43.0890663
          ],
          [
            141.3065694,
            43.0889858
          ],
          [
            141.3066323,
            43.0887239
          ],
          [
            141.3067774,
            43.0881662
          ],
          [
            141.3068505,
            43.0878852
          ],
          [
            141.3067774,
            43.0881662
          ],
          [
            141.3066323,
            43.0887239
          ],
          [
            141.3065694,
            43.0889858
          ],
          [
            141.3065501,
            43.0890663
          ],
          [
            141.3065653,
            43.0891412
          ],
          [
            141.3066457,
            43.0892136
          ],
          [
            141.3067111,
            43.089272
          ],
          [
            141.3067696,
            43.0893253
          ],
          [
            141.3069864,
            43.0895229
          ],
          [
            141.3072034,
            43.0897205
          ],
          [
            141.3075312,
            43.0900191
          ],
          [
            141.3084911,
            43.0908935
          ],
          [
            141.3091873,
            43.090487
          ],
          [
            141.3096888,
            43.0901941
          ],
          [
            141.3093397,
            43.0898842
          ],
          [
            141.3096888,
            43.0901941
          ],
          [
            141.309756,
            43.0902563
          ],
          [
            141.3107521,
            43.0911771
          ],
          [
            141.3114335,
            43.091807
          ],
          [
            141.3118051,
            43.0921247
          ],
          [
            141.3125738,
            43.0928217
          ],
          [
            141.3126246,
            43.0928659
          ],
          [
            141.3125738,
            43.0928217
          ],
          [
            141.3118051,
            43.0921247
          ],
          [
            141.3117694,
            43.0921461
          ],
          [
            141.3114885,
            43.0923147
          ],
          [
            141.3122699,
            43.093023
          ],
          [
            141.3123111,
            43.0930604
          ],
          [
            141.3126246,
            43.0928659
          ],
          [
            141.3131019,
            43.0933116
          ],
          [
            141.3127141,
            43.0935385
          ],
          [
            141.3122109,
            43.0931181
          ],
          [
            141.3127141,
            43.0935385
          ],
          [
            141.3131019,
            43.0933116
          ],
          [
            141.3131886,
            43.0932612
          ],
          [
            141.3131019,
            43.0933116
          ],
          [
            141.3131886,
            43.0932612
          ],
          [
            141.3137207,
            43.0929607
          ],
          [
            141.313787,
            43.0929232
          ],
          [
            141.3134942,
            43.0926565
          ],
          [
            141.3143824,
            43.0921572
          ],
          [
            141.3146588,
            43.0924081
          ],
          [
            141.3143824,
            43.0921572
          ],
          [
            141.3134942,
            43.0926565
          ],
          [
            141.3132907,
            43.0924747
          ],
          [
            141.3134942,
            43.0926565
          ],
          [
            141.313787,
            43.0929232
          ],
          [
            141.3146588,
            43.0924081
          ],
          [
            141.3148548,
            43.0922939
          ],
          [
            141.31491,
            43.0922618
          ],
          [
            141.3149964,
            43.0923359
          ],
          [
            141.31491,
            43.0922618
          ],
          [
            141.314641,
            43.0920148
          ],
          [
            141.3144852,
            43.0918635
          ],
          [
            141.314641,
            43.0920148
          ],
          [
            141.31491,
            43.0922618
          ],
          [
            141.3148548,
            43.0922939
          ],
          [
            141.3146588,
            43.0924081
          ],
          [
            141.313787,
            43.0929232
          ],
          [
            141.3137207,
            43.0929607
          ],
          [
            141.313742,
            43.0929798
          ],
          [
            141.3137207,
            43.0929607
          ],
          [
            141.3131886,
            43.0932612
          ],
          [
            141.3132146,
            43.0932856
          ],
          [
            141.3134339,
            43.0934919
          ],
          [
            141.3136689,
            43.0937169
          ],
          [
            141.3136462,
            43.0937305
          ],
          [
            141.3132148,
            43.0939899
          ],
          [
            141.313449,
            43.0942134
          ],
          [
            141.3138934,
            43.0939515
          ],
          [
            141.3139219,
            43.0939347
          ],
          [
            141.3138934,
            43.0939515
          ],
          [
            141.313449,
            43.0942134
          ],
          [
            141.3132148,
            43.0939899
          ],
          [
            141.3136462,
            43.0937305
          ],
          [
            141.3136689,
            43.0937169
          ],
          [
            141.3142156,
            43.0934031
          ],
          [
            141.3136689,
            43.0937169
          ],
          [
            141.3139219,
            43.0939347
          ],
          [
            141.3144683,
            43.0936297
          ],
          [
            141.3139219,
            43.0939347
          ],
          [
            141.3141637,
            43.0941452
          ],
          [
            141.3144395,
            43.0943932
          ],
          [
            141.3144119,
            43.0944092
          ],
          [
            141.3139712,
            43.0946656
          ],
          [
            141.314224,
            43.0948929
          ],
          [
            141.3142556,
            43.0949213
          ],
          [
            141.314224,
            43.0948929
          ],
          [
            141.3146628,
            43.0946329
          ],
          [
            141.3146854,
            43.0946195
          ],
          [
            141.3146628,
            43.0946329
          ],
          [
            141.314224,
            43.0948929
          ],
          [
            141.3139712,
            43.0946656
          ],
          [
            141.3144119,
            43.0944092
          ],
          [
            141.3144395,
            43.0943932
          ],
          [
            141.3149757,
            43.0940924
          ],
          [
            141.314702,
            43.093838
          ],
          [
            141.3149757,
            43.0940924
          ],
          [
            141.3144395,
            43.0943932
          ],
          [
            141.3146854,
            43.0946195
          ],
          [
            141.3146628,
            43.0946329
          ],
          [
            141.314224,
            43.0948929
          ],
          [
            141.3139712,
            43.0946656
          ],
          [
            141.313706,
            43.0944346
          ],
          [
            141.3139712,
            43.0946656
          ],
          [
            141.313706,
            43.0944346
          ],
          [
            141.313449,
            43.0942134
          ],
          [
            141.313706,
            43.0944346
          ],
          [
            141.3129096,
            43.0949131
          ],
          [
            141.3122154,
            43.0943053
          ],
          [
            141.3118848,
            43.0940158
          ],
          [
            141.3114067,
            43.0935973
          ],
          [
            141.3112863,
            43.0936674
          ],
          [
            141.3104784,
            43.0929397
          ],
          [
            141.3109105,
            43.0926816
          ],
          [
            141.3102694,
            43.092093
          ],
          [
            141.3100961,
            43.0921906
          ],
          [
            141.3102694,
            43.092093
          ],
          [
            141.3109105,
            43.0926816
          ],
          [
            141.3117106,
            43.0934162
          ],
          [
            141.3109105,
            43.0926816
          ],
          [
            141.3104784,
            43.0929397
          ],
          [
            141.3098209,
            43.0923458
          ],
          [
            141.3100961,
            43.0921906
          ],
          [
            141.3098441,
            43.0919608
          ],
          [
            141.3095566,
            43.0916932
          ],
          [
            141.3097564,
            43.0915839
          ],
          [
            141.3095566,
            43.0916932
          ],
          [
            141.3092824,
            43.0914486
          ],
          [
            141.3090902,
            43.0915654
          ],
          [
            141.3085272,
            43.0918924
          ],
          [
            141.3088052,
            43.0921305
          ],
          [
            141.3088515,
            43.092169
          ],
          [
            141.3090364,
            43.0923329
          ],
          [
            141.309086,
            43.0923787
          ],
          [
            141.3093537,
            43.0926166
          ],
          [
            141.3096443,
            43.0928787
          ],
          [
            141.3097966,
            43.0930163
          ],
          [
            141.3099023,
            43.09311
          ],
          [
            141.3100008,
            43.0932024
          ],
          [
            141.3104784,
            43.0929397
          ],
          [
            141.3112863,
            43.0936674
          ],
          [
            141.3114067,
            43.0935973
          ],
          [
            141.3118848,
            43.0940158
          ],
          [
            141.3123173,
            43.0937658
          ],
          [
            141.3127141,
            43.0935385
          ],
          [
            141.3131019,
            43.0933116
          ],
          [
            141.3131886,
            43.0932612
          ],
          [
            141.3137207,
            43.0929607
          ],
          [
            141.313787,
            43.0929232
          ],
          [
            141.3146588,
            43.0924081
          ],
          [
            141.3148548,
            43.0922939
          ],
          [
            141.31491,
            43.0922618
          ],
          [
            141.3149964,
            43.0923359
          ]
        ]
      }
    },
    {
      "type": "Feature",
      "properties": {
        "scenario": 8,
        "vehicle": 5,
        "depot": "仮設待機点B",
        "hours": 0.7965144145351806,
        "distance_km": 7.059843277607823
      },
      "geometry": {
        "type": "LineString",
        "coordinates": [
          [
            141.3149964,
            43.0923359
          ],
          [
            141.31491,
            43.0922618
          ],
          [
            141.3148548,
            43.0922939
          ],
          [
            141.3146588,
            43.0924081
          ],
          [
            141.313787,
            43.0929232
          ],
          [
            141.3137207,
            43.0929607
          ],
          [
            141.3131886,
            43.0932612
          ],
          [
            141.3131019,
            43.0933116
          ],
          [
            141.3127141,
            43.0935385
          ],
          [
            141.3123173,
            43.0937658
          ],
          [
            141.3118848,
            43.0940158
          ],
          [
            141.3114067,
            43.0935973
          ],
          [
            141.3112863,
            43.0936674
          ],
          [
            141.3104784,
            43.0929397
          ],
          [
            141.3100008,
            43.0932024
          ],
          [
            141.3099023,
            43.09311
          ],
          [
            141.3097966,
            43.0930163
          ],
          [
            141.3096443,
            43.0928787
          ],
          [
            141.3093537,
            43.0926166
          ],
          [
            141.309086,
            43.0923787
          ],
          [
            141.3090364,
            43.0923329
          ],
          [
            141.3088515,
            43.092169
          ],
          [
            141.3088052,
            43.0921305
          ],
          [
            141.3085272,
            43.0918924
          ],
          [
            141.3090902,
            43.0915654
          ],
          [
            141.3092824,
            43.0914486
          ],
          [
            141.3095566,
            43.0916932
          ],
          [
            141.3088052,
            43.0921305
          ],
          [
            141.3095566,
            43.0916932
          ],
          [
            141.3098441,
            43.0919608
          ],
          [
            141.309086,
            43.0923787
          ],
          [
            141.3098441,
            43.0919608
          ],
          [
            141.3100961,
            43.0921906
          ],
          [
            141.3098209,
            43.0923458
          ],
          [
            141.3093537,
            43.0926166
          ],
          [
            141.3098209,
            43.0923458
          ],
          [
            141.3104784,
            43.0929397
          ],
          [
            141.3100008,
            43.0932024
          ],
          [
            141.3104784,
            43.0929397
          ],
          [
            141.3112863,
            43.0936674
          ],
          [
            141.3114067,
            43.0935973
          ],
          [
            141.3117106,
            43.0934162
          ],
          [
            141.3118358,
            43.0933445
          ],
          [
            141.3117106,
            43.0934162
          ],
          [
            141.3114067,
            43.0935973
          ],
          [
            141.3118848,
            43.0940158
          ],
          [
            141.3114705,
            43.094258
          ],
          [
            141.3112408,
            43.0943923
          ],
          [
            141.310851,
            43.094003
          ],
          [
            141.3112408,
            43.0943923
          ],
          [
            141.3115274,
            43.0946785
          ],
          [
            141.3116288,
            43.0947818
          ],
          [
            141.3115274,
            43.0946785
          ],
          [
            141.3117983,
            43.0945315
          ],
          [
            141.3115274,
            43.0946785
          ],
          [
            141.3112408,
            43.0943923
          ],
          [
            141.3109871,
            43.0945617
          ],
          [
            141.3107415,
            43.0943298
          ],
          [
            141.3103558,
            43.0945556
          ],
          [
            141.3107415,
            43.0943298
          ],
          [
            141.3109871,
            43.0945617
          ],
          [
            141.3113775,
            43.0949302
          ],
          [
            141.3116288,
            43.0947818
          ],
          [
            141.3113775,
            43.0949302
          ],
          [
            141.3109871,
            43.0945617
          ],
          [
            141.3112408,
            43.0943923
          ],
          [
            141.3114705,
            43.094258
          ],
          [
            141.3118848,
            43.0940158
          ],
          [
            141.3122154,
            43.0943053
          ],
          [
            141.3117983,
            43.0945315
          ],
          [
            141.3122154,
            43.0943053
          ],
          [
            141.3129096,
            43.0949131
          ],
          [
            141.313706,
            43.0944346
          ],
          [
            141.3141304,
            43.0941663
          ],
          [
            141.3141637,
            43.0941452
          ],
          [
            141.3141304,
            43.0941663
          ],
          [
            141.313706,
            43.0944346
          ],
          [
            141.313449,
            43.0942134
          ],
          [
            141.3132148,
            43.0939899
          ],
          [
            141.3129725,
            43.0937667
          ],
          [
            141.3132148,
            43.0939899
          ],
          [
            141.3129725,
            43.0937667
          ],
          [
            141.3127141,
            43.0935385
          ],
          [
            141.3129725,
            43.0937667
          ],
          [
            141.3134008,
            43.0935116
          ],
          [
            141.3134339,
            43.0934919
          ],
          [
            141.3139768,
            43.0931897
          ],
          [
            141.313742,
            43.0929798
          ],
          [
            141.3139768,
            43.0931897
          ],
          [
            141.314019,
            43.0932273
          ],
          [
            141.3142156,
            43.0934031
          ],
          [
            141.3143664,
            43.0935379
          ],
          [
            141.3144683,
            43.0936297
          ],
          [
            141.314702,
            43.093838
          ],
          [
            141.3141637,
            43.0941452
          ],
          [
            141.314702,
            43.093838
          ],
          [
            141.3144683,
            43.0936297
          ],
          [
            141.3143664,
            43.0935379
          ],
          [
            141.3142156,
            43.0934031
          ],
          [
            141.314019,
            43.0932273
          ],
          [
            141.3139768,
            43.0931897
          ],
          [
            141.3134339,
            43.0934919
          ],
          [
            141.3134008,
            43.0935116
          ],
          [
            141.3129725,
            43.0937667
          ],
          [
            141.3127141,
            43.0935385
          ],
          [
            141.3123173,
            43.0937658
          ],
          [
            141.3118848,
            43.0940158
          ],
          [
            141.3123173,
            43.0937658
          ],
          [
            141.3127141,
            43.0935385
          ],
          [
            141.3122109,
            43.0931181
          ],
          [
            141.3123111,
            43.0930604
          ],
          [
            141.3122109,
            43.0931181
          ],
          [
            141.3118358,
            43.0933445
          ],
          [
            141.3123173,
            43.0937658
          ],
          [
            141.3118358,
            43.0933445
          ],
          [
            141.3122109,
            43.0931181
          ],
          [
            141.3123111,
            43.0930604
          ],
          [
            141.3126246,
            43.0928659
          ],
          [
            141.3123111,
            43.0930604
          ],
          [
            141.3122699,
            43.093023
          ],
          [
            141.3114885,
            43.0923147
          ],
          [
            141.3117694,
            43.0921461
          ],
          [
            141.3118051,
            43.0921247
          ],
          [
            141.3114335,
            43.091807
          ],
          [
            141.3107521,
            43.0911771
          ],
          [
            141.309756,
            43.0902563
          ],
          [
            141.3096888,
            43.0901941
          ],
          [
            141.3103693,
            43.0897967
          ],
          [
            141.3104351,
            43.089857
          ],
          [
            141.3113045,
            43.090654
          ],
          [
            141.3113589,
            43.0906227
          ],
          [
            141.3117082,
            43.090422
          ],
          [
            141.3120607,
            43.0902193
          ],
          [
            141.3124339,
            43.0900048
          ],
          [
            141.3120607,
            43.0902193
          ],
          [
            141.3117082,
            43.090422
          ],
          [
            141.3113589,
            43.0906227
          ],
          [
            141.3113045,
            43.090654
          ],
          [
            141.3123532,
            43.0916154
          ],
          [
            141.3132907,
            43.0924747
          ],
          [
            141.3123532,
            43.0916154
          ],
          [
            141.3127415,
            43.0913843
          ],
          [
            141.3136955,
            43.0922336
          ],
          [
            141.3132907,
            43.0924747
          ],
          [
            141.3126246,
            43.0928659
          ],
          [
            141.3132907,
            43.0924747
          ],
          [
            141.3136955,
            43.0922336
          ],
          [
            141.3127415,
            43.0913843
          ],
          [
            141.3130922,
            43.0911756
          ],
          [
            141.3140414,
            43.0920274
          ],
          [
            141.3136955,
            43.0922336
          ],
          [
            141.3140414,
            43.0920274
          ],
          [
            141.3143642,
            43.0918377
          ],
          [
            141.3144165,
            43.091807
          ],
          [
            141.3144852,
            43.0918635
          ],
          [
            141.3144165,
            43.091807
          ],
          [
            141.3142754,
            43.091684
          ],
          [
            141.313961,
            43.0914013
          ],
          [
            141.3134823,
            43.0909619
          ],
          [
            141.3134701,
            43.0909507
          ],
          [
            141.3129228,
            43.0904507
          ],
          [
            141.3126749,
            43.0902242
          ],
          [
            141.3127391,
            43.0901884
          ],
          [
            141.3133278,
            43.0898599
          ],
          [
            141.3127391,
            43.0901884
          ],
          [
            141.3126749,
            43.0902242
          ],
          [
            141.3124339,
            43.0900048
          ],
          [
            141.3126749,
            43.0902242
          ],
          [
            141.3129228,
            43.0904507
          ],
          [
            141.3134701,
            43.0909507
          ],
          [
            141.3134823,
            43.0909619
          ],
          [
            141.313961,
            43.0914013
          ],
          [
            141.3142754,
            43.091684
          ],
          [
            141.3144165,
            43.091807
          ],
          [
            141.3144852,
            43.0918635
          ],
          [
            141.314641,
            43.0920148
          ],
          [
            141.31491,
            43.0922618
          ],
          [
            141.3149964,
            43.0923359
          ]
        ]
      }
    },
    {
      "type": "Feature",
      "properties": {
        "scenario": 8,
        "vehicle": 6,
        "depot": "仮設待機点A",
        "hours": 0.8743220532113969,
        "distance_km": 8.618310916122189
      },
      "geometry": {
        "type": "LineString",
        "coordinates": [
          [
            141.300015,
            43.0945471
          ],
          [
            141.3003864,
            43.0943171
          ],
          [
            141.3005391,
            43.094214
          ],
          [
            141.3007959,
            43.0940399
          ],
          [
            141.300879,
            43.0939146
          ],
          [
            141.3009134,
            43.0938923
          ],
          [
            141.3013236,
            43.0936272
          ],
          [
            141.3015894,
            43.0934554
          ],
          [
            141.3016665,
            43.0934056
          ],
          [
            141.3019322,
            43.0932339
          ],
          [
            141.3022561,
            43.0930244
          ],
          [
            141.3023434,
            43.092968
          ],
          [
            141.3028297,
            43.0933353
          ],
          [
            141.3033727,
            43.0937331
          ],
          [
            141.3035112,
            43.0938443
          ],
          [
            141.3036754,
            43.0937478
          ],
          [
            141.3040792,
            43.0935107
          ],
          [
            141.3044598,
            43.0932868
          ],
          [
            141.3045984,
            43.0932058
          ],
          [
            141.3051425,
            43.0928922
          ],
          [
            141.3052193,
            43.0928464
          ],
          [
            141.3056575,
            43.0925844
          ],
          [
            141.3061371,
            43.0923051
          ],
          [
            141.3067607,
            43.0919418
          ],
          [
            141.3068417,
            43.0918946
          ],
          [
            141.3069463,
            43.0918337
          ],
          [
            141.3070306,
            43.0917846
          ],
          [
            141.3078543,
            43.0912814
          ],
          [
            141.3084394,
            43.090925
          ],
          [
            141.3084911,
            43.0908935
          ],
          [
            141.3091873,
            43.090487
          ],
          [
            141.3096888,
            43.0901941
          ],
          [
            141.3103693,
            43.0897967
          ],
          [
            141.3104351,
            43.089857
          ],
          [
            141.3113045,
            43.090654
          ],
          [
            141.3113589,
            43.0906227
          ],
          [
            141.3117082,
            43.090422
          ],
          [
            141.3120607,
            43.0902193
          ],
          [
            141.3124339,
            43.0900048
          ],
          [
            141.3115574,
            43.0892066
          ],
          [
            141.311488,
            43.0891433
          ],
          [
            141.3115574,
            43.0892066
          ],
          [
            141.3124339,
            43.0900048
          ],
          [
            141.3126749,
            43.0902242
          ],
          [
            141.3129228,
            43.0904507
          ],
          [
            141.3134701,
            43.0909507
          ],
          [
            141.3134823,
            43.0909619
          ],
          [
            141.313961,
            43.0914013
          ],
          [
            141.3140286,
            43.091362
          ],
          [
            141.3144144,
            43.0911379
          ],
          [
            141.31494,
            43.0908108
          ],
          [
            141.3144144,
            43.0911379
          ],
          [
            141.3141486,
            43.0909163
          ],
          [
            141.3144546,
            43.0907165
          ],
          [
            141.3146639,
            43.0905804
          ],
          [
            141.31494,
            43.0908108
          ],
          [
            141.3146639,
            43.0905804
          ],
          [
            141.3144546,
            43.0907165
          ],
          [
            141.3142864,
            43.0905698
          ],
          [
            141.3139946,
            43.0903195
          ],
          [
            141.3145534,
            43.0899634
          ],
          [
            141.3142959,
            43.0897506
          ],
          [
            141.3138092,
            43.0900628
          ],
          [
            141.3134868,
            43.0897746
          ],
          [
            141.3133278,
            43.0898599
          ],
          [
            141.3132971,
            43.0898326
          ],
          [
            141.3131041,
            43.0896607
          ],
          [
            141.3132971,
            43.0898326
          ],
          [
            141.3133278,
            43.0898599
          ],
          [
            141.3134868,
            43.0897746
          ],
          [
            141.3142559,
            43.0892991
          ],
          [
            141.3144845,
            43.0894878
          ],
          [
            141.3142559,
            43.0892991
          ],
          [
            141.3145574,
            43.0890811
          ],
          [
            141.314261,
            43.0888159
          ],
          [
            141.3142375,
            43.0887949
          ],
          [
            141.3141986,
            43.0887589
          ],
          [
            141.3138143,
            43.088403
          ],
          [
            141.31386,
            43.0883759
          ],
          [
            141.3146433,
            43.0879123
          ],
          [
            141.31386,
            43.0883759
          ],
          [
            141.3138143,
            43.088403
          ],
          [
            141.3133508,
            43.0886662
          ],
          [
            141.31377,
            43.0890311
          ],
          [
            141.3129603,
            43.0895082
          ],
          [
            141.3131041,
            43.0896607
          ],
          [
            141.3129603,
            43.0895082
          ],
          [
            141.3121956,
            43.0888273
          ],
          [
            141.3129603,
            43.0895082
          ],
          [
            141.31377,
            43.0890311
          ],
          [
            141.3133508,
            43.0886662
          ],
          [
            141.3130038,
            43.0883522
          ],
          [
            141.3133508,
            43.0886662
          ],
          [
            141.3138143,
            43.088403
          ],
          [
            141.3137796,
            43.088372
          ],
          [
            141.3134541,
            43.0880806
          ],
          [
            141.3133962,
            43.0880288
          ],
          [
            141.3133343,
            43.088065
          ],
          [
            141.3132455,
            43.0881168
          ],
          [
            141.3130026,
            43.0878955
          ],
          [
            141.3128174,
            43.0877267
          ],
          [
            141.3131403,
            43.0875326
          ],
          [
            141.3131652,
            43.087487
          ],
          [
            141.3131903,
            43.0874409
          ],
          [
            141.3135708,
            43.0872279
          ],
          [
            141.3137214,
            43.0873606
          ],
          [
            141.3141129,
            43.0871363
          ],
          [
            141.3137214,
            43.0873606
          ],
          [
            141.3135708,
            43.0872279
          ],
          [
            141.3133096,
            43.086982
          ],
          [
            141.3135708,
            43.0872279
          ],
          [
            141.3131903,
            43.0874409
          ],
          [
            141.3131652,
            43.087487
          ],
          [
            141.3128831,
            43.0872366
          ],
          [
            141.3131652,
            43.087487
          ],
          [
            141.3131403,
            43.0875326
          ],
          [
            141.3128174,
            43.0877267
          ],
          [
            141.3130026,
            43.0878955
          ],
          [
            141.3132455,
            43.0881168
          ],
          [
            141.31294,
            43.0882945
          ],
          [
            141.3130038,
            43.0883522
          ],
          [
            141.31294,
            43.0882945
          ],
          [
            141.3127348,
            43.0884151
          ],
          [
            141.312269,
            43.0886872
          ],
          [
            141.3121296,
            43.0887664
          ],
          [
            141.3121956,
            43.0888273
          ],
          [
            141.3121296,
            43.0887664
          ],
          [
            141.312269,
            43.0886872
          ],
          [
            141.3115429,
            43.0880275
          ],
          [
            141.3120045,
            43.0877563
          ],
          [
            141.3115429,
            43.0880275
          ],
          [
            141.3108461,
            43.0873944
          ],
          [
            141.3104945,
            43.0870749
          ],
          [
            141.3114711,
            43.0864969
          ],
          [
            141.3110878,
            43.0861442
          ],
          [
            141.3114711,
            43.0864969
          ],
          [
            141.3118194,
            43.0868105
          ],
          [
            141.3121236,
            43.0870921
          ],
          [
            141.3122468,
            43.0872061
          ],
          [
            141.3122888,
            43.087245
          ],
          [
            141.3125185,
            43.0874543
          ],
          [
            141.3128174,
            43.0877267
          ],
          [
            141.3125185,
            43.0874543
          ],
          [
            141.3120045,
            43.0877563
          ],
          [
            141.3125185,
            43.0874543
          ],
          [
            141.3128831,
            43.0872366
          ],
          [
            141.3133096,
            43.086982
          ],
          [
            141.3136892,
            43.0867553
          ],
          [
            141.3141129,
            43.0871363
          ],
          [
            141.3143568,
            43.0873557
          ],
          [
            141.3144354,
            43.0874264
          ],
          [
            141.3142692,
            43.0875242
          ],
          [
            141.3143215,
            43.0875736
          ],
          [
            141.3146658,
            43.087899
          ],
          [
            141.3146433,
            43.0879123
          ],
          [
            141.3146658,
            43.087899
          ],
          [
            141.3143215,
            43.0875736
          ],
          [
            141.3142692,
            43.0875242
          ],
          [
            141.3144354,
            43.0874264
          ],
          [
            141.3143568,
            43.0873557
          ],
          [
            141.3141129,
            43.0871363
          ],
          [
            141.3136892,
            43.0867553
          ],
          [
            141.3133096,
            43.086982
          ],
          [
            141.3128831,
            43.0872366
          ],
          [
            141.3125185,
            43.0874543
          ],
          [
            141.3122888,
            43.087245
          ],
          [
            141.3122468,
            43.0872061
          ],
          [
            141.3121236,
            43.0870921
          ],
          [
            141.3118194,
            43.0868105
          ],
          [
            141.3114711,
            43.0864969
          ],
          [
            141.3104945,
            43.0870749
          ],
          [
            141.3101149,
            43.0867163
          ],
          [
            141.3096956,
            43.0869672
          ],
          [
            141.3096525,
            43.0869923
          ],
          [
            141.3093298,
            43.087181
          ],
          [
            141.3092871,
            43.087206
          ],
          [
            141.3093161,
            43.0872327
          ],
          [
            141.3097017,
            43.0875874
          ],
          [
            141.3098724,
            43.0876211
          ],
          [
            141.310535,
            43.0882381
          ],
          [
            141.3101837,
            43.0884323
          ],
          [
            141.3101175,
            43.0884689
          ],
          [
            141.3089826,
            43.08743
          ],
          [
            141.3101175,
            43.0884689
          ],
          [
            141.3101837,
            43.0884323
          ],
          [
            141.3102073,
            43.0884544
          ],
          [
            141.3103789,
            43.0886146
          ],
          [
            141.3110687,
            43.0882207
          ],
          [
            141.3114615,
            43.08858
          ],
          [
            141.3110687,
            43.0882207
          ],
          [
            141.3103789,
            43.0886146
          ],
          [
            141.3107626,
            43.088973
          ],
          [
            141.3111303,
            43.0887662
          ],
          [
            141.3114615,
            43.08858
          ],
          [
            141.3111303,
            43.0887662
          ],
          [
            141.3107626,
            43.088973
          ],
          [
            141.3103789,
            43.0886146
          ],
          [
            141.3102073,
            43.0884544
          ],
          [
            141.3101837,
            43.0884323
          ],
          [
            141.310535,
            43.0882381
          ],
          [
            141.3101837,
            43.0884323
          ],
          [
            141.3102073,
            43.0884544
          ],
          [
            141.3103789,
            43.0886146
          ],
          [
            141.3107626,
            43.088973
          ],
          [
            141.3109972,
            43.0891922
          ],
          [
            141.3111538,
            43.0893385
          ],
          [
            141.3103693,
            43.0897967
          ],
          [
            141.3096888,
            43.0901941
          ],
          [
            141.3091873,
            43.090487
          ],
          [
            141.3084911,
            43.0908935
          ],
          [
            141.3084394,
            43.090925
          ],
          [
            141.3078543,
            43.0912814
          ],
          [
            141.3070306,
            43.0917846
          ],
          [
            141.3069463,
            43.0918337
          ],
          [
            141.3068417,
            43.0918946
          ],
          [
            141.3067607,
            43.0919418
          ],
          [
            141.3061371,
            43.0923051
          ],
          [
            141.3056575,
            43.0925844
          ],
          [
            141.3052193,
            43.0928464
          ],
          [
            141.3051425,
            43.0928922
          ],
          [
            141.3045984,
            43.0932058
          ],
          [
            141.3044598,
            43.0932868
          ],
          [
            141.3040792,
            43.0935107
          ],
          [
            141.3036754,
            43.0937478
          ],
          [
            141.3035112,
            43.0938443
          ],
          [
            141.3033727,
            43.0937331
          ],
          [
            141.3028297,
            43.0933353
          ],
          [
            141.3023434,
            43.092968
          ],
          [
            141.3022561,
            43.0930244
          ],
          [
            141.3019322,
            43.0932339
          ],
          [
            141.3016665,
            43.0934056
          ],
          [
            141.3015894,
            43.0934554
          ],
          [
            141.3013236,
            43.0936272
          ],
          [
            141.3009134,
            43.0938923
          ],
          [
            141.300879,
            43.0939146
          ],
          [
            141.3007959,
            43.0940399
          ],
          [
            141.3005391,
            43.094214
          ],
          [
            141.3003864,
            43.0943171
          ],
          [
            141.300015,
            43.0945471
          ]
        ]
      }
    },
    {
      "type": "Feature",
      "properties": {
        "scenario": 8,
        "vehicle": 7,
        "depot": "仮設待機点A",
        "hours": 0.8641832496776298,
        "distance_km": 8.329959318655368
      },
      "geometry": {
        "type": "LineString",
        "coordinates": [
          [
            141.300015,
            43.0945471
          ],
          [
            141.3003864,
            43.0943171
          ],
          [
            141.3005391,
            43.094214
          ],
          [
            141.3007959,
            43.0940399
          ],
          [
            141.300879,
            43.0939146
          ],
          [
            141.3009134,
            43.0938923
          ],
          [
            141.3013236,
            43.0936272
          ],
          [
            141.3015894,
            43.0934554
          ],
          [
            141.3016665,
            43.0934056
          ],
          [
            141.3019322,
            43.0932339
          ],
          [
            141.3022561,
            43.0930244
          ],
          [
            141.3023434,
            43.092968
          ],
          [
            141.3028297,
            43.0933353
          ],
          [
            141.3033727,
            43.0937331
          ],
          [
            141.3035112,
            43.0938443
          ],
          [
            141.3036754,
            43.0937478
          ],
          [
            141.3040792,
            43.0935107
          ],
          [
            141.3044598,
            43.0932868
          ],
          [
            141.3045984,
            43.0932058
          ],
          [
            141.3051425,
            43.0928922
          ],
          [
            141.3052193,
            43.0928464
          ],
          [
            141.3056575,
            43.0925844
          ],
          [
            141.3061371,
            43.0923051
          ],
          [
            141.3067607,
            43.0919418
          ],
          [
            141.3068417,
            43.0918946
          ],
          [
            141.3069463,
            43.0918337
          ],
          [
            141.3070306,
            43.0917846
          ],
          [
            141.3078543,
            43.0912814
          ],
          [
            141.3084394,
            43.090925
          ],
          [
            141.3084911,
            43.0908935
          ],
          [
            141.3091873,
            43.090487
          ],
          [
            141.3096888,
            43.0901941
          ],
          [
            141.3103693,
            43.0897967
          ],
          [
            141.3111538,
            43.0893385
          ],
          [
            141.3109972,
            43.0891922
          ],
          [
            141.3107626,
            43.088973
          ],
          [
            141.3103789,
            43.0886146
          ],
          [
            141.3102073,
            43.0884544
          ],
          [
            141.3101837,
            43.0884323
          ],
          [
            141.310535,
            43.0882381
          ],
          [
            141.3098724,
            43.0876211
          ],
          [
            141.3097017,
            43.0875874
          ],
          [
            141.3093161,
            43.0872327
          ],
          [
            141.3092871,
            43.087206
          ],
          [
            141.3089801,
            43.0873855
          ],
          [
            141.308952,
            43.087402
          ],
          [
            141.3089826,
            43.08743
          ],
          [
            141.308952,
            43.087402
          ],
          [
            141.3084886,
            43.0876729
          ],
          [
            141.3085145,
            43.0876977
          ],
          [
            141.3089578,
            43.0881226
          ],
          [
            141.3085145,
            43.0876977
          ],
          [
            141.3084886,
            43.0876729
          ],
          [
            141.308952,
            43.087402
          ],
          [
            141.3089801,
            43.0873855
          ],
          [
            141.3084444,
            43.0869352
          ],
          [
            141.3081734,
            43.0866536
          ],
          [
            141.3078074,
            43.0868461
          ],
          [
            141.3074261,
            43.0870636
          ],
          [
            141.3070753,
            43.0872949
          ],
          [
            141.3066997,
            43.0874985
          ],
          [
            141.3065694,
            43.0875574
          ],
          [
            141.3065346,
            43.0876093
          ],
          [
            141.3065211,
            43.0877553
          ],
          [
            141.3069595,
            43.0878202
          ],
          [
            141.3068505,
            43.0878852
          ],
          [
            141.3069595,
            43.0878202
          ],
          [
            141.3065211,
            43.0877553
          ],
          [
            141.3057192,
            43.0876557
          ],
          [
            141.3056746,
            43.0876349
          ],
          [
            141.3057392,
            43.0873841
          ],
          [
            141.3057254,
            43.0873303
          ],
          [
            141.3059003,
            43.0873434
          ],
          [
            141.3057254,
            43.0873303
          ],
          [
            141.3057173,
            43.0872989
          ],
          [
            141.3056372,
            43.0869864
          ],
          [
            141.3056034,
            43.0868999
          ],
          [
            141.3055115,
            43.0866652
          ],
          [
            141.3059885,
            43.0865635
          ],
          [
            141.3066789,
            43.0863973
          ],
          [
            141.3074261,
            43.0870636
          ],
          [
            141.307788,
            43.0873256
          ],
          [
            141.308332,
            43.0877645
          ],
          [
            141.307788,
            43.0873256
          ],
          [
            141.3069595,
            43.0878202
          ],
          [
            141.307788,
            43.0873256
          ],
          [
            141.3079117,
            43.087252
          ],
          [
            141.3084444,
            43.0869352
          ],
          [
            141.3086912,
            43.0867884
          ],
          [
            141.308836,
            43.0867021
          ],
          [
            141.3092046,
            43.086483
          ],
          [
            141.309159,
            43.0864427
          ],
          [
            141.3088482,
            43.0861683
          ],
          [
            141.3085292,
            43.0858864
          ],
          [
            141.3083708,
            43.0857465
          ],
          [
            141.3082031,
            43.0855984
          ],
          [
            141.3078062,
            43.0852334
          ],
          [
            141.3078217,
            43.0851925
          ],
          [
            141.3078062,
            43.0852334
          ],
          [
            141.307432,
            43.0854692
          ],
          [
            141.3071099,
            43.0856569
          ],
          [
            141.3070585,
            43.0856882
          ],
          [
            141.3071099,
            43.0856569
          ],
          [
            141.307432,
            43.0854692
          ],
          [
            141.3078062,
            43.0852334
          ],
          [
            141.3082031,
            43.0855984
          ],
          [
            141.3083708,
            43.0857465
          ],
          [
            141.3085292,
            43.0858864
          ],
          [
            141.3088482,
            43.0861683
          ],
          [
            141.309159,
            43.0864427
          ],
          [
            141.3092046,
            43.086483
          ],
          [
            141.308836,
            43.0867021
          ],
          [
            141.3086912,
            43.0867884
          ],
          [
            141.3084444,
            43.0869352
          ],
          [
            141.3079117,
            43.087252
          ],
          [
            141.307788,
            43.0873256
          ],
          [
            141.3074261,
            43.0870636
          ],
          [
            141.3066789,
            43.0863973
          ],
          [
            141.3065973,
            43.0862228
          ],
          [
            141.3064301,
            43.0858875
          ],
          [
            141.3069171,
            43.0857747
          ],
          [
            141.3069736,
            43.085731
          ],
          [
            141.3070585,
            43.0856882
          ],
          [
            141.3069736,
            43.085731
          ],
          [
            141.3066429,
            43.085433
          ],
          [
            141.3062032,
            43.0850377
          ],
          [
            141.3066429,
            43.085433
          ],
          [
            141.3069736,
            43.085731
          ],
          [
            141.3069171,
            43.0857747
          ],
          [
            141.3064301,
            43.0858875
          ],
          [
            141.3062287,
            43.0859371
          ],
          [
            141.3064301,
            43.0858875
          ],
          [
            141.3065973,
            43.0862228
          ],
          [
            141.3066789,
            43.0863973
          ],
          [
            141.3059885,
            43.0865635
          ],
          [
            141.3055115,
            43.0866652
          ],
          [
            141.3054608,
            43.0865356
          ],
          [
            141.3054441,
            43.0864928
          ],
          [
            141.3053033,
            43.0861629
          ],
          [
            141.3052763,
            43.0861076
          ],
          [
            141.3051573,
            43.0859643
          ],
          [
            141.3050406,
            43.0858206
          ],
          [
            141.3049613,
            43.0857216
          ],
          [
            141.3047983,
            43.0855248
          ],
          [
            141.3045903,
            43.0852686
          ],
          [
            141.3044764,
            43.0851206
          ],
          [
            141.3044437,
            43.0850897
          ],
          [
            141.3044764,
            43.0851206
          ],
          [
            141.3045903,
            43.0852686
          ],
          [
            141.3047983,
            43.0855248
          ],
          [
            141.3049613,
            43.0857216
          ],
          [
            141.3050406,
            43.0858206
          ],
          [
            141.3051573,
            43.0859643
          ],
          [
            141.3052763,
            43.0861076
          ],
          [
            141.3053033,
            43.0861629
          ],
          [
            141.3062287,
            43.0859371
          ],
          [
            141.3053033,
            43.0861629
          ],
          [
            141.3050274,
            43.0862315
          ],
          [
            141.3043069,
            43.0864047
          ],
          [
            141.3041714,
            43.0864467
          ],
          [
            141.3040932,
            43.0863377
          ],
          [
            141.3036399,
            43.0857539
          ],
          [
            141.3034066,
            43.0854248
          ],
          [
            141.3036399,
            43.0857539
          ],
          [
            141.3040932,
            43.0863377
          ],
          [
            141.3041714,
            43.0864467
          ],
          [
            141.3042139,
            43.0865061
          ],
          [
            141.3043319,
            43.0867001
          ],
          [
            141.304399,
            43.0868529
          ],
          [
            141.3044795,
            43.087131
          ],
          [
            141.3045063,
            43.0873289
          ],
          [
            141.3045009,
            43.0875208
          ],
          [
            141.3044687,
            43.0876795
          ],
          [
            141.3043981,
            43.0878914
          ],
          [
            141.3043444,
            43.0880579
          ],
          [
            141.3042827,
            43.0882303
          ],
          [
            141.3042327,
            43.0884709
          ],
          [
            141.304213,
            43.0887651
          ],
          [
            141.3042452,
            43.0890432
          ],
          [
            141.3043856,
            43.0894013
          ],
          [
            141.304517,
            43.0896794
          ],
          [
            141.3045934,
            43.0897763
          ],
          [
            141.3046833,
            43.0898929
          ],
          [
            141.3048214,
            43.0900281
          ],
          [
            141.3058062,
            43.0909393
          ],
          [
            141.3067462,
            43.0918065
          ],
          [
            141.3068417,
            43.0918946
          ],
          [
            141.3069463,
            43.0918337
          ],
          [
            141.3070306,
            43.0917846
          ],
          [
            141.3078543,
            43.0912814
          ],
          [
            141.3079212,
            43.0913445
          ],
          [
            141.3085272,
            43.0918924
          ],
          [
            141.3088052,
            43.0921305
          ],
          [
            141.3085272,
            43.0918924
          ],
          [
            141.3079212,
            43.0913445
          ],
          [
            141.3078543,
            43.0912814
          ],
          [
            141.3070306,
            43.0917846
          ],
          [
            141.3070798,
            43.0918306
          ],
          [
            141.3079517,
            43.0926449
          ],
          [
            141.3079935,
            43.0926839
          ],
          [
            141.307581,
            43.0929269
          ],
          [
            141.3079935,
            43.0926839
          ],
          [
            141.3088515,
            43.092169
          ],
          [
            141.3088052,
            43.0921305
          ],
          [
            141.3088515,
            43.092169
          ],
          [
            141.3079935,
            43.0926839
          ],
          [
            141.3081772,
            43.0928555
          ],
          [
            141.3090364,
            43.0923329
          ],
          [
            141.3088515,
            43.092169
          ],
          [
            141.3090364,
            43.0923329
          ],
          [
            141.309086,
            43.0923787
          ],
          [
            141.3093537,
            43.0926166
          ],
          [
            141.3096443,
            43.0928787
          ],
          [
            141.3093537,
            43.0926166
          ],
          [
            141.309086,
            43.0923787
          ],
          [
            141.3090364,
            43.0923329
          ],
          [
            141.3081772,
            43.0928555
          ],
          [
            141.3084827,
            43.0931408
          ],
          [
            141.3087694,
            43.0934086
          ],
          [
            141.3089182,
            43.0935476
          ],
          [
            141.3085101,
            43.0937837
          ],
          [
            141.308045,
            43.0940527
          ],
          [
            141.3075853,
            43.0943276
          ],
          [
            141.3071419,
            43.0945752
          ],
          [
            141.3069534,
            43.0944091
          ],
          [
            141.3061924,
            43.0937337
          ],
          [
            141.305584,
            43.0941037
          ],
          [
            141.3050813,
            43.0943999
          ],
          [
            141.3050413,
            43.0943644
          ],
          [
            141.3045973,
            43.0939703
          ],
          [
            141.3041574,
            43.0935765
          ],
          [
            141.3040792,
            43.0935107
          ],
          [
            141.3036754,
            43.0937478
          ],
          [
            141.3035112,
            43.0938443
          ],
          [
            141.3033727,
            43.0937331
          ],
          [
            141.3028297,
            43.0933353
          ],
          [
            141.3023434,
            43.092968
          ],
          [
            141.3022561,
            43.0930244
          ],
          [
            141.3019322,
            43.0932339
          ],
          [
            141.3016665,
            43.0934056
          ],
          [
            141.3015894,
            43.0934554
          ],
          [
            141.3013236,
            43.0936272
          ],
          [
            141.3009134,
            43.0938923
          ],
          [
            141.300879,
            43.0939146
          ],
          [
            141.3007959,
            43.0940399
          ],
          [
            141.3005391,
            43.094214
          ],
          [
            141.3003864,
            43.0943171
          ],
          [
            141.300015,
            43.0945471
          ]
        ]
      }
    },
    {
      "type": "Feature",
      "properties": {
        "scenario": 8,
        "vehicle": 8,
        "depot": "仮設待機点A",
        "hours": 0.7941483604515056,
        "distance_km": 6.955814386853892
      },
      "geometry": {
        "type": "LineString",
        "coordinates": [
          [
            141.300015,
            43.0945471
          ],
          [
            141.3003864,
            43.0943171
          ],
          [
            141.3005391,
            43.094214
          ],
          [
            141.3007959,
            43.0940399
          ],
          [
            141.300879,
            43.0939146
          ],
          [
            141.3009134,
            43.0938923
          ],
          [
            141.3013236,
            43.0936272
          ],
          [
            141.3015894,
            43.0934554
          ],
          [
            141.3016665,
            43.0934056
          ],
          [
            141.3019322,
            43.0932339
          ],
          [
            141.3022561,
            43.0930244
          ],
          [
            141.3023434,
            43.092968
          ],
          [
            141.3028297,
            43.0933353
          ],
          [
            141.3033727,
            43.0937331
          ],
          [
            141.3035112,
            43.0938443
          ],
          [
            141.3036754,
            43.0937478
          ],
          [
            141.3040792,
            43.0935107
          ],
          [
            141.3041574,
            43.0935765
          ],
          [
            141.3045973,
            43.0939703
          ],
          [
            141.3050413,
            43.0943644
          ],
          [
            141.3050813,
            43.0943999
          ],
          [
            141.305584,
            43.0941037
          ],
          [
            141.3061924,
            43.0937337
          ],
          [
            141.3069534,
            43.0944091
          ],
          [
            141.3071419,
            43.0945752
          ],
          [
            141.3075853,
            43.0943276
          ],
          [
            141.308045,
            43.0940527
          ],
          [
            141.3085101,
            43.0937837
          ],
          [
            141.3089182,
            43.0935476
          ],
          [
            141.3097966,
            43.0930163
          ],
          [
            141.3096443,
            43.0928787
          ],
          [
            141.3097966,
            43.0930163
          ],
          [
            141.3099023,
            43.09311
          ],
          [
            141.3100008,
            43.0932024
          ],
          [
            141.3107447,
            43.0939013
          ],
          [
            141.3107991,
            43.0939512
          ],
          [
            141.310851,
            43.094003
          ],
          [
            141.3107991,
            43.0939512
          ],
          [
            141.3107211,
            43.0939966
          ],
          [
            141.3107991,
            43.0939512
          ],
          [
            141.3108865,
            43.0939002
          ],
          [
            141.3110093,
            43.0938287
          ],
          [
            141.3112863,
            43.0936674
          ],
          [
            141.3110093,
            43.0938287
          ],
          [
            141.3114705,
            43.094258
          ],
          [
            141.3117983,
            43.0945315
          ],
          [
            141.3114705,
            43.094258
          ],
          [
            141.3110093,
            43.0938287
          ],
          [
            141.3108865,
            43.0939002
          ],
          [
            141.3107991,
            43.0939512
          ],
          [
            141.3107447,
            43.0939013
          ],
          [
            141.3100008,
            43.0932024
          ],
          [
            141.3099023,
            43.09311
          ],
          [
            141.3097966,
            43.0930163
          ],
          [
            141.3089182,
            43.0935476
          ],
          [
            141.3085101,
            43.0937837
          ],
          [
            141.307581,
            43.0929269
          ],
          [
            141.3085101,
            43.0937837
          ],
          [
            141.308045,
            43.0940527
          ],
          [
            141.3075853,
            43.0943276
          ],
          [
            141.3066466,
            43.0934685
          ],
          [
            141.3056575,
            43.0925844
          ],
          [
            141.3061371,
            43.0923051
          ],
          [
            141.3056575,
            43.0925844
          ],
          [
            141.3052193,
            43.0928464
          ],
          [
            141.3061924,
            43.0937337
          ],
          [
            141.3069534,
            43.0944091
          ],
          [
            141.3061924,
            43.0937337
          ],
          [
            141.305584,
            43.0941037
          ],
          [
            141.3059704,
            43.0944564
          ],
          [
            141.3054578,
            43.0947587
          ],
          [
            141.3059704,
            43.0944564
          ],
          [
            141.305584,
            43.0941037
          ],
          [
            141.3061924,
            43.0937337
          ],
          [
            141.3066466,
            43.0934685
          ],
          [
            141.3071109,
            43.0931929
          ],
          [
            141.307581,
            43.0929269
          ],
          [
            141.3071109,
            43.0931929
          ],
          [
            141.3061371,
            43.0923051
          ],
          [
            141.3071109,
            43.0931929
          ],
          [
            141.308045,
            43.0940527
          ],
          [
            141.3081035,
            43.0941066
          ],
          [
            141.3090445,
            43.0949733
          ],
          [
            141.3090311,
            43.0949811
          ],
          [
            141.3090445,
            43.0949733
          ],
          [
            141.3091502,
            43.0949117
          ],
          [
            141.3092456,
            43.0948561
          ],
          [
            141.3096022,
            43.0946484
          ],
          [
            141.3101203,
            43.0943466
          ],
          [
            141.3107211,
            43.0939966
          ],
          [
            141.3101203,
            43.0943466
          ],
          [
            141.3103558,
            43.0945556
          ],
          [
            141.3101203,
            43.0943466
          ],
          [
            141.3096022,
            43.0946484
          ],
          [
            141.3092456,
            43.0948561
          ],
          [
            141.3091502,
            43.0949117
          ],
          [
            141.3090445,
            43.0949733
          ],
          [
            141.3081035,
            43.0941066
          ],
          [
            141.308045,
            43.0940527
          ],
          [
            141.3071109,
            43.0931929
          ],
          [
            141.3066466,
            43.0934685
          ],
          [
            141.3061924,
            43.0937337
          ],
          [
            141.3052193,
            43.0928464
          ],
          [
            141.3051425,
            43.0928922
          ],
          [
            141.3049031,
            43.0927142
          ],
          [
            141.3040988,
            43.0921159
          ],
          [
            141.3040012,
            43.0920848
          ],
          [
            141.3034582,
            43.0920243
          ],
          [
            141.3033829,
            43.0920373
          ],
          [
            141.3033307,
            43.092086
          ],
          [
            141.3021057,
            43.0928108
          ],
          [
            141.3015941,
            43.0924092
          ],
          [
            141.3011356,
            43.092069
          ],
          [
            141.3010012,
            43.091967
          ],
          [
            141.3005187,
            43.0916072
          ],
          [
            141.3010012,
            43.091967
          ],
          [
            141.3011356,
            43.092069
          ],
          [
            141.3015941,
            43.0924092
          ],
          [
            141.3021057,
            43.0928108
          ],
          [
            141.3023434,
            43.092968
          ],
          [
            141.3028297,
            43.0933353
          ],
          [
            141.3023434,
            43.092968
          ],
          [
            141.3022561,
            43.0930244
          ],
          [
            141.3019322,
            43.0932339
          ],
          [
            141.3008759,
            43.0924582
          ],
          [
            141.3010715,
            43.0921651
          ],
          [
            141.3011356,
            43.092069
          ],
          [
            141.3010715,
            43.0921651
          ],
          [
            141.3008759,
            43.0924582
          ],
          [
            141.3006753,
            43.0927781
          ],
          [
            141.3015894,
            43.0934554
          ],
          [
            141.3016665,
            43.0934056
          ],
          [
            141.3019322,
            43.0932339
          ],
          [
            141.3016665,
            43.0934056
          ],
          [
            141.3015894,
            43.0934554
          ],
          [
            141.3013236,
            43.0936272
          ],
          [
            141.3017592,
            43.0940272
          ],
          [
            141.3021156,
            43.0937968
          ],
          [
            141.3016665,
            43.0934056
          ],
          [
            141.3021156,
            43.0937968
          ],
          [
            141.3017592,
            43.0940272
          ],
          [
            141.3019117,
            43.0941672
          ],
          [
            141.3022683,
            43.0944794
          ],
          [
            141.3019117,
            43.0941672
          ],
          [
            141.3016241,
            43.0943449
          ],
          [
            141.3015948,
            43.0943671
          ],
          [
            141.3016241,
            43.0943449
          ],
          [
            141.3019117,
            43.0941672
          ],
          [
            141.3017592,
            43.0940272
          ],
          [
            141.3013236,
            43.0936272
          ],
          [
            141.3009134,
            43.0938923
          ],
          [
            141.300879,
            43.0939146
          ],
          [
            141.3007959,
            43.0940399
          ],
          [
            141.3005391,
            43.094214
          ],
          [
            141.3003864,
            43.0943171
          ],
          [
            141.300015,
            43.0945471
          ],
          [
            141.3003066,
            43.0948135
          ],
          [
            141.3004561,
            43.0949501
          ],
          [
            141.3003066,
            43.0948135
          ],
          [
            141.300015,
            43.0945471
          ]
        ]
      }
    }
  ]
}