date,station,kind,value_cm,quality,source_url
2025-11-01,中央区,snowfall,0.0,published; reference periods in source notes,https://www.city.sapporo.jp/kensetsu/yuki/documents/snowfall_r08_0411.xls
2025-11-01,北区(太平),snowfall,0.0,published; reference periods in source notes,https://www.city.sapporo.jp/kensetsu/yuki/documents/snowfall_r08_0411.xls
2025-11-01,北区(あいの里),snowfall,0.0,published; reference periods in source notes,https://www.city.sapporo.jp/kensetsu/yuki/documents/snowfall_r08_0411.xls
2025-11-01,東区,snowfall,0.0,published; reference periods in source notes,https://www.city.sapporo.jp/kensetsu/yuki/documents/snowfall_r08_0411.xls
2025-11-01,白石区,snowfall,0.0,published; reference periods in source notes,https://www.city.sapporo.jp/kensetsu/yuki/documents/snowfall_r08_0411.xls
2025-11-01,厚別区,snowfall,0.0,published; reference periods in source notes,https://www.city.sapporo.jp/kensetsu/yuki/documents/snowfall_r08_0411.xls
2025-11-01,豊平区,snowfall,0.0,published; reference periods in source notes,https://www.city.sapporo.jp/kensetsu/yuki/documents/snowfall_r08_0411.xls
2025-11-01,清田区,snowfall,0.0,published; reference periods in source notes,https://www.city.sapporo.jp/kensetsu/yuki/documents/snowfall_r08_0411.xls
2025-11-01,南区(南31条西8丁目),snowfall,0.0,published; reference periods in source notes,https://www.city.sapporo.jp/kensetsu/yuki/documents/snowfall_r08_0411.xls
2025-11-01,南区(定山渓),snowfall,0.0,published; reference periods in source notes,https://www.city.sapporo.jp/kensetsu/yuki/documents/snowfall_r08_0411.xls
2025-11-01,西区(西野),snowfall,0.0,published; reference periods in source notes,https://www.city.sapporo.jp/kensetsu/yuki/documents/snowfall_r08_0411.xls
2025-11-01,西区(平和),snowfall,0.0,published; reference periods in source notes,https://www.city.sapporo.jp/kensetsu/yuki/documents/snowfall_r08_0411.xls
2025-11-01,手稲区,snowfall,0.0,published; reference periods in source notes,https://www.city.sapporo.jp/kensetsu/yuki/documents/snowfall_r08_0411.xls
2025-11-02,中央区,snowfall,0.0,published; reference periods in source notes,https://www.city.sapporo.jp/kensetsu/yuki/documents/snowfall_r08_0411.xls
2025-11-02,北区(太平),snowfall,0.0,published; reference periods in source notes,https://www.city.sapporo.jp/kensetsu/yuki/documents/snowfall_r08_0411.xls
2025-11-02,北区(あいの里),snowfall,0.0,published; reference periods in source notes,https://www.city.sapporo.jp/kensetsu/yuki/documents/snowfall_r08_0411.xls
2025-11-02,東区,snowfall,0.0,published; reference periods in source notes,https://www.city.sapporo.jp/kensetsu/yuki/documents/snowfall_r08_0411.xls
2025-11-02,白石区,snowfall,0.0,published; reference periods in source notes,https://www.city.sapporo.jp/kensetsu/yuki/documents/snowfall_r08_0411.xls
2025-11-02,厚別区,snowfall,0.0,published; reference periods in source notes,https://www.city.sapporo.jp/kensetsu/yuki/documents/snowfall_r08_0411.xls
2025-11-02,豊平区,snowfall,0.0,published; reference periods in source notes,https://www.city.sapporo.jp/kensetsu/yuki/documents/snowfall_r08_0411.xls
2025-11-02,清田区,snowfall,0.0,published; reference periods in source notes,https://www.city.sapporo.jp/kensetsu/yuki/documents/snowfall_r08_0411.xls
2025-11-02,南区(南31条西8丁目),snowfall,0.0,published; reference periods in source notes,https://www.city.sapporo.jp/kensetsu/yuki/documents/snowfall_r08_0411.xls
2025-11-02,南区(定山渓),snowfall,0.0,published; reference periods in source notes,https://www.city.sapporo.jp/kensetsu/yuki/documents/snowfall_r08_0411.xls
2025-11-02,西区(西野),snowfall,0.0,published; reference periods in source notes,https://www.city.sapporo.jp/kensetsu/yuki/documents/snowfall_r08_0411.xls
2025-11-02,西区(平和),snowfall,0.0,published; reference periods in source notes,https://www.city.sapporo.jp/kensetsu/yuki/documents/snowfall_r08_0411.xls
2025-11-02,手稲区,snowfall,0.0,published; reference periods in source notes,https://www.city.sapporo.jp/kensetsu/yuki/documents/snowfall_r08_0411.xls
2025-11-03,中央区,snowfall,0.0,published; reference periods in source notes,https://www.city.sapporo.jp/kensetsu/yuki/documents/snowfall_r08_0411.xls
2025-11-03,北区(太平),snowfall,0.0,published; reference periods in source notes,https://www.city.sapporo.jp/kensetsu/yuki/documents/snowfall_r08_0411.xls
2025-11-03,北区(あいの里),snowfall,0.0,published; reference periods in source notes,https://www.city.sapporo.jp/kensetsu/yuki/documents/snowfall_r08_0411.xls
2025-11-03,東区,snowfall,0.0,published; reference periods in source notes,https://www.city.sapporo.jp/kensetsu/yuki/documents/snowfall_r08_0411.xls
2025-11-03,白石区,snowfall,0.0,published; reference periods in source notes,https://www.city.sapporo.jp/kensetsu/yuki/documents/snowfall_r08_0411.xls
2025-11-03,厚別区,snowfall,0.0,published; reference periods in source notes,https://www.city.sapporo.jp/kensetsu/yuki/documents/snowfall_r08_0411.xls
2025-11-03,豊平区,snowfall,0.0,published; reference periods in source notes,https://www.city.sapporo.jp/kensetsu/yuki/documents/snowfall_r08_0411.xls
2025-11-03,清田区,snowfall,0.0,published; reference periods in source notes,https://www.city.sapporo.jp/kensetsu/yuki/documents/snowfall_r08_0411.xls
2025-11-03,南区(南31条西8丁目),snowfall,0.0,published; reference periods in source notes,https://www.city.sapporo.jp/kensetsu/yuki/documents/snowfall_r08_0411.xls
2025-11-03,南区(定山渓),snowfall,0.0,published; reference periods in source notes,https://www.city.sapporo.jp/kensetsu/yuki/documents/snowfall_r08_0411.xls
2025-11-03,西区(西野),snowfall,0.0,published; reference periods in source notes,https://www.city.sapporo.jp/kensetsu/yuki/documents/snowfall_r08_0411.xls
2025-11-03,西区(平和),snowfall,0.0,published; reference periods in source notes,https://www.city.sapporo.jp/kensetsu/yuki/documents/snowfall_r08_0411.xls
2025-11-03,手稲区,snowfall,0.0,published; reference periods in source notes,https://www.city.sapporo.jp/kensetsu/yuki/documents/snowfall_r08_0411.xls
2025-11-04,中央区,snowfall,0.0,published; reference periods in source notes,https://www.city.sapporo.jp/kensetsu/yuki/documents/snowfall_r08_0411.xls
2025-11-04,北区(太平),snowfall,0.0,published; reference periods in source notes,https://www.city.sapporo.jp/kensetsu/yuki/documents/snowfall_r08_0411.xls
2025-11-04,北区(あいの里),snowfall,0.0,published; reference periods in source notes,https://www.city.sapporo.jp/kensetsu/yuki/documents/snowfall_r08_0411.xls
2025-11-04,東区,snowfall,0.0,published; reference periods in source notes,https://www.city.sapporo.jp/kensetsu/yuki/documents/snowfall_r08_0411.xls
2025-11-04,白石区,snowfall,0.0,published; reference periods in source notes,https://www.city.sapporo.jp/kensetsu/yuki/documents/snowfall_r08_0411.xls
2025-11-04,厚別区,snowfall,0.0,published; reference periods in source notes,https://www.city.sapporo.jp/kensetsu/yuki/documents/snowfall_r08_0411.xls
2025-11-04,豊平区,snowfall,0.0,published; reference periods in source notes,https://www.city.sapporo.jp/kensetsu/yuki/documents/snowfall_r08_0411.xls
2025-11-04,清田区,snowfall,0.0,published; reference periods in source notes,https://www.city.sapporo.jp/kensetsu/yuki/documents/snowfall_r08_0411.xls
2025-11-04,南区(南31条西8丁目),snowfall,0.0,published; reference periods in source notes,https://www.city.sapporo.jp/kensetsu/yuki/documents/snowfall_r08_0411.xls
2025-11-04,南区(定山渓),snowfall,0.0,published; reference periods in source notes,https://www.city.sapporo.jp/kensetsu/yuki/documents/snowfall_r08_0411.xls
2025-11-04,西区(西野),snowfall,0.0,published; reference periods in source notes,https://www.city.sapporo.jp/kensetsu/yuki/documents/snowfall_r08_0411.xls
2025-11-04,西区(平和),snowfall,0.0,published; reference periods in source notes,https://www.city.sapporo.jp/kensetsu/yuki/documents/snowfall_r08_0411.xls
2025-11-04,手稲区,snowfall,0.0,published; reference periods in source notes,https://www.city.sapporo.jp/kensetsu/yuki/documents/snowfall_r08_0411.xls
2025-11-05,中央区,snowfall,0.0,published; reference periods in source notes,https://www.city.sapporo.jp/kensetsu/yuki/documents/snowfall_r08_0411.xls
2025-11-05,北区(太平),snowfall,0.0,published; reference periods in source notes,https://www.city.sapporo.jp/kensetsu/yuki/documents/snowfall_r08_0411.xls
2025-11-05,北区(あいの里),snowfall,0.0,published; reference periods in source notes,https://www.city.sapporo.jp/kensetsu/yuki/documents/snowfall_r08_0411.xls
2025-11-05,東区,snowfall,0.0,published; reference periods in source notes,https://www.city.sapporo.jp/kensetsu/yuki/documents/snowfall_r08_0411.xls
2025-11-05,白石区,snowfall,0.0,published; reference periods in source notes,https://www.city.sapporo.jp/kensetsu/yuki/documents/snowfall_r08_0411.xls
2025-11-05,厚別区,snowfall,0.0,published; reference periods in source notes,https://www.city.sapporo.jp/kensetsu/yuki/documents/snowfall_r08_0411.xls
2025-11-05,豊平区,snowfall,0.0,published; reference periods in source notes,https://www.city.sapporo.jp/kensetsu/yuki/documents/snowfall_r08_0411.xls
2025-11-05,清田区,snowfall,0.0,published; reference periods in source notes,https://www.city.sapporo.jp/kensetsu/yuki/documents/snowfall_r08_0411.xls
2025-11-05,南区(南31条西8丁目),snowfall,0.0,published; reference periods in source notes,https://www.city.sapporo.jp/kensetsu/yuki/documents/snowfall_r08_0411.xls
2025-11-05,南区(定山渓),snowfall,0.0,published; reference periods in source notes,https://www.city.sapporo.jp/kensetsu/yuki/documents/snowfall_r08_0411.xls
2025-11-05,西区(西野),snowfall,0.0,published; reference periods in source notes,https://www.city.sapporo.jp/kensetsu/yuki/documents/snowfall_r08_0411.xls
2025-11-05,西区(平和),snowfall,0.0,published; reference periods in source notes,https://www.city.sapporo.jp/kensetsu/yuki/documents/snowfall_r08_0411.xls
2025-11-05,手稲区,snowfall,0.0,published; reference periods in source notes,https://www.city.sapporo.jp/kensetsu/yuki/documents/snowfall_r08_0411.xls
2025-11-06,中央区,snowfall,0.0,published; reference periods in source notes,https://www.city.sapporo.jp/kensetsu/yuki/documents/snowfall_r08_0411.xls
2025-11-06,北区(太平),snowfall,0.0,published; reference periods in source notes,https://www.city.sapporo.jp/kensetsu/yuki/documents/snowfall_r08_0411.xls
2025-11-06,北区(あいの里),snowfall,0.0,published; reference periods in source notes,https://www.city.sapporo.jp/kensetsu/yuki/documents/snowfall_r08_0411.xls
2025-11-06,東区,snowfall,0.0,published; reference periods in source notes,https://www.city.sapporo.jp/kensetsu/yuki/documents/snowfall_r08_0411.xls
2025-11-06,白石区,snowfall,0.0,published; reference periods in source notes,https://www.city.sapporo.jp/kensetsu/yuki/documents/snowfall_r08_0411.xls
2025-11-06,厚別区,snowfall,0.0,published; reference periods in source notes,https://www.city.sapporo.jp/kensetsu/yuki/documents/snowfall_r08_0411.xls
2025-11-06,豊平区,snowfall,0.0,published; reference periods in source notes,https://www.city.sapporo.jp/kensetsu/yuki/documents/snowfall_r08_0411.xls
2025-11-06,清田区,snowfall,0.0,published; reference periods in source notes,https://www.city.sapporo.jp/kensetsu/yuki/documents/snowfall_r08_0411.xls
2025-11-06,南区(南31条西8丁目),snowfall,0.0,published; reference periods in source notes,https://www.city.sapporo.jp/kensetsu/yuki/documents/snowfall_r08_0411.xls
2025-11-06,南区(定山渓),snowfall,0.0,published; reference periods in source notes,https://www.city.sapporo.jp/kensetsu/yuki/documents/snowfall_r08_0411.xls
2025-11-06,西区(西野),snowfall,0.0,published; reference periods in source notes,https://www.city.sapporo.jp/kensetsu/yuki/documents/snowfall_r08_0411.xls
2025-11-06,西区(平和),snowfall,0.0,published; reference periods in source notes,https://www.city.sapporo.jp/kensetsu/yuki/documents/snowfall_r08_0411.xls
2025-11-06,手稲区,snowfall,0.0,published; reference periods in source notes,https://www.city.sapporo.jp/kensetsu/yuki/documents/snowfall_r08_0411.xls
2025-11-07,中央区,snowfall,0.0,published; reference periods in source notes,https://www.city.sapporo.jp/kensetsu/yuki/documents/snowfall_r08_0411.xls
2025-11-07,北区(太平),snowfall,0.0,published; reference periods in source notes,https://www.city.sapporo.jp/kensetsu/yuki/documents/snowfall_r08_0411.xls
2025-11-07,北区(あいの里),snowfall,0.0,published; reference periods in source notes,https://www.city.sapporo.jp/kensetsu/yuki/documents/snowfall_r08_0411.xls
2025-11-07,東区,snowfall,0.0,published; reference periods in source notes,https://www.city.sapporo.jp/kensetsu/yuki/documents/snowfall_r08_0411.xls
2025-11-07,白石区,snowfall,0.0,published; reference periods in source notes,https://www.city.sapporo.jp/kensetsu/yuki/documents/snowfall_r08_0411.xls
2025-11-07,厚別区,snowfall,0.0,published; reference periods in source notes,https://www.city.sapporo.jp/kensetsu/yuki/documents/snowfall_r08_0411.xls
2025-11-07,豊平区,snowfall,0.0,published; reference periods in source notes,https://www.city.sapporo.jp/kensetsu/yuki/documents/snowfall_r08_0411.xls
2025-11-07,清田区,snowfall,0.0,published; reference periods in source notes,https://www.city.sapporo.jp/kensetsu/yuki/documents/snowfall_r08_0411.xls
2025-11-07,南区(南31条西8丁目),snowfall,0.0,published; reference periods in source notes,https://www.city.sapporo.jp/kensetsu/yuki/documents/snowfall_r08_0411.xls
2025-11-07,南区(定山渓),snowfall,0.0,published; reference periods in source notes,https://www.city.sapporo.jp/kensetsu/yuki/documents/snowfall_r08_0411.xls
2025-11-07,西区(西野),snowfall,0.0,published; reference periods in source notes,https://www.city.sapporo.jp/kensetsu/yuki/documents/snowfall_r08_0411.xls
2025-11-07,西区(平和),snowfall,0.0,published; reference periods in source notes,https://www.city.sapporo.jp/kensetsu/yuki/documents/snowfall_r08_0411.xls
2025-11-07,手稲区,snowfall,0.0,published; reference periods in source notes,https://www.city.sapporo.jp/kensetsu/yuki/documents/snowfall_r08_0411.xls
2025-11-08,中央区,snowfall,11.0,published; reference periods in source notes,https://www.city.sapporo.jp/kensetsu/yuki/documents/snowfall_r08_0411.xls
2025-11-08,北区(太平),snowfall,8.0,published; reference periods in source notes,https://www.city.sapporo.jp/kensetsu/yuki/documents/snowfall_r08_0411.xls
2025-11-08,北区(あいの里),snowfall,8.0,published; reference periods in source notes,https://www.city.sapporo.jp/kensetsu/yuki/documents/snowfall_r08_0411.xls
2025-11-08,東区,snowfall,9.0,published; reference periods in source notes,https://www.city.sapporo.jp/kensetsu/yuki/documents/snowfall_r08_0411.xls
2025-11-08,白石区,snowfall,11.0,published; reference periods in source notes,https://www.city.sapporo.jp/kensetsu/yuki/documents/snowfall_r08_0411.xls
2025-11-08,厚別区,snowfall,9.0,published; reference periods in source notes,https://www.city.sapporo.jp/kensetsu/yuki/documents/snowfall_r08_0411.xls
2025-11-08,豊平区,snowfall,13.0,published; reference periods in source notes,https://www.city.sapporo.jp/kensetsu/yuki/documents/snowfall_r08_0411.xls
2025-11-08,清田区,snowfall,11.0,published; reference periods in source notes,https://www.city.sapporo.jp/kensetsu/yuki/documents/snowfall_r08_0411.xls
2025-11-08,南区(南31条西8丁目),snowfall,15.0,published; reference periods in source notes,https://www.city.sapporo.jp/kensetsu/yuki/documents/snowfall_r08_0411.xls
2025-11-08,南区(定山渓),snowfall,24.0,published; reference periods in source notes,https://www.city.sapporo.jp/kensetsu/yuki/documents/snowfall_r08_0411.xls
2025-11-08,西区(西野),snowfall,13.0,published; reference periods in source notes,https://www.city.sapporo.jp/kensetsu/yuki/documents/snowfall_r08_0411.xls
2025-11-08,西区(平和),snowfall,26.0,published; reference periods in source notes,https://www.city.sapporo.jp/kensetsu/yuki/documents/snowfall_r08_0411.xls
2025-11-08,手稲区,snowfall,7.0,published; reference periods in source notes,https://www.city.sapporo.jp/kensetsu/yuki/documents/snowfall_r08_0411.xls
2025-11-09,中央区,snowfall,0.0,published; reference periods in source notes,https://www.city.sapporo.jp/kensetsu/yuki/documents/snowfall_r08_0411.xls
2025-11-09,北区(太平),snowfall,0.0,published; reference periods in source notes,https://www.city.sapporo.jp/kensetsu/yuki/documents/snowfall_r08_0411.xls
2025-11-09,北区(あいの里),snowfall,0.0,published; reference periods in source notes,https://www.city.sapporo.jp/kensetsu/yuki/documents/snowfall_r08_0411.xls
2025-11-09,東区,snowfall,0.0,published; reference periods in source notes,https://www.city.sapporo.jp/kensetsu/yuki/documents/snowfall_r08_0411.xls
2025-11-09,白石区,snowfall,0.0,published; reference periods in source notes,https://www.city.sapporo.jp/kensetsu/yuki/documents/snowfall_r08_0411.xls
2025-11-09,厚別区,snowfall,0.0,published; reference periods in source notes,https://www.city.sapporo.jp/kensetsu/yuki/documents/snowfall_r08_0411.xls
2025-11-09,豊平区,snowfall,0.0,published; reference periods in source notes,https://www.city.sapporo.jp/kensetsu/yuki/documents/snowfall_r08_0411.xls
2025-11-09,清田区,snowfall,0.0,published; reference periods in source notes,https://www.city.sapporo.jp/kensetsu/yuki/documents/snowfall_r08_0411.xls
2025-11-09,南区(南31条西8丁目),snowfall,0.0,published; reference periods in source notes,https://www.city.sapporo.jp/kensetsu/yuki/documents/snowfall_r08_0411.xls
2025-11-09,南区(定山渓),snowfall,0.0,published; reference periods in source notes,https://www.city.sapporo.jp/kensetsu/yuki/documents/snowfall_r08_0411.xls
2025-11-09,西区(西野),snowfall,0.0,published; reference periods in source notes,https://www.city.sapporo.jp/kensetsu/yuki/documents/snowfall_r08_0411.xls
2025-11-09,西区(平和),snowfall,0.0,published; reference periods in source notes,https://www.city.sapporo.jp/kensetsu/yuki/documents/snowfall_r08_0411.xls
2025-11-09,手稲区,snowfall,0.0,published; reference periods in source notes,https://www.city.sapporo.jp/kensetsu/yuki/documents/snowfall_r08_0411.xls
2025-11-10,中央区,snowfall,0.0,published; reference periods in source notes,https://www.city.sapporo.jp/kensetsu/yuki/documents/snowfall_r08_0411.xls
2025-11-10,北区(太平),snowfall,0.0,published; reference periods in source notes,https://www.city.sapporo.jp/kensetsu/yuki/documents/snowfall_r08_0411.xls
2025-11-10,北区(あいの里),snowfall,0.0,published; reference periods in source notes,https://www.city.sapporo.jp/kensetsu/yuki/documents/snowfall_r08_0411.xls
2025-11-10,東区,snowfall,0.0,published; reference periods in source notes,https://www.city.sapporo.jp/kensetsu/yuki/documents/snowfall_r08_0411.xls
2025-11-10,白石区,snowfall,0.0,published; reference periods in source notes,https://www.city.sapporo.jp/kensetsu/yuki/documents/snowfall_r08_0411.xls
2025-11-10,厚別区,snowfall,0.0,published; reference periods in source notes,https://www.city.sapporo.jp/kensetsu/yuki/documents/snowfall_r08_0411.xls
2025-11-10,豊平区,snowfall,0.0,published; reference periods in source notes,https://www.city.sapporo.jp/kensetsu/yuki/documents/snowfall_r08_0411.xls
2025-11-10,清田区,snowfall,0.0,published; reference periods in source notes,https://www.city.sapporo.jp/kensetsu/yuki/documents/snowfall_r08_0411.xls
2025-11-10,南区(南31条西8丁目),snowfall,0.0,published; reference periods in source notes,https://www.city.sapporo.jp/kensetsu/yuki/documents/snowfall_r08_0411.xls
2025-11-10,南区(定山渓),snowfall,0.0,published; reference periods in source notes,https://www.city.sapporo.jp/kensetsu/yuki/documents/snowfall_r08_0411.xls
2025-11-10,西区(西野),snowfall,0.0,published; reference periods in source notes,https://www.city.sapporo.jp/kensetsu/yuki/documents/snowfall_r08_0411.xls
2025-11-10,西区(平和),snowfall,0.0,published; reference periods in source notes,https://www.city.sapporo.jp/kensetsu/yuki/documents/snowfall_r08_0411.xls
2025-11-10,手稲区,snowfall,0.0,published; reference periods in source notes,https://www.city.sapporo.jp/kensetsu/yuki/documents/snowfall_r08_0411.xls
2025-11-11,中央区,snowfall,2.0,published; reference periods in source notes,https://www.city.sapporo.jp/kensetsu/yuki/documents/snowfall_r08_0411.xls
2025-11-11,北区(太平),snowfall,0.0,published; reference periods in source notes,https://www.city.sapporo.jp/kensetsu/yuki/documents/snowfall_r08_0411.xls
2025-11-11,北区(あいの里),snowfall,0.0,published; reference periods in source notes,https://www.city.sapporo.jp/kensetsu/yuki/documents/snowfall_r08_0411.xls
2025-11-11,東区,snowfall,0.0,published; reference periods in source notes,https://www.city.sapporo.jp/kensetsu/yuki/documents/snowfall_r08_0411.xls
2025-11-11,白石区,snowfall,0.0,published; reference periods in source notes,https://www.city.sapporo.jp/kensetsu/yuki/documents/snowfall_r08_0411.xls
2025-11-11,厚別区,snowfall,2.0,published; reference periods in source notes,https://www.city.sapporo.jp/kensetsu/yuki/documents/snowfall_r08_0411.xls
2025-11-11,豊平区,snowfall,2.0,published; reference periods in source notes,https://www.city.sapporo.jp/kensetsu/yuki/documents/snowfall_r08_0411.xls
2025-11-11,清田区,snowfall,0.0,published; reference periods in source notes,https://www.city.sapporo.jp/kensetsu/yuki/documents/snowfall_r08_0411.xls
2025-11-11,南区(南31条西8丁目),snowfall,0.0,published; reference periods in source notes,https://www.city.sapporo.jp/kensetsu/yuki/documents/snowfall_r08_0411.xls
2025-11-11,南区(定山渓),snowfall,8.0,published; reference periods in source notes,https://www.city.sapporo.jp/kensetsu/yuki/documents/snowfall_r08_0411.xls
2025-11-11,西区(西野),snowfall,2.0,published; reference periods in source notes,https://www.city.sapporo.jp/kensetsu/yuki/documents/snowfall_r08_0411.xls
2025-11-11,西区(平和),snowfall,11.0,published; reference periods in source notes,https://www.city.sapporo.jp/kensetsu/yuki/documents/snowfall_r08_0411.xls
2025-11-11,手稲区,snowfall,1.0,published; reference periods in source notes,https://www.city.sapporo.jp/kensetsu/yuki/documents/snowfall_r08_0411.xls
2025-11-12,中央区,snowfall,7.0,published; reference periods in source notes,https://www.city.sapporo.jp/kensetsu/yuki/documents/snowfall_r08_0411.xls
2025-11-12,北区(太平),snowfall,3.0,published; reference periods in source notes,https://www.city.sapporo.jp/kensetsu/yuki/documents/snowfall_r08_0411.xls
2025-11-12,北区(あいの里),snowfall,3.0,published; reference periods in source notes,https://www.city.sapporo.jp/kensetsu/yuki/documents/snowfall_r08_0411.xls
2025-11-12,東区,snowfall,3.0,published; reference periods in source notes,https://www.city.sapporo.jp/kensetsu/yuki/documents/snowfall_r08_0411.xls
2025-11-12,白石区,snowfall,3.0,published; reference periods in source notes,https://www.city.sapporo.jp/kensetsu/yuki/documents/snowfall_r08_0411.xls
2025-11-12,厚別区,snowfall,6.0,published; reference periods in source notes,https://www.city.sapporo.jp/kensetsu/yuki/documents/snowfall_r08_0411.xls
2025-11-12,豊平区,snowfall,7.0,published; reference periods in source notes,https://www.city.sapporo.jp/kensetsu/yuki/documents/snowfall_r08_0411.xls
2025-11-12,清田区,snowfall,6.0,published; reference periods in source notes,https://www.city.sapporo.jp/kensetsu/yuki/documents/snowfall_r08_0411.xls
2025-11-12,南区(南31条西8丁目),snowfall,4.0,published; reference periods in source notes,https://www.city.sapporo.jp/kensetsu/yuki/documents/snowfall_r08_0411.xls
2025-11-12,南区(定山渓),snowfall,3.0,published; reference periods in source notes,https://www.city.sapporo.jp/kensetsu/yuki/documents/snowfall_r08_0411.xls
2025-11-12,西区(西野),snowfall,10.0,published; reference periods in source notes,https://www.city.sapporo.jp/kensetsu/yuki/documents/snowfall_r08_0411.xls
2025-11-12,西区(平和),snowfall,11.0,published; reference periods in source notes,https://www.city.sapporo.jp/kensetsu/yuki/documents/snowfall_r08_0411.xls
2025-11-12,手稲区,snowfall,5.0,published; reference periods in source notes,https://www.city.sapporo.jp/kensetsu/yuki/documents/snowfall_r08_0411.xls
2025-11-13,中央区,snowfall,0.0,published; reference periods in source notes,https://www.city.sapporo.jp/kensetsu/yuki/documents/snowfall_r08_0411.xls
2025-11-13,北区(太平),snowfall,0.0,published; reference periods in source notes,https://www.city.sapporo.jp/kensetsu/yuki/documents/snowfall_r08_0411.xls
2025-11-13,北区(あいの里),snowfall,0.0,published; reference periods in source notes,https://www.city.sapporo.jp/kensetsu/yuki/documents/snowfall_r08_0411.xls
2025-11-13,東区,snowfall,0.0,published; reference periods in source notes,https://www.city.sapporo.jp/kensetsu/yuki/documents/snowfall_r08_0411.xls
2025-11-13,白石区,snowfall,0.0,published; reference periods in source notes,https://www.city.sapporo.jp/kensetsu/yuki/documents/snowfall_r08_0411.xls
2025-11-13,厚別区,snowfall,0.0,published; reference periods in source notes,https://www.city.sapporo.jp/kensetsu/yuki/documents/snowfall_r08_0411.xls
2025-11-13,豊平区,snowfall,0.0,published; reference periods in source notes,https://www.city.sapporo.jp/kensetsu/yuki/documents/snowfall_r08_0411.xls
2025-11-13,清田区,snowfall,0.0,published; reference periods in source notes,https://www.city.sapporo.jp/kensetsu/yuki/documents/snowfall_r08_0411.xls
2025-11-13,南区(南31条西8丁目),snowfall,0.0,published; reference periods in source notes,https://www.city.sapporo.jp/kensetsu/yuki/documents/snowfall_r08_0411.xls
2025-11-13,南区(定山渓),snowfall,0.0,published; reference periods in source notes,https://www.city.sapporo.jp/kensetsu/yuki/documents/snowfall_r08_0411.xls
2025-11-13,西区(西野),snowfall,0.0,published; reference periods in source notes,https://www.city.sapporo.jp/kensetsu/yuki/documents/snowfall_r08_0411.xls
2025-11-13,西区(平和),snowfall,0.0,published; reference periods in source notes,https://www.city.sapporo.jp/kensetsu/yuki/documents/snowfall_r08_0411.xls
2025-11-13,手稲区,snowfall,0.0,published; reference periods in source notes,https://www.city.sapporo.jp/kensetsu/yuki/documents/snowfall_r08_0411.xls
2025-11-14,中央区,snowfall,0.0,published; reference periods in source notes,https://www.city.sapporo.jp/kensetsu/yuki/documents/snowfall_r08_0411.xls
2025-11-14,北区(太平),snowfall,0.0,published; reference periods in source notes,https://www.city.sapporo.jp/kensetsu/yuki/documents/snowfall_r08_0411.xls
2025-11-14,北区(あいの里),snowfall,0.0,published; reference periods in source notes,https://www.city.sapporo.jp/kensetsu/yuki/documents/snowfall_r08_0411.xls
2025-11-14,東区,snowfall,0.0,published; reference periods in source notes,https://www.city.sapporo.jp/kensetsu/yuki/documents/snowfall_r08_0411.xls
2025-11-14,白石区,snowfall,0.0,published; reference periods in source notes,https://www.city.sapporo.jp/kensetsu/yuki/documents/snowfall_r08_0411.xls
2025-11-14,厚別区,snowfall,0.0,published; reference periods in source notes,https://www.city.sapporo.jp/kensetsu/yuki/documents/snowfall_r08_0411.xls
2025-11-14,豊平区,snowfall,0.0,published; reference periods in source notes,https://www.city.sapporo.jp/kensetsu/yuki/documents/snowfall_r08_0411.xls
2025-11-14,清田区,snowfall,0.0,published; reference periods in source notes,https://www.city.sapporo.jp/kensetsu/yuki/documents/snowfall_r08_0411.xls
2025-11-14,南区(南31条西8丁目),snowfall,0.0,published; reference periods in source notes,https://www.city.sapporo.jp/kensetsu/yuki/documents/snowfall_r08_0411.xls
2025-11-14,南区(定山渓),snowfall,0.0,published; reference periods in source notes,https://www.city.sapporo.jp/kensetsu/yuki/documents/snowfall_r08_0411.xls
2025-11-14,西区(西野),snowfall,0.0,published; reference periods in source notes,https://www.city.sapporo.jp/kensetsu/yuki/documents/snowfall_r08_0411.xls
2025-11-14,西区(平和),snowfall,0.0,published; reference periods in source notes,https://www.city.sapporo.jp/kensetsu/yuki/documents/snowfall_r08_0411.xls
2025-11-14,手稲区,snowfall,0.0,published; reference periods in source notes,https://www.city.sapporo.jp/kensetsu/yuki/documents/snowfall_r08_0411.xls
2025-11-15,中央区,snowfall,0.0,published; reference periods in source notes,https://www.city.sapporo.jp/kensetsu/yuki/documents/snowfall_r08_0411.xls
2025-11-15,北区(太平),snowfall,0.0,published; reference periods in source notes,https://www.city.sapporo.jp/kensetsu/yuki/documents/snowfall_r08_0411.xls
2025-11-15,北区(あいの里),snowfall,0.0,published; reference periods in source notes,https://www.city.sapporo.jp/kensetsu/yuki/documents/snowfall_r08_0411.xls
2025-11-15,東区,snowfall,0.0,published; reference periods in source notes,https://www.city.sapporo.jp/kensetsu/yuki/documents/snowfall_r08_0411.xls
2025-11-15,白石区,snowfall,0.0,published; reference periods in source notes,https://www.city.sapporo.jp/kensetsu/yuki/documents/snowfall_r08_0411.xls
2025-11-15,厚別区,snowfall,0.0,published; reference periods in source notes,https://www.city.sapporo.jp/kensetsu/yuki/documents/snowfall_r08_0411.xls
2025-11-15,豊平区,snowfall,0.0,published; reference periods in source notes,https://www.city.sapporo.jp/kensetsu/yuki/documents/snowfall_r08_0411.xls
2025-11-15,清田区,snowfall,0.0,published; reference periods in source notes,https://www.city.sapporo.jp/kensetsu/yuki/documents/snowfall_r08_0411.xls
2025-11-15,南区(南31条西8丁目),snowfall,0.0,published; reference periods in source notes,https://www.city.sapporo.jp/kensetsu/yuki/documents/snowfall_r08_0411.xls
2025-11-15,南区(定山渓),snowfall,0.0,published; reference periods in source notes,https://www.city.sapporo.jp/kensetsu/yuki/documents/snowfall_r08_0411.xls
2025-11-15,西区(西野),snowfall,0.0,published; reference periods in source notes,https://www.city.sapporo.jp/kensetsu/yuki/documents/snowfall_r08_0411.xls
2025-11-15,西区(平和),snowfall,2.0,published; reference periods in source notes,https://www.city.sapporo.jp/kensetsu/yuki/documents/snowfall_r08_0411.xls
2025-11-15,手稲区,snowfall,0.0,published; reference periods in source notes,https://www.city.sapporo.jp/kensetsu/yuki/documents/snowfall_r08_0411.xls
2025-11-16,中央区,snowfall,0.0,published; reference periods in source notes,https://www.city.sapporo.jp/kensetsu/yuki/documents/snowfall_r08_0411.xls
2025-11-16,北区(太平),snowfall,0.0,published; reference periods in source notes,https://www.city.sapporo.jp/kensetsu/yuki/documents/snowfall_r08_0411.xls
2025-11-16,北区(あいの里),snowfall,0.0,published; reference periods in source notes,https://www.city.sapporo.jp/kensetsu/yuki/documents/snowfall_r08_0411.xls
2025-11-16,東区,snowfall,0.0,published; reference periods in source notes,https://www.city.sapporo.jp/kensetsu/yuki/documents/snowfall_r08_0411.xls
2025-11-16,白石区,snowfall,0.0,published; reference periods in source notes,https://www.city.sapporo.jp/kensetsu/yuki/documents/snowfall_r08_0411.xls
2025-11-16,厚別区,snowfall,0.0,published; reference periods in source notes,https://www.city.sapporo.jp/kensetsu/yuki/documents/snowfall_r08_0411.xls
2025-11-16,豊平区,snowfall,0.0,published; reference periods in source notes,https://www.city.sapporo.jp/kensetsu/yuki/documents/snowfall_r08_0411.xls
2025-11-16,清田区,snowfall,0.0,published; reference periods in source notes,https://www.city.sapporo.jp/kensetsu/yuki/documents/snowfall_r08_0411.xls
2025-11-16,南区(南31条西8丁目),snowfall,0.0,published; reference periods in source notes,https://www.city.sapporo.jp/kensetsu/yuki/documents/snowfall_r08_0411.xls
2025-11-16,南区(定山渓),snowfall,0.0,published; reference periods in source notes,https://www.city.sapporo.jp/kensetsu/yuki/documents/snowfall_r08_0411.xls
2025-11-16,西区(西野),snowfall,0.0,published; reference periods in source notes,https://www.city.sapporo.jp/kensetsu/yuki/documents/snowfall_r08_0411.xls
2025-11-16,西区(平和),snowfall,0.0,published; reference periods in source notes,https://www.city.sapporo.jp/kensetsu/yuki/documents/snowfall_r08_0411.xls
2025-11-16,手稲区,snowfall,0.0,published; reference periods in source notes,https://www.city.sapporo.jp/kensetsu/yuki/documents/snowfall_r08_0411.xls
2025-11-17,中央区,snowfall,0.0,published; reference periods in source notes,https://www.city.sapporo.jp/kensetsu/yuki/documents/snowfall_r08_0411.xls
2025-11-17,北区(太平),snowfall,0.0,published; reference periods in source notes,https://www.city.sapporo.jp/kensetsu/yuki/documents/snowfall_r08_0411.xls
2025-11-17,北区(あいの里),snowfall,0.0,published; reference periods in source notes,https://www.city.sapporo.jp/kensetsu/yuki/documents/snowfall_r08_0411.xls
2025-11-17,東区,snowfall,0.0,published; reference periods in source notes,https://www.city.sapporo.jp/kensetsu/yuki/documents/snowfall_r08_0411.xls
2025-11-17,白石区,snowfall,0.0,published; reference periods in source notes,https://www.city.sapporo.jp/kensetsu/yuki/documents/snowfall_r08_0411.xls
2025-11-17,厚別区,snowfall,0.0,published; reference periods in source notes,https://www.city.sapporo.jp/kensetsu/yuki/documents/snowfall_r08_0411.xls
2025-11-17,豊平区,snowfall,0.0,published; reference periods in source notes,https://www.city.sapporo.jp/kensetsu/yuki/documents/snowfall_r08_0411.xls
2025-11-17,清田区,snowfall,0.0,published; reference periods in source notes,https://www.city.sapporo.jp/kensetsu/yuki/documents/snowfall_r08_0411.xls
2025-11-17,南区(南31条西8丁目),snowfall,0.0,published; reference periods in source notes,https://www.city.sapporo.jp/kensetsu/yuki/documents/snowfall_r08_0411.xls
2025-11-17,南区(定山渓),snowfall,0.0,published; reference periods in source notes,https://www.city.sapporo.jp/kensetsu/yuki/documents/snowfall_r08_0411.xls
2025-11-17,西区(西野),snowfall,0.0,published; reference periods in source notes,https://www.city.sapporo.jp/kensetsu/yuki/documents/snowfall_r08_0411.xls
2025-11-17,西区(平和),snowfall,0.0,published; reference periods in source notes,https://www.city.sapporo.jp/kensetsu/yuki/documents/snowfall_r08_0411.xls
2025-11-17,手稲区,snowfall,0.0,published; reference periods in source notes,https://www.city.sapporo.jp/kensetsu/yuki/documents/snowfall_r08_0411.xls
2025-11-18,中央区,snowfall,1.0,published; reference periods in source notes,https://www.city.sapporo.jp/kensetsu/yuki/documents/snowfall_r08_0411.xls
2025-11-18,北区(太平),snowfall,20.0,published; reference periods in source notes,https://www.city.sapporo.jp/kensetsu/yuki/documents/snowfall_r08_0411.xls
2025-11-18,北区(あいの里),snowfall,24.0,published; reference periods in source notes,https://www.city.sapporo.jp/kensetsu/yuki/documents/snowfall_r08_0411.xls
2025-11-18,東区,snowfall,4.0,published; reference periods in source notes,https://www.city.sapporo.jp/kensetsu/yuki/documents/snowfall_r08_0411.xls
2025-11-18,白石区,snowfall,0.0,published; reference periods in source notes,https://www.city.sapporo.jp/kensetsu/yuki/documents/snowfall_r08_0411.xls
2025-11-18,厚別区,snowfall,0.0,published; reference periods in source notes,https://www.city.sapporo.jp/kensetsu/yuki/documents/snowfall_r08_0411.xls
2025-11-18,豊平区,snowfall,2.0,published; reference periods in source notes,https://www.city.sapporo.jp/kensetsu/yuki/documents/snowfall_r08_0411.xls
2025-11-18,清田区,snowfall,0.0,published; reference periods in source notes,https://www.city.sapporo.jp/kensetsu/yuki/documents/snowfall_r08_0411.xls
2025-11-18,南区(南31条西8丁目),snowfall,0.0,published; reference periods in source notes,https://www.city.sapporo.jp/kensetsu/yuki/documents/snowfall_r08_0411.xls
2025-11-18,南区(定山渓),snowfall,17.0,published; reference periods in source notes,https://www.city.sapporo.jp/kensetsu/yuki/documents/snowfall_r08_0411.xls
2025-11-18,西区(西野),snowfall,4.0,published; reference periods in source notes,https://www.city.sapporo.jp/kensetsu/yuki/documents/snowfall_r08_0411.xls
2025-11-18,西区(平和),snowfall,11.0,published; reference periods in source notes,https://www.city.sapporo.jp/kensetsu/yuki/documents/snowfall_r08_0411.xls
2025-11-18,手稲区,snowfall,8.0,published; reference periods in source notes,https://www.city.sapporo.jp/kensetsu/yuki/documents/snowfall_r08_0411.xls
2025-11-19,中央区,snowfall,6.0,published; reference periods in source notes,https://www.city.sapporo.jp/kensetsu/yuki/documents/snowfall_r08_0411.xls
2025-11-19,北区(太平),snowfall,16.0,published; reference periods in source notes,https://www.city.sapporo.jp/kensetsu/yuki/documents/snowfall_r08_0411.xls
2025-11-19,北区(あいの里),snowfall,13.0,published; reference periods in source notes,https://www.city.sapporo.jp/kensetsu/yuki/documents/snowfall_r08_0411.xls
2025-11-19,東区,snowfall,14.0,published; reference periods in source notes,https://www.city.sapporo.jp/kensetsu/yuki/documents/snowfall_r08_0411.xls
2025-11-19,白石区,snowfall,7.0,published; reference periods in source notes,https://www.city.sapporo.jp/kensetsu/yuki/documents/snowfall_r08_0411.xls
2025-11-19,厚別区,snowfall,12.0,published; reference periods in source notes,https://www.city.sapporo.jp/kensetsu/yuki/documents/snowfall_r08_0411.xls
2025-11-19,豊平区,snowfall,5.0,published; reference periods in source notes,https://www.city.sapporo.jp/kensetsu/yuki/documents/snowfall_r08_0411.xls
2025-11-19,清田区,snowfall,5.0,published; reference periods in source notes,https://www.city.sapporo.jp/kensetsu/yuki/documents/snowfall_r08_0411.xls
2025-11-19,南区(南31条西8丁目),snowfall,1.0,published; reference periods in source notes,https://www.city.sapporo.jp/kensetsu/yuki/documents/snowfall_r08_0411.xls
2025-11-19,南区(定山渓),snowfall,2.0,published; reference periods in source notes,https://www.city.sapporo.jp/kensetsu/yuki/documents/snowfall_r08_0411.xls
2025-11-19,西区(西野),snowfall,7.0,published; reference periods in source notes,https://www.city.sapporo.jp/kensetsu/yuki/documents/snowfall_r08_0411.xls
2025-11-19,西区(平和),snowfall,10.0,published; reference periods in source notes,https://www.city.sapporo.jp/kensetsu/yuki/documents/snowfall_r08_0411.xls
2025-11-19,手稲区,snowfall,13.0,published; reference periods in source notes,https://www.city.sapporo.jp/kensetsu/yuki/documents/snowfall_r08_0411.xls
2025-11-20,中央区,snowfall,0.0,published; reference periods in source notes,https://www.city.sapporo.jp/kensetsu/yuki/documents/snowfall_r08_0411.xls
2025-11-20,北区(太平),snowfall,0.0,published; reference periods in source notes,https://www.city.sapporo.jp/kensetsu/yuki/documents/snowfall_r08_0411.xls
2025-11-20,北区(あいの里),snowfall,0.0,published; reference periods in source notes,https://www.city.sapporo.jp/kensetsu/yuki/documents/snowfall_r08_0411.xls
2025-11-20,東区,snowfall,0.0,published; reference periods in source notes,https://www.city.sapporo.jp/kensetsu/yuki/documents/snowfall_r08_0411.xls
2025-11-20,白石区,snowfall,0.0,published; reference periods in source notes,https://www.city.sapporo.jp/kensetsu/yuki/documents/snowfall_r08_0411.xls
2025-11-20,厚別区,snowfall,0.0,published; reference periods in source notes,https://www.city.sapporo.jp/kensetsu/yuki/documents/snowfall_r08_0411.xls
2025-11-20,豊平区,snowfall,0.0,published; reference periods in source notes,https://www.city.sapporo.jp/kensetsu/yuki/documents/snowfall_r08_0411.xls
2025-11-20,清田区,snowfall,0.0,published; reference periods in source notes,https://www.city.sapporo.jp/kensetsu/yuki/documents/snowfall_r08_0411.xls
2025-11-20,南区(南31条西8丁目),snowfall,0.0,published; reference periods in source notes,https://www.city.sapporo.jp/kensetsu/yuki/documents/snowfall_r08_0411.xls
2025-11-20,南区(定山渓),snowfall,0.0,published; reference periods in source notes,https://www.city.sapporo.jp/kensetsu/yuki/documents/snowfall_r08_0411.xls
2025-11-20,西区(西野),snowfall,0.0,published; reference periods in source notes,https://www.city.sapporo.jp/kensetsu/yuki/documents/snowfall_r08_0411.xls
2025-11-20,西区(平和),snowfall,0.0,published; reference periods in source notes,https://www.city.sapporo.jp/kensetsu/yuki/documents/snowfall_r08_0411.xls
2025-11-20,手稲区,snowfall,0.0,published; reference periods in source notes,https://www.city.sapporo.jp/kensetsu/yuki/documents/snowfall_r08_0411.xls
2025-11-21,中央区,snowfall,0.0,published; reference periods in source notes,https://www.city.sapporo.jp/kensetsu/yuki/documents/snowfall_r08_0411.xls
2025-11-21,北区(太平),snowfall,0.0,published; reference periods in source notes,https://www.city.sapporo.jp/kensetsu/yuki/documents/snowfall_r08_0411.xls
2025-11-21,北区(あいの里),snowfall,0.0,published; reference periods in source notes,https://www.city.sapporo.jp/kensetsu/yuki/documents/snowfall_r08_0411.xls
2025-11-21,東区,snowfall,0.0,published; reference periods in source notes,https://www.city.sapporo.jp/kensetsu/yuki/documents/snowfall_r08_0411.xls
2025-11-21,白石区,snowfall,0.0,published; reference periods in source notes,https://www.city.sapporo.jp/kensetsu/yuki/documents/snowfall_r08_0411.xls
2025-11-21,厚別区,snowfall,0.0,published; reference periods in source notes,https://www.city.sapporo.jp/kensetsu/yuki/documents/snowfall_r08_0411.xls
2025-11-21,豊平区,snowfall,0.0,published; reference periods in source notes,https://www.city.sapporo.jp/kensetsu/yuki/documents/snowfall_r08_0411.xls
2025-11-21,清田区,snowfall,0.0,published; reference periods in source notes,https://www.city.sapporo.jp/kensetsu/yuki/documents/snowfall_r08_0411.xls
2025-11-21,南区(南31条西8丁目),snowfall,0.0,published; reference periods in source notes,https://www.city.sapporo.jp/kensetsu/yuki/documents/snowfall_r08_0411.xls
2025-11-21,南区(定山渓),snowfall,0.0,published; reference periods in source notes,https://www.city.sapporo.jp/kensetsu/yuki/documents/snowfall_r08_0411.xls
2025-11-21,西区(西野),snowfall,0.0,published; reference periods in source notes,https://www.city.sapporo.jp/kensetsu/yuki/documents/snowfall_r08_0411.xls
2025-11-21,西区(平和),snowfall,0.0,published; reference periods in source notes,https://www.city.sapporo.jp/kensetsu/yuki/documents/snowfall_r08_0411.xls
2025-11-21,手稲区,snowfall,0.0,published; reference periods in source notes,https://www.city.sapporo.jp/kensetsu/yuki/documents/snowfall_r08_0411.xls
2025-11-22,中央区,snowfall,0.0,published; reference periods in source notes,https://www.city.sapporo.jp/kensetsu/yuki/documents/snowfall_r08_0411.xls
2025-11-22,北区(太平),snowfall,4.0,published; reference periods in source notes,https://www.city.sapporo.jp/kensetsu/yuki/documents/snowfall_r08_0411.xls
2025-11-22,北区(あいの里),snowfall,7.0,published; reference periods in source notes,https://www.city.sapporo.jp/kensetsu/yuki/documents/snowfall_r08_0411.xls
2025-11-22,東区,snowfall,0.0,published; reference periods in source notes,https://www.city.sapporo.jp/kensetsu/yuki/documents/snowfall_r08_0411.xls
2025-11-22,白石区,snowfall,0.0,published; reference periods in source notes,https://www.city.sapporo.jp/kensetsu/yuki/documents/snowfall_r08_0411.xls
2025-11-22,厚別区,snowfall,0.0,published; reference periods in source notes,https://www.city.sapporo.jp/kensetsu/yuki/documents/snowfall_r08_0411.xls
2025-11-22,豊平区,snowfall,0.0,published; reference periods in source notes,https://www.city.sapporo.jp/kensetsu/yuki/documents/snowfall_r08_0411.xls
2025-11-22,清田区,snowfall,0.0,published; reference periods in source notes,https://www.city.sapporo.jp/kensetsu/yuki/documents/snowfall_r08_0411.xls
2025-11-22,南区(南31条西8丁目),snowfall,0.0,published; reference periods in source notes,https://www.city.sapporo.jp/kensetsu/yuki/documents/snowfall_r08_0411.xls
2025-11-22,南区(定山渓),snowfall,7.0,published; reference periods in source notes,https://www.city.sapporo.jp/kensetsu/yuki/documents/snowfall_r08_0411.xls
2025-11-22,西区(西野),snowfall,1.0,published; reference periods in source notes,https://www.city.sapporo.jp/kensetsu/yuki/documents/snowfall_r08_0411.xls
2025-11-22,西区(平和),snowfall,6.0,published; reference periods in source notes,https://www.city.sapporo.jp/kensetsu/yuki/documents/snowfall_r08_0411.xls
2025-11-22,手稲区,snowfall,1.0,published; reference periods in source notes,https://www.city.sapporo.jp/kensetsu/yuki/documents/snowfall_r08_0411.xls
2025-11-23,中央区,snowfall,0.0,published; reference periods in source notes,https://www.city.sapporo.jp/kensetsu/yuki/documents/snowfall_r08_0411.xls
2025-11-23,北区(太平),snowfall,0.0,published; reference periods in source notes,https://www.city.sapporo.jp/kensetsu/yuki/documents/snowfall_r08_0411.xls
2025-11-23,北区(あいの里),snowfall,0.0,published; reference periods in source notes,https://www.city.sapporo.jp/kensetsu/yuki/documents/snowfall_r08_0411.xls
2025-11-23,東区,snowfall,0.0,published; reference periods in source notes,https://www.city.sapporo.jp/kensetsu/yuki/documents/snowfall_r08_0411.xls
2025-11-23,白石区,snowfall,0.0,published; reference periods in source notes,https://www.city.sapporo.jp/kensetsu/yuki/documents/snowfall_r08_0411.xls
2025-11-23,厚別区,snowfall,0.0,published; reference periods in source notes,https://www.city.sapporo.jp/kensetsu/yuki/documents/snowfall_r08_0411.xls
2025-11-23,豊平区,snowfall,0.0,published; reference periods in source notes,https://www.city.sapporo.jp/kensetsu/yuki/documents/snowfall_r08_0411.xls
2025-11-23,清田区,snowfall,0.0,published; reference periods in source notes,https://www.city.sapporo.jp/kensetsu/yuki/documents/snowfall_r08_0411.xls
2025-11-23,南区(南31条西8丁目),snowfall,0.0,published; reference periods in source notes,https://www.city.sapporo.jp/kensetsu/yuki/documents/snowfall_r08_0411.xls
2025-11-23,南区(定山渓),snowfall,0.0,published; reference periods in source notes,https://www.city.sapporo.jp/kensetsu/yuki/documents/snowfall_r08_0411.xls
2025-11-23,西区(西野),snowfall,0.0,published; reference periods in source notes,https://www.city.sapporo.jp/kensetsu/yuki/documents/snowfall_r08_0411.xls
2025-11-23,西区(平和),snowfall,0.0,published; reference periods in source notes,https://www.city.sapporo.jp/kensetsu/yuki/documents/snowfall_r08_0411.xls
2025-11-23,手稲区,snowfall,0.0,published; reference periods in source notes,https://www.city.sapporo.jp/kensetsu/yuki/documents/snowfall_r08_0411.xls
2025-11-24,中央区,snowfall,0.0,published; reference periods in source notes,https://www.city.sapporo.jp/kensetsu/yuki/documents/snowfall_r08_0411.xls
2025-11-24,北区(太平),snowfall,0.0,published; reference periods in source notes,https://www.city.sapporo.jp/kensetsu/yuki/documents/snowfall_r08_0411.xls
2025-11-24,北区(あいの里),snowfall,0.0,published; reference periods in source notes,https://www.city.sapporo.jp/kensetsu/yuki/documents/snowfall_r08_0411.xls
2025-11-24,東区,snowfall,0.0,published; reference periods in source notes,https://www.city.sapporo.jp/kensetsu/yuki/documents/snowfall_r08_0411.xls
2025-11-24,白石区,snowfall,0.0,published; reference periods in source notes,https://www.city.sapporo.jp/kensetsu/yuki/documents/snowfall_r08_0411.xls
2025-11-24,厚別区,snowfall,0.0,published; reference periods in source notes,https://www.city.sapporo.jp/kensetsu/yuki/documents/snowfall_r08_0411.xls
2025-11-24,豊平区,snowfall,0.0,published; reference periods in source notes,https://www.city.sapporo.jp/kensetsu/yuki/documents/snowfall_r08_0411.xls
2025-11-24,清田区,snowfall,0.0,published; reference periods in source notes,https://www.city.sapporo.jp/kensetsu/yuki/documents/snowfall_r08_0411.xls
2025-11-24,南区(南31条西8丁目),snowfall,0.0,published; reference periods in source notes,https://www.city.sapporo.jp/kensetsu/yuki/documents/snowfall_r08_0411.xls
2025-11-24,南区(定山渓),snowfall,0.0,published; reference periods in source notes,https://www.city.sapporo.jp/kensetsu/yuki/documents/snowfall_r08_0411.xls
2025-11-24,西区(西野),snowfall,0.0,published; reference periods in source notes,https://www.city.sapporo.jp/kensetsu/yuki/documents/snowfall_r08_0411.xls
2025-11-24,西区(平和),snowfall,0.0,published; reference periods in source notes,https://www.city.sapporo.jp/kensetsu/yuki/documents/snowfall_r08_0411.xls
2025-11-24,手稲区,snowfall,0.0,published; reference periods in source notes,https://www.city.sapporo.jp/kensetsu/yuki/documents/snowfall_r08_0411.xls
2025-11-25,中央区,snowfall,0.0,published; reference periods in source notes,https://www.city.sapporo.jp/kensetsu/yuki/documents/snowfall_r08_0411.xls
2025-11-25,北区(太平),snowfall,0.0,published; reference periods in source notes,https://www.city.sapporo.jp/kensetsu/yuki/documents/snowfall_r08_0411.xls
2025-11-25,北区(あいの里),snowfall,0.0,published; reference periods in source notes,https://www.city.sapporo.jp/kensetsu/yuki/documents/snowfall_r08_0411.xls
2025-11-25,東区,snowfall,0.0,published; reference periods in source notes,https://www.city.sapporo.jp/kensetsu/yuki/documents/snowfall_r08_0411.xls
2025-11-25,白石区,snowfall,0.0,published; reference periods in source notes,https://www.city.sapporo.jp/kensetsu/yuki/documents/snowfall_r08_0411.xls
2025-11-25,厚別区,snowfall,0.0,published; reference periods in source notes,https://www.city.sapporo.jp/kensetsu/yuki/documents/snowfall_r08_0411.xls
2025-11-25,豊平区,snowfall,0.0,published; reference periods in source notes,https://www.city.sapporo.jp/kensetsu/yuki/documents/snowfall_r08_0411.xls
2025-11-25,清田区,snowfall,0.0,published; reference periods in source notes,https://www.city.sapporo.jp/kensetsu/yuki/documents/snowfall_r08_0411.xls
2025-11-25,南区(南31条西8丁目),snowfall,0.0,published; reference periods in source notes,https://www.city.sapporo.jp/kensetsu/yuki/documents/snowfall_r08_0411.xls
2025-11-25,南区(定山渓),snowfall,0.0,published; reference periods in source notes,https://www.city.sapporo.jp/kensetsu/yuki/documents/snowfall_r08_0411.xls
2025-11-25,西区(西野),snowfall,0.0,published; reference periods in source notes,https://www.city.sapporo.jp/kensetsu/yuki/documents/snowfall_r08_0411.xls
2025-11-25,西区(平和),snowfall,0.0,published; reference periods in source notes,https://www.city.sapporo.jp/kensetsu/yuki/documents/snowfall_r08_0411.xls
2025-11-25,手稲区,snowfall,0.0,published; reference periods in source notes,https://www.city.sapporo.jp/kensetsu/yuki/documents/snowfall_r08_0411.xls
2025-11-26,中央区,snowfall,0.0,published; reference periods in source notes,https://www.city.sapporo.jp/kensetsu/yuki/documents/snowfall_r08_0411.xls
2025-11-26,北区(太平),snowfall,0.0,published; reference periods in source notes,https://www.city.sapporo.jp/kensetsu/yuki/documents/snowfall_r08_0411.xls
2025-11-26,北区(あいの里),snowfall,0.0,published; reference periods in source notes,https://www.city.sapporo.jp/kensetsu/yuki/documents/snowfall_r08_0411.xls
2025-11-26,東区,snowfall,0.0,published; reference periods in source notes,https://www.city.sapporo.jp/kensetsu/yuki/documents/snowfall_r08_0411.xls
2025-11-26,白石区,snowfall,0.0,published; reference periods in source notes,https://www.city.sapporo.jp/kensetsu/yuki/documents/snowfall_r08_0411.xls
2025-11-26,厚別区,snowfall,0.0,published; reference periods in source notes,https://www.city.sapporo.jp/kensetsu/yuki/documents/snowfall_r08_0411.xls
2025-11-26,豊平区,snowfall,0.0,published; reference periods in source notes,https://www.city.sapporo.jp/kensetsu/yuki/documents/snowfall_r08_0411.xls
2025-11-26,清田区,snowfall,0.0,published; reference periods in source notes,https://www.city.sapporo.jp/kensetsu/yuki/documents/snowfall_r08_0411.xls
2025-11-26,南区(南31条西8丁目),snowfall,0.0,published; reference periods in source notes,https://www.city.sapporo.jp/kensetsu/yuki/documents/snowfall_r08_0411.xls
2025-11-26,南区(定山渓),snowfall,0.0,published; reference periods in source notes,https://www.city.sapporo.jp/kensetsu/yuki/documents/snowfall_r08_0411.xls
2025-11-26,西区(西野),snowfall,0.0,published; reference periods in source notes,https://www.city.sapporo.jp/kensetsu/yuki/documents/snowfall_r08_0411.xls
2025-11-26,西区(平和),snowfall,0.0,published; reference periods in source notes,https://www.city.sapporo.jp/kensetsu/yuki/documents/snowfall_r08_0411.xls
2025-11-26,手稲区,snowfall,0.0,published; reference periods in source notes,https://www.city.sapporo.jp/kensetsu/yuki/documents/snowfall_r08_0411.xls
2025-11-27,中央区,snowfall,0.0,published; reference periods in source notes,https://www.city.sapporo.jp/kensetsu/yuki/documents/snowfall_r08_0411.xls
2025-11-27,北区(太平),snowfall,0.0,published; reference periods in source notes,https://www.city.sapporo.jp/kensetsu/yuki/documents/snowfall_r08_0411.xls
2025-11-27,北区(あいの里),snowfall,0.0,published; reference periods in source notes,https://www.city.sapporo.jp/kensetsu/yuki/documents/snowfall_r08_0411.xls
2025-11-27,東区,snowfall,0.0,published; reference periods in source notes,https://www.city.sapporo.jp/kensetsu/yuki/documents/snowfall_r08_0411.xls
2025-11-27,白石区,snowfall,0.0,published; reference periods in source notes,https://www.city.sapporo.jp/kensetsu/yuki/documents/snowfall_r08_0411.xls
2025-11-27,厚別区,snowfall,0.0,published; reference periods in source notes,https://www.city.sapporo.jp/kensetsu/yuki/documents/snowfall_r08_0411.xls
2025-11-27,豊平区,snowfall,0.0,published; reference periods in source notes,https://www.city.sapporo.jp/kensetsu/yuki/documents/snowfall_r08_0411.xls
2025-11-27,清田区,snowfall,0.0,published; reference periods in source notes,https://www.city.sapporo.jp/kensetsu/yuki/documents/snowfall_r08_0411.xls
2025-11-27,南区(南31条西8丁目),snowfall,0.0,published; reference periods in source notes,https://www.city.sapporo.jp/kensetsu/yuki/documents/snowfall_r08_0411.xls
2025-11-27,南区(定山渓),snowfall,0.0,published; reference periods in source notes,https://www.city.sapporo.jp/kensetsu/yuki/documents/snowfall_r08_0411.xls
2025-11-27,西区(西野),snowfall,0.0,published; reference periods in source notes,https://www.city.sapporo.jp/kensetsu/yuki/documents/snowfall_r08_0411.xls
2025-11-27,西区(平和),snowfall,0.0,published; reference periods in source notes,https://www.city.sapporo.jp/kensetsu/yuki/documents/snowfall_r08_0411.xls
2025-11-27,手稲区,snowfall,0.0,published; reference periods in source notes,https://www.city.sapporo.jp/kensetsu/yuki/documents/snowfall_r08_0411.xls
2025-11-28,中央区,snowfall,0.0,published; reference periods in source notes,https://www.city.sapporo.jp/kensetsu/yuki/documents/snowfall_r08_0411.xls
2025-11-28,北区(太平),snowfall,0.0,published; reference periods in source notes,https://www.city.sapporo.jp/kensetsu/yuki/documents/snowfall_r08_0411.xls
2025-11-28,北区(あいの里),snowfall,0.0,published; reference periods in source notes,https://www.city.sapporo.jp/kensetsu/yuki/documents/snowfall_r08_0411.xls
2025-11-28,東区,snowfall,0.0,published; reference periods in source notes,https://www.city.sapporo.jp/kensetsu/yuki/documents/snowfall_r08_0411.xls
2025-11-28,白石区,snowfall,0.0,published; reference periods in source notes,https://www.city.sapporo.jp/kensetsu/yuki/documents/snowfall_r08_0411.xls
2025-11-28,厚別区,snowfall,0.0,published; reference periods in source notes,https://www.city.sapporo.jp/kensetsu/yuki/documents/snowfall_r08_0411.xls
2025-11-28,豊平区,snowfall,0.0,published; reference periods in source notes,https://www.city.sapporo.jp/kensetsu/yuki/documents/snowfall_r08_0411.xls
2025-11-28,清田区,snowfall,0.0,published; reference periods in source notes,https://www.city.sapporo.jp/kensetsu/yuki/documents/snowfall_r08_0411.xls
2025-11-28,南区(南31条西8丁目),snowfall,0.0,published; reference periods in source notes,https://www.city.sapporo.jp/kensetsu/yuki/documents/snowfall_r08_0411.xls
2025-11-28,南区(定山渓),snowfall,0.0,published; reference periods in source notes,https://www.city.sapporo.jp/kensetsu/yuki/documents/snowfall_r08_0411.xls
2025-11-28,西区(西野),snowfall,0.0,published; reference periods in source notes,https://www.city.sapporo.jp/kensetsu/yuki/documents/snowfall_r08_0411.xls
2025-11-28,西区(平和),snowfall,0.0,published; reference periods in source notes,https://www.city.sapporo.jp/kensetsu/yuki/documents/snowfall_r08_0411.xls
2025-11-28,手稲区,snowfall,0.0,published; reference periods in source notes,https://www.city.sapporo.jp/kensetsu/yuki/documents/snowfall_r08_0411.xls
2025-11-29,中央区,snowfall,0.0,published; reference periods in source notes,https://www.city.sapporo.jp/kensetsu/yuki/documents/snowfall_r08_0411.xls
2025-11-29,北区(太平),snowfall,0.0,published; reference periods in source notes,https://www.city.sapporo.jp/kensetsu/yuki/documents/snowfall_r08_0411.xls
2025-11-29,北区(あいの里),snowfall,0.0,published; reference periods in source notes,https://www.city.sapporo.jp/kensetsu/yuki/documents/snowfall_r08_0411.xls
2025-11-29,東区,snowfall,0.0,published; reference periods in source notes,https://www.city.sapporo.jp/kensetsu/yuki/documents/snowfall_r08_0411.xls
2025-11-29,白石区,snowfall,0.0,published; reference periods in source notes,https://www.city.sapporo.jp/kensetsu/yuki/documents/snowfall_r08_0411.xls
2025-11-29,厚別区,snowfall,0.0,published; reference periods in source notes,https://www.city.sapporo.jp/kensetsu/yuki/documents/snowfall_r08_0411.xls
2025-11-29,豊平区,snowfall,0.0,published; reference periods in source notes,https://www.city.sapporo.jp/kensetsu/yuki/documents/snowfall_r08_0411.xls
2025-11-29,清田区,snowfall,0.0,published; reference periods in source notes,https://www.city.sapporo.jp/kensetsu/yuki/documents/snowfall_r08_0411.xls
2025-11-29,南区(南31条西8丁目),snowfall,0.0,published; reference periods in source notes,https://www.city.sapporo.jp/kensetsu/yuki/documents/snowfall_r08_0411.xls
2025-11-29,南区(定山渓),snowfall,3.0,published; reference periods in source notes,https://www.city.sapporo.jp/kensetsu/yuki/documents/snowfall_r08_0411.xls
2025-11-29,西区(西野),snowfall,0.0,published; reference periods in source notes,https://www.city.sapporo.jp/kensetsu/yuki/documents/snowfall_r08_0411.xls
2025-11-29,西区(平和),snowfall,0.0,published; reference periods in source notes,https://www.city.sapporo.jp/kensetsu/yuki/documents/snowfall_r08_0411.xls
2025-11-29,手稲区,snowfall,0.0,published; reference periods in source notes,https://www.city.sapporo.jp/kensetsu/yuki/documents/snowfall_r08_0411.xls
2025-11-30,中央区,snowfall,0.0,published; reference periods in source notes,https://www.city.sapporo.jp/kensetsu/yuki/documents/snowfall_r08_0411.xls
2025-11-30,北区(太平),snowfall,0.0,published; reference periods in source notes,https://www.city.sapporo.jp/kensetsu/yuki/documents/snowfall_r08_0411.xls
2025-11-30,北区(あいの里),snowfall,0.0,published; reference periods in source notes,https://www.city.sapporo.jp/kensetsu/yuki/documents/snowfall_r08_0411.xls
2025-11-30,東区,snowfall,0.0,published; reference periods in source notes,https://www.city.sapporo.jp/kensetsu/yuki/documents/snowfall_r08_0411.xls
2025-11-30,白石区,snowfall,0.0,published; reference periods in source notes,https://www.city.sapporo.jp/kensetsu/yuki/documents/snowfall_r08_0411.xls
2025-11-30,厚別区,snowfall,0.0,published; reference periods in source notes,https://www.city.sapporo.jp/kensetsu/yuki/documents/snowfall_r08_0411.xls
2025-11-30,豊平区,snowfall,0.0,published; reference periods in source notes,https://www.city.sapporo.jp/kensetsu/yuki/documents/snowfall_r08_0411.xls
2025-11-30,清田区,snowfall,0.0,published; reference periods in source notes,https://www.city.sapporo.jp/kensetsu/yuki/documents/snowfall_r08_0411.xls
2025-11-30,南区(南31条西8丁目),snowfall,0.0,published; reference periods in source notes,https://www.city.sapporo.jp/kensetsu/yuki/documents/snowfall_r08_0411.xls
2025-11-30,南区(定山渓),snowfall,0.0,published; reference periods in source notes,https://www.city.sapporo.jp/kensetsu/yuki/documents/snowfall_r08_0411.xls
2025-11-30,西区(西野),snowfall,0.0,published; reference periods in source notes,https://www.city.sapporo.jp/kensetsu/yuki/documents/snowfall_r08_0411.xls
2025-11-30,西区(平和),snowfall,0.0,published; reference periods in source notes,https://www.city.sapporo.jp/kensetsu/yuki/documents/snowfall_r08_0411.xls
2025-11-30,手稲区,snowfall,0.0,published; reference periods in source notes,https://www.city.sapporo.jp/kensetsu/yuki/documents/snowfall_r08_0411.xls
2025-12-01,中央区,snowfall,0.0,published; reference periods in source notes,https://www.city.sapporo.jp/kensetsu/yuki/documents/snowfall_r08_0411.xls
2025-12-01,北区(太平),snowfall,0.0,published; reference periods in source notes,https://www.city.sapporo.jp/kensetsu/yuki/documents/snowfall_r08_0411.xls
2025-12-01,北区(あいの里),snowfall,0.0,published; reference periods in source notes,https://www.city.sapporo.jp/kensetsu/yuki/documents/snowfall_r08_0411.xls
2025-12-01,東区,snowfall,0.0,published; reference periods in source notes,https://www.city.sapporo.jp/kensetsu/yuki/documents/snowfall_r08_0411.xls
2025-12-01,白石区,snowfall,0.0,published; reference periods in source notes,https://www.city.sapporo.jp/kensetsu/yuki/documents/snowfall_r08_0411.xls
2025-12-01,厚別区,snowfall,0.0,published; reference periods in source notes,https://www.city.sapporo.jp/kensetsu/yuki/documents/snowfall_r08_0411.xls
2025-12-01,豊平区,snowfall,0.0,published; reference periods in source notes,https://www.city.sapporo.jp/kensetsu/yuki/documents/snowfall_r08_0411.xls
2025-12-01,清田区,snowfall,0.0,published; reference periods in source notes,https://www.city.sapporo.jp/kensetsu/yuki/documents/snowfall_r08_0411.xls
2025-12-01,南区(南31条西8丁目),snowfall,0.0,published; reference periods in source notes,https://www.city.sapporo.jp/kensetsu/yuki/documents/snowfall_r08_0411.xls
2025-12-01,南区(定山渓),snowfall,0.0,published; reference periods in source notes,https://www.city.sapporo.jp/kensetsu/yuki/documents/snowfall_r08_0411.xls
2025-12-01,西区(西野),snowfall,0.0,published; reference periods in source notes,https://www.city.sapporo.jp/kensetsu/yuki/documents/snowfall_r08_0411.xls
2025-12-01,西区(平和),snowfall,0.0,published; reference periods in source notes,https://www.city.sapporo.jp/kensetsu/yuki/documents/snowfall_r08_0411.xls
2025-12-01,手稲区,snowfall,0.0,published; reference periods in source notes,https://www.city.sapporo.jp/kensetsu/yuki/documents/snowfall_r08_0411.xls
2025-12-02,中央区,snowfall,0.0,published; reference periods in source notes,https://www.city.sapporo.jp/kensetsu/yuki/documents/snowfall_r08_0411.xls
2025-12-02,北区(太平),snowfall,0.0,published; reference periods in source notes,https://www.city.sapporo.jp/kensetsu/yuki/documents/snowfall_r08_0411.xls
2025-12-02,北区(あいの里),snowfall,0.0,published; reference periods in source notes,https://www.city.sapporo.jp/kensetsu/yuki/documents/snowfall_r08_0411.xls
2025-12-02,東区,snowfall,0.0,published; reference periods in source notes,https://www.city.sapporo.jp/kensetsu/yuki/documents/snowfall_r08_0411.xls
2025-12-02,白石区,snowfall,0.0,published; reference periods in source notes,https://www.city.sapporo.jp/kensetsu/yuki/documents/snowfall_r08_0411.xls
2025-12-02,厚別区,snowfall,0.0,published; reference periods in source notes,https://www.city.sapporo.jp/kensetsu/yuki/documents/snowfall_r08_0411.xls
2025-12-02,豊平区,snowfall,0.0,published; reference periods in source notes,https://www.city.sapporo.jp/kensetsu/yuki/documents/snowfall_r08_0411.xls
2025-12-02,清田区,snowfall,0.0,published; reference periods in source notes,https://www.city.sapporo.jp/kensetsu/yuki/documents/snowfall_r08_0411.xls
2025-12-02,南区(南31条西8丁目),snowfall,0.0,published; reference periods in source notes,https://www.city.sapporo.jp/kensetsu/yuki/documents/snowfall_r08_0411.xls
2025-12-02,南区(定山渓),snowfall,0.0,published; reference periods in source notes,https://www.city.sapporo.jp/kensetsu/yuki/documents/snowfall_r08_0411.xls
2025-12-02,西区(西野),snowfall,0.0,published; reference periods in source notes,https://www.city.sapporo.jp/kensetsu/yuki/documents/snowfall_r08_0411.xls
2025-12-02,西区(平和),snowfall,0.0,published; reference periods in source notes,https://www.city.sapporo.jp/kensetsu/yuki/documents/snowfall_r08_0411.xls
2025-12-02,手稲区,snowfall,0.0,published; reference periods in source notes,https://www.city.sapporo.jp/kensetsu/yuki/documents/snowfall_r08_0411.xls
2025-12-03,中央区,snowfall,0.0,published; reference periods in source notes,https://www.city.sapporo.jp/kensetsu/yuki/documents/snowfall_r08_0411.xls
2025-12-03,北区(太平),snowfall,0.0,published; reference periods in source notes,https://www.city.sapporo.jp/kensetsu/yuki/documents/snowfall_r08_0411.xls
2025-12-03,北区(あいの里),snowfall,0.0,published; reference periods in source notes,https://www.city.sapporo.jp/kensetsu/yuki/documents/snowfall_r08_0411.xls
2025-12-03,東区,snowfall,0.0,published; reference periods in source notes,https://www.city.sapporo.jp/kensetsu/yuki/documents/snowfall_r08_0411.xls
2025-12-03,白石区,snowfall,0.0,published; reference periods in source notes,https://www.city.sapporo.jp/kensetsu/yuki/documents/snowfall_r08_0411.xls
2025-12-03,厚別区,snowfall,0.0,published; reference periods in source notes,https://www.city.sapporo.jp/kensetsu/yuki/documents/snowfall_r08_0411.xls
2025-12-03,豊平区,snowfall,0.0,published; reference periods in source notes,https://www.city.sapporo.jp/kensetsu/yuki/documents/snowfall_r08_0411.xls
2025-12-03,清田区,snowfall,0.0,published; reference periods in source notes,https://www.city.sapporo.jp/kensetsu/yuki/documents/snowfall_r08_0411.xls
2025-12-03,南区(南31条西8丁目),snowfall,0.0,published; reference periods in source notes,https://www.city.sapporo.jp/kensetsu/yuki/documents/snowfall_r08_0411.xls
2025-12-03,南区(定山渓),snowfall,0.0,published; reference periods in source notes,https://www.city.sapporo.jp/kensetsu/yuki/documents/snowfall_r08_0411.xls
2025-12-03,西区(西野),snowfall,0.0,published; reference periods in source notes,https://www.city.sapporo.jp/kensetsu/yuki/documents/snowfall_r08_0411.xls
2025-12-03,西区(平和),snowfall,0.0,published; reference periods in source notes,https://www.city.sapporo.jp/kensetsu/yuki/documents/snowfall_r08_0411.xls
2025-12-03,手稲区,snowfall,1.0,published; reference periods in source notes,https://www.city.sapporo.jp/kensetsu/yuki/documents/snowfall_r08_0411.xls
2025-12-04,中央区,snowfall,9.0,published; reference periods in source notes,https://www.city.sapporo.jp/kensetsu/yuki/documents/snowfall_r08_0411.xls
2025-12-04,北区(太平),snowfall,15.0,published; reference periods in source notes,https://www.city.sapporo.jp/kensetsu/yuki/documents/snowfall_r08_0411.xls
2025-12-04,北区(あいの里),snowfall,17.0,published; reference periods in source notes,https://www.city.sapporo.jp/kensetsu/yuki/documents/snowfall_r08_0411.xls
2025-12-04,東区,snowfall,14.0,published; reference periods in source notes,https://www.city.sapporo.jp/kensetsu/yuki/documents/snowfall_r08_0411.xls
2025-12-04,白石区,snowfall,10.0,published; reference periods in source notes,https://www.city.sapporo.jp/kensetsu/yuki/documents/snowfall_r08_0411.xls
2025-12-04,厚別区,snowfall,13.0,published; reference periods in source notes,https://www.city.sapporo.jp/kensetsu/yuki/documents/snowfall_r08_0411.xls
2025-12-04,豊平区,snowfall,7.0,published; reference periods in source notes,https://www.city.sapporo.jp/kensetsu/yuki/documents/snowfall_r08_0411.xls
2025-12-04,清田区,snowfall,11.0,published; reference periods in source notes,https://www.city.sapporo.jp/kensetsu/yuki/documents/snowfall_r08_0411.xls
2025-12-04,南区(南31条西8丁目),snowfall,6.0,published; reference periods in source notes,https://www.city.sapporo.jp/kensetsu/yuki/documents/snowfall_r08_0411.xls
2025-12-04,南区(定山渓),snowfall,5.0,published; reference periods in source notes,https://www.city.sapporo.jp/kensetsu/yuki/documents/snowfall_r08_0411.xls
2025-12-04,西区(西野),snowfall,4.0,published; reference periods in source notes,https://www.city.sapporo.jp/kensetsu/yuki/documents/snowfall_r08_0411.xls
2025-12-04,西区(平和),snowfall,3.0,published; reference periods in source notes,https://www.city.sapporo.jp/kensetsu/yuki/documents/snowfall_r08_0411.xls
2025-12-04,手稲区,snowfall,7.0,published; reference periods in source notes,https://www.city.sapporo.jp/kensetsu/yuki/documents/snowfall_r08_0411.xls
2025-12-05,中央区,snowfall,0.0,published; reference periods in source notes,https://www.city.sapporo.jp/kensetsu/yuki/documents/snowfall_r08_0411.xls
2025-12-05,北区(太平),snowfall,0.0,published; reference periods in source notes,https://www.city.sapporo.jp/kensetsu/yuki/documents/snowfall_r08_0411.xls
2025-12-05,北区(あいの里),snowfall,0.0,published; reference periods in source notes,https://www.city.sapporo.jp/kensetsu/yuki/documents/snowfall_r08_0411.xls
2025-12-05,東区,snowfall,0.0,published; reference periods in source notes,https://www.city.sapporo.jp/kensetsu/yuki/documents/snowfall_r08_0411.xls
2025-12-05,白石区,snowfall,0.0,published; reference periods in source notes,https://www.city.sapporo.jp/kensetsu/yuki/documents/snowfall_r08_0411.xls
2025-12-05,厚別区,snowfall,0.0,published; reference periods in source notes,https://www.city.sapporo.jp/kensetsu/yuki/documents/snowfall_r08_0411.xls
2025-12-05,豊平区,snowfall,1.0,published; reference periods in source notes,https://www.city.sapporo.jp/kensetsu/yuki/documents/snowfall_r08_0411.xls
2025-12-05,清田区,snowfall,0.0,published; reference periods in source notes,https://www.city.sapporo.jp/kensetsu/yuki/documents/snowfall_r08_0411.xls
2025-12-05,南区(南31条西8丁目),snowfall,3.0,published; reference periods in source notes,https://www.city.sapporo.jp/kensetsu/yuki/documents/snowfall_r08_0411.xls
2025-12-05,南区(定山渓),snowfall,16.0,published; reference periods in source notes,https://www.city.sapporo.jp/kensetsu/yuki/documents/snowfall_r08_0411.xls
2025-12-05,西区(西野),snowfall,1.0,published; reference periods in source notes,https://www.city.sapporo.jp/kensetsu/yuki/documents/snowfall_r08_0411.xls
2025-12-05,西区(平和),snowfall,6.0,published; reference periods in source notes,https://www.city.sapporo.jp/kensetsu/yuki/documents/snowfall_r08_0411.xls
2025-12-05,手稲区,snowfall,1.0,published; reference periods in source notes,https://www.city.sapporo.jp/kensetsu/yuki/documents/snowfall_r08_0411.xls
2025-12-06,中央区,snowfall,2.0,published; reference periods in source notes,https://www.city.sapporo.jp/kensetsu/yuki/documents/snowfall_r08_0411.xls
2025-12-06,北区(太平),snowfall,0.0,published; reference periods in source notes,https://www.city.sapporo.jp/kensetsu/yuki/documents/snowfall_r08_0411.xls
2025-12-06,北区(あいの里),snowfall,0.0,published; reference periods in source notes,https://www.city.sapporo.jp/kensetsu/yuki/documents/snowfall_r08_0411.xls
2025-12-06,東区,snowfall,2.0,published; reference periods in source notes,https://www.city.sapporo.jp/kensetsu/yuki/documents/snowfall_r08_0411.xls
2025-12-06,白石区,snowfall,1.0,published; reference periods in source notes,https://www.city.sapporo.jp/kensetsu/yuki/documents/snowfall_r08_0411.xls
2025-12-06,厚別区,snowfall,1.0,published; reference periods in source notes,https://www.city.sapporo.jp/kensetsu/yuki/documents/snowfall_r08_0411.xls
2025-12-06,豊平区,snowfall,2.0,published; reference periods in source notes,https://www.city.sapporo.jp/kensetsu/yuki/documents/snowfall_r08_0411.xls
2025-12-06,清田区,snowfall,2.0,published; reference periods in source notes,https://www.city.sapporo.jp/kensetsu/yuki/documents/snowfall_r08_0411.xls
2025-12-06,南区(南31条西8丁目),snowfall,3.0,published; reference periods in source notes,https://www.city.sapporo.jp/kensetsu/yuki/documents/snowfall_r08_0411.xls
2025-12-06,南区(定山渓),snowfall,4.0,published; reference periods in source notes,https://www.city.sapporo.jp/kensetsu/yuki/documents/snowfall_r08_0411.xls
2025-12-06,西区(西野),snowfall,2.0,published; reference periods in source notes,https://www.city.sapporo.jp/kensetsu/yuki/documents/snowfall_r08_0411.xls
2025-12-06,西区(平和),snowfall,3.0,published; reference periods in source notes,https://www.city.sapporo.jp/kensetsu/yuki/documents/snowfall_r08_0411.xls
2025-12-06,手稲区,snowfall,1.0,published; reference periods in source notes,https://www.city.sapporo.jp/kensetsu/yuki/documents/snowfall_r08_0411.xls
2025-12-07,中央区,snowfall,0.0,published; reference periods in source notes,https://www.city.sapporo.jp/kensetsu/yuki/documents/snowfall_r08_0411.xls
2025-12-07,北区(太平),snowfall,0.0,published; reference periods in source notes,https://www.city.sapporo.jp/kensetsu/yuki/documents/snowfall_r08_0411.xls
2025-12-07,北区(あいの里),snowfall,0.0,published; reference periods in source notes,https://www.city.sapporo.jp/kensetsu/yuki/documents/snowfall_r08_0411.xls
2025-12-07,東区,snowfall,0.0,published; reference periods in source notes,https://www.city.sapporo.jp/kensetsu/yuki/documents/snowfall_r08_0411.xls
2025-12-07,白石区,snowfall,0.0,published; reference periods in source notes,https://www.city.sapporo.jp/kensetsu/yuki/documents/snowfall_r08_0411.xls
2025-12-07,厚別区,snowfall,0.0,published; reference periods in source notes,https://www.city.sapporo.jp/kensetsu/yuki/documents/snowfall_r08_0411.xls
2025-12-07,豊平区,snowfall,0.0,published; reference periods in source notes,https://www.city.sapporo.jp/kensetsu/yuki/documents/snowfall_r08_0411.xls
2025-12-07,清田区,snowfall,0.0,published; reference periods in source notes,https://www.city.sapporo.jp/kensetsu/yuki/documents/snowfall_r08_0411.xls
2025-12-07,南区(南31条西8丁目),snowfall,0.0,published; reference periods in source notes,https://www.city.sapporo.jp/kensetsu/yuki/documents/snowfall_r08_0411.xls
2025-12-07,南区(定山渓),snowfall,0.0,published; reference periods in source notes,https://www.city.sapporo.jp/kensetsu/yuki/documents/snowfall_r08_0411.xls
2025-12-07,西区(西野),snowfall,1.0,published; reference periods in source notes,https://www.city.sapporo.jp/kensetsu/yuki/documents/snowfall_r08_0411.xls
2025-12-07,西区(平和),snowfall,0.0,published; reference periods in source notes,https://www.city.sapporo.jp/kensetsu/yuki/documents/snowfall_r08_0411.xls
2025-12-07,手稲区,snowfall,0.0,published; reference periods in source notes,https://www.city.sapporo.jp/kensetsu/yuki/documents/snowfall_r08_0411.xls
2025-12-08,中央区,snowfall,0.0,published; reference periods in source notes,https://www.city.sapporo.jp/kensetsu/yuki/documents/snowfall_r08_0411.xls
2025-12-08,北区(太平),snowfall,0.0,published; reference periods in source notes,https://www.city.sapporo.jp/kensetsu/yuki/documents/snowfall_r08_0411.xls
2025-12-08,北区(あいの里),snowfall,0.0,published; reference periods in source notes,https://www.city.sapporo.jp/kensetsu/yuki/documents/snowfall_r08_0411.xls
2025-12-08,東区,snowfall,0.0,published; reference periods in source notes,https://www.city.sapporo.jp/kensetsu/yuki/documents/snowfall_r08_0411.xls
2025-12-08,白石区,snowfall,0.0,published; reference periods in source notes,https://www.city.sapporo.jp/kensetsu/yuki/documents/snowfall_r08_0411.xls
2025-12-08,厚別区,snowfall,0.0,published; reference periods in source notes,https://www.city.sapporo.jp/kensetsu/yuki/documents/snowfall_r08_0411.xls
2025-12-08,豊平区,snowfall,0.0,published; reference periods in source notes,https://www.city.sapporo.jp/kensetsu/yuki/documents/snowfall_r08_0411.xls
2025-12-08,清田区,snowfall,0.0,published; reference periods in source notes,https://www.city.sapporo.jp/kensetsu/yuki/documents/snowfall_r08_0411.xls
2025-12-08,南区(南31条西8丁目),snowfall,0.0,published; reference periods in source notes,https://www.city.sapporo.jp/kensetsu/yuki/documents/snowfall_r08_0411.xls
2025-12-08,南区(定山渓),snowfall,0.0,published; reference periods in source notes,https://www.city.sapporo.jp/kensetsu/yuki/documents/snowfall_r08_0411.xls
2025-12-08,西区(西野),snowfall,0.0,published; reference periods in source notes,https://www.city.sapporo.jp/kensetsu/yuki/documents/snowfall_r08_0411.xls
2025-12-08,西区(平和),snowfall,0.0,published; reference periods in source notes,https://www.city.sapporo.jp/kensetsu/yuki/documents/snowfall_r08_0411.xls
2025-12-08,手稲区,snowfall,0.0,published; reference periods in source notes,https://www.city.sapporo.jp/kensetsu/yuki/documents/snowfall_r08_0411.xls
2025-12-09,中央区,snowfall,14.0,published; reference periods in source notes,https://www.city.sapporo.jp/kensetsu/yuki/documents/snowfall_r08_0411.xls
2025-12-09,北区(太平),snowfall,15.0,published; reference periods in source notes,https://www.city.sapporo.jp/kensetsu/yuki/documents/snowfall_r08_0411.xls
2025-12-09,北区(あいの里),snowfall,19.0,published; reference periods in source notes,https://www.city.sapporo.jp/kensetsu/yuki/documents/snowfall_r08_0411.xls
2025-12-09,東区,snowfall,12.0,published; reference periods in source notes,https://www.city.sapporo.jp/kensetsu/yuki/documents/snowfall_r08_0411.xls
2025-12-09,白石区,snowfall,13.0,published; reference periods in source notes,https://www.city.sapporo.jp/kensetsu/yuki/documents/snowfall_r08_0411.xls
2025-12-09,厚別区,snowfall,17.0,published; reference periods in source notes,https://www.city.sapporo.jp/kensetsu/yuki/documents/snowfall_r08_0411.xls
2025-12-09,豊平区,snowfall,16.0,published; reference periods in source notes,https://www.city.sapporo.jp/kensetsu/yuki/documents/snowfall_r08_0411.xls
2025-12-09,清田区,snowfall,18.0,published; reference periods in source notes,https://www.city.sapporo.jp/kensetsu/yuki/documents/snowfall_r08_0411.xls
2025-12-09,南区(南31条西8丁目),snowfall,12.0,published; reference periods in source notes,https://www.city.sapporo.jp/kensetsu/yuki/documents/snowfall_r08_0411.xls
2025-12-09,南区(定山渓),snowfall,20.0,published; reference periods in source notes,https://www.city.sapporo.jp/kensetsu/yuki/documents/snowfall_r08_0411.xls
2025-12-09,西区(西野),snowfall,18.0,published; reference periods in source notes,https://www.city.sapporo.jp/kensetsu/yuki/documents/snowfall_r08_0411.xls
2025-12-09,西区(平和),snowfall,29.0,published; reference periods in source notes,https://www.city.sapporo.jp/kensetsu/yuki/documents/snowfall_r08_0411.xls
2025-12-09,手稲区,snowfall,13.0,published; reference periods in source notes,https://www.city.sapporo.jp/kensetsu/yuki/documents/snowfall_r08_0411.xls
2025-12-10,中央区,snowfall,0.0,published; reference periods in source notes,https://www.city.sapporo.jp/kensetsu/yuki/documents/snowfall_r08_0411.xls
2025-12-10,北区(太平),snowfall,0.0,published; reference periods in source notes,https://www.city.sapporo.jp/kensetsu/yuki/documents/snowfall_r08_0411.xls
2025-12-10,北区(あいの里),snowfall,1.0,published; reference periods in source notes,https://www.city.sapporo.jp/kensetsu/yuki/documents/snowfall_r08_0411.xls
2025-12-10,東区,snowfall,0.0,published; reference periods in source notes,https://www.city.sapporo.jp/kensetsu/yuki/documents/snowfall_r08_0411.xls
2025-12-10,白石区,snowfall,1.0,published; reference periods in source notes,https://www.city.sapporo.jp/kensetsu/yuki/documents/snowfall_r08_0411.xls
2025-12-10,厚別区,snowfall,2.0,published; reference periods in source notes,https://www.city.sapporo.jp/kensetsu/yuki/documents/snowfall_r08_0411.xls
2025-12-10,豊平区,snowfall,1.0,published; reference periods in source notes,https://www.city.sapporo.jp/kensetsu/yuki/documents/snowfall_r08_0411.xls
2025-12-10,清田区,snowfall,1.0,published; reference periods in source notes,https://www.city.sapporo.jp/kensetsu/yuki/documents/snowfall_r08_0411.xls
2025-12-10,南区(南31条西8丁目),snowfall,1.0,published; reference periods in source notes,https://www.city.sapporo.jp/kensetsu/yuki/documents/snowfall_r08_0411.xls
2025-12-10,南区(定山渓),snowfall,9.0,published; reference periods in source notes,https://www.city.sapporo.jp/kensetsu/yuki/documents/snowfall_r08_0411.xls
2025-12-10,西区(西野),snowfall,1.0,published; reference periods in source notes,https://www.city.sapporo.jp/kensetsu/yuki/documents/snowfall_r08_0411.xls
2025-12-10,西区(平和),snowfall,2.0,published; reference periods in source notes,https://www.city.sapporo.jp/kensetsu/yuki/documents/snowfall_r08_0411.xls
2025-12-10,手稲区,snowfall,0.0,published; reference periods in source notes,https://www.city.sapporo.jp/kensetsu/yuki/documents/snowfall_r08_0411.xls
2025-12-11,中央区,snowfall,8.0,published; reference periods in source notes,https://www.city.sapporo.jp/kensetsu/yuki/documents/snowfall_r08_0411.xls
2025-12-11,北区(太平),snowfall,7.0,published; reference periods in source notes,https://www.city.sapporo.jp/kensetsu/yuki/documents/snowfall_r08_0411.xls
2025-12-11,北区(あいの里),snowfall,8.0,published; reference periods in source notes,https://www.city.sapporo.jp/kensetsu/yuki/documents/snowfall_r08_0411.xls
2025-12-11,東区,snowfall,9.0,published; reference periods in source notes,https://www.city.sapporo.jp/kensetsu/yuki/documents/snowfall_r08_0411.xls
2025-12-11,白石区,snowfall,3.0,published; reference periods in source notes,https://www.city.sapporo.jp/kensetsu/yuki/documents/snowfall_r08_0411.xls
2025-12-11,厚別区,snowfall,3.0,published; reference periods in source notes,https://www.city.sapporo.jp/kensetsu/yuki/documents/snowfall_r08_0411.xls
2025-12-11,豊平区,snowfall,4.0,published; reference periods in source notes,https://www.city.sapporo.jp/kensetsu/yuki/documents/snowfall_r08_0411.xls
2025-12-11,清田区,snowfall,3.0,published; reference periods in source notes,https://www.city.sapporo.jp/kensetsu/yuki/documents/snowfall_r08_0411.xls
2025-12-11,南区(南31条西8丁目),snowfall,7.0,published; reference periods in source notes,https://www.city.sapporo.jp/kensetsu/yuki/documents/snowfall_r08_0411.xls
2025-12-11,南区(定山渓),snowfall,13.0,published; reference periods in source notes,https://www.city.sapporo.jp/kensetsu/yuki/documents/snowfall_r08_0411.xls
2025-12-11,西区(西野),snowfall,10.0,published; reference periods in source notes,https://www.city.sapporo.jp/kensetsu/yuki/documents/snowfall_r08_0411.xls
2025-12-11,西区(平和),snowfall,17.0,published; reference periods in source notes,https://www.city.sapporo.jp/kensetsu/yuki/documents/snowfall_r08_0411.xls
2025-12-11,手稲区,snowfall,11.0,published; reference periods in source notes,https://www.city.sapporo.jp/kensetsu/yuki/documents/snowfall_r08_0411.xls
2025-12-12,中央区,snowfall,20.0,published; reference periods in source notes,https://www.city.sapporo.jp/kensetsu/yuki/documents/snowfall_r08_0411.xls
2025-12-12,北区(太平),snowfall,18.0,published; reference periods in source notes,https://www.city.sapporo.jp/kensetsu/yuki/documents/snowfall_r08_0411.xls
2025-12-12,北区(あいの里),snowfall,13.0,published; reference periods in source notes,https://www.city.sapporo.jp/kensetsu/yuki/documents/snowfall_r08_0411.xls
2025-12-12,東区,snowfall,19.0,published; reference periods in source notes,https://www.city.sapporo.jp/kensetsu/yuki/documents/snowfall_r08_0411.xls
2025-12-12,白石区,snowfall,16.0,published; reference periods in source notes,https://www.city.sapporo.jp/kensetsu/yuki/documents/snowfall_r08_0411.xls
2025-12-12,厚別区,snowfall,14.0,published; reference periods in source notes,https://www.city.sapporo.jp/kensetsu/yuki/documents/snowfall_r08_0411.xls
2025-12-12,豊平区,snowfall,15.0,published; reference periods in source notes,https://www.city.sapporo.jp/kensetsu/yuki/documents/snowfall_r08_0411.xls
2025-12-12,清田区,snowfall,13.0,published; reference periods in source notes,https://www.city.sapporo.jp/kensetsu/yuki/documents/snowfall_r08_0411.xls
2025-12-12,南区(南31条西8丁目),snowfall,13.0,published; reference periods in source notes,https://www.city.sapporo.jp/kensetsu/yuki/documents/snowfall_r08_0411.xls
2025-12-12,南区(定山渓),snowfall,5.0,published; reference periods in source notes,https://www.city.sapporo.jp/kensetsu/yuki/documents/snowfall_r08_0411.xls
2025-12-12,西区(西野),snowfall,23.0,published; reference periods in source notes,https://www.city.sapporo.jp/kensetsu/yuki/documents/snowfall_r08_0411.xls
2025-12-12,西区(平和),snowfall,17.0,published; reference periods in source notes,https://www.city.sapporo.jp/kensetsu/yuki/documents/snowfall_r08_0411.xls
2025-12-12,手稲区,snowfall,20.0,published; reference periods in source notes,https://www.city.sapporo.jp/kensetsu/yuki/documents/snowfall_r08_0411.xls
2025-12-13,中央区,snowfall,12.0,published; reference periods in source notes,https://www.city.sapporo.jp/kensetsu/yuki/documents/snowfall_r08_0411.xls
2025-12-13,北区(太平),snowfall,7.0,published; reference periods in source notes,https://www.city.sapporo.jp/kensetsu/yuki/documents/snowfall_r08_0411.xls
2025-12-13,北区(あいの里),snowfall,3.0,published; reference periods in source notes,https://www.city.sapporo.jp/kensetsu/yuki/documents/snowfall_r08_0411.xls
2025-12-13,東区,snowfall,7.0,published; reference periods in source notes,https://www.city.sapporo.jp/kensetsu/yuki/documents/snowfall_r08_0411.xls
2025-12-13,白石区,snowfall,10.0,published; reference periods in source notes,https://www.city.sapporo.jp/kensetsu/yuki/documents/snowfall_r08_0411.xls
2025-12-13,厚別区,snowfall,10.0,published; reference periods in source notes,https://www.city.sapporo.jp/kensetsu/yuki/documents/snowfall_r08_0411.xls
2025-12-13,豊平区,snowfall,14.0,published; reference periods in source notes,https://www.city.sapporo.jp/kensetsu/yuki/documents/snowfall_r08_0411.xls
2025-12-13,清田区,snowfall,15.0,published; reference periods in source notes,https://www.city.sapporo.jp/kensetsu/yuki/documents/snowfall_r08_0411.xls
2025-12-13,南区(南31条西8丁目),snowfall,21.0,published; reference periods in source notes,https://www.city.sapporo.jp/kensetsu/yuki/documents/snowfall_r08_0411.xls
2025-12-13,南区(定山渓),snowfall,4.0,published; reference periods in source notes,https://www.city.sapporo.jp/kensetsu/yuki/documents/snowfall_r08_0411.xls
2025-12-13,西区(西野),snowfall,18.0,published; reference periods in source notes,https://www.city.sapporo.jp/kensetsu/yuki/documents/snowfall_r08_0411.xls
2025-12-13,西区(平和),snowfall,13.0,published; reference periods in source notes,https://www.city.sapporo.jp/kensetsu/yuki/documents/snowfall_r08_0411.xls
2025-12-13,手稲区,snowfall,7.0,published; reference periods in source notes,https://www.city.sapporo.jp/kensetsu/yuki/documents/snowfall_r08_0411.xls
2025-12-14,中央区,snowfall,0.0,published; reference periods in source notes,https://www.city.sapporo.jp/kensetsu/yuki/documents/snowfall_r08_0411.xls
2025-12-14,北区(太平),snowfall,0.0,published; reference periods in source notes,https://www.city.sapporo.jp/kensetsu/yuki/documents/snowfall_r08_0411.xls
2025-12-14,北区(あいの里),snowfall,0.0,published; reference periods in source notes,https://www.city.sapporo.jp/kensetsu/yuki/documents/snowfall_r08_0411.xls
2025-12-14,東区,snowfall,0.0,published; reference periods in source notes,https://www.city.sapporo.jp/kensetsu/yuki/documents/snowfall_r08_0411.xls
2025-12-14,白石区,snowfall,0.0,published; reference periods in source notes,https://www.city.sapporo.jp/kensetsu/yuki/documents/snowfall_r08_0411.xls
2025-12-14,厚別区,snowfall,0.0,published; reference periods in source notes,https://www.city.sapporo.jp/kensetsu/yuki/documents/snowfall_r08_0411.xls
2025-12-14,豊平区,snowfall,0.0,published; reference periods in source notes,https://www.city.sapporo.jp/kensetsu/yuki/documents/snowfall_r08_0411.xls
2025-12-14,清田区,snowfall,0.0,published; reference periods in source notes,https://www.city.sapporo.jp/kensetsu/yuki/documents/snowfall_r08_0411.xls
2025-12-14,南区(南31条西8丁目),snowfall,0.0,published; reference periods in source notes,https://www.city.sapporo.jp/kensetsu/yuki/documents/snowfall_r08_0411.xls
2025-12-14,南区(定山渓),snowfall,0.0,published; reference periods in source notes,https://www.city.sapporo.jp/kensetsu/yuki/documents/snowfall_r08_0411.xls
2025-12-14,西区(西野),snowfall,0.0,published; reference periods in source notes,https://www.city.sapporo.jp/kensetsu/yuki/documents/snowfall_r08_0411.xls
2025-12-14,西区(平和),snowfall,0.0,published; reference periods in source notes,https://www.city.sapporo.jp/kensetsu/yuki/documents/snowfall_r08_0411.xls
2025-12-14,手稲区,snowfall,0.0,published; reference periods in source notes,https://www.city.sapporo.jp/kensetsu/yuki/documents/snowfall_r08_0411.xls
2025-12-15,中央区,snowfall,18.0,published; reference periods in source notes,https://www.city.sapporo.jp/kensetsu/yuki/documents/snowfall_r08_0411.xls
2025-12-15,北区(太平),snowfall,13.0,published; reference periods in source notes,https://www.city.sapporo.jp/kensetsu/yuki/documents/snowfall_r08_0411.xls
2025-12-15,北区(あいの里),snowfall,13.0,published; reference periods in source notes,https://www.city.sapporo.jp/kensetsu/yuki/documents/snowfall_r08_0411.xls
2025-12-15,東区,snowfall,18.0,published; reference periods in source notes,https://www.city.sapporo.jp/kensetsu/yuki/documents/snowfall_r08_0411.xls
2025-12-15,白石区,snowfall,24.0,published; reference periods in source notes,https://www.city.sapporo.jp/kensetsu/yuki/documents/snowfall_r08_0411.xls
2025-12-15,厚別区,snowfall,22.0,published; reference periods in source notes,https://www.city.sapporo.jp/kensetsu/yuki/documents/snowfall_r08_0411.xls
2025-12-15,豊平区,snowfall,29.0,published; reference periods in source notes,https://www.city.sapporo.jp/kensetsu/yuki/documents/snowfall_r08_0411.xls
2025-12-15,清田区,snowfall,31.0,published; reference periods in source notes,https://www.city.sapporo.jp/kensetsu/yuki/documents/snowfall_r08_0411.xls
2025-12-15,南区(南31条西8丁目),snowfall,26.0,published; reference periods in source notes,https://www.city.sapporo.jp/kensetsu/yuki/documents/snowfall_r08_0411.xls
2025-12-15,南区(定山渓),snowfall,30.0,published; reference periods in source notes,https://www.city.sapporo.jp/kensetsu/yuki/documents/snowfall_r08_0411.xls
2025-12-15,西区(西野),snowfall,17.0,published; reference periods in source notes,https://www.city.sapporo.jp/kensetsu/yuki/documents/snowfall_r08_0411.xls
2025-12-15,西区(平和),snowfall,28.0,published; reference periods in source notes,https://www.city.sapporo.jp/kensetsu/yuki/documents/snowfall_r08_0411.xls
2025-12-15,手稲区,snowfall,14.0,published; reference periods in source notes,https://www.city.sapporo.jp/kensetsu/yuki/documents/snowfall_r08_0411.xls
2025-12-16,中央区,snowfall,0.0,published; reference periods in source notes,https://www.city.sapporo.jp/kensetsu/yuki/documents/snowfall_r08_0411.xls
2025-12-16,北区(太平),snowfall,0.0,published; reference periods in source notes,https://www.city.sapporo.jp/kensetsu/yuki/documents/snowfall_r08_0411.xls
2025-12-16,北区(あいの里),snowfall,0.0,published; reference periods in source notes,https://www.city.sapporo.jp/kensetsu/yuki/documents/snowfall_r08_0411.xls
2025-12-16,東区,snowfall,0.0,published; reference periods in source notes,https://www.city.sapporo.jp/kensetsu/yuki/documents/snowfall_r08_0411.xls
2025-12-16,白石区,snowfall,0.0,published; reference periods in source notes,https://www.city.sapporo.jp/kensetsu/yuki/documents/snowfall_r08_0411.xls
2025-12-16,厚別区,snowfall,0.0,published; reference periods in source notes,https://www.city.sapporo.jp/kensetsu/yuki/documents/snowfall_r08_0411.xls
2025-12-16,豊平区,snowfall,1.0,published; reference periods in source notes,https://www.city.sapporo.jp/kensetsu/yuki/documents/snowfall_r08_0411.xls
2025-12-16,清田区,snowfall,0.0,published; reference periods in source notes,https://www.city.sapporo.jp/kensetsu/yuki/documents/snowfall_r08_0411.xls
2025-12-16,南区(南31条西8丁目),snowfall,0.0,published; reference periods in source notes,https://www.city.sapporo.jp/kensetsu/yuki/documents/snowfall_r08_0411.xls
2025-12-16,南区(定山渓),snowfall,8.0,published; reference periods in source notes,https://www.city.sapporo.jp/kensetsu/yuki/documents/snowfall_r08_0411.xls
2025-12-16,西区(西野),snowfall,0.0,published; reference periods in source notes,https://www.city.sapporo.jp/kensetsu/yuki/documents/snowfall_r08_0411.xls
2025-12-16,西区(平和),snowfall,2.0,published; reference periods in source notes,https://www.city.sapporo.jp/kensetsu/yuki/documents/snowfall_r08_0411.xls
2025-12-16,手稲区,snowfall,0.0,published; reference periods in source notes,https://www.city.sapporo.jp/kensetsu/yuki/documents/snowfall_r08_0411.xls
2025-12-17,中央区,snowfall,0.0,published; reference periods in source notes,https://www.city.sapporo.jp/kensetsu/yuki/documents/snowfall_r08_0411.xls
2025-12-17,北区(太平),snowfall,0.0,published; reference periods in source notes,https://www.city.sapporo.jp/kensetsu/yuki/documents/snowfall_r08_0411.xls
2025-12-17,北区(あいの里),snowfall,0.0,published; reference periods in source notes,https://www.city.sapporo.jp/kensetsu/yuki/documents/snowfall_r08_0411.xls
2025-12-17,東区,snowfall,0.0,published; reference periods in source notes,https://www.city.sapporo.jp/kensetsu/yuki/documents/snowfall_r08_0411.xls
2025-12-17,白石区,snowfall,0.0,published; reference periods in source notes,https://www.city.sapporo.jp/kensetsu/yuki/documents/snowfall_r08_0411.xls
2025-12-17,厚別区,snowfall,1.0,published; reference periods in source notes,https://www.city.sapporo.jp/kensetsu/yuki/documents/snowfall_r08_0411.xls
2025-12-17,豊平区,snowfall,0.0,published; reference periods in source notes,https://www.city.sapporo.jp/kensetsu/yuki/documents/snowfall_r08_0411.xls
2025-12-17,清田区,snowfall,0.0,published; reference periods in source notes,https://www.city.sapporo.jp/kensetsu/yuki/documents/snowfall_r08_0411.xls
2025-12-17,南区(南31条西8丁目),snowfall,1.0,published; reference periods in source notes,https://www.city.sapporo.jp/kensetsu/yuki/documents/snowfall_r08_0411.xls
2025-12-17,南区(定山渓),snowfall,4.0,published; reference periods in source notes,https://www.city.sapporo.jp/kensetsu/yuki/documents/snowfall_r08_0411.xls
2025-12-17,西区(西野),snowfall,0.0,published; reference periods in source notes,https://www.city.sapporo.jp/kensetsu/yuki/documents/snowfall_r08_0411.xls
2025-12-17,西区(平和),snowfall,1.0,published; reference periods in source notes,https://www.city.sapporo.jp/kensetsu/yuki/documents/snowfall_r08_0411.xls
2025-12-17,手稲区,snowfall,0.0,published; reference periods in source notes,https://www.city.sapporo.jp/kensetsu/yuki/documents/snowfall_r08_0411.xls
2025-12-18,中央区,snowfall,0.0,published; reference periods in source notes,https://www.city.sapporo.jp/kensetsu/yuki/documents/snowfall_r08_0411.xls
2025-12-18,北区(太平),snowfall,0.0,published; reference periods in source notes,https://www.city.sapporo.jp/kensetsu/yuki/documents/snowfall_r08_0411.xls
2025-12-18,北区(あいの里),snowfall,1.0,published; reference periods in source notes,https://www.city.sapporo.jp/kensetsu/yuki/documents/snowfall_r08_0411.xls
2025-12-18,東区,snowfall,0.0,published; reference periods in source notes,https://www.city.sapporo.jp/kensetsu/yuki/documents/snowfall_r08_0411.xls
2025-12-18,白石区,snowfall,0.0,published; reference periods in source notes,https://www.city.sapporo.jp/kensetsu/yuki/documents/snowfall_r08_0411.xls
2025-12-18,厚別区,snowfall,0.0,published; reference periods in source notes,https://www.city.sapporo.jp/kensetsu/yuki/documents/snowfall_r08_0411.xls
2025-12-18,豊平区,snowfall,1.0,published; reference periods in source notes,https://www.city.sapporo.jp/kensetsu/yuki/documents/snowfall_r08_0411.xls
2025-12-18,清田区,snowfall,2.0,published; reference periods in source notes,https://www.city.sapporo.jp/kensetsu/yuki/documents/snowfall_r08_0411.xls
2025-12-18,南区(南31条西8丁目),snowfall,1.0,published; reference periods in source notes,https://www.city.sapporo.jp/kensetsu/yuki/documents/snowfall_r08_0411.xls
2025-12-18,南区(定山渓),snowfall,3.0,published; reference periods in source notes,https://www.city.sapporo.jp/kensetsu/yuki/documents/snowfall_r08_0411.xls
2025-12-18,西区(西野),snowfall,4.0,published; reference periods in source notes,https://www.city.sapporo.jp/kensetsu/yuki/documents/snowfall_r08_0411.xls
2025-12-18,西区(平和),snowfall,1.0,published; reference periods in source notes,https://www.city.sapporo.jp/kensetsu/yuki/documents/snowfall_r08_0411.xls
2025-12-18,手稲区,snowfall,1.0,published; reference periods in source notes,https://www.city.sapporo.jp/kensetsu/yuki/documents/snowfall_r08_0411.xls
2025-12-19,中央区,snowfall,0.0,published; reference periods in source notes,https://www.city.sapporo.jp/kensetsu/yuki/documents/snowfall_r08_0411.xls
2025-12-19,北区(太平),snowfall,0.0,published; reference periods in source notes,https://www.city.sapporo.jp/kensetsu/yuki/documents/snowfall_r08_0411.xls
2025-12-19,北区(あいの里),snowfall,0.0,published; reference periods in source notes,https://www.city.sapporo.jp/kensetsu/yuki/documents/snowfall_r08_0411.xls
2025-12-19,東区,snowfall,0.0,published; reference periods in source notes,https://www.city.sapporo.jp/kensetsu/yuki/documents/snowfall_r08_0411.xls
2025-12-19,白石区,snowfall,0.0,published; reference periods in source notes,https://www.city.sapporo.jp/kensetsu/yuki/documents/snowfall_r08_0411.xls
2025-12-19,厚別区,snowfall,0.0,published; reference periods in source notes,https://www.city.sapporo.jp/kensetsu/yuki/documents/snowfall_r08_0411.xls
2025-12-19,豊平区,snowfall,0.0,published; reference periods in source notes,https://www.city.sapporo.jp/kensetsu/yuki/documents/snowfall_r08_0411.xls
2025-12-19,清田区,snowfall,0.0,published; reference periods in source notes,https://www.city.sapporo.jp/kensetsu/yuki/documents/snowfall_r08_0411.xls
2025-12-19,南区(南31条西8丁目),snowfall,0.0,published; reference periods in source notes,https://www.city.sapporo.jp/kensetsu/yuki/documents/snowfall_r08_0411.xls
2025-12-19,南区(定山渓),snowfall,0.0,published; reference periods in source notes,https://www.city.sapporo.jp/kensetsu/yuki/documents/snowfall_r08_0411.xls
2025-12-19,西区(西野),snowfall,0.0,published; reference periods in source notes,https://www.city.sapporo.jp/kensetsu/yuki/documents/snowfall_r08_0411.xls
2025-12-19,西区(平和),snowfall,1.0,published; reference periods in source notes,https://www.city.sapporo.jp/kensetsu/yuki/documents/snowfall_r08_0411.xls
2025-12-19,手稲区,snowfall,0.0,published; reference periods in source notes,https://www.city.sapporo.jp/kensetsu/yuki/documents/snowfall_r08_0411.xls
2025-12-20,中央区,snowfall,0.0,published; reference periods in source notes,https://www.city.sapporo.jp/kensetsu/yuki/documents/snowfall_r08_0411.xls
2025-12-20,北区(太平),snowfall,0.0,published; reference periods in source notes,https://www.city.sapporo.jp/kensetsu/yuki/documents/snowfall_r08_0411.xls
2025-12-20,北区(あいの里),snowfall,0.0,published; reference periods in source notes,https://www.city.sapporo.jp/kensetsu/yuki/documents/snowfall_r08_0411.xls
2025-12-20,東区,snowfall,0.0,published; reference periods in source notes,https://www.city.sapporo.jp/kensetsu/yuki/documents/snowfall_r08_0411.xls
2025-12-20,白石区,snowfall,0.0,published; reference periods in source notes,https://www.city.sapporo.jp/kensetsu/yuki/documents/snowfall_r08_0411.xls
2025-12-20,厚別区,snowfall,0.0,published; reference periods in source notes,https://www.city.sapporo.jp/kensetsu/yuki/documents/snowfall_r08_0411.xls
2025-12-20,豊平区,snowfall,0.0,published; reference periods in source notes,https://www.city.sapporo.jp/kensetsu/yuki/documents/snowfall_r08_0411.xls
2025-12-20,清田区,snowfall,0.0,published; reference periods in source notes,https://www.city.sapporo.jp/kensetsu/yuki/documents/snowfall_r08_0411.xls
2025-12-20,南区(南31条西8丁目),snowfall,0.0,published; reference periods in source notes,https://www.city.sapporo.jp/kensetsu/yuki/documents/snowfall_r08_0411.xls
2025-12-20,南区(定山渓),snowfall,0.0,published; reference periods in source notes,https://www.city.sapporo.jp/kensetsu/yuki/documents/snowfall_r08_0411.xls
2025-12-20,西区(西野),snowfall,0.0,published; reference periods in source notes,https://www.city.sapporo.jp/kensetsu/yuki/documents/snowfall_r08_0411.xls
2025-12-20,西区(平和),snowfall,0.0,published; reference periods in source notes,https://www.city.sapporo.jp/kensetsu/yuki/documents/snowfall_r08_0411.xls
2025-12-20,手稲区,snowfall,0.0,published; reference periods in source notes,https://www.city.sapporo.jp/kensetsu/yuki/documents/snowfall_r08_0411.xls
2025-12-21,中央区,snowfall,0.0,published; reference periods in source notes,https://www.city.sapporo.jp/kensetsu/yuki/documents/snowfall_r08_0411.xls
2025-12-21,北区(太平),snowfall,0.0,published; reference periods in source notes,https://www.city.sapporo.jp/kensetsu/yuki/documents/snowfall_r08_0411.xls
2025-12-21,北区(あいの里),snowfall,0.0,published; reference periods in source notes,https://www.city.sapporo.jp/kensetsu/yuki/documents/snowfall_r08_0411.xls
2025-12-21,東区,snowfall,0.0,published; reference periods in source notes,https://www.city.sapporo.jp/kensetsu/yuki/documents/snowfall_r08_0411.xls
2025-12-21,白石区,snowfall,0.0,published; reference periods in source notes,https://www.city.sapporo.jp/kensetsu/yuki/documents/snowfall_r08_0411.xls
2025-12-21,厚別区,snowfall,0.0,published; reference periods in source notes,https://www.city.sapporo.jp/kensetsu/yuki/documents/snowfall_r08_0411.xls
2025-12-21,豊平区,snowfall,0.0,published; reference periods in source notes,https://www.city.sapporo.jp/kensetsu/yuki/documents/snowfall_r08_0411.xls
2025-12-21,清田区,snowfall,0.0,published; reference periods in source notes,https://www.city.sapporo.jp/kensetsu/yuki/documents/snowfall_r08_0411.xls
2025-12-21,南区(南31条西8丁目),snowfall,0.0,published; reference periods in source notes,https://www.city.sapporo.jp/kensetsu/yuki/documents/snowfall_r08_0411.xls
2025-12-21,南区(定山渓),snowfall,0.0,published; reference periods in source notes,https://www.city.sapporo.jp/kensetsu/yuki/documents/snowfall_r08_0411.xls
2025-12-21,西区(西野),snowfall,0.0,published; reference periods in source notes,https://www.city.sapporo.jp/kensetsu/yuki/documents/snowfall_r08_0411.xls
2025-12-21,西区(平和),snowfall,0.0,published; reference periods in source notes,https://www.city.sapporo.jp/kensetsu/yuki/documents/snowfall_r08_0411.xls
2025-12-21,手稲区,snowfall,0.0,published; reference periods in source notes,https://www.city.sapporo.jp/kensetsu/yuki/documents/snowfall_r08_0411.xls
2025-12-22,中央区,snowfall,4.0,published; reference periods in source notes,https://www.city.sapporo.jp/kensetsu/yuki/documents/snowfall_r08_0411.xls
2025-12-22,北区(太平),snowfall,4.0,published; reference periods in source notes,https://www.city.sapporo.jp/kensetsu/yuki/documents/snowfall_r08_0411.xls
2025-12-22,北区(あいの里),snowfall,1.0,published; reference periods in source notes,https://www.city.sapporo.jp/kensetsu/yuki/documents/snowfall_r08_0411.xls
2025-12-22,東区,snowfall,4.0,published; reference periods in source notes,https://www.city.sapporo.jp/kensetsu/yuki/documents/snowfall_r08_0411.xls
2025-12-22,白石区,snowfall,2.0,published; reference periods in source notes,https://www.city.sapporo.jp/kensetsu/yuki/documents/snowfall_r08_0411.xls
2025-12-22,厚別区,snowfall,3.0,published; reference periods in source notes,https://www.city.sapporo.jp/kensetsu/yuki/documents/snowfall_r08_0411.xls
2025-12-22,豊平区,snowfall,3.0,published; reference periods in source notes,https://www.city.sapporo.jp/kensetsu/yuki/documents/snowfall_r08_0411.xls
2025-12-22,清田区,snowfall,1.0,published; reference periods in source notes,https://www.city.sapporo.jp/kensetsu/yuki/documents/snowfall_r08_0411.xls
2025-12-22,南区(南31条西8丁目),snowfall,1.0,published; reference periods in source notes,https://www.city.sapporo.jp/kensetsu/yuki/documents/snowfall_r08_0411.xls
2025-12-22,南区(定山渓),snowfall,2.0,published; reference periods in source notes,https://www.city.sapporo.jp/kensetsu/yuki/documents/snowfall_r08_0411.xls
2025-12-22,西区(西野),snowfall,3.0,published; reference periods in source notes,https://www.city.sapporo.jp/kensetsu/yuki/documents/snowfall_r08_0411.xls
2025-12-22,西区(平和),snowfall,6.0,published; reference periods in source notes,https://www.city.sapporo.jp/kensetsu/yuki/documents/snowfall_r08_0411.xls
2025-12-22,手稲区,snowfall,2.0,published; reference periods in source notes,https://www.city.sapporo.jp/kensetsu/yuki/documents/snowfall_r08_0411.xls
2025-12-23,中央区,snowfall,1.0,published; reference periods in source notes,https://www.city.sapporo.jp/kensetsu/yuki/documents/snowfall_r08_0411.xls
2025-12-23,北区(太平),snowfall,0.0,published; reference periods in source notes,https://www.city.sapporo.jp/kensetsu/yuki/documents/snowfall_r08_0411.xls
2025-12-23,北区(あいの里),snowfall,0.0,published; reference periods in source notes,https://www.city.sapporo.jp/kensetsu/yuki/documents/snowfall_r08_0411.xls
2025-12-23,東区,snowfall,0.0,published; reference periods in source notes,https://www.city.sapporo.jp/kensetsu/yuki/documents/snowfall_r08_0411.xls
2025-12-23,白石区,snowfall,0.0,published; reference periods in source notes,https://www.city.sapporo.jp/kensetsu/yuki/documents/snowfall_r08_0411.xls
2025-12-23,厚別区,snowfall,0.0,published; reference periods in source notes,https://www.city.sapporo.jp/kensetsu/yuki/documents/snowfall_r08_0411.xls
2025-12-23,豊平区,snowfall,1.0,published; reference periods in source notes,https://www.city.sapporo.jp/kensetsu/yuki/documents/snowfall_r08_0411.xls
2025-12-23,清田区,snowfall,0.0,published; reference periods in source notes,https://www.city.sapporo.jp/kensetsu/yuki/documents/snowfall_r08_0411.xls
2025-12-23,南区(南31条西8丁目),snowfall,3.0,published; reference periods in source notes,https://www.city.sapporo.jp/kensetsu/yuki/documents/snowfall_r08_0411.xls
2025-12-23,南区(定山渓),snowfall,5.0,published; reference periods in source notes,https://www.city.sapporo.jp/kensetsu/yuki/documents/snowfall_r08_0411.xls
2025-12-23,西区(西野),snowfall,2.0,published; reference periods in source notes,https://www.city.sapporo.jp/kensetsu/yuki/documents/snowfall_r08_0411.xls
2025-12-23,西区(平和),snowfall,3.0,published; reference periods in source notes,https://www.city.sapporo.jp/kensetsu/yuki/documents/snowfall_r08_0411.xls
2025-12-23,手稲区,snowfall,0.0,published; reference periods in source notes,https://www.city.sapporo.jp/kensetsu/yuki/documents/snowfall_r08_0411.xls
2025-12-24,中央区,snowfall,2.0,published; reference periods in source notes,https://www.city.sapporo.jp/kensetsu/yuki/documents/snowfall_r08_0411.xls
2025-12-24,北区(太平),snowfall,0.0,published; reference periods in source notes,https://www.city.sapporo.jp/kensetsu/yuki/documents/snowfall_r08_0411.xls
2025-12-24,北区(あいの里),snowfall,0.0,published; reference periods in source notes,https://www.city.sapporo.jp/kensetsu/yuki/documents/snowfall_r08_0411.xls
2025-12-24,東区,snowfall,0.0,published; reference periods in source notes,https://www.city.sapporo.jp/kensetsu/yuki/documents/snowfall_r08_0411.xls
2025-12-24,白石区,snowfall,0.0,published; reference periods in source notes,https://www.city.sapporo.jp/kensetsu/yuki/documents/snowfall_r08_0411.xls
2025-12-24,厚別区,snowfall,0.0,published; reference periods in source notes,https://www.city.sapporo.jp/kensetsu/yuki/documents/snowfall_r08_0411.xls
2025-12-24,豊平区,snowfall,1.0,published; reference periods in source notes,https://www.city.sapporo.jp/kensetsu/yuki/documents/snowfall_r08_0411.xls
2025-12-24,清田区,snowfall,1.0,published; reference periods in source notes,https://www.city.sapporo.jp/kensetsu/yuki/documents/snowfall_r08_0411.xls
2025-12-24,南区(南31条西8丁目),snowfall,1.0,published; reference periods in source notes,https://www.city.sapporo.jp/kensetsu/yuki/documents/snowfall_r08_0411.xls
2025-12-24,南区(定山渓),snowfall,1.0,published; reference periods in source notes,https://www.city.sapporo.jp/kensetsu/yuki/documents/snowfall_r08_0411.xls
2025-12-24,西区(西野),snowfall,0.0,published; reference periods in source notes,https://www.city.sapporo.jp/kensetsu/yuki/documents/snowfall_r08_0411.xls
2025-12-24,西区(平和),snowfall,1.0,published; reference periods in source notes,https://www.city.sapporo.jp/kensetsu/yuki/documents/snowfall_r08_0411.xls
2025-12-24,手稲区,snowfall,0.0,published; reference periods in source notes,https://www.city.sapporo.jp/kensetsu/yuki/documents/snowfall_r08_0411.xls
2025-12-25,中央区,snowfall,0.0,published; reference periods in source notes,https://www.city.sapporo.jp/kensetsu/yuki/documents/snowfall_r08_0411.xls
2025-12-25,北区(太平),snowfall,0.0,published; reference periods in source notes,https://www.city.sapporo.jp/kensetsu/yuki/documents/snowfall_r08_0411.xls
2025-12-25,北区(あいの里),snowfall,0.0,published; reference periods in source notes,https://www.city.sapporo.jp/kensetsu/yuki/documents/snowfall_r08_0411.xls
2025-12-25,東区,snowfall,0.0,published; reference periods in source notes,https://www.city.sapporo.jp/kensetsu/yuki/documents/snowfall_r08_0411.xls
2025-12-25,白石区,snowfall,0.0,published; reference periods in source notes,https://www.city.sapporo.jp/kensetsu/yuki/documents/snowfall_r08_0411.xls
2025-12-25,厚別区,snowfall,0.0,published; reference periods in source notes,https://www.city.sapporo.jp/kensetsu/yuki/documents/snowfall_r08_0411.xls
2025-12-25,豊平区,snowfall,0.0,published; reference periods in source notes,https://www.city.sapporo.jp/kensetsu/yuki/documents/snowfall_r08_0411.xls
2025-12-25,清田区,snowfall,0.0,published; reference periods in source notes,https://www.city.sapporo.jp/kensetsu/yuki/documents/snowfall_r08_0411.xls
2025-12-25,南区(南31条西8丁目),snowfall,0.0,published; reference periods in source notes,https://www.city.sapporo.jp/kensetsu/yuki/documents/snowfall_r08_0411.xls
2025-12-25,南区(定山渓),snowfall,0.0,published; reference periods in source notes,https://www.city.sapporo.jp/kensetsu/yuki/documents/snowfall_r08_0411.xls
2025-12-25,西区(西野),snowfall,0.0,published; reference periods in source notes,https://www.city.sapporo.jp/kensetsu/yuki/documents/snowfall_r08_0411.xls
2025-12-25,西区(平和),snowfall,0.0,published; reference periods in source notes,https://www.city.sapporo.jp/kensetsu/yuki/documents/snowfall_r08_0411.xls
2025-12-25,手稲区,snowfall,0.0,published; reference periods in source notes,https://www.city.sapporo.jp/kensetsu/yuki/documents/snowfall_r08_0411.xls
2025-12-26,中央区,snowfall,2.0,published; reference periods in source notes,https://www.city.sapporo.jp/kensetsu/yuki/documents/snowfall_r08_0411.xls
2025-12-26,北区(太平),snowfall,1.0,published; reference periods in source notes,https://www.city.sapporo.jp/kensetsu/yuki/documents/snowfall_r08_0411.xls
2025-12-26,北区(あいの里),snowfall,0.0,published; reference periods in source notes,https://www.city.sapporo.jp/kensetsu/yuki/documents/snowfall_r08_0411.xls
2025-12-26,東区,snowfall,1.0,published; reference periods in source notes,https://www.city.sapporo.jp/kensetsu/yuki/documents/snowfall_r08_0411.xls
2025-12-26,白石区,snowfall,1.0,published; reference periods in source notes,https://www.city.sapporo.jp/kensetsu/yuki/documents/snowfall_r08_0411.xls
2025-12-26,厚別区,snowfall,0.0,published; reference periods in source notes,https://www.city.sapporo.jp/kensetsu/yuki/documents/snowfall_r08_0411.xls
2025-12-26,豊平区,snowfall,4.0,published; reference periods in source notes,https://www.city.sapporo.jp/kensetsu/yuki/documents/snowfall_r08_0411.xls
2025-12-26,清田区,snowfall,3.0,published; reference periods in source notes,https://www.city.sapporo.jp/kensetsu/yuki/documents/snowfall_r08_0411.xls
2025-12-26,南区(南31条西8丁目),snowfall,2.0,published; reference periods in source notes,https://www.city.sapporo.jp/kensetsu/yuki/documents/snowfall_r08_0411.xls
2025-12-26,南区(定山渓),snowfall,6.0,published; reference periods in source notes,https://www.city.sapporo.jp/kensetsu/yuki/documents/snowfall_r08_0411.xls
2025-12-26,西区(西野),snowfall,5.0,published; reference periods in source notes,https://www.city.sapporo.jp/kensetsu/yuki/documents/snowfall_r08_0411.xls
2025-12-26,西区(平和),snowfall,10.0,published; reference periods in source notes,https://www.city.sapporo.jp/kensetsu/yuki/documents/snowfall_r08_0411.xls
2025-12-26,手稲区,snowfall,0.0,published; reference periods in source notes,https://www.city.sapporo.jp/kensetsu/yuki/documents/snowfall_r08_0411.xls
2025-12-27,中央区,snowfall,1.0,published; reference periods in source notes,https://www.city.sapporo.jp/kensetsu/yuki/documents/snowfall_r08_0411.xls
2025-12-27,北区(太平),snowfall,4.0,published; reference periods in source notes,https://www.city.sapporo.jp/kensetsu/yuki/documents/snowfall_r08_0411.xls
2025-12-27,北区(あいの里),snowfall,0.0,published; reference periods in source notes,https://www.city.sapporo.jp/kensetsu/yuki/documents/snowfall_r08_0411.xls
2025-12-27,東区,snowfall,4.0,published; reference periods in source notes,https://www.city.sapporo.jp/kensetsu/yuki/documents/snowfall_r08_0411.xls
2025-12-27,白石区,snowfall,1.0,published; reference periods in source notes,https://www.city.sapporo.jp/kensetsu/yuki/documents/snowfall_r08_0411.xls
2025-12-27,厚別区,snowfall,0.0,published; reference periods in source notes,https://www.city.sapporo.jp/kensetsu/yuki/documents/snowfall_r08_0411.xls
2025-12-27,豊平区,snowfall,1.0,published; reference periods in source notes,https://www.city.sapporo.jp/kensetsu/yuki/documents/snowfall_r08_0411.xls
2025-12-27,清田区,snowfall,1.0,published; reference periods in source notes,https://www.city.sapporo.jp/kensetsu/yuki/documents/snowfall_r08_0411.xls
2025-12-27,南区(南31条西8丁目),snowfall,1.0,published; reference periods in source notes,https://www.city.sapporo.jp/kensetsu/yuki/documents/snowfall_r08_0411.xls
2025-12-27,南区(定山渓),snowfall,8.0,published; reference periods in source notes,https://www.city.sapporo.jp/kensetsu/yuki/documents/snowfall_r08_0411.xls
2025-12-27,西区(西野),snowfall,3.0,published; reference periods in source notes,https://www.city.sapporo.jp/kensetsu/yuki/documents/snowfall_r08_0411.xls
2025-12-27,西区(平和),snowfall,5.0,published; reference periods in source notes,https://www.city.sapporo.jp/kensetsu/yuki/documents/snowfall_r08_0411.xls
2025-12-27,手稲区,snowfall,2.0,published; reference periods in source notes,https://www.city.sapporo.jp/kensetsu/yuki/documents/snowfall_r08_0411.xls
2025-12-28,中央区,snowfall,7.0,published; reference periods in source notes,https://www.city.sapporo.jp/kensetsu/yuki/documents/snowfall_r08_0411.xls
2025-12-28,北区(太平),snowfall,2.0,published; reference periods in source notes,https://www.city.sapporo.jp/kensetsu/yuki/documents/snowfall_r08_0411.xls
2025-12-28,北区(あいの里),snowfall,4.0,published; reference periods in source notes,https://www.city.sapporo.jp/kensetsu/yuki/documents/snowfall_r08_0411.xls
2025-12-28,東区,snowfall,5.0,published; reference periods in source notes,https://www.city.sapporo.jp/kensetsu/yuki/documents/snowfall_r08_0411.xls
2025-12-28,白石区,snowfall,1.0,published; reference periods in source notes,https://www.city.sapporo.jp/kensetsu/yuki/documents/snowfall_r08_0411.xls
2025-12-28,厚別区,snowfall,1.0,published; reference periods in source notes,https://www.city.sapporo.jp/kensetsu/yuki/documents/snowfall_r08_0411.xls
2025-12-28,豊平区,snowfall,2.0,published; reference periods in source notes,https://www.city.sapporo.jp/kensetsu/yuki/documents/snowfall_r08_0411.xls
2025-12-28,清田区,snowfall,2.0,published; reference periods in source notes,https://www.city.sapporo.jp/kensetsu/yuki/documents/snowfall_r08_0411.xls
2025-12-28,南区(南31条西8丁目),snowfall,4.0,published; reference periods in source notes,https://www.city.sapporo.jp/kensetsu/yuki/documents/snowfall_r08_0411.xls
2025-12-28,南区(定山渓),snowfall,10.0,published; reference periods in source notes,https://www.city.sapporo.jp/kensetsu/yuki/documents/snowfall_r08_0411.xls
2025-12-28,西区(西野),snowfall,10.0,published; reference periods in source notes,https://www.city.sapporo.jp/kensetsu/yuki/documents/snowfall_r08_0411.xls
2025-12-28,西区(平和),snowfall,14.0,published; reference periods in source notes,https://www.city.sapporo.jp/kensetsu/yuki/documents/snowfall_r08_0411.xls
2025-12-28,手稲区,snowfall,9.0,published; reference periods in source notes,https://www.city.sapporo.jp/kensetsu/yuki/documents/snowfall_r08_0411.xls
2025-12-29,中央区,snowfall,1.0,published; reference periods in source notes,https://www.city.sapporo.jp/kensetsu/yuki/documents/snowfall_r08_0411.xls
2025-12-29,北区(太平),snowfall,0.0,published; reference periods in source notes,https://www.city.sapporo.jp/kensetsu/yuki/documents/snowfall_r08_0411.xls
2025-12-29,北区(あいの里),snowfall,0.0,published; reference periods in source notes,https://www.city.sapporo.jp/kensetsu/yuki/documents/snowfall_r08_0411.xls
2025-12-29,東区,snowfall,1.0,published; reference periods in source notes,https://www.city.sapporo.jp/kensetsu/yuki/documents/snowfall_r08_0411.xls
2025-12-29,白石区,snowfall,1.0,published; reference periods in source notes,https://www.city.sapporo.jp/kensetsu/yuki/documents/snowfall_r08_0411.xls
2025-12-29,厚別区,snowfall,0.0,published; reference periods in source notes,https://www.city.sapporo.jp/kensetsu/yuki/documents/snowfall_r08_0411.xls
2025-12-29,豊平区,snowfall,0.0,published; reference periods in source notes,https://www.city.sapporo.jp/kensetsu/yuki/documents/snowfall_r08_0411.xls
2025-12-29,清田区,snowfall,0.0,published; reference periods in source notes,https://www.city.sapporo.jp/kensetsu/yuki/documents/snowfall_r08_0411.xls
2025-12-29,南区(南31条西8丁目),snowfall,0.0,published; reference periods in source notes,https://www.city.sapporo.jp/kensetsu/yuki/documents/snowfall_r08_0411.xls
2025-12-29,南区(定山渓),snowfall,1.0,published; reference periods in source notes,https://www.city.sapporo.jp/kensetsu/yuki/documents/snowfall_r08_0411.xls
2025-12-29,西区(西野),snowfall,0.0,published; reference periods in source notes,https://www.city.sapporo.jp/kensetsu/yuki/documents/snowfall_r08_0411.xls
2025-12-29,西区(平和),snowfall,0.0,published; reference periods in source notes,https://www.city.sapporo.jp/kensetsu/yuki/documents/snowfall_r08_0411.xls
2025-12-29,手稲区,snowfall,0.0,published; reference periods in source notes,https://www.city.sapporo.jp/kensetsu/yuki/documents/snowfall_r08_0411.xls
2025-12-30,中央区,snowfall,0.0,published; reference periods in source notes,https://www.city.sapporo.jp/kensetsu/yuki/documents/snowfall_r08_0411.xls
2025-12-30,北区(太平),snowfall,0.0,published; reference periods in source notes,https://www.city.sapporo.jp/kensetsu/yuki/documents/snowfall_r08_0411.xls
2025-12-30,北区(あいの里),snowfall,0.0,published; reference periods in source notes,https://www.city.sapporo.jp/kensetsu/yuki/documents/snowfall_r08_0411.xls
2025-12-30,東区,snowfall,0.0,published; reference periods in source notes,https://www.city.sapporo.jp/kensetsu/yuki/documents/snowfall_r08_0411.xls
2025-12-30,白石区,snowfall,0.0,published; reference periods in source notes,https://www.city.sapporo.jp/kensetsu/yuki/documents/snowfall_r08_0411.xls
2025-12-30,厚別区,snowfall,0.0,published; reference periods in source notes,https://www.city.sapporo.jp/kensetsu/yuki/documents/snowfall_r08_0411.xls
2025-12-30,豊平区,snowfall,0.0,published; reference periods in source notes,https://www.city.sapporo.jp/kensetsu/yuki/documents/snowfall_r08_0411.xls
2025-12-30,清田区,snowfall,1.0,published; reference periods in source notes,https://www.city.sapporo.jp/kensetsu/yuki/documents/snowfall_r08_0411.xls
2025-12-30,南区(南31条西8丁目),snowfall,0.0,published; reference periods in source notes,https://www.city.sapporo.jp/kensetsu/yuki/documents/snowfall_r08_0411.xls
2025-12-30,南区(定山渓),snowfall,0.0,published; reference periods in source notes,https://www.city.sapporo.jp/kensetsu/yuki/documents/snowfall_r08_0411.xls
2025-12-30,西区(西野),snowfall,0.0,published; reference periods in source notes,https://www.city.sapporo.jp/kensetsu/yuki/documents/snowfall_r08_0411.xls
2025-12-30,西区(平和),snowfall,0.0,published; reference periods in source notes,https://www.city.sapporo.jp/kensetsu/yuki/documents/snowfall_r08_0411.xls
2025-12-30,手稲区,snowfall,0.0,published; reference periods in source notes,https://www.city.sapporo.jp/kensetsu/yuki/documents/snowfall_r08_0411.xls
2025-12-31,中央区,snowfall,3.0,published; reference periods in source notes,https://www.city.sapporo.jp/kensetsu/yuki/documents/snowfall_r08_0411.xls
2025-12-31,北区(太平),snowfall,2.0,published; reference periods in source notes,https://www.city.sapporo.jp/kensetsu/yuki/documents/snowfall_r08_0411.xls
2025-12-31,北区(あいの里),snowfall,0.0,published; reference periods in source notes,https://www.city.sapporo.jp/kensetsu/yuki/documents/snowfall_r08_0411.xls
2025-12-31,東区,snowfall,1.0,published; reference periods in source notes,https://www.city.sapporo.jp/kensetsu/yuki/documents/snowfall_r08_0411.xls
2025-12-31,白石区,snowfall,1.0,published; reference periods in source notes,https://www.city.sapporo.jp/kensetsu/yuki/documents/snowfall_r08_0411.xls
2025-12-31,厚別区,snowfall,1.0,published; reference periods in source notes,https://www.city.sapporo.jp/kensetsu/yuki/documents/snowfall_r08_0411.xls
2025-12-31,豊平区,snowfall,4.0,published; reference periods in source notes,https://www.city.sapporo.jp/kensetsu/yuki/documents/snowfall_r08_0411.xls
2025-12-31,清田区,snowfall,0.0,published; reference periods in source notes,https://www.city.sapporo.jp/kensetsu/yuki/documents/snowfall_r08_0411.xls
2025-12-31,南区(南31条西8丁目),snowfall,1.0,published; reference periods in source notes,https://www.city.sapporo.jp/kensetsu/yuki/documents/snowfall_r08_0411.xls
2025-12-31,南区(定山渓),snowfall,9.0,published; reference periods in source notes,https://www.city.sapporo.jp/kensetsu/yuki/documents/snowfall_r08_0411.xls
2025-12-31,西区(西野),snowfall,1.0,published; reference periods in source notes,https://www.city.sapporo.jp/kensetsu/yuki/documents/snowfall_r08_0411.xls
2025-12-31,西区(平和),snowfall,1.0,published; reference periods in source notes,https://www.city.sapporo.jp/kensetsu/yuki/documents/snowfall_r08_0411.xls
2025-12-31,手稲区,snowfall,6.0,published; reference periods in source notes,https://www.city.sapporo.jp/kensetsu/yuki/documents/snowfall_r08_0411.xls
2026-01-01,中央区,snowfall,8.0,published; reference periods in source notes,https://www.city.sapporo.jp/kensetsu/yuki/documents/snowfall_r08_0411.xls
2026-01-01,北区(太平),snowfall,6.0,published; reference periods in source notes,https://www.city.sapporo.jp/kensetsu/yuki/documents/snowfall_r08_0411.xls
2026-01-01,北区(あいの里),snowfall,6.0,published; reference periods in source notes,https://www.city.sapporo.jp/kensetsu/yuki/documents/snowfall_r08_0411.xls
2026-01-01,東区,snowfall,4.0,published; reference periods in source notes,https://www.city.sapporo.jp/kensetsu/yuki/documents/snowfall_r08_0411.xls
2026-01-01,白石区,snowfall,2.0,published; reference periods in source notes,https://www.city.sapporo.jp/kensetsu/yuki/documents/snowfall_r08_0411.xls
2026-01-01,厚別区,snowfall,1.0,published; reference periods in source notes,https://www.city.sapporo.jp/kensetsu/yuki/documents/snowfall_r08_0411.xls
2026-01-01,豊平区,snowfall,2.0,published; reference periods in source notes,https://www.city.sapporo.jp/kensetsu/yuki/documents/snowfall_r08_0411.xls
2026-01-01,清田区,snowfall,3.0,published; reference periods in source notes,https://www.city.sapporo.jp/kensetsu/yuki/documents/snowfall_r08_0411.xls
2026-01-01,南区(南31条西8丁目),snowfall,3.0,published; reference periods in source notes,https://www.city.sapporo.jp/kensetsu/yuki/documents/snowfall_r08_0411.xls
2026-01-01,南区(定山渓),snowfall,7.0,published; reference periods in source notes,https://www.city.sapporo.jp/kensetsu/yuki/documents/snowfall_r08_0411.xls
2026-01-01,西区(西野),snowfall,12.0,published; reference periods in source notes,https://www.city.sapporo.jp/kensetsu/yuki/documents/snowfall_r08_0411.xls
2026-01-01,西区(平和),snowfall,10.0,published; reference periods in source notes,https://www.city.sapporo.jp/kensetsu/yuki/documents/snowfall_r08_0411.xls
2026-01-01,手稲区,snowfall,9.0,published; reference periods in source notes,https://www.city.sapporo.jp/kensetsu/yuki/documents/snowfall_r08_0411.xls
2026-01-02,中央区,snowfall,3.0,published; reference periods in source notes,https://www.city.sapporo.jp/kensetsu/yuki/documents/snowfall_r08_0411.xls
2026-01-02,北区(太平),snowfall,4.0,published; reference periods in source notes,https://www.city.sapporo.jp/kensetsu/yuki/documents/snowfall_r08_0411.xls
2026-01-02,北区(あいの里),snowfall,5.0,published; reference periods in source notes,https://www.city.sapporo.jp/kensetsu/yuki/documents/snowfall_r08_0411.xls
2026-01-02,東区,snowfall,5.0,published; reference periods in source notes,https://www.city.sapporo.jp/kensetsu/yuki/documents/snowfall_r08_0411.xls
2026-01-02,白石区,snowfall,7.0,published; reference periods in source notes,https://www.city.sapporo.jp/kensetsu/yuki/documents/snowfall_r08_0411.xls
2026-01-02,厚別区,snowfall,5.0,published; reference periods in source notes,https://www.city.sapporo.jp/kensetsu/yuki/documents/snowfall_r08_0411.xls
2026-01-02,豊平区,snowfall,4.0,published; reference periods in source notes,https://www.city.sapporo.jp/kensetsu/yuki/documents/snowfall_r08_0411.xls
2026-01-02,清田区,snowfall,4.0,published; reference periods in source notes,https://www.city.sapporo.jp/kensetsu/yuki/documents/snowfall_r08_0411.xls
2026-01-02,南区(南31条西8丁目),snowfall,6.0,published; reference periods in source notes,https://www.city.sapporo.jp/kensetsu/yuki/documents/snowfall_r08_0411.xls
2026-01-02,南区(定山渓),snowfall,9.0,published; reference periods in source notes,https://www.city.sapporo.jp/kensetsu/yuki/documents/snowfall_r08_0411.xls
2026-01-02,西区(西野),snowfall,6.0,published; reference periods in source notes,https://www.city.sapporo.jp/kensetsu/yuki/documents/snowfall_r08_0411.xls
2026-01-02,西区(平和),snowfall,10.0,published; reference periods in source notes,https://www.city.sapporo.jp/kensetsu/yuki/documents/snowfall_r08_0411.xls
2026-01-02,手稲区,snowfall,9.0,published; reference periods in source notes,https://www.city.sapporo.jp/kensetsu/yuki/documents/snowfall_r08_0411.xls
2026-01-03,中央区,snowfall,17.0,published; reference periods in source notes,https://www.city.sapporo.jp/kensetsu/yuki/documents/snowfall_r08_0411.xls
2026-01-03,北区(太平),snowfall,9.0,published; reference periods in source notes,https://www.city.sapporo.jp/kensetsu/yuki/documents/snowfall_r08_0411.xls
2026-01-03,北区(あいの里),snowfall,5.0,published; reference periods in source notes,https://www.city.sapporo.jp/kensetsu/yuki/documents/snowfall_r08_0411.xls
2026-01-03,東区,snowfall,14.0,published; reference periods in source notes,https://www.city.sapporo.jp/kensetsu/yuki/documents/snowfall_r08_0411.xls
2026-01-03,白石区,snowfall,17.0,published; reference periods in source notes,https://www.city.sapporo.jp/kensetsu/yuki/documents/snowfall_r08_0411.xls
2026-01-03,厚別区,snowfall,14.0,published; reference periods in source notes,https://www.city.sapporo.jp/kensetsu/yuki/documents/snowfall_r08_0411.xls
2026-01-03,豊平区,snowfall,15.0,published; reference periods in source notes,https://www.city.sapporo.jp/kensetsu/yuki/documents/snowfall_r08_0411.xls
2026-01-03,清田区,snowfall,17.0,published; reference periods in source notes,https://www.city.sapporo.jp/kensetsu/yuki/documents/snowfall_r08_0411.xls
2026-01-03,南区(南31条西8丁目),snowfall,15.0,published; reference periods in source notes,https://www.city.sapporo.jp/kensetsu/yuki/documents/snowfall_r08_0411.xls
2026-01-03,南区(定山渓),snowfall,11.0,published; reference periods in source notes,https://www.city.sapporo.jp/kensetsu/yuki/documents/snowfall_r08_0411.xls
2026-01-03,西区(西野),snowfall,15.0,published; reference periods in source notes,https://www.city.sapporo.jp/kensetsu/yuki/documents/snowfall_r08_0411.xls
2026-01-03,西区(平和),snowfall,9.0,published; reference periods in source notes,https://www.city.sapporo.jp/kensetsu/yuki/documents/snowfall_r08_0411.xls
2026-01-03,手稲区,snowfall,8.0,published; reference periods in source notes,https://www.city.sapporo.jp/kensetsu/yuki/documents/snowfall_r08_0411.xls
2026-01-04,中央区,snowfall,1.0,published; reference periods in source notes,https://www.city.sapporo.jp/kensetsu/yuki/documents/snowfall_r08_0411.xls
2026-01-04,北区(太平),snowfall,0.0,published; reference periods in source notes,https://www.city.sapporo.jp/kensetsu/yuki/documents/snowfall_r08_0411.xls
2026-01-04,北区(あいの里),snowfall,0.0,published; reference periods in source notes,https://www.city.sapporo.jp/kensetsu/yuki/documents/snowfall_r08_0411.xls
2026-01-04,東区,snowfall,0.0,published; reference periods in source notes,https://www.city.sapporo.jp/kensetsu/yuki/documents/snowfall_r08_0411.xls
2026-01-04,白石区,snowfall,1.0,published; reference periods in source notes,https://www.city.sapporo.jp/kensetsu/yuki/documents/snowfall_r08_0411.xls
2026-01-04,厚別区,snowfall,0.0,published; reference periods in source notes,https://www.city.sapporo.jp/kensetsu/yuki/documents/snowfall_r08_0411.xls
2026-01-04,豊平区,snowfall,1.0,published; reference periods in source notes,https://www.city.sapporo.jp/kensetsu/yuki/documents/snowfall_r08_0411.xls
2026-01-04,清田区,snowfall,0.0,published; reference periods in source notes,https://www.city.sapporo.jp/kensetsu/yuki/documents/snowfall_r08_0411.xls
2026-01-04,南区(南31条西8丁目),snowfall,0.0,published; reference periods in source notes,https://www.city.sapporo.jp/kensetsu/yuki/documents/snowfall_r08_0411.xls
2026-01-04,南区(定山渓),snowfall,1.0,published; reference periods in source notes,https://www.city.sapporo.jp/kensetsu/yuki/documents/snowfall_r08_0411.xls
2026-01-04,西区(西野),snowfall,2.0,published; reference periods in source notes,https://www.city.sapporo.jp/kensetsu/yuki/documents/snowfall_r08_0411.xls
2026-01-04,西区(平和),snowfall,3.0,published; reference periods in source notes,https://www.city.sapporo.jp/kensetsu/yuki/documents/snowfall_r08_0411.xls
2026-01-04,手稲区,snowfall,0.0,published; reference periods in source notes,https://www.city.sapporo.jp/kensetsu/yuki/documents/snowfall_r08_0411.xls
2026-01-05,中央区,snowfall,1.0,published; reference periods in source notes,https://www.city.sapporo.jp/kensetsu/yuki/documents/snowfall_r08_0411.xls
2026-01-05,北区(太平),snowfall,1.0,published; reference periods in source notes,https://www.city.sapporo.jp/kensetsu/yuki/documents/snowfall_r08_0411.xls
2026-01-05,北区(あいの里),snowfall,2.0,published; reference periods in source notes,https://www.city.sapporo.jp/kensetsu/yuki/documents/snowfall_r08_0411.xls
2026-01-05,東区,snowfall,2.0,published; reference periods in source notes,https://www.city.sapporo.jp/kensetsu/yuki/documents/snowfall_r08_0411.xls
2026-01-05,白石区,snowfall,1.0,published; reference periods in source notes,https://www.city.sapporo.jp/kensetsu/yuki/documents/snowfall_r08_0411.xls
2026-01-05,厚別区,snowfall,0.0,published; reference periods in source notes,https://www.city.sapporo.jp/kensetsu/yuki/documents/snowfall_r08_0411.xls
2026-01-05,豊平区,snowfall,0.0,published; reference periods in source notes,https://www.city.sapporo.jp/kensetsu/yuki/documents/snowfall_r08_0411.xls
2026-01-05,清田区,snowfall,0.0,published; reference periods in source notes,https://www.city.sapporo.jp/kensetsu/yuki/documents/snowfall_r08_0411.xls
2026-01-05,南区(南31条西8丁目),snowfall,0.0,published; reference periods in source notes,https://www.city.sapporo.jp/kensetsu/yuki/documents/snowfall_r08_0411.xls
2026-01-05,南区(定山渓),snowfall,6.0,published; reference periods in source notes,https://www.city.sapporo.jp/kensetsu/yuki/documents/snowfall_r08_0411.xls
2026-01-05,西区(西野),snowfall,0.0,published; reference periods in source notes,https://www.city.sapporo.jp/kensetsu/yuki/documents/snowfall_r08_0411.xls
2026-01-05,西区(平和),snowfall,3.0,published; reference periods in source notes,https://www.city.sapporo.jp/kensetsu/yuki/documents/snowfall_r08_0411.xls
2026-01-05,手稲区,snowfall,4.0,published; reference periods in source notes,https://www.city.sapporo.jp/kensetsu/yuki/documents/snowfall_r08_0411.xls
2026-01-06,中央区,snowfall,0.0,published; reference periods in source notes,https://www.city.sapporo.jp/kensetsu/yuki/documents/snowfall_r08_0411.xls
2026-01-06,北区(太平),snowfall,5.0,published; reference periods in source notes,https://www.city.sapporo.jp/kensetsu/yuki/documents/snowfall_r08_0411.xls
2026-01-06,北区(あいの里),snowfall,7.0,published; reference periods in source notes,https://www.city.sapporo.jp/kensetsu/yuki/documents/snowfall_r08_0411.xls
2026-01-06,東区,snowfall,2.0,published; reference periods in source notes,https://www.city.sapporo.jp/kensetsu/yuki/documents/snowfall_r08_0411.xls
2026-01-06,白石区,snowfall,0.0,published; reference periods in source notes,https://www.city.sapporo.jp/kensetsu/yuki/documents/snowfall_r08_0411.xls
2026-01-06,厚別区,snowfall,2.0,published; reference periods in source notes,https://www.city.sapporo.jp/kensetsu/yuki/documents/snowfall_r08_0411.xls
2026-01-06,豊平区,snowfall,0.0,published; reference periods in source notes,https://www.city.sapporo.jp/kensetsu/yuki/documents/snowfall_r08_0411.xls
2026-01-06,清田区,snowfall,0.0,published; reference periods in source notes,https://www.city.sapporo.jp/kensetsu/yuki/documents/snowfall_r08_0411.xls
2026-01-06,南区(南31条西8丁目),snowfall,0.0,published; reference periods in source notes,https://www.city.sapporo.jp/kensetsu/yuki/documents/snowfall_r08_0411.xls
2026-01-06,南区(定山渓),snowfall,0.0,published; reference periods in source notes,https://www.city.sapporo.jp/kensetsu/yuki/documents/snowfall_r08_0411.xls
2026-01-06,西区(西野),snowfall,0.0,published; reference periods in source notes,https://www.city.sapporo.jp/kensetsu/yuki/documents/snowfall_r08_0411.xls
2026-01-06,西区(平和),snowfall,1.0,published; reference periods in source notes,https://www.city.sapporo.jp/kensetsu/yuki/documents/snowfall_r08_0411.xls
2026-01-06,手稲区,snowfall,1.0,published; reference periods in source notes,https://www.city.sapporo.jp/kensetsu/yuki/documents/snowfall_r08_0411.xls
2026-01-07,中央区,snowfall,0.0,published; reference periods in source notes,https://www.city.sapporo.jp/kensetsu/yuki/documents/snowfall_r08_0411.xls
2026-01-07,北区(太平),snowfall,0.0,published; reference periods in source notes,https://www.city.sapporo.jp/kensetsu/yuki/documents/snowfall_r08_0411.xls
2026-01-07,北区(あいの里),snowfall,3.0,published; reference periods in source notes,https://www.city.sapporo.jp/kensetsu/yuki/documents/snowfall_r08_0411.xls
2026-01-07,東区,snowfall,1.0,published; reference periods in source notes,https://www.city.sapporo.jp/kensetsu/yuki/documents/snowfall_r08_0411.xls
2026-01-07,白石区,snowfall,0.0,published; reference periods in source notes,https://www.city.sapporo.jp/kensetsu/yuki/documents/snowfall_r08_0411.xls
2026-01-07,厚別区,snowfall,0.0,published; reference periods in source notes,https://www.city.sapporo.jp/kensetsu/yuki/documents/snowfall_r08_0411.xls
2026-01-07,豊平区,snowfall,0.0,published; reference periods in source notes,https://www.city.sapporo.jp/kensetsu/yuki/documents/snowfall_r08_0411.xls
2026-01-07,清田区,snowfall,0.0,published; reference periods in source notes,https://www.city.sapporo.jp/kensetsu/yuki/documents/snowfall_r08_0411.xls
2026-01-07,南区(南31条西8丁目),snowfall,0.0,published; reference periods in source notes,https://www.city.sapporo.jp/kensetsu/yuki/documents/snowfall_r08_0411.xls
2026-01-07,南区(定山渓),snowfall,0.0,published; reference periods in source notes,https://www.city.sapporo.jp/kensetsu/yuki/documents/snowfall_r08_0411.xls
2026-01-07,西区(西野),snowfall,0.0,published; reference periods in source notes,https://www.city.sapporo.jp/kensetsu/yuki/documents/snowfall_r08_0411.xls
2026-01-07,西区(平和),snowfall,0.0,published; reference periods in source notes,https://www.city.sapporo.jp/kensetsu/yuki/documents/snowfall_r08_0411.xls
2026-01-07,手稲区,snowfall,1.0,published; reference periods in source notes,https://www.city.sapporo.jp/kensetsu/yuki/documents/snowfall_r08_0411.xls
2026-01-08,中央区,snowfall,21.0,published; reference periods in source notes,https://www.city.sapporo.jp/kensetsu/yuki/documents/snowfall_r08_0411.xls
2026-01-08,北区(太平),snowfall,20.0,published; reference periods in source notes,https://www.city.sapporo.jp/kensetsu/yuki/documents/snowfall_r08_0411.xls
2026-01-08,北区(あいの里),snowfall,12.0,published; reference periods in source notes,https://www.city.sapporo.jp/kensetsu/yuki/documents/snowfall_r08_0411.xls
2026-01-08,東区,snowfall,20.0,published; reference periods in source notes,https://www.city.sapporo.jp/kensetsu/yuki/documents/snowfall_r08_0411.xls
2026-01-08,白石区,snowfall,14.0,published; reference periods in source notes,https://www.city.sapporo.jp/kensetsu/yuki/documents/snowfall_r08_0411.xls
2026-01-08,厚別区,snowfall,20.0,published; reference periods in source notes,https://www.city.sapporo.jp/kensetsu/yuki/documents/snowfall_r08_0411.xls
2026-01-08,豊平区,snowfall,19.0,published; reference periods in source notes,https://www.city.sapporo.jp/kensetsu/yuki/documents/snowfall_r08_0411.xls
2026-01-08,清田区,snowfall,20.0,published; reference periods in source notes,https://www.city.sapporo.jp/kensetsu/yuki/documents/snowfall_r08_0411.xls
2026-01-08,南区(南31条西8丁目),snowfall,26.0,published; reference periods in source notes,https://www.city.sapporo.jp/kensetsu/yuki/documents/snowfall_r08_0411.xls
2026-01-08,南区(定山渓),snowfall,11.0,published; reference periods in source notes,https://www.city.sapporo.jp/kensetsu/yuki/documents/snowfall_r08_0411.xls
2026-01-08,西区(西野),snowfall,23.0,published; reference periods in source notes,https://www.city.sapporo.jp/kensetsu/yuki/documents/snowfall_r08_0411.xls
2026-01-08,西区(平和),snowfall,19.0,published; reference periods in source notes,https://www.city.sapporo.jp/kensetsu/yuki/documents/snowfall_r08_0411.xls
2026-01-08,手稲区,snowfall,17.0,published; reference periods in source notes,https://www.city.sapporo.jp/kensetsu/yuki/documents/snowfall_r08_0411.xls
2026-01-09,中央区,snowfall,27.0,published; reference periods in source notes,https://www.city.sapporo.jp/kensetsu/yuki/documents/snowfall_r08_0411.xls
2026-01-09,北区(太平),snowfall,29.0,published; reference periods in source notes,https://www.city.sapporo.jp/kensetsu/yuki/documents/snowfall_r08_0411.xls
2026-01-09,北区(あいの里),snowfall,23.0,published; reference periods in source notes,https://www.city.sapporo.jp/kensetsu/yuki/documents/snowfall_r08_0411.xls
2026-01-09,東区,snowfall,30.0,published; reference periods in source notes,https://www.city.sapporo.jp/kensetsu/yuki/documents/snowfall_r08_0411.xls
2026-01-09,白石区,snowfall,32.0,published; reference periods in source notes,https://www.city.sapporo.jp/kensetsu/yuki/documents/snowfall_r08_0411.xls
2026-01-09,厚別区,snowfall,28.0,published; reference periods in source notes,https://www.city.sapporo.jp/kensetsu/yuki/documents/snowfall_r08_0411.xls
2026-01-09,豊平区,snowfall,21.0,published; reference periods in source notes,https://www.city.sapporo.jp/kensetsu/yuki/documents/snowfall_r08_0411.xls
2026-01-09,清田区,snowfall,26.0,published; reference periods in source notes,https://www.city.sapporo.jp/kensetsu/yuki/documents/snowfall_r08_0411.xls
2026-01-09,南区(南31条西8丁目),snowfall,20.0,published; reference periods in source notes,https://www.city.sapporo.jp/kensetsu/yuki/documents/snowfall_r08_0411.xls
2026-01-09,南区(定山渓),snowfall,4.0,published; reference periods in source notes,https://www.city.sapporo.jp/kensetsu/yuki/documents/snowfall_r08_0411.xls
2026-01-09,西区(西野),snowfall,22.0,published; reference periods in source notes,https://www.city.sapporo.jp/kensetsu/yuki/documents/snowfall_r08_0411.xls
2026-01-09,西区(平和),snowfall,13.0,published; reference periods in source notes,https://www.city.sapporo.jp/kensetsu/yuki/documents/snowfall_r08_0411.xls
2026-01-09,手稲区,snowfall,29.0,published; reference periods in source notes,https://www.city.sapporo.jp/kensetsu/yuki/documents/snowfall_r08_0411.xls
2026-01-10,中央区,snowfall,0.0,published; reference periods in source notes,https://www.city.sapporo.jp/kensetsu/yuki/documents/snowfall_r08_0411.xls
2026-01-10,北区(太平),snowfall,0.0,published; reference periods in source notes,https://www.city.sapporo.jp/kensetsu/yuki/documents/snowfall_r08_0411.xls
2026-01-10,北区(あいの里),snowfall,0.0,published; reference periods in source notes,https://www.city.sapporo.jp/kensetsu/yuki/documents/snowfall_r08_0411.xls
2026-01-10,東区,snowfall,0.0,published; reference periods in source notes,https://www.city.sapporo.jp/kensetsu/yuki/documents/snowfall_r08_0411.xls
2026-01-10,白石区,snowfall,0.0,published; reference periods in source notes,https://www.city.sapporo.jp/kensetsu/yuki/documents/snowfall_r08_0411.xls
2026-01-10,厚別区,snowfall,0.0,published; reference periods in source notes,https://www.city.sapporo.jp/kensetsu/yuki/documents/snowfall_r08_0411.xls
2026-01-10,豊平区,snowfall,0.0,published; reference periods in source notes,https://www.city.sapporo.jp/kensetsu/yuki/documents/snowfall_r08_0411.xls
2026-01-10,清田区,snowfall,0.0,published; reference periods in source notes,https://www.city.sapporo.jp/kensetsu/yuki/documents/snowfall_r08_0411.xls
2026-01-10,南区(南31条西8丁目),snowfall,0.0,published; reference periods in source notes,https://www.city.sapporo.jp/kensetsu/yuki/documents/snowfall_r08_0411.xls
2026-01-10,南区(定山渓),snowfall,3.0,published; reference periods in source notes,https://www.city.sapporo.jp/kensetsu/yuki/documents/snowfall_r08_0411.xls
2026-01-10,西区(西野),snowfall,0.0,published; reference periods in source notes,https://www.city.sapporo.jp/kensetsu/yuki/documents/snowfall_r08_0411.xls
2026-01-10,西区(平和),snowfall,0.0,published; reference periods in source notes,https://www.city.sapporo.jp/kensetsu/yuki/documents/snowfall_r08_0411.xls
2026-01-10,手稲区,snowfall,0.0,published; reference periods in source notes,https://www.city.sapporo.jp/kensetsu/yuki/documents/snowfall_r08_0411.xls
2026-01-11,中央区,snowfall,0.0,published; reference periods in source notes,https://www.city.sapporo.jp/kensetsu/yuki/documents/snowfall_r08_0411.xls
2026-01-11,北区(太平),snowfall,0.0,published; reference periods in source notes,https://www.city.sapporo.jp/kensetsu/yuki/documents/snowfall_r08_0411.xls
2026-01-11,北区(あいの里),snowfall,0.0,published; reference periods in source notes,https://www.city.sapporo.jp/kensetsu/yuki/documents/snowfall_r08_0411.xls
2026-01-11,東区,snowfall,0.0,published; reference periods in source notes,https://www.city.sapporo.jp/kensetsu/yuki/documents/snowfall_r08_0411.xls
2026-01-11,白石区,snowfall,0.0,published; reference periods in source notes,https://www.city.sapporo.jp/kensetsu/yuki/documents/snowfall_r08_0411.xls
2026-01-11,厚別区,snowfall,1.0,published; reference periods in source notes,https://www.city.sapporo.jp/kensetsu/yuki/documents/snowfall_r08_0411.xls
2026-01-11,豊平区,snowfall,1.0,published; reference periods in source notes,https://www.city.sapporo.jp/kensetsu/yuki/documents/snowfall_r08_0411.xls
2026-01-11,清田区,snowfall,1.0,published; reference periods in source notes,https://www.city.sapporo.jp/kensetsu/yuki/documents/snowfall_r08_0411.xls
2026-01-11,南区(南31条西8丁目),snowfall,1.0,published; reference periods in source notes,https://www.city.sapporo.jp/kensetsu/yuki/documents/snowfall_r08_0411.xls
2026-01-11,南区(定山渓),snowfall,9.0,published; reference periods in source notes,https://www.city.sapporo.jp/kensetsu/yuki/documents/snowfall_r08_0411.xls
2026-01-11,西区(西野),snowfall,1.0,published; reference periods in source notes,https://www.city.sapporo.jp/kensetsu/yuki/documents/snowfall_r08_0411.xls
2026-01-11,西区(平和),snowfall,4.0,published; reference periods in source notes,https://www.city.sapporo.jp/kensetsu/yuki/documents/snowfall_r08_0411.xls
2026-01-11,手稲区,snowfall,0.0,published; reference periods in source notes,https://www.city.sapporo.jp/kensetsu/yuki/documents/snowfall_r08_0411.xls
2026-01-12,中央区,snowfall,14.0,published; reference periods in source notes,https://www.city.sapporo.jp/kensetsu/yuki/documents/snowfall_r08_0411.xls
2026-01-12,北区(太平),snowfall,13.0,published; reference periods in source notes,https://www.city.sapporo.jp/kensetsu/yuki/documents/snowfall_r08_0411.xls
2026-01-12,北区(あいの里),snowfall,2.0,published; reference periods in source notes,https://www.city.sapporo.jp/kensetsu/yuki/documents/snowfall_r08_0411.xls
2026-01-12,東区,snowfall,25.0,published; reference periods in source notes,https://www.city.sapporo.jp/kensetsu/yuki/documents/snowfall_r08_0411.xls
2026-01-12,白石区,snowfall,27.0,published; reference periods in source notes,https://www.city.sapporo.jp/kensetsu/yuki/documents/snowfall_r08_0411.xls
2026-01-12,厚別区,snowfall,31.0,published; reference periods in source notes,https://www.city.sapporo.jp/kensetsu/yuki/documents/snowfall_r08_0411.xls
2026-01-12,豊平区,snowfall,17.0,published; reference periods in source notes,https://www.city.sapporo.jp/kensetsu/yuki/documents/snowfall_r08_0411.xls
2026-01-12,清田区,snowfall,15.0,published; reference periods in source notes,https://www.city.sapporo.jp/kensetsu/yuki/documents/snowfall_r08_0411.xls
2026-01-12,南区(南31条西8丁目),snowfall,13.0,published; reference periods in source notes,https://www.city.sapporo.jp/kensetsu/yuki/documents/snowfall_r08_0411.xls
2026-01-12,南区(定山渓),snowfall,6.0,published; reference periods in source notes,https://www.city.sapporo.jp/kensetsu/yuki/documents/snowfall_r08_0411.xls
2026-01-12,西区(西野),snowfall,20.0,published; reference periods in source notes,https://www.city.sapporo.jp/kensetsu/yuki/documents/snowfall_r08_0411.xls
2026-01-12,西区(平和),snowfall,14.0,published; reference periods in source notes,https://www.city.sapporo.jp/kensetsu/yuki/documents/snowfall_r08_0411.xls
2026-01-12,手稲区,snowfall,22.0,published; reference periods in source notes,https://www.city.sapporo.jp/kensetsu/yuki/documents/snowfall_r08_0411.xls
2026-01-13,中央区,snowfall,3.0,published; reference periods in source notes,https://www.city.sapporo.jp/kensetsu/yuki/documents/snowfall_r08_0411.xls
2026-01-13,北区(太平),snowfall,5.0,published; reference periods in source notes,https://www.city.sapporo.jp/kensetsu/yuki/documents/snowfall_r08_0411.xls
2026-01-13,北区(あいの里),snowfall,6.0,published; reference periods in source notes,https://www.city.sapporo.jp/kensetsu/yuki/documents/snowfall_r08_0411.xls
2026-01-13,東区,snowfall,1.0,published; reference periods in source notes,https://www.city.sapporo.jp/kensetsu/yuki/documents/snowfall_r08_0411.xls
2026-01-13,白石区,snowfall,0.0,published; reference periods in source notes,https://www.city.sapporo.jp/kensetsu/yuki/documents/snowfall_r08_0411.xls
2026-01-13,厚別区,snowfall,0.0,published; reference periods in source notes,https://www.city.sapporo.jp/kensetsu/yuki/documents/snowfall_r08_0411.xls
2026-01-13,豊平区,snowfall,1.0,published; reference periods in source notes,https://www.city.sapporo.jp/kensetsu/yuki/documents/snowfall_r08_0411.xls
2026-01-13,清田区,snowfall,0.0,published; reference periods in source notes,https://www.city.sapporo.jp/kensetsu/yuki/documents/snowfall_r08_0411.xls
2026-01-13,南区(南31条西8丁目),snowfall,4.0,published; reference periods in source notes,https://www.city.sapporo.jp/kensetsu/yuki/documents/snowfall_r08_0411.xls
2026-01-13,南区(定山渓),snowfall,8.0,published; reference periods in source notes,https://www.city.sapporo.jp/kensetsu/yuki/documents/snowfall_r08_0411.xls
2026-01-13,西区(西野),snowfall,5.0,published; reference periods in source notes,https://www.city.sapporo.jp/kensetsu/yuki/documents/snowfall_r08_0411.xls
2026-01-13,西区(平和),snowfall,7.0,published; reference periods in source notes,https://www.city.sapporo.jp/kensetsu/yuki/documents/snowfall_r08_0411.xls
2026-01-13,手稲区,snowfall,4.0,published; reference periods in source notes,https://www.city.sapporo.jp/kensetsu/yuki/documents/snowfall_r08_0411.xls
2026-01-14,中央区,snowfall,11.0,published; reference periods in source notes,https://www.city.sapporo.jp/kensetsu/yuki/documents/snowfall_r08_0411.xls
2026-01-14,北区(太平),snowfall,12.0,published; reference periods in source notes,https://www.city.sapporo.jp/kensetsu/yuki/documents/snowfall_r08_0411.xls
2026-01-14,北区(あいの里),snowfall,11.0,published; reference periods in source notes,https://www.city.sapporo.jp/kensetsu/yuki/documents/snowfall_r08_0411.xls
2026-01-14,東区,snowfall,18.0,published; reference periods in source notes,https://www.city.sapporo.jp/kensetsu/yuki/documents/snowfall_r08_0411.xls
2026-01-14,白石区,snowfall,22.0,published; reference periods in source notes,https://www.city.sapporo.jp/kensetsu/yuki/documents/snowfall_r08_0411.xls
2026-01-14,厚別区,snowfall,24.0,published; reference periods in source notes,https://www.city.sapporo.jp/kensetsu/yuki/documents/snowfall_r08_0411.xls
2026-01-14,豊平区,snowfall,20.0,published; reference periods in source notes,https://www.city.sapporo.jp/kensetsu/yuki/documents/snowfall_r08_0411.xls
2026-01-14,清田区,snowfall,21.0,published; reference periods in source notes,https://www.city.sapporo.jp/kensetsu/yuki/documents/snowfall_r08_0411.xls
2026-01-14,南区(南31条西8丁目),snowfall,19.0,published; reference periods in source notes,https://www.city.sapporo.jp/kensetsu/yuki/documents/snowfall_r08_0411.xls
2026-01-14,南区(定山渓),snowfall,22.0,published; reference periods in source notes,https://www.city.sapporo.jp/kensetsu/yuki/documents/snowfall_r08_0411.xls
2026-01-14,西区(西野),snowfall,14.0,published; reference periods in source notes,https://www.city.sapporo.jp/kensetsu/yuki/documents/snowfall_r08_0411.xls
2026-01-14,西区(平和),snowfall,17.0,published; reference periods in source notes,https://www.city.sapporo.jp/kensetsu/yuki/documents/snowfall_r08_0411.xls
2026-01-14,手稲区,snowfall,25.0,published; reference periods in source notes,https://www.city.sapporo.jp/kensetsu/yuki/documents/snowfall_r08_0411.xls
2026-01-15,中央区,snowfall,1.0,published; reference periods in source notes,https://www.city.sapporo.jp/kensetsu/yuki/documents/snowfall_r08_0411.xls
2026-01-15,北区(太平),snowfall,0.0,published; reference periods in source notes,https://www.city.sapporo.jp/kensetsu/yuki/documents/snowfall_r08_0411.xls
2026-01-15,北区(あいの里),snowfall,0.0,published; reference periods in source notes,https://www.city.sapporo.jp/kensetsu/yuki/documents/snowfall_r08_0411.xls
2026-01-15,東区,snowfall,1.0,published; reference periods in source notes,https://www.city.sapporo.jp/kensetsu/yuki/documents/snowfall_r08_0411.xls
2026-01-15,白石区,snowfall,0.0,published; reference periods in source notes,https://www.city.sapporo.jp/kensetsu/yuki/documents/snowfall_r08_0411.xls
2026-01-15,厚別区,snowfall,3.0,published; reference periods in source notes,https://www.city.sapporo.jp/kensetsu/yuki/documents/snowfall_r08_0411.xls
2026-01-15,豊平区,snowfall,0.0,published; reference periods in source notes,https://www.city.sapporo.jp/kensetsu/yuki/documents/snowfall_r08_0411.xls
2026-01-15,清田区,snowfall,1.0,published; reference periods in source notes,https://www.city.sapporo.jp/kensetsu/yuki/documents/snowfall_r08_0411.xls
2026-01-15,南区(南31条西8丁目),snowfall,2.0,published; reference periods in source notes,https://www.city.sapporo.jp/kensetsu/yuki/documents/snowfall_r08_0411.xls
2026-01-15,南区(定山渓),snowfall,4.0,published; reference periods in source notes,https://www.city.sapporo.jp/kensetsu/yuki/documents/snowfall_r08_0411.xls
2026-01-15,西区(西野),snowfall,1.0,published; reference periods in source notes,https://www.city.sapporo.jp/kensetsu/yuki/documents/snowfall_r08_0411.xls
2026-01-15,西区(平和),snowfall,1.0,published; reference periods in source notes,https://www.city.sapporo.jp/kensetsu/yuki/documents/snowfall_r08_0411.xls
2026-01-15,手稲区,snowfall,1.0,published; reference periods in source notes,https://www.city.sapporo.jp/kensetsu/yuki/documents/snowfall_r08_0411.xls
2026-01-16,中央区,snowfall,0.0,published; reference periods in source notes,https://www.city.sapporo.jp/kensetsu/yuki/documents/snowfall_r08_0411.xls
2026-01-16,北区(太平),snowfall,0.0,published; reference periods in source notes,https://www.city.sapporo.jp/kensetsu/yuki/documents/snowfall_r08_0411.xls
2026-01-16,北区(あいの里),snowfall,0.0,published; reference periods in source notes,https://www.city.sapporo.jp/kensetsu/yuki/documents/snowfall_r08_0411.xls
2026-01-16,東区,snowfall,0.0,published; reference periods in source notes,https://www.city.sapporo.jp/kensetsu/yuki/documents/snowfall_r08_0411.xls
2026-01-16,白石区,snowfall,0.0,published; reference periods in source notes,https://www.city.sapporo.jp/kensetsu/yuki/documents/snowfall_r08_0411.xls
2026-01-16,厚別区,snowfall,0.0,published; reference periods in source notes,https://www.city.sapporo.jp/kensetsu/yuki/documents/snowfall_r08_0411.xls
2026-01-16,豊平区,snowfall,0.0,published; reference periods in source notes,https://www.city.sapporo.jp/kensetsu/yuki/documents/snowfall_r08_0411.xls
2026-01-16,清田区,snowfall,0.0,published; reference periods in source notes,https://www.city.sapporo.jp/kensetsu/yuki/documents/snowfall_r08_0411.xls
2026-01-16,南区(南31条西8丁目),snowfall,0.0,published; reference periods in source notes,https://www.city.sapporo.jp/kensetsu/yuki/documents/snowfall_r08_0411.xls
2026-01-16,南区(定山渓),snowfall,0.0,published; reference periods in source notes,https://www.city.sapporo.jp/kensetsu/yuki/documents/snowfall_r08_0411.xls
2026-01-16,西区(西野),snowfall,1.0,published; reference periods in source notes,https://www.city.sapporo.jp/kensetsu/yuki/documents/snowfall_r08_0411.xls
2026-01-16,西区(平和),snowfall,1.0,published; reference periods in source notes,https://www.city.sapporo.jp/kensetsu/yuki/documents/snowfall_r08_0411.xls
2026-01-16,手稲区,snowfall,1.0,published; reference periods in source notes,https://www.city.sapporo.jp/kensetsu/yuki/documents/snowfall_r08_0411.xls
2026-01-17,中央区,snowfall,0.0,published; reference periods in source notes,https://www.city.sapporo.jp/kensetsu/yuki/documents/snowfall_r08_0411.xls
2026-01-17,北区(太平),snowfall,0.0,published; reference periods in source notes,https://www.city.sapporo.jp/kensetsu/yuki/documents/snowfall_r08_0411.xls
2026-01-17,北区(あいの里),snowfall,0.0,published; reference periods in source notes,https://www.city.sapporo.jp/kensetsu/yuki/documents/snowfall_r08_0411.xls
2026-01-17,東区,snowfall,0.0,published; reference periods in source notes,https://www.city.sapporo.jp/kensetsu/yuki/documents/snowfall_r08_0411.xls
2026-01-17,白石区,snowfall,0.0,published; reference periods in source notes,https://www.city.sapporo.jp/kensetsu/yuki/documents/snowfall_r08_0411.xls
2026-01-17,厚別区,snowfall,0.0,published; reference periods in source notes,https://www.city.sapporo.jp/kensetsu/yuki/documents/snowfall_r08_0411.xls
2026-01-17,豊平区,snowfall,0.0,published; reference periods in source notes,https://www.city.sapporo.jp/kensetsu/yuki/documents/snowfall_r08_0411.xls
2026-01-17,清田区,snowfall,0.0,published; reference periods in source notes,https://www.city.sapporo.jp/kensetsu/yuki/documents/snowfall_r08_0411.xls
2026-01-17,南区(南31条西8丁目),snowfall,0.0,published; reference periods in source notes,https://www.city.sapporo.jp/kensetsu/yuki/documents/snowfall_r08_0411.xls
2026-01-17,南区(定山渓),snowfall,0.0,published; reference periods in source notes,https://www.city.sapporo.jp/kensetsu/yuki/documents/snowfall_r08_0411.xls
2026-01-17,西区(西野),snowfall,0.0,published; reference periods in source notes,https://www.city.sapporo.jp/kensetsu/yuki/documents/snowfall_r08_0411.xls
2026-01-17,西区(平和),snowfall,1.0,published; reference periods in source notes,https://www.city.sapporo.jp/kensetsu/yuki/documents/snowfall_r08_0411.xls
2026-01-17,手稲区,snowfall,0.0,published; reference periods in source notes,https://www.city.sapporo.jp/kensetsu/yuki/documents/snowfall_r08_0411.xls
2026-01-18,中央区,snowfall,11.0,published; reference periods in source notes,https://www.city.sapporo.jp/kensetsu/yuki/documents/snowfall_r08_0411.xls
2026-01-18,北区(太平),snowfall,2.0,published; reference periods in source notes,https://www.city.sapporo.jp/kensetsu/yuki/documents/snowfall_r08_0411.xls
2026-01-18,北区(あいの里),snowfall,4.0,published; reference periods in source notes,https://www.city.sapporo.jp/kensetsu/yuki/documents/snowfall_r08_0411.xls
2026-01-18,東区,snowfall,4.0,published; reference periods in source notes,https://www.city.sapporo.jp/kensetsu/yuki/documents/snowfall_r08_0411.xls
2026-01-18,白石区,snowfall,6.0,published; reference periods in source notes,https://www.city.sapporo.jp/kensetsu/yuki/documents/snowfall_r08_0411.xls
2026-01-18,厚別区,snowfall,3.0,published; reference periods in source notes,https://www.city.sapporo.jp/kensetsu/yuki/documents/snowfall_r08_0411.xls
2026-01-18,豊平区,snowfall,11.0,published; reference periods in source notes,https://www.city.sapporo.jp/kensetsu/yuki/documents/snowfall_r08_0411.xls
2026-01-18,清田区,snowfall,7.0,published; reference periods in source notes,https://www.city.sapporo.jp/kensetsu/yuki/documents/snowfall_r08_0411.xls
2026-01-18,南区(南31条西8丁目),snowfall,11.0,published; reference periods in source notes,https://www.city.sapporo.jp/kensetsu/yuki/documents/snowfall_r08_0411.xls
2026-01-18,南区(定山渓),snowfall,13.0,published; reference periods in source notes,https://www.city.sapporo.jp/kensetsu/yuki/documents/snowfall_r08_0411.xls
2026-01-18,西区(西野),snowfall,15.0,published; reference periods in source notes,https://www.city.sapporo.jp/kensetsu/yuki/documents/snowfall_r08_0411.xls
2026-01-18,西区(平和),snowfall,23.0,published; reference periods in source notes,https://www.city.sapporo.jp/kensetsu/yuki/documents/snowfall_r08_0411.xls
2026-01-18,手稲区,snowfall,12.0,published; reference periods in source notes,https://www.city.sapporo.jp/kensetsu/yuki/documents/snowfall_r08_0411.xls
2026-01-19,中央区,snowfall,0.0,published; reference periods in source notes,https://www.city.sapporo.jp/kensetsu/yuki/documents/snowfall_r08_0411.xls
2026-01-19,北区(太平),snowfall,0.0,published; reference periods in source notes,https://www.city.sapporo.jp/kensetsu/yuki/documents/snowfall_r08_0411.xls
2026-01-19,北区(あいの里),snowfall,0.0,published; reference periods in source notes,https://www.city.sapporo.jp/kensetsu/yuki/documents/snowfall_r08_0411.xls
2026-01-19,東区,snowfall,0.0,published; reference periods in source notes,https://www.city.sapporo.jp/kensetsu/yuki/documents/snowfall_r08_0411.xls
2026-01-19,白石区,snowfall,0.0,published; reference periods in source notes,https://www.city.sapporo.jp/kensetsu/yuki/documents/snowfall_r08_0411.xls
2026-01-19,厚別区,snowfall,0.0,published; reference periods in source notes,https://www.city.sapporo.jp/kensetsu/yuki/documents/snowfall_r08_0411.xls
2026-01-19,豊平区,snowfall,0.0,published; reference periods in source notes,https://www.city.sapporo.jp/kensetsu/yuki/documents/snowfall_r08_0411.xls
2026-01-19,清田区,snowfall,0.0,published; reference periods in source notes,https://www.city.sapporo.jp/kensetsu/yuki/documents/snowfall_r08_0411.xls
2026-01-19,南区(南31条西8丁目),snowfall,0.0,published; reference periods in source notes,https://www.city.sapporo.jp/kensetsu/yuki/documents/snowfall_r08_0411.xls
2026-01-19,南区(定山渓),snowfall,0.0,published; reference periods in source notes,https://www.city.sapporo.jp/kensetsu/yuki/documents/snowfall_r08_0411.xls
2026-01-19,西区(西野),snowfall,1.0,published; reference periods in source notes,https://www.city.sapporo.jp/kensetsu/yuki/documents/snowfall_r08_0411.xls
2026-01-19,西区(平和),snowfall,0.0,published; reference periods in source notes,https://www.city.sapporo.jp/kensetsu/yuki/documents/snowfall_r08_0411.xls
2026-01-19,手稲区,snowfall,1.0,published; reference periods in source notes,https://www.city.sapporo.jp/kensetsu/yuki/documents/snowfall_r08_0411.xls
2026-01-20,中央区,snowfall,2.0,published; reference periods in source notes,https://www.city.sapporo.jp/kensetsu/yuki/documents/snowfall_r08_0411.xls
2026-01-20,北区(太平),snowfall,2.0,published; reference periods in source notes,https://www.city.sapporo.jp/kensetsu/yuki/documents/snowfall_r08_0411.xls
2026-01-20,北区(あいの里),snowfall,3.0,published; reference periods in source notes,https://www.city.sapporo.jp/kensetsu/yuki/documents/snowfall_r08_0411.xls
2026-01-20,東区,snowfall,3.0,published; reference periods in source notes,https://www.city.sapporo.jp/kensetsu/yuki/documents/snowfall_r08_0411.xls
2026-01-20,白石区,snowfall,3.0,published; reference periods in source notes,https://www.city.sapporo.jp/kensetsu/yuki/documents/snowfall_r08_0411.xls
2026-01-20,厚別区,snowfall,2.0,published; reference periods in source notes,https://www.city.sapporo.jp/kensetsu/yuki/documents/snowfall_r08_0411.xls
2026-01-20,豊平区,snowfall,2.0,published; reference periods in source notes,https://www.city.sapporo.jp/kensetsu/yuki/documents/snowfall_r08_0411.xls
2026-01-20,清田区,snowfall,3.0,published; reference periods in source notes,https://www.city.sapporo.jp/kensetsu/yuki/documents/snowfall_r08_0411.xls
2026-01-20,南区(南31条西8丁目),snowfall,1.0,published; reference periods in source notes,https://www.city.sapporo.jp/kensetsu/yuki/documents/snowfall_r08_0411.xls
2026-01-20,南区(定山渓),snowfall,8.0,published; reference periods in source notes,https://www.city.sapporo.jp/kensetsu/yuki/documents/snowfall_r08_0411.xls
2026-01-20,西区(西野),snowfall,2.0,published; reference periods in source notes,https://www.city.sapporo.jp/kensetsu/yuki/documents/snowfall_r08_0411.xls
2026-01-20,西区(平和),snowfall,1.0,published; reference periods in source notes,https://www.city.sapporo.jp/kensetsu/yuki/documents/snowfall_r08_0411.xls
2026-01-20,手稲区,snowfall,3.0,published; reference periods in source notes,https://www.city.sapporo.jp/kensetsu/yuki/documents/snowfall_r08_0411.xls
2026-01-21,中央区,snowfall,14.0,published; reference periods in source notes,https://www.city.sapporo.jp/kensetsu/yuki/documents/snowfall_r08_0411.xls
2026-01-21,北区(太平),snowfall,9.0,published; reference periods in source notes,https://www.city.sapporo.jp/kensetsu/yuki/documents/snowfall_r08_0411.xls
2026-01-21,北区(あいの里),snowfall,10.0,published; reference periods in source notes,https://www.city.sapporo.jp/kensetsu/yuki/documents/snowfall_r08_0411.xls
2026-01-21,東区,snowfall,9.0,published; reference periods in source notes,https://www.city.sapporo.jp/kensetsu/yuki/documents/snowfall_r08_0411.xls
2026-01-21,白石区,snowfall,13.0,published; reference periods in source notes,https://www.city.sapporo.jp/kensetsu/yuki/documents/snowfall_r08_0411.xls
2026-01-21,厚別区,snowfall,7.0,published; reference periods in source notes,https://www.city.sapporo.jp/kensetsu/yuki/documents/snowfall_r08_0411.xls
2026-01-21,豊平区,snowfall,14.0,published; reference periods in source notes,https://www.city.sapporo.jp/kensetsu/yuki/documents/snowfall_r08_0411.xls
2026-01-21,清田区,snowfall,14.0,published; reference periods in source notes,https://www.city.sapporo.jp/kensetsu/yuki/documents/snowfall_r08_0411.xls
2026-01-21,南区(南31条西8丁目),snowfall,16.0,published; reference periods in source notes,https://www.city.sapporo.jp/kensetsu/yuki/documents/snowfall_r08_0411.xls
2026-01-21,南区(定山渓),snowfall,9.0,published; reference periods in source notes,https://www.city.sapporo.jp/kensetsu/yuki/documents/snowfall_r08_0411.xls
2026-01-21,西区(西野),snowfall,17.0,published; reference periods in source notes,https://www.city.sapporo.jp/kensetsu/yuki/documents/snowfall_r08_0411.xls
2026-01-21,西区(平和),snowfall,16.0,published; reference periods in source notes,https://www.city.sapporo.jp/kensetsu/yuki/documents/snowfall_r08_0411.xls
2026-01-21,手稲区,snowfall,14.0,published; reference periods in source notes,https://www.city.sapporo.jp/kensetsu/yuki/documents/snowfall_r08_0411.xls
2026-01-22,中央区,snowfall,15.0,published; reference periods in source notes,https://www.city.sapporo.jp/kensetsu/yuki/documents/snowfall_r08_0411.xls
2026-01-22,北区(太平),snowfall,49.0,published; reference periods in source notes,https://www.city.sapporo.jp/kensetsu/yuki/documents/snowfall_r08_0411.xls
2026-01-22,北区(あいの里),snowfall,12.0,published; reference periods in source notes,https://www.city.sapporo.jp/kensetsu/yuki/documents/snowfall_r08_0411.xls
2026-01-22,東区,snowfall,41.0,published; reference periods in source notes,https://www.city.sapporo.jp/kensetsu/yuki/documents/snowfall_r08_0411.xls
2026-01-22,白石区,snowfall,24.0,published; reference periods in source notes,https://www.city.sapporo.jp/kensetsu/yuki/documents/snowfall_r08_0411.xls
2026-01-22,厚別区,snowfall,18.0,published; reference periods in source notes,https://www.city.sapporo.jp/kensetsu/yuki/documents/snowfall_r08_0411.xls
2026-01-22,豊平区,snowfall,13.0,published; reference periods in source notes,https://www.city.sapporo.jp/kensetsu/yuki/documents/snowfall_r08_0411.xls
2026-01-22,清田区,snowfall,14.0,published; reference periods in source notes,https://www.city.sapporo.jp/kensetsu/yuki/documents/snowfall_r08_0411.xls
2026-01-22,南区(南31条西8丁目),snowfall,8.0,published; reference periods in source notes,https://www.city.sapporo.jp/kensetsu/yuki/documents/snowfall_r08_0411.xls
2026-01-22,南区(定山渓),snowfall,1.0,published; reference periods in source notes,https://www.city.sapporo.jp/kensetsu/yuki/documents/snowfall_r08_0411.xls
2026-01-22,西区(西野),snowfall,13.0,published; reference periods in source notes,https://www.city.sapporo.jp/kensetsu/yuki/documents/snowfall_r08_0411.xls
2026-01-22,西区(平和),snowfall,7.0,published; reference periods in source notes,https://www.city.sapporo.jp/kensetsu/yuki/documents/snowfall_r08_0411.xls
2026-01-22,手稲区,snowfall,22.0,published; reference periods in source notes,https://www.city.sapporo.jp/kensetsu/yuki/documents/snowfall_r08_0411.xls
2026-01-23,中央区,snowfall,4.0,published; reference periods in source notes,https://www.city.sapporo.jp/kensetsu/yuki/documents/snowfall_r08_0411.xls
2026-01-23,北区(太平),snowfall,6.0,published; reference periods in source notes,https://www.city.sapporo.jp/kensetsu/yuki/documents/snowfall_r08_0411.xls
2026-01-23,北区(あいの里),snowfall,7.0,published; reference periods in source notes,https://www.city.sapporo.jp/kensetsu/yuki/documents/snowfall_r08_0411.xls
2026-01-23,東区,snowfall,3.0,published; reference periods in source notes,https://www.city.sapporo.jp/kensetsu/yuki/documents/snowfall_r08_0411.xls
2026-01-23,白石区,snowfall,2.0,published; reference periods in source notes,https://www.city.sapporo.jp/kensetsu/yuki/documents/snowfall_r08_0411.xls
2026-01-23,厚別区,snowfall,1.0,published; reference periods in source notes,https://www.city.sapporo.jp/kensetsu/yuki/documents/snowfall_r08_0411.xls
2026-01-23,豊平区,snowfall,4.0,published; reference periods in source notes,https://www.city.sapporo.jp/kensetsu/yuki/documents/snowfall_r08_0411.xls
2026-01-23,清田区,snowfall,1.0,published; reference periods in source notes,https://www.city.sapporo.jp/kensetsu/yuki/documents/snowfall_r08_0411.xls
2026-01-23,南区(南31条西8丁目),snowfall,4.0,published; reference periods in source notes,https://www.city.sapporo.jp/kensetsu/yuki/documents/snowfall_r08_0411.xls
2026-01-23,南区(定山渓),snowfall,1.0,published; reference periods in source notes,https://www.city.sapporo.jp/kensetsu/yuki/documents/snowfall_r08_0411.xls
2026-01-23,西区(西野),snowfall,5.0,published; reference periods in source notes,https://www.city.sapporo.jp/kensetsu/yuki/documents/snowfall_r08_0411.xls
2026-01-23,西区(平和),snowfall,2.0,published; reference periods in source notes,https://www.city.sapporo.jp/kensetsu/yuki/documents/snowfall_r08_0411.xls
2026-01-23,手稲区,snowfall,5.0,published; reference periods in source notes,https://www.city.sapporo.jp/kensetsu/yuki/documents/snowfall_r08_0411.xls
2026-01-24,中央区,snowfall,0.0,published; reference periods in source notes,https://www.city.sapporo.jp/kensetsu/yuki/documents/snowfall_r08_0411.xls
2026-01-24,北区(太平),snowfall,0.0,published; reference periods in source notes,https://www.city.sapporo.jp/kensetsu/yuki/documents/snowfall_r08_0411.xls
2026-01-24,北区(あいの里),snowfall,0.0,published; reference periods in source notes,https://www.city.sapporo.jp/kensetsu/yuki/documents/snowfall_r08_0411.xls
2026-01-24,東区,snowfall,0.0,published; reference periods in source notes,https://www.city.sapporo.jp/kensetsu/yuki/documents/snowfall_r08_0411.xls
2026-01-24,白石区,snowfall,0.0,published; reference periods in source notes,https://www.city.sapporo.jp/kensetsu/yuki/documents/snowfall_r08_0411.xls
2026-01-24,厚別区,snowfall,0.0,published; reference periods in source notes,https://www.city.sapporo.jp/kensetsu/yuki/documents/snowfall_r08_0411.xls
2026-01-24,豊平区,snowfall,0.0,published; reference periods in source notes,https://www.city.sapporo.jp/kensetsu/yuki/documents/snowfall_r08_0411.xls
2026-01-24,清田区,snowfall,0.0,published; reference periods in source notes,https://www.city.sapporo.jp/kensetsu/yuki/documents/snowfall_r08_0411.xls
2026-01-24,南区(南31条西8丁目),snowfall,0.0,published; reference periods in source notes,https://www.city.sapporo.jp/kensetsu/yuki/documents/snowfall_r08_0411.xls
2026-01-24,南区(定山渓),snowfall,1.0,published; reference periods in source notes,https://www.city.sapporo.jp/kensetsu/yuki/documents/snowfall_r08_0411.xls
2026-01-24,西区(西野),snowfall,0.0,published; reference periods in source notes,https://www.city.sapporo.jp/kensetsu/yuki/documents/snowfall_r08_0411.xls
2026-01-24,西区(平和),snowfall,0.0,published; reference periods in source notes,https://www.city.sapporo.jp/kensetsu/yuki/documents/snowfall_r08_0411.xls
2026-01-24,手稲区,snowfall,0.0,published; reference periods in source notes,https://www.city.sapporo.jp/kensetsu/yuki/documents/snowfall_r08_0411.xls
2026-01-25,中央区,snowfall,37.0,published; reference periods in source notes,https://www.city.sapporo.jp/kensetsu/yuki/documents/snowfall_r08_0411.xls
2026-01-25,北区(太平),snowfall,24.0,published; reference periods in source notes,https://www.city.sapporo.jp/kensetsu/yuki/documents/snowfall_r08_0411.xls
2026-01-25,北区(あいの里),snowfall,31.0,published; reference periods in source notes,https://www.city.sapporo.jp/kensetsu/yuki/documents/snowfall_r08_0411.xls
2026-01-25,東区,snowfall,25.0,published; reference periods in source notes,https://www.city.sapporo.jp/kensetsu/yuki/documents/snowfall_r08_0411.xls
2026-01-25,白石区,snowfall,28.0,published; reference periods in source notes,https://www.city.sapporo.jp/kensetsu/yuki/documents/snowfall_r08_0411.xls
2026-01-25,厚別区,snowfall,29.0,published; reference periods in source notes,https://www.city.sapporo.jp/kensetsu/yuki/documents/snowfall_r08_0411.xls
2026-01-25,豊平区,snowfall,36.0,published; reference periods in source notes,https://www.city.sapporo.jp/kensetsu/yuki/documents/snowfall_r08_0411.xls
2026-01-25,清田区,snowfall,29.0,published; reference periods in source notes,https://www.city.sapporo.jp/kensetsu/yuki/documents/snowfall_r08_0411.xls
2026-01-25,南区(南31条西8丁目),snowfall,37.0,published; reference periods in source notes,https://www.city.sapporo.jp/kensetsu/yuki/documents/snowfall_r08_0411.xls
2026-01-25,南区(定山渓),snowfall,16.0,published; reference periods in source notes,https://www.city.sapporo.jp/kensetsu/yuki/documents/snowfall_r08_0411.xls
2026-01-25,西区(西野),snowfall,30.0,published; reference periods in source notes,https://www.city.sapporo.jp/kensetsu/yuki/documents/snowfall_r08_0411.xls
2026-01-25,西区(平和),snowfall,28.0,published; reference periods in source notes,https://www.city.sapporo.jp/kensetsu/yuki/documents/snowfall_r08_0411.xls
2026-01-25,手稲区,snowfall,28.0,published; reference periods in source notes,https://www.city.sapporo.jp/kensetsu/yuki/documents/snowfall_r08_0411.xls
2026-01-26,中央区,snowfall,32.0,published; reference periods in source notes,https://www.city.sapporo.jp/kensetsu/yuki/documents/snowfall_r08_0411.xls
2026-01-26,北区(太平),snowfall,38.0,published; reference periods in source notes,https://www.city.sapporo.jp/kensetsu/yuki/documents/snowfall_r08_0411.xls
2026-01-26,北区(あいの里),snowfall,20.0,published; reference periods in source notes,https://www.city.sapporo.jp/kensetsu/yuki/documents/snowfall_r08_0411.xls
2026-01-26,東区,snowfall,37.0,published; reference periods in source notes,https://www.city.sapporo.jp/kensetsu/yuki/documents/snowfall_r08_0411.xls
2026-01-26,白石区,snowfall,37.0,published; reference periods in source notes,https://www.city.sapporo.jp/kensetsu/yuki/documents/snowfall_r08_0411.xls
2026-01-26,厚別区,snowfall,33.0,published; reference periods in source notes,https://www.city.sapporo.jp/kensetsu/yuki/documents/snowfall_r08_0411.xls
2026-01-26,豊平区,snowfall,32.0,published; reference periods in source notes,https://www.city.sapporo.jp/kensetsu/yuki/documents/snowfall_r08_0411.xls
2026-01-26,清田区,snowfall,32.0,published; reference periods in source notes,https://www.city.sapporo.jp/kensetsu/yuki/documents/snowfall_r08_0411.xls
2026-01-26,南区(南31条西8丁目),snowfall,23.0,published; reference periods in source notes,https://www.city.sapporo.jp/kensetsu/yuki/documents/snowfall_r08_0411.xls
2026-01-26,南区(定山渓),snowfall,4.0,published; reference periods in source notes,https://www.city.sapporo.jp/kensetsu/yuki/documents/snowfall_r08_0411.xls
2026-01-26,西区(西野),snowfall,24.0,published; reference periods in source notes,https://www.city.sapporo.jp/kensetsu/yuki/documents/snowfall_r08_0411.xls
2026-01-26,西区(平和),snowfall,17.0,published; reference periods in source notes,https://www.city.sapporo.jp/kensetsu/yuki/documents/snowfall_r08_0411.xls
2026-01-26,手稲区,snowfall,25.0,published; reference periods in source notes,https://www.city.sapporo.jp/kensetsu/yuki/documents/snowfall_r08_0411.xls
2026-01-27,中央区,snowfall,1.0,published; reference periods in source notes,https://www.city.sapporo.jp/kensetsu/yuki/documents/snowfall_r08_0411.xls
2026-01-27,北区(太平),snowfall,1.0,published; reference periods in source notes,https://www.city.sapporo.jp/kensetsu/yuki/documents/snowfall_r08_0411.xls
2026-01-27,北区(あいの里),snowfall,5.0,published; reference periods in source notes,https://www.city.sapporo.jp/kensetsu/yuki/documents/snowfall_r08_0411.xls
2026-01-27,東区,snowfall,0.0,published; reference periods in source notes,https://www.city.sapporo.jp/kensetsu/yuki/documents/snowfall_r08_0411.xls
2026-01-27,白石区,snowfall,0.0,published; reference periods in source notes,https://www.city.sapporo.jp/kensetsu/yuki/documents/snowfall_r08_0411.xls
2026-01-27,厚別区,snowfall,0.0,published; reference periods in source notes,https://www.city.sapporo.jp/kensetsu/yuki/documents/snowfall_r08_0411.xls
2026-01-27,豊平区,snowfall,0.0,published; reference periods in source notes,https://www.city.sapporo.jp/kensetsu/yuki/documents/snowfall_r08_0411.xls
2026-01-27,清田区,snowfall,0.0,published; reference periods in source notes,https://www.city.sapporo.jp/kensetsu/yuki/documents/snowfall_r08_0411.xls
2026-01-27,南区(南31条西8丁目),snowfall,0.0,published; reference periods in source notes,https://www.city.sapporo.jp/kensetsu/yuki/documents/snowfall_r08_0411.xls
2026-01-27,南区(定山渓),snowfall,1.0,published; reference periods in source notes,https://www.city.sapporo.jp/kensetsu/yuki/documents/snowfall_r08_0411.xls
2026-01-27,西区(西野),snowfall,0.0,published; reference periods in source notes,https://www.city.sapporo.jp/kensetsu/yuki/documents/snowfall_r08_0411.xls
2026-01-27,西区(平和),snowfall,0.0,published; reference periods in source notes,https://www.city.sapporo.jp/kensetsu/yuki/documents/snowfall_r08_0411.xls
2026-01-27,手稲区,snowfall,0.0,published; reference periods in source notes,https://www.city.sapporo.jp/kensetsu/yuki/documents/snowfall_r08_0411.xls
2026-01-28,中央区,snowfall,0.0,published; reference periods in source notes,https://www.city.sapporo.jp/kensetsu/yuki/documents/snowfall_r08_0411.xls
2026-01-28,北区(太平),snowfall,0.0,published; reference periods in source notes,https://www.city.sapporo.jp/kensetsu/yuki/documents/snowfall_r08_0411.xls
2026-01-28,北区(あいの里),snowfall,0.0,published; reference periods in source notes,https://www.city.sapporo.jp/kensetsu/yuki/documents/snowfall_r08_0411.xls
2026-01-28,東区,snowfall,0.0,published; reference periods in source notes,https://www.city.sapporo.jp/kensetsu/yuki/documents/snowfall_r08_0411.xls
2026-01-28,白石区,snowfall,0.0,published; reference periods in source notes,https://www.city.sapporo.jp/kensetsu/yuki/documents/snowfall_r08_0411.xls
2026-01-28,厚別区,snowfall,0.0,published; reference periods in source notes,https://www.city.sapporo.jp/kensetsu/yuki/documents/snowfall_r08_0411.xls
2026-01-28,豊平区,snowfall,0.0,published; reference periods in source notes,https://www.city.sapporo.jp/kensetsu/yuki/documents/snowfall_r08_0411.xls
2026-01-28,清田区,snowfall,0.0,published; reference periods in source notes,https://www.city.sapporo.jp/kensetsu/yuki/documents/snowfall_r08_0411.xls
2026-01-28,南区(南31条西8丁目),snowfall,0.0,published; reference periods in source notes,https://www.city.sapporo.jp/kensetsu/yuki/documents/snowfall_r08_0411.xls
2026-01-28,南区(定山渓),snowfall,2.0,published; reference periods in source notes,https://www.city.sapporo.jp/kensetsu/yuki/documents/snowfall_r08_0411.xls
2026-01-28,西区(西野),snowfall,0.0,published; reference periods in source notes,https://www.city.sapporo.jp/kensetsu/yuki/documents/snowfall_r08_0411.xls
2026-01-28,西区(平和),snowfall,0.0,published; reference periods in source notes,https://www.city.sapporo.jp/kensetsu/yuki/documents/snowfall_r08_0411.xls
2026-01-28,手稲区,snowfall,0.0,published; reference periods in source notes,https://www.city.sapporo.jp/kensetsu/yuki/documents/snowfall_r08_0411.xls
2026-01-29,中央区,snowfall,0.0,published; reference periods in source notes,https://www.city.sapporo.jp/kensetsu/yuki/documents/snowfall_r08_0411.xls
2026-01-29,北区(太平),snowfall,0.0,published; reference periods in source notes,https://www.city.sapporo.jp/kensetsu/yuki/documents/snowfall_r08_0411.xls
2026-01-29,北区(あいの里),snowfall,0.0,published; reference periods in source notes,https://www.city.sapporo.jp/kensetsu/yuki/documents/snowfall_r08_0411.xls
2026-01-29,東区,snowfall,0.0,published; reference periods in source notes,https://www.city.sapporo.jp/kensetsu/yuki/documents/snowfall_r08_0411.xls
2026-01-29,白石区,snowfall,0.0,published; reference periods in source notes,https://www.city.sapporo.jp/kensetsu/yuki/documents/snowfall_r08_0411.xls
2026-01-29,厚別区,snowfall,0.0,published; reference periods in source notes,https://www.city.sapporo.jp/kensetsu/yuki/documents/snowfall_r08_0411.xls
2026-01-29,豊平区,snowfall,0.0,published; reference periods in source notes,https://www.city.sapporo.jp/kensetsu/yuki/documents/snowfall_r08_0411.xls
2026-01-29,清田区,snowfall,0.0,published; reference periods in source notes,https://www.city.sapporo.jp/kensetsu/yuki/documents/snowfall_r08_0411.xls
2026-01-29,南区(南31条西8丁目),snowfall,0.0,published; reference periods in source notes,https://www.city.sapporo.jp/kensetsu/yuki/documents/snowfall_r08_0411.xls
2026-01-29,南区(定山渓),snowfall,0.0,published; reference periods in source notes,https://www.city.sapporo.jp/kensetsu/yuki/documents/snowfall_r08_0411.xls
2026-01-29,西区(西野),snowfall,0.0,published; reference periods in source notes,https://www.city.sapporo.jp/kensetsu/yuki/documents/snowfall_r08_0411.xls
2026-01-29,西区(平和),snowfall,0.0,published; reference periods in source notes,https://www.city.sapporo.jp/kensetsu/yuki/documents/snowfall_r08_0411.xls
2026-01-29,手稲区,snowfall,0.0,published; reference periods in source notes,https://www.city.sapporo.jp/kensetsu/yuki/documents/snowfall_r08_0411.xls
2026-01-30,中央区,snowfall,1.0,published; reference periods in source notes,https://www.city.sapporo.jp/kensetsu/yuki/documents/snowfall_r08_0411.xls
2026-01-30,北区(太平),snowfall,0.0,published; reference periods in source notes,https://www.city.sapporo.jp/kensetsu/yuki/documents/snowfall_r08_0411.xls
2026-01-30,北区(あいの里),snowfall,0.0,published; reference periods in source notes,https://www.city.sapporo.jp/kensetsu/yuki/documents/snowfall_r08_0411.xls
2026-01-30,東区,snowfall,1.0,published; reference periods in source notes,https://www.city.sapporo.jp/kensetsu/yuki/documents/snowfall_r08_0411.xls
2026-01-30,白石区,snowfall,0.0,published; reference periods in source notes,https://www.city.sapporo.jp/kensetsu/yuki/documents/snowfall_r08_0411.xls
2026-01-30,厚別区,snowfall,1.0,published; reference periods in source notes,https://www.city.sapporo.jp/kensetsu/yuki/documents/snowfall_r08_0411.xls
2026-01-30,豊平区,snowfall,0.0,published; reference periods in source notes,https://www.city.sapporo.jp/kensetsu/yuki/documents/snowfall_r08_0411.xls
2026-01-30,清田区,snowfall,0.0,published; reference periods in source notes,https://www.city.sapporo.jp/kensetsu/yuki/documents/snowfall_r08_0411.xls
2026-01-30,南区(南31条西8丁目),snowfall,0.0,published; reference periods in source notes,https://www.city.sapporo.jp/kensetsu/yuki/documents/snowfall_r08_0411.xls
2026-01-30,南区(定山渓),snowfall,2.0,published; reference periods in source notes,https://www.city.sapporo.jp/kensetsu/yuki/documents/snowfall_r08_0411.xls
2026-01-30,西区(西野),snowfall,1.0,published; reference periods in source notes,https://www.city.sapporo.jp/kensetsu/yuki/documents/snowfall_r08_0411.xls
2026-01-30,西区(平和),snowfall,2.0,published; reference periods in source notes,https://www.city.sapporo.jp/kensetsu/yuki/documents/snowfall_r08_0411.xls
2026-01-30,手稲区,snowfall,1.0,published; reference periods in source notes,https://www.city.sapporo.jp/kensetsu/yuki/documents/snowfall_r08_0411.xls
2026-01-31,中央区,snowfall,15.0,published; reference periods in source notes,https://www.city.sapporo.jp/kensetsu/yuki/documents/snowfall_r08_0411.xls
2026-01-31,北区(太平),snowfall,29.0,published; reference periods in source notes,https://www.city.sapporo.jp/kensetsu/yuki/documents/snowfall_r08_0411.xls
2026-01-31,北区(あいの里),snowfall,22.0,published; reference periods in source notes,https://www.city.sapporo.jp/kensetsu/yuki/documents/snowfall_r08_0411.xls
2026-01-31,東区,snowfall,29.0,published; reference periods in source notes,https://www.city.sapporo.jp/kensetsu/yuki/documents/snowfall_r08_0411.xls
2026-01-31,白石区,snowfall,32.0,published; reference periods in source notes,https://www.city.sapporo.jp/kensetsu/yuki/documents/snowfall_r08_0411.xls
2026-01-31,厚別区,snowfall,28.0,published; reference periods in source notes,https://www.city.sapporo.jp/kensetsu/yuki/documents/snowfall_r08_0411.xls
2026-01-31,豊平区,snowfall,12.0,published; reference periods in source notes,https://www.city.sapporo.jp/kensetsu/yuki/documents/snowfall_r08_0411.xls
2026-01-31,清田区,snowfall,24.0,published; reference periods in source notes,https://www.city.sapporo.jp/kensetsu/yuki/documents/snowfall_r08_0411.xls
2026-01-31,南区(南31条西8丁目),snowfall,4.0,published; reference periods in source notes,https://www.city.sapporo.jp/kensetsu/yuki/documents/snowfall_r08_0411.xls
2026-01-31,南区(定山渓),snowfall,2.0,published; reference periods in source notes,https://www.city.sapporo.jp/kensetsu/yuki/documents/snowfall_r08_0411.xls
2026-01-31,西区(西野),snowfall,10.0,published; reference periods in source notes,https://www.city.sapporo.jp/kensetsu/yuki/documents/snowfall_r08_0411.xls
2026-01-31,西区(平和),snowfall,7.0,published; reference periods in source notes,https://www.city.sapporo.jp/kensetsu/yuki/documents/snowfall_r08_0411.xls
2026-01-31,手稲区,snowfall,12.0,published; reference periods in source notes,https://www.city.sapporo.jp/kensetsu/yuki/documents/snowfall_r08_0411.xls
2026-02-01,中央区,snowfall,8.0,published; reference periods in source notes,https://www.city.sapporo.jp/kensetsu/yuki/documents/snowfall_r08_0411.xls
2026-02-01,北区(太平),snowfall,3.0,published; reference periods in source notes,https://www.city.sapporo.jp/kensetsu/yuki/documents/snowfall_r08_0411.xls
2026-02-01,北区(あいの里),snowfall,4.0,published; reference periods in source notes,https://www.city.sapporo.jp/kensetsu/yuki/documents/snowfall_r08_0411.xls
2026-02-01,東区,snowfall,5.0,published; reference periods in source notes,https://www.city.sapporo.jp/kensetsu/yuki/documents/snowfall_r08_0411.xls
2026-02-01,白石区,snowfall,7.0,published; reference periods in source notes,https://www.city.sapporo.jp/kensetsu/yuki/documents/snowfall_r08_0411.xls
2026-02-01,厚別区,snowfall,7.0,published; reference periods in source notes,https://www.city.sapporo.jp/kensetsu/yuki/documents/snowfall_r08_0411.xls
2026-02-01,豊平区,snowfall,10.0,published; reference periods in source notes,https://www.city.sapporo.jp/kensetsu/yuki/documents/snowfall_r08_0411.xls
2026-02-01,清田区,snowfall,9.0,published; reference periods in source notes,https://www.city.sapporo.jp/kensetsu/yuki/documents/snowfall_r08_0411.xls
2026-02-01,南区(南31条西8丁目),snowfall,10.0,published; reference periods in source notes,https://www.city.sapporo.jp/kensetsu/yuki/documents/snowfall_r08_0411.xls
2026-02-01,南区(定山渓),snowfall,7.0,published; reference periods in source notes,https://www.city.sapporo.jp/kensetsu/yuki/documents/snowfall_r08_0411.xls
2026-02-01,西区(西野),snowfall,7.0,published; reference periods in source notes,https://www.city.sapporo.jp/kensetsu/yuki/documents/snowfall_r08_0411.xls
2026-02-01,西区(平和),snowfall,10.0,published; reference periods in source notes,https://www.city.sapporo.jp/kensetsu/yuki/documents/snowfall_r08_0411.xls
2026-02-01,手稲区,snowfall,4.0,published; reference periods in source notes,https://www.city.sapporo.jp/kensetsu/yuki/documents/snowfall_r08_0411.xls
2026-02-02,中央区,snowfall,24.0,published; reference periods in source notes,https://www.city.sapporo.jp/kensetsu/yuki/documents/snowfall_r08_0411.xls
2026-02-02,北区(太平),snowfall,16.0,published; reference periods in source notes,https://www.city.sapporo.jp/kensetsu/yuki/documents/snowfall_r08_0411.xls
2026-02-02,北区(あいの里),snowfall,11.0,published; reference periods in source notes,https://www.city.sapporo.jp/kensetsu/yuki/documents/snowfall_r08_0411.xls
2026-02-02,東区,snowfall,25.0,published; reference periods in source notes,https://www.city.sapporo.jp/kensetsu/yuki/documents/snowfall_r08_0411.xls
2026-02-02,白石区,snowfall,23.0,published; reference periods in source notes,https://www.city.sapporo.jp/kensetsu/yuki/documents/snowfall_r08_0411.xls
2026-02-02,厚別区,snowfall,12.0,published; reference periods in source notes,https://www.city.sapporo.jp/kensetsu/yuki/documents/snowfall_r08_0411.xls
2026-02-02,豊平区,snowfall,20.0,published; reference periods in source notes,https://www.city.sapporo.jp/kensetsu/yuki/documents/snowfall_r08_0411.xls
2026-02-02,清田区,snowfall,24.0,published; reference periods in source notes,https://www.city.sapporo.jp/kensetsu/yuki/documents/snowfall_r08_0411.xls
2026-02-02,南区(南31条西8丁目),snowfall,18.0,published; reference periods in source notes,https://www.city.sapporo.jp/kensetsu/yuki/documents/snowfall_r08_0411.xls
2026-02-02,南区(定山渓),snowfall,9.0,published; reference periods in source notes,https://www.city.sapporo.jp/kensetsu/yuki/documents/snowfall_r08_0411.xls
2026-02-02,西区(西野),snowfall,23.0,published; reference periods in source notes,https://www.city.sapporo.jp/kensetsu/yuki/documents/snowfall_r08_0411.xls
2026-02-02,西区(平和),snowfall,9.0,published; reference periods in source notes,https://www.city.sapporo.jp/kensetsu/yuki/documents/snowfall_r08_0411.xls
2026-02-02,手稲区,snowfall,24.0,published; reference periods in source notes,https://www.city.sapporo.jp/kensetsu/yuki/documents/snowfall_r08_0411.xls
2026-02-03,中央区,snowfall,0.0,published; reference periods in source notes,https://www.city.sapporo.jp/kensetsu/yuki/documents/snowfall_r08_0411.xls
2026-02-03,北区(太平),snowfall,1.0,published; reference periods in source notes,https://www.city.sapporo.jp/kensetsu/yuki/documents/snowfall_r08_0411.xls
2026-02-03,北区(あいの里),snowfall,1.0,published; reference periods in source notes,https://www.city.sapporo.jp/kensetsu/yuki/documents/snowfall_r08_0411.xls
2026-02-03,東区,snowfall,0.0,published; reference periods in source notes,https://www.city.sapporo.jp/kensetsu/yuki/documents/snowfall_r08_0411.xls
2026-02-03,白石区,snowfall,0.0,published; reference periods in source notes,https://www.city.sapporo.jp/kensetsu/yuki/documents/snowfall_r08_0411.xls
2026-02-03,厚別区,snowfall,2.0,published; reference periods in source notes,https://www.city.sapporo.jp/kensetsu/yuki/documents/snowfall_r08_0411.xls
2026-02-03,豊平区,snowfall,0.0,published; reference periods in source notes,https://www.city.sapporo.jp/kensetsu/yuki/documents/snowfall_r08_0411.xls
2026-02-03,清田区,snowfall,0.0,published; reference periods in source notes,https://www.city.sapporo.jp/kensetsu/yuki/documents/snowfall_r08_0411.xls
2026-02-03,南区(南31条西8丁目),snowfall,0.0,published; reference periods in source notes,https://www.city.sapporo.jp/kensetsu/yuki/documents/snowfall_r08_0411.xls
2026-02-03,南区(定山渓),snowfall,0.0,published; reference periods in source notes,https://www.city.sapporo.jp/kensetsu/yuki/documents/snowfall_r08_0411.xls
2026-02-03,西区(西野),snowfall,0.0,published; reference periods in source notes,https://www.city.sapporo.jp/kensetsu/yuki/documents/snowfall_r08_0411.xls
2026-02-03,西区(平和),snowfall,0.0,published; reference periods in source notes,https://www.city.sapporo.jp/kensetsu/yuki/documents/snowfall_r08_0411.xls
2026-02-03,手稲区,snowfall,1.0,published; reference periods in source notes,https://www.city.sapporo.jp/kensetsu/yuki/documents/snowfall_r08_0411.xls
2026-02-04,中央区,snowfall,0.0,published; reference periods in source notes,https://www.city.sapporo.jp/kensetsu/yuki/documents/snowfall_r08_0411.xls
2026-02-04,北区(太平),snowfall,0.0,published; reference periods in source notes,https://www.city.sapporo.jp/kensetsu/yuki/documents/snowfall_r08_0411.xls
2026-02-04,北区(あいの里),snowfall,0.0,published; reference periods in source notes,https://www.city.sapporo.jp/kensetsu/yuki/documents/snowfall_r08_0411.xls
2026-02-04,東区,snowfall,0.0,published; reference periods in source notes,https://www.city.sapporo.jp/kensetsu/yuki/documents/snowfall_r08_0411.xls
2026-02-04,白石区,snowfall,0.0,published; reference periods in source notes,https://www.city.sapporo.jp/kensetsu/yuki/documents/snowfall_r08_0411.xls
2026-02-04,厚別区,snowfall,0.0,published; reference periods in source notes,https://www.city.sapporo.jp/kensetsu/yuki/documents/snowfall_r08_0411.xls
2026-02-04,豊平区,snowfall,0.0,published; reference periods in source notes,https://www.city.sapporo.jp/kensetsu/yuki/documents/snowfall_r08_0411.xls
2026-02-04,清田区,snowfall,0.0,published; reference periods in source notes,https://www.city.sapporo.jp/kensetsu/yuki/documents/snowfall_r08_0411.xls
2026-02-04,南区(南31条西8丁目),snowfall,0.0,published; reference periods in source notes,https://www.city.sapporo.jp/kensetsu/yuki/documents/snowfall_r08_0411.xls
2026-02-04,南区(定山渓),snowfall,0.0,published; reference periods in source notes,https://www.city.sapporo.jp/kensetsu/yuki/documents/snowfall_r08_0411.xls
2026-02-04,西区(西野),snowfall,0.0,published; reference periods in source notes,https://www.city.sapporo.jp/kensetsu/yuki/documents/snowfall_r08_0411.xls
2026-02-04,西区(平和),snowfall,1.0,published; reference periods in source notes,https://www.city.sapporo.jp/kensetsu/yuki/documents/snowfall_r08_0411.xls
2026-02-04,手稲区,snowfall,0.0,published; reference periods in source notes,https://www.city.sapporo.jp/kensetsu/yuki/documents/snowfall_r08_0411.xls
2026-02-05,中央区,snowfall,0.0,published; reference periods in source notes,https://www.city.sapporo.jp/kensetsu/yuki/documents/snowfall_r08_0411.xls
2026-02-05,北区(太平),snowfall,0.0,published; reference periods in source notes,https://www.city.sapporo.jp/kensetsu/yuki/documents/snowfall_r08_0411.xls
2026-02-05,北区(あいの里),snowfall,0.0,published; reference periods in source notes,https://www.city.sapporo.jp/kensetsu/yuki/documents/snowfall_r08_0411.xls
2026-02-05,東区,snowfall,0.0,published; reference periods in source notes,https://www.city.sapporo.jp/kensetsu/yuki/documents/snowfall_r08_0411.xls
2026-02-05,白石区,snowfall,0.0,published; reference periods in source notes,https://www.city.sapporo.jp/kensetsu/yuki/documents/snowfall_r08_0411.xls
2026-02-05,厚別区,snowfall,0.0,published; reference periods in source notes,https://www.city.sapporo.jp/kensetsu/yuki/documents/snowfall_r08_0411.xls
2026-02-05,豊平区,snowfall,0.0,published; reference periods in source notes,https://www.city.sapporo.jp/kensetsu/yuki/documents/snowfall_r08_0411.xls
2026-02-05,清田区,snowfall,0.0,published; reference periods in source notes,https://www.city.sapporo.jp/kensetsu/yuki/documents/snowfall_r08_0411.xls
2026-02-05,南区(南31条西8丁目),snowfall,0.0,published; reference periods in source notes,https://www.city.sapporo.jp/kensetsu/yuki/documents/snowfall_r08_0411.xls
2026-02-05,南区(定山渓),snowfall,0.0,published; reference periods in source notes,https://www.city.sapporo.jp/kensetsu/yuki/documents/snowfall_r08_0411.xls
2026-02-05,西区(西野),snowfall,0.0,published; reference periods in source notes,https://www.city.sapporo.jp/kensetsu/yuki/documents/snowfall_r08_0411.xls
2026-02-05,西区(平和),snowfall,0.0,published; reference periods in source notes,https://www.city.sapporo.jp/kensetsu/yuki/documents/snowfall_r08_0411.xls
2026-02-05,手稲区,snowfall,0.0,published; reference periods in source notes,https://www.city.sapporo.jp/kensetsu/yuki/documents/snowfall_r08_0411.xls
2026-02-06,中央区,snowfall,3.0,published; reference periods in source notes,https://www.city.sapporo.jp/kensetsu/yuki/documents/snowfall_r08_0411.xls
2026-02-06,北区(太平),snowfall,5.0,published; reference periods in source notes,https://www.city.sapporo.jp/kensetsu/yuki/documents/snowfall_r08_0411.xls
2026-02-06,北区(あいの里),snowfall,3.0,published; reference periods in source notes,https://www.city.sapporo.jp/kensetsu/yuki/documents/snowfall_r08_0411.xls
2026-02-06,東区,snowfall,3.0,published; reference periods in source notes,https://www.city.sapporo.jp/kensetsu/yuki/documents/snowfall_r08_0411.xls
2026-02-06,白石区,snowfall,3.0,published; reference periods in source notes,https://www.city.sapporo.jp/kensetsu/yuki/documents/snowfall_r08_0411.xls
2026-02-06,厚別区,snowfall,4.0,published; reference periods in source notes,https://www.city.sapporo.jp/kensetsu/yuki/documents/snowfall_r08_0411.xls
2026-02-06,豊平区,snowfall,5.0,published; reference periods in source notes,https://www.city.sapporo.jp/kensetsu/yuki/documents/snowfall_r08_0411.xls
2026-02-06,清田区,snowfall,4.0,published; reference periods in source notes,https://www.city.sapporo.jp/kensetsu/yuki/documents/snowfall_r08_0411.xls
2026-02-06,南区(南31条西8丁目),snowfall,5.0,published; reference periods in source notes,https://www.city.sapporo.jp/kensetsu/yuki/documents/snowfall_r08_0411.xls
2026-02-06,南区(定山渓),snowfall,8.0,published; reference periods in source notes,https://www.city.sapporo.jp/kensetsu/yuki/documents/snowfall_r08_0411.xls
2026-02-06,西区(西野),snowfall,5.0,published; reference periods in source notes,https://www.city.sapporo.jp/kensetsu/yuki/documents/snowfall_r08_0411.xls
2026-02-06,西区(平和),snowfall,6.0,published; reference periods in source notes,https://www.city.sapporo.jp/kensetsu/yuki/documents/snowfall_r08_0411.xls
2026-02-06,手稲区,snowfall,5.0,published; reference periods in source notes,https://www.city.sapporo.jp/kensetsu/yuki/documents/snowfall_r08_0411.xls
2026-02-07,中央区,snowfall,4.0,published; reference periods in source notes,https://www.city.sapporo.jp/kensetsu/yuki/documents/snowfall_r08_0411.xls
2026-02-07,北区(太平),snowfall,2.0,published; reference periods in source notes,https://www.city.sapporo.jp/kensetsu/yuki/documents/snowfall_r08_0411.xls
2026-02-07,北区(あいの里),snowfall,2.0,published; reference periods in source notes,https://www.city.sapporo.jp/kensetsu/yuki/documents/snowfall_r08_0411.xls
2026-02-07,東区,snowfall,7.0,published; reference periods in source notes,https://www.city.sapporo.jp/kensetsu/yuki/documents/snowfall_r08_0411.xls
2026-02-07,白石区,snowfall,4.0,published; reference periods in source notes,https://www.city.sapporo.jp/kensetsu/yuki/documents/snowfall_r08_0411.xls
2026-02-07,厚別区,snowfall,3.0,published; reference periods in source notes,https://www.city.sapporo.jp/kensetsu/yuki/documents/snowfall_r08_0411.xls
2026-02-07,豊平区,snowfall,4.0,published; reference periods in source notes,https://www.city.sapporo.jp/kensetsu/yuki/documents/snowfall_r08_0411.xls
2026-02-07,清田区,snowfall,2.0,published; reference periods in source notes,https://www.city.sapporo.jp/kensetsu/yuki/documents/snowfall_r08_0411.xls
2026-02-07,南区(南31条西8丁目),snowfall,5.0,published; reference periods in source notes,https://www.city.sapporo.jp/kensetsu/yuki/documents/snowfall_r08_0411.xls
2026-02-07,南区(定山渓),snowfall,8.0,published; reference periods in source notes,https://www.city.sapporo.jp/kensetsu/yuki/documents/snowfall_r08_0411.xls
2026-02-07,西区(西野),snowfall,5.0,published; reference periods in source notes,https://www.city.sapporo.jp/kensetsu/yuki/documents/snowfall_r08_0411.xls
2026-02-07,西区(平和),snowfall,8.0,published; reference periods in source notes,https://www.city.sapporo.jp/kensetsu/yuki/documents/snowfall_r08_0411.xls
2026-02-07,手稲区,snowfall,6.0,published; reference periods in source notes,https://www.city.sapporo.jp/kensetsu/yuki/documents/snowfall_r08_0411.xls
2026-02-08,中央区,snowfall,0.0,published; reference periods in source notes,https://www.city.sapporo.jp/kensetsu/yuki/documents/snowfall_r08_0411.xls
2026-02-08,北区(太平),snowfall,0.0,published; reference periods in source notes,https://www.city.sapporo.jp/kensetsu/yuki/documents/snowfall_r08_0411.xls
2026-02-08,北区(あいの里),snowfall,0.0,published; reference periods in source notes,https://www.city.sapporo.jp/kensetsu/yuki/documents/snowfall_r08_0411.xls
2026-02-08,東区,snowfall,0.0,published; reference periods in source notes,https://www.city.sapporo.jp/kensetsu/yuki/documents/snowfall_r08_0411.xls
2026-02-08,白石区,snowfall,0.0,published; reference periods in source notes,https://www.city.sapporo.jp/kensetsu/yuki/documents/snowfall_r08_0411.xls
2026-02-08,厚別区,snowfall,0.0,published; reference periods in source notes,https://www.city.sapporo.jp/kensetsu/yuki/documents/snowfall_r08_0411.xls
2026-02-08,豊平区,snowfall,0.0,published; reference periods in source notes,https://www.city.sapporo.jp/kensetsu/yuki/documents/snowfall_r08_0411.xls
2026-02-08,清田区,snowfall,0.0,published; reference periods in source notes,https://www.city.sapporo.jp/kensetsu/yuki/documents/snowfall_r08_0411.xls
2026-02-08,南区(南31条西8丁目),snowfall,0.0,published; reference periods in source notes,https://www.city.sapporo.jp/kensetsu/yuki/documents/snowfall_r08_0411.xls
2026-02-08,南区(定山渓),snowfall,0.0,published; reference periods in source notes,https://www.city.sapporo.jp/kensetsu/yuki/documents/snowfall_r08_0411.xls
2026-02-08,西区(西野),snowfall,0.0,published; reference periods in source notes,https://www.city.sapporo.jp/kensetsu/yuki/documents/snowfall_r08_0411.xls
2026-02-08,西区(平和),snowfall,0.0,published; reference periods in source notes,https://www.city.sapporo.jp/kensetsu/yuki/documents/snowfall_r08_0411.xls
2026-02-08,手稲区,snowfall,0.0,published; reference periods in source notes,https://www.city.sapporo.jp/kensetsu/yuki/documents/snowfall_r08_0411.xls
2026-02-09,中央区,snowfall,22.0,published; reference periods in source notes,https://www.city.sapporo.jp/kensetsu/yuki/documents/snowfall_r08_0411.xls
2026-02-09,北区(太平),snowfall,15.0,published; reference periods in source notes,https://www.city.sapporo.jp/kensetsu/yuki/documents/snowfall_r08_0411.xls
2026-02-09,北区(あいの里),snowfall,19.0,published; reference periods in source notes,https://www.city.sapporo.jp/kensetsu/yuki/documents/snowfall_r08_0411.xls
2026-02-09,東区,snowfall,18.0,published; reference periods in source notes,https://www.city.sapporo.jp/kensetsu/yuki/documents/snowfall_r08_0411.xls
2026-02-09,白石区,snowfall,24.0,published; reference periods in source notes,https://www.city.sapporo.jp/kensetsu/yuki/documents/snowfall_r08_0411.xls
2026-02-09,厚別区,snowfall,20.0,published; reference periods in source notes,https://www.city.sapporo.jp/kensetsu/yuki/documents/snowfall_r08_0411.xls
2026-02-09,豊平区,snowfall,23.0,published; reference periods in source notes,https://www.city.sapporo.jp/kensetsu/yuki/documents/snowfall_r08_0411.xls
2026-02-09,清田区,snowfall,26.0,published; reference periods in source notes,https://www.city.sapporo.jp/kensetsu/yuki/documents/snowfall_r08_0411.xls
2026-02-09,南区(南31条西8丁目),snowfall,22.0,published; reference periods in source notes,https://www.city.sapporo.jp/kensetsu/yuki/documents/snowfall_r08_0411.xls
2026-02-09,南区(定山渓),snowfall,10.0,published; reference periods in source notes,https://www.city.sapporo.jp/kensetsu/yuki/documents/snowfall_r08_0411.xls
2026-02-09,西区(西野),snowfall,20.0,published; reference periods in source notes,https://www.city.sapporo.jp/kensetsu/yuki/documents/snowfall_r08_0411.xls
2026-02-09,西区(平和),snowfall,20.0,published; reference periods in source notes,https://www.city.sapporo.jp/kensetsu/yuki/documents/snowfall_r08_0411.xls
2026-02-09,手稲区,snowfall,18.0,published; reference periods in source notes,https://www.city.sapporo.jp/kensetsu/yuki/documents/snowfall_r08_0411.xls
2026-02-10,中央区,snowfall,0.0,published; reference periods in source notes,https://www.city.sapporo.jp/kensetsu/yuki/documents/snowfall_r08_0411.xls
2026-02-10,北区(太平),snowfall,1.0,published; reference periods in source notes,https://www.city.sapporo.jp/kensetsu/yuki/documents/snowfall_r08_0411.xls
2026-02-10,北区(あいの里),snowfall,1.0,published; reference periods in source notes,https://www.city.sapporo.jp/kensetsu/yuki/documents/snowfall_r08_0411.xls
2026-02-10,東区,snowfall,2.0,published; reference periods in source notes,https://www.city.sapporo.jp/kensetsu/yuki/documents/snowfall_r08_0411.xls
2026-02-10,白石区,snowfall,0.0,published; reference periods in source notes,https://www.city.sapporo.jp/kensetsu/yuki/documents/snowfall_r08_0411.xls
2026-02-10,厚別区,snowfall,0.0,published; reference periods in source notes,https://www.city.sapporo.jp/kensetsu/yuki/documents/snowfall_r08_0411.xls
2026-02-10,豊平区,snowfall,0.0,published; reference periods in source notes,https://www.city.sapporo.jp/kensetsu/yuki/documents/snowfall_r08_0411.xls
2026-02-10,清田区,snowfall,0.0,published; reference periods in source notes,https://www.city.sapporo.jp/kensetsu/yuki/documents/snowfall_r08_0411.xls
2026-02-10,南区(南31条西8丁目),snowfall,0.0,published; reference periods in source notes,https://www.city.sapporo.jp/kensetsu/yuki/documents/snowfall_r08_0411.xls
2026-02-10,南区(定山渓),snowfall,0.0,published; reference periods in source notes,https://www.city.sapporo.jp/kensetsu/yuki/documents/snowfall_r08_0411.xls
2026-02-10,西区(西野),snowfall,0.0,published; reference periods in source notes,https://www.city.sapporo.jp/kensetsu/yuki/documents/snowfall_r08_0411.xls
2026-02-10,西区(平和),snowfall,0.0,published; reference periods in source notes,https://www.city.sapporo.jp/kensetsu/yuki/documents/snowfall_r08_0411.xls
2026-02-10,手稲区,snowfall,1.0,published; reference periods in source notes,https://www.city.sapporo.jp/kensetsu/yuki/documents/snowfall_r08_0411.xls
2026-02-11,中央区,snowfall,1.0,published; reference periods in source notes,https://www.city.sapporo.jp/kensetsu/yuki/documents/snowfall_r08_0411.xls
2026-02-11,北区(太平),snowfall,1.0,published; reference periods in source notes,https://www.city.sapporo.jp/kensetsu/yuki/documents/snowfall_r08_0411.xls
2026-02-11,北区(あいの里),snowfall,5.0,published; reference periods in source notes,https://www.city.sapporo.jp/kensetsu/yuki/documents/snowfall_r08_0411.xls
2026-02-11,東区,snowfall,3.0,published; reference periods in source notes,https://www.city.sapporo.jp/kensetsu/yuki/documents/snowfall_r08_0411.xls
2026-02-11,白石区,snowfall,1.0,published; reference periods in source notes,https://www.city.sapporo.jp/kensetsu/yuki/documents/snowfall_r08_0411.xls
2026-02-11,厚別区,snowfall,1.0,published; reference periods in source notes,https://www.city.sapporo.jp/kensetsu/yuki/documents/snowfall_r08_0411.xls
2026-02-11,豊平区,snowfall,1.0,published; reference periods in source notes,https://www.city.sapporo.jp/kensetsu/yuki/documents/snowfall_r08_0411.xls
2026-02-11,清田区,snowfall,2.0,published; reference periods in source notes,https://www.city.sapporo.jp/kensetsu/yuki/documents/snowfall_r08_0411.xls
2026-02-11,南区(南31条西8丁目),snowfall,1.0,published; reference periods in source notes,https://www.city.sapporo.jp/kensetsu/yuki/documents/snowfall_r08_0411.xls
2026-02-11,南区(定山渓),snowfall,10.0,published; reference periods in source notes,https://www.city.sapporo.jp/kensetsu/yuki/documents/snowfall_r08_0411.xls
2026-02-11,西区(西野),snowfall,4.0,published; reference periods in source notes,https://www.city.sapporo.jp/kensetsu/yuki/documents/snowfall_r08_0411.xls
2026-02-11,西区(平和),snowfall,10.0,published; reference periods in source notes,https://www.city.sapporo.jp/kensetsu/yuki/documents/snowfall_r08_0411.xls
2026-02-11,手稲区,snowfall,2.0,published; reference periods in source notes,https://www.city.sapporo.jp/kensetsu/yuki/documents/snowfall_r08_0411.xls
2026-02-12,中央区,snowfall,0.0,published; reference periods in source notes,https://www.city.sapporo.jp/kensetsu/yuki/documents/snowfall_r08_0411.xls
2026-02-12,北区(太平),snowfall,10.0,published; reference periods in source notes,https://www.city.sapporo.jp/kensetsu/yuki/documents/snowfall_r08_0411.xls
2026-02-12,北区(あいの里),snowfall,6.0,published; reference periods in source notes,https://www.city.sapporo.jp/kensetsu/yuki/documents/snowfall_r08_0411.xls
2026-02-12,東区,snowfall,6.0,published; reference periods in source notes,https://www.city.sapporo.jp/kensetsu/yuki/documents/snowfall_r08_0411.xls
2026-02-12,白石区,snowfall,2.0,published; reference periods in source notes,https://www.city.sapporo.jp/kensetsu/yuki/documents/snowfall_r08_0411.xls
2026-02-12,厚別区,snowfall,3.0,published; reference periods in source notes,https://www.city.sapporo.jp/kensetsu/yuki/documents/snowfall_r08_0411.xls
2026-02-12,豊平区,snowfall,0.0,published; reference periods in source notes,https://www.city.sapporo.jp/kensetsu/yuki/documents/snowfall_r08_0411.xls
2026-02-12,清田区,snowfall,0.0,published; reference periods in source notes,https://www.city.sapporo.jp/kensetsu/yuki/documents/snowfall_r08_0411.xls
2026-02-12,南区(南31条西8丁目),snowfall,1.0,published; reference periods in source notes,https://www.city.sapporo.jp/kensetsu/yuki/documents/snowfall_r08_0411.xls
2026-02-12,南区(定山渓),snowfall,2.0,published; reference periods in source notes,https://www.city.sapporo.jp/kensetsu/yuki/documents/snowfall_r08_0411.xls
2026-02-12,西区(西野),snowfall,1.0,published; reference periods in source notes,https://www.city.sapporo.jp/kensetsu/yuki/documents/snowfall_r08_0411.xls
2026-02-12,西区(平和),snowfall,2.0,published; reference periods in source notes,https://www.city.sapporo.jp/kensetsu/yuki/documents/snowfall_r08_0411.xls
2026-02-12,手稲区,snowfall,3.0,published; reference periods in source notes,https://www.city.sapporo.jp/kensetsu/yuki/documents/snowfall_r08_0411.xls
2026-02-13,中央区,snowfall,1.0,published; reference periods in source notes,https://www.city.sapporo.jp/kensetsu/yuki/documents/snowfall_r08_0411.xls
2026-02-13,北区(太平),snowfall,4.0,published; reference periods in source notes,https://www.city.sapporo.jp/kensetsu/yuki/documents/snowfall_r08_0411.xls
2026-02-13,北区(あいの里),snowfall,6.0,published; reference periods in source notes,https://www.city.sapporo.jp/kensetsu/yuki/documents/snowfall_r08_0411.xls
2026-02-13,東区,snowfall,4.0,published; reference periods in source notes,https://www.city.sapporo.jp/kensetsu/yuki/documents/snowfall_r08_0411.xls
2026-02-13,白石区,snowfall,5.0,published; reference periods in source notes,https://www.city.sapporo.jp/kensetsu/yuki/documents/snowfall_r08_0411.xls
2026-02-13,厚別区,snowfall,4.0,published; reference periods in source notes,https://www.city.sapporo.jp/kensetsu/yuki/documents/snowfall_r08_0411.xls
2026-02-13,豊平区,snowfall,1.0,published; reference periods in source notes,https://www.city.sapporo.jp/kensetsu/yuki/documents/snowfall_r08_0411.xls
2026-02-13,清田区,snowfall,1.0,published; reference periods in source notes,https://www.city.sapporo.jp/kensetsu/yuki/documents/snowfall_r08_0411.xls
2026-02-13,南区(南31条西8丁目),snowfall,1.0,published; reference periods in source notes,https://www.city.sapporo.jp/kensetsu/yuki/documents/snowfall_r08_0411.xls
2026-02-13,南区(定山渓),snowfall,4.0,published; reference periods in source notes,https://www.city.sapporo.jp/kensetsu/yuki/documents/snowfall_r08_0411.xls
2026-02-13,西区(西野),snowfall,1.0,published; reference periods in source notes,https://www.city.sapporo.jp/kensetsu/yuki/documents/snowfall_r08_0411.xls
2026-02-13,西区(平和),snowfall,4.0,published; reference periods in source notes,https://www.city.sapporo.jp/kensetsu/yuki/documents/snowfall_r08_0411.xls
2026-02-13,手稲区,snowfall,6.0,published; reference periods in source notes,https://www.city.sapporo.jp/kensetsu/yuki/documents/snowfall_r08_0411.xls
2026-02-14,中央区,snowfall,15.0,published; reference periods in source notes,https://www.city.sapporo.jp/kensetsu/yuki/documents/snowfall_r08_0411.xls
2026-02-14,北区(太平),snowfall,8.0,published; reference periods in source notes,https://www.city.sapporo.jp/kensetsu/yuki/documents/snowfall_r08_0411.xls
2026-02-14,北区(あいの里),snowfall,2.0,published; reference periods in source notes,https://www.city.sapporo.jp/kensetsu/yuki/documents/snowfall_r08_0411.xls
2026-02-14,東区,snowfall,8.0,published; reference periods in source notes,https://www.city.sapporo.jp/kensetsu/yuki/documents/snowfall_r08_0411.xls
2026-02-14,白石区,snowfall,9.0,published; reference periods in source notes,https://www.city.sapporo.jp/kensetsu/yuki/documents/snowfall_r08_0411.xls
2026-02-14,厚別区,snowfall,7.0,published; reference periods in source notes,https://www.city.sapporo.jp/kensetsu/yuki/documents/snowfall_r08_0411.xls
2026-02-14,豊平区,snowfall,14.0,published; reference periods in source notes,https://www.city.sapporo.jp/kensetsu/yuki/documents/snowfall_r08_0411.xls
2026-02-14,清田区,snowfall,10.0,published; reference periods in source notes,https://www.city.sapporo.jp/kensetsu/yuki/documents/snowfall_r08_0411.xls
2026-02-14,南区(南31条西8丁目),snowfall,17.0,published; reference periods in source notes,https://www.city.sapporo.jp/kensetsu/yuki/documents/snowfall_r08_0411.xls
2026-02-14,南区(定山渓),snowfall,23.0,published; reference periods in source notes,https://www.city.sapporo.jp/kensetsu/yuki/documents/snowfall_r08_0411.xls
2026-02-14,西区(西野),snowfall,17.0,published; reference periods in source notes,https://www.city.sapporo.jp/kensetsu/yuki/documents/snowfall_r08_0411.xls
2026-02-14,西区(平和),snowfall,22.0,published; reference periods in source notes,https://www.city.sapporo.jp/kensetsu/yuki/documents/snowfall_r08_0411.xls
2026-02-14,手稲区,snowfall,9.0,published; reference periods in source notes,https://www.city.sapporo.jp/kensetsu/yuki/documents/snowfall_r08_0411.xls
2026-02-15,中央区,snowfall,0.0,published; reference periods in source notes,https://www.city.sapporo.jp/kensetsu/yuki/documents/snowfall_r08_0411.xls
2026-02-15,北区(太平),snowfall,0.0,published; reference periods in source notes,https://www.city.sapporo.jp/kensetsu/yuki/documents/snowfall_r08_0411.xls
2026-02-15,北区(あいの里),snowfall,0.0,published; reference periods in source notes,https://www.city.sapporo.jp/kensetsu/yuki/documents/snowfall_r08_0411.xls
2026-02-15,東区,snowfall,0.0,published; reference periods in source notes,https://www.city.sapporo.jp/kensetsu/yuki/documents/snowfall_r08_0411.xls
2026-02-15,白石区,snowfall,0.0,published; reference periods in source notes,https://www.city.sapporo.jp/kensetsu/yuki/documents/snowfall_r08_0411.xls
2026-02-15,厚別区,snowfall,0.0,published; reference periods in source notes,https://www.city.sapporo.jp/kensetsu/yuki/documents/snowfall_r08_0411.xls
2026-02-15,豊平区,snowfall,0.0,published; reference periods in source notes,https://www.city.sapporo.jp/kensetsu/yuki/documents/snowfall_r08_0411.xls
2026-02-15,清田区,snowfall,0.0,published; reference periods in source notes,https://www.city.sapporo.jp/kensetsu/yuki/documents/snowfall_r08_0411.xls
2026-02-15,南区(南31条西8丁目),snowfall,0.0,published; reference periods in source notes,https://www.city.sapporo.jp/kensetsu/yuki/documents/snowfall_r08_0411.xls
2026-02-15,南区(定山渓),snowfall,0.0,published; reference periods in source notes,https://www.city.sapporo.jp/kensetsu/yuki/documents/snowfall_r08_0411.xls
2026-02-15,西区(西野),snowfall,0.0,published; reference periods in source notes,https://www.city.sapporo.jp/kensetsu/yuki/documents/snowfall_r08_0411.xls
2026-02-15,西区(平和),snowfall,0.0,published; reference periods in source notes,https://www.city.sapporo.jp/kensetsu/yuki/documents/snowfall_r08_0411.xls
2026-02-15,手稲区,snowfall,0.0,published; reference periods in source notes,https://www.city.sapporo.jp/kensetsu/yuki/documents/snowfall_r08_0411.xls
2026-02-16,中央区,snowfall,11.0,published; reference periods in source notes,https://www.city.sapporo.jp/kensetsu/yuki/documents/snowfall_r08_0411.xls
2026-02-16,北区(太平),snowfall,8.0,published; reference periods in source notes,https://www.city.sapporo.jp/kensetsu/yuki/documents/snowfall_r08_0411.xls
2026-02-16,北区(あいの里),snowfall,6.0,published; reference periods in source notes,https://www.city.sapporo.jp/kensetsu/yuki/documents/snowfall_r08_0411.xls
2026-02-16,東区,snowfall,10.0,published; reference periods in source notes,https://www.city.sapporo.jp/kensetsu/yuki/documents/snowfall_r08_0411.xls
2026-02-16,白石区,snowfall,10.0,published; reference periods in source notes,https://www.city.sapporo.jp/kensetsu/yuki/documents/snowfall_r08_0411.xls
2026-02-16,厚別区,snowfall,11.0,published; reference periods in source notes,https://www.city.sapporo.jp/kensetsu/yuki/documents/snowfall_r08_0411.xls
2026-02-16,豊平区,snowfall,6.0,published; reference periods in source notes,https://www.city.sapporo.jp/kensetsu/yuki/documents/snowfall_r08_0411.xls
2026-02-16,清田区,snowfall,5.0,published; reference periods in source notes,https://www.city.sapporo.jp/kensetsu/yuki/documents/snowfall_r08_0411.xls
2026-02-16,南区(南31条西8丁目),snowfall,4.0,published; reference periods in source notes,https://www.city.sapporo.jp/kensetsu/yuki/documents/snowfall_r08_0411.xls
2026-02-16,南区(定山渓),snowfall,8.0,published; reference periods in source notes,https://www.city.sapporo.jp/kensetsu/yuki/documents/snowfall_r08_0411.xls
2026-02-16,西区(西野),snowfall,11.0,published; reference periods in source notes,https://www.city.sapporo.jp/kensetsu/yuki/documents/snowfall_r08_0411.xls
2026-02-16,西区(平和),snowfall,17.0,published; reference periods in source notes,https://www.city.sapporo.jp/kensetsu/yuki/documents/snowfall_r08_0411.xls
2026-02-16,手稲区,snowfall,9.0,published; reference periods in source notes,https://www.city.sapporo.jp/kensetsu/yuki/documents/snowfall_r08_0411.xls
2026-02-17,中央区,snowfall,16.0,published; reference periods in source notes,https://www.city.sapporo.jp/kensetsu/yuki/documents/snowfall_r08_0411.xls
2026-02-17,北区(太平),snowfall,5.0,published; reference periods in source notes,https://www.city.sapporo.jp/kensetsu/yuki/documents/snowfall_r08_0411.xls
2026-02-17,北区(あいの里),snowfall,5.0,published; reference periods in source notes,https://www.city.sapporo.jp/kensetsu/yuki/documents/snowfall_r08_0411.xls
2026-02-17,東区,snowfall,9.0,published; reference periods in source notes,https://www.city.sapporo.jp/kensetsu/yuki/documents/snowfall_r08_0411.xls
2026-02-17,白石区,snowfall,10.0,published; reference periods in source notes,https://www.city.sapporo.jp/kensetsu/yuki/documents/snowfall_r08_0411.xls
2026-02-17,厚別区,snowfall,8.0,published; reference periods in source notes,https://www.city.sapporo.jp/kensetsu/yuki/documents/snowfall_r08_0411.xls
2026-02-17,豊平区,snowfall,19.0,published; reference periods in source notes,https://www.city.sapporo.jp/kensetsu/yuki/documents/snowfall_r08_0411.xls
2026-02-17,清田区,snowfall,15.0,published; reference periods in source notes,https://www.city.sapporo.jp/kensetsu/yuki/documents/snowfall_r08_0411.xls
2026-02-17,南区(南31条西8丁目),snowfall,22.0,published; reference periods in source notes,https://www.city.sapporo.jp/kensetsu/yuki/documents/snowfall_r08_0411.xls
2026-02-17,南区(定山渓),snowfall,10.0,published; reference periods in source notes,https://www.city.sapporo.jp/kensetsu/yuki/documents/snowfall_r08_0411.xls
2026-02-17,西区(西野),snowfall,16.0,published; reference periods in source notes,https://www.city.sapporo.jp/kensetsu/yuki/documents/snowfall_r08_0411.xls
2026-02-17,西区(平和),snowfall,21.0,published; reference periods in source notes,https://www.city.sapporo.jp/kensetsu/yuki/documents/snowfall_r08_0411.xls
2026-02-17,手稲区,snowfall,10.0,published; reference periods in source notes,https://www.city.sapporo.jp/kensetsu/yuki/documents/snowfall_r08_0411.xls
2026-02-18,中央区,snowfall,0.0,published; reference periods in source notes,https://www.city.sapporo.jp/kensetsu/yuki/documents/snowfall_r08_0411.xls
2026-02-18,北区(太平),snowfall,0.0,published; reference periods in source notes,https://www.city.sapporo.jp/kensetsu/yuki/documents/snowfall_r08_0411.xls
2026-02-18,北区(あいの里),snowfall,0.0,published; reference periods in source notes,https://www.city.sapporo.jp/kensetsu/yuki/documents/snowfall_r08_0411.xls
2026-02-18,東区,snowfall,0.0,published; reference periods in source notes,https://www.city.sapporo.jp/kensetsu/yuki/documents/snowfall_r08_0411.xls
2026-02-18,白石区,snowfall,0.0,published; reference periods in source notes,https://www.city.sapporo.jp/kensetsu/yuki/documents/snowfall_r08_0411.xls
2026-02-18,厚別区,snowfall,0.0,published; reference periods in source notes,https://www.city.sapporo.jp/kensetsu/yuki/documents/snowfall_r08_0411.xls
2026-02-18,豊平区,snowfall,0.0,published; reference periods in source notes,https://www.city.sapporo.jp/kensetsu/yuki/documents/snowfall_r08_0411.xls
2026-02-18,清田区,snowfall,0.0,published; reference periods in source notes,https://www.city.sapporo.jp/kensetsu/yuki/documents/snowfall_r08_0411.xls
2026-02-18,南区(南31条西8丁目),snowfall,0.0,published; reference periods in source notes,https://www.city.sapporo.jp/kensetsu/yuki/documents/snowfall_r08_0411.xls
2026-02-18,南区(定山渓),snowfall,0.0,published; reference periods in source notes,https://www.city.sapporo.jp/kensetsu/yuki/documents/snowfall_r08_0411.xls
2026-02-18,西区(西野),snowfall,0.0,published; reference periods in source notes,https://www.city.sapporo.jp/kensetsu/yuki/documents/snowfall_r08_0411.xls
2026-02-18,西区(平和),snowfall,0.0,published; reference periods in source notes,https://www.city.sapporo.jp/kensetsu/yuki/documents/snowfall_r08_0411.xls
2026-02-18,手稲区,snowfall,0.0,published; reference periods in source notes,https://www.city.sapporo.jp/kensetsu/yuki/documents/snowfall_r08_0411.xls
2026-02-19,中央区,snowfall,8.0,published; reference periods in source notes,https://www.city.sapporo.jp/kensetsu/yuki/documents/snowfall_r08_0411.xls
2026-02-19,北区(太平),snowfall,12.0,published; reference periods in source notes,https://www.city.sapporo.jp/kensetsu/yuki/documents/snowfall_r08_0411.xls
2026-02-19,北区(あいの里),snowfall,7.0,published; reference periods in source notes,https://www.city.sapporo.jp/kensetsu/yuki/documents/snowfall_r08_0411.xls
2026-02-19,東区,snowfall,19.0,published; reference periods in source notes,https://www.city.sapporo.jp/kensetsu/yuki/documents/snowfall_r08_0411.xls
2026-02-19,白石区,snowfall,29.0,published; reference periods in source notes,https://www.city.sapporo.jp/kensetsu/yuki/documents/snowfall_r08_0411.xls
2026-02-19,厚別区,snowfall,23.0,published; reference periods in source notes,https://www.city.sapporo.jp/kensetsu/yuki/documents/snowfall_r08_0411.xls
2026-02-19,豊平区,snowfall,33.0,published; reference periods in source notes,https://www.city.sapporo.jp/kensetsu/yuki/documents/snowfall_r08_0411.xls
2026-02-19,清田区,snowfall,21.0,published; reference periods in source notes,https://www.city.sapporo.jp/kensetsu/yuki/documents/snowfall_r08_0411.xls
2026-02-19,南区(南31条西8丁目),snowfall,21.0,published; reference periods in source notes,https://www.city.sapporo.jp/kensetsu/yuki/documents/snowfall_r08_0411.xls
2026-02-19,南区(定山渓),snowfall,47.0,published; reference periods in source notes,https://www.city.sapporo.jp/kensetsu/yuki/documents/snowfall_r08_0411.xls
2026-02-19,西区(西野),snowfall,22.0,published; reference periods in source notes,https://www.city.sapporo.jp/kensetsu/yuki/documents/snowfall_r08_0411.xls
2026-02-19,西区(平和),snowfall,36.0,published; reference periods in source notes,https://www.city.sapporo.jp/kensetsu/yuki/documents/snowfall_r08_0411.xls
2026-02-19,手稲区,snowfall,40.0,published; reference periods in source notes,https://www.city.sapporo.jp/kensetsu/yuki/documents/snowfall_r08_0411.xls
2026-02-20,中央区,snowfall,0.0,published; reference periods in source notes,https://www.city.sapporo.jp/kensetsu/yuki/documents/snowfall_r08_0411.xls
2026-02-20,北区(太平),snowfall,1.0,published; reference periods in source notes,https://www.city.sapporo.jp/kensetsu/yuki/documents/snowfall_r08_0411.xls
2026-02-20,北区(あいの里),snowfall,0.0,published; reference periods in source notes,https://www.city.sapporo.jp/kensetsu/yuki/documents/snowfall_r08_0411.xls
2026-02-20,東区,snowfall,2.0,published; reference periods in source notes,https://www.city.sapporo.jp/kensetsu/yuki/documents/snowfall_r08_0411.xls
2026-02-20,白石区,snowfall,9.0,published; reference periods in source notes,https://www.city.sapporo.jp/kensetsu/yuki/documents/snowfall_r08_0411.xls
2026-02-20,厚別区,snowfall,3.0,published; reference periods in source notes,https://www.city.sapporo.jp/kensetsu/yuki/documents/snowfall_r08_0411.xls
2026-02-20,豊平区,snowfall,5.0,published; reference periods in source notes,https://www.city.sapporo.jp/kensetsu/yuki/documents/snowfall_r08_0411.xls
2026-02-20,清田区,snowfall,4.0,published; reference periods in source notes,https://www.city.sapporo.jp/kensetsu/yuki/documents/snowfall_r08_0411.xls
2026-02-20,南区(南31条西8丁目),snowfall,0.0,published; reference periods in source notes,https://www.city.sapporo.jp/kensetsu/yuki/documents/snowfall_r08_0411.xls
2026-02-20,南区(定山渓),snowfall,2.0,published; reference periods in source notes,https://www.city.sapporo.jp/kensetsu/yuki/documents/snowfall_r08_0411.xls
2026-02-20,西区(西野),snowfall,0.0,published; reference periods in source notes,https://www.city.sapporo.jp/kensetsu/yuki/documents/snowfall_r08_0411.xls
2026-02-20,西区(平和),snowfall,6.0,published; reference periods in source notes,https://www.city.sapporo.jp/kensetsu/yuki/documents/snowfall_r08_0411.xls
2026-02-20,手稲区,snowfall,5.0,published; reference periods in source notes,https://www.city.sapporo.jp/kensetsu/yuki/documents/snowfall_r08_0411.xls
2026-02-21,中央区,snowfall,0.0,published; reference periods in source notes,https://www.city.sapporo.jp/kensetsu/yuki/documents/snowfall_r08_0411.xls
2026-02-21,北区(太平),snowfall,0.0,published; reference periods in source notes,https://www.city.sapporo.jp/kensetsu/yuki/documents/snowfall_r08_0411.xls
2026-02-21,北区(あいの里),snowfall,0.0,published; reference periods in source notes,https://www.city.sapporo.jp/kensetsu/yuki/documents/snowfall_r08_0411.xls
2026-02-21,東区,snowfall,0.0,published; reference periods in source notes,https://www.city.sapporo.jp/kensetsu/yuki/documents/snowfall_r08_0411.xls
2026-02-21,白石区,snowfall,0.0,published; reference periods in source notes,https://www.city.sapporo.jp/kensetsu/yuki/documents/snowfall_r08_0411.xls
2026-02-21,厚別区,snowfall,0.0,published; reference periods in source notes,https://www.city.sapporo.jp/kensetsu/yuki/documents/snowfall_r08_0411.xls
2026-02-21,豊平区,snowfall,0.0,published; reference periods in source notes,https://www.city.sapporo.jp/kensetsu/yuki/documents/snowfall_r08_0411.xls
2026-02-21,清田区,snowfall,0.0,published; reference periods in source notes,https://www.city.sapporo.jp/kensetsu/yuki/documents/snowfall_r08_0411.xls
2026-02-21,南区(南31条西8丁目),snowfall,0.0,published; reference periods in source notes,https://www.city.sapporo.jp/kensetsu/yuki/documents/snowfall_r08_0411.xls
2026-02-21,南区(定山渓),snowfall,0.0,published; reference periods in source notes,https://www.city.sapporo.jp/kensetsu/yuki/documents/snowfall_r08_0411.xls
2026-02-21,西区(西野),snowfall,0.0,published; reference periods in source notes,https://www.city.sapporo.jp/kensetsu/yuki/documents/snowfall_r08_0411.xls
2026-02-21,西区(平和),snowfall,0.0,published; reference periods in source notes,https://www.city.sapporo.jp/kensetsu/yuki/documents/snowfall_r08_0411.xls
2026-02-21,手稲区,snowfall,0.0,published; reference periods in source notes,https://www.city.sapporo.jp/kensetsu/yuki/documents/snowfall_r08_0411.xls
2026-02-22,中央区,snowfall,0.0,published; reference periods in source notes,https://www.city.sapporo.jp/kensetsu/yuki/documents/snowfall_r08_0411.xls
2026-02-22,北区(太平),snowfall,0.0,published; reference periods in source notes,https://www.city.sapporo.jp/kensetsu/yuki/documents/snowfall_r08_0411.xls
2026-02-22,北区(あいの里),snowfall,0.0,published; reference periods in source notes,https://www.city.sapporo.jp/kensetsu/yuki/documents/snowfall_r08_0411.xls
2026-02-22,東区,snowfall,0.0,published; reference periods in source notes,https://www.city.sapporo.jp/kensetsu/yuki/documents/snowfall_r08_0411.xls
2026-02-22,白石区,snowfall,0.0,published; reference periods in source notes,https://www.city.sapporo.jp/kensetsu/yuki/documents/snowfall_r08_0411.xls
2026-02-22,厚別区,snowfall,0.0,published; reference periods in source notes,https://www.city.sapporo.jp/kensetsu/yuki/documents/snowfall_r08_0411.xls
2026-02-22,豊平区,snowfall,0.0,published; reference periods in source notes,https://www.city.sapporo.jp/kensetsu/yuki/documents/snowfall_r08_0411.xls
2026-02-22,清田区,snowfall,0.0,published; reference periods in source notes,https://www.city.sapporo.jp/kensetsu/yuki/documents/snowfall_r08_0411.xls
2026-02-22,南区(南31条西8丁目),snowfall,0.0,published; reference periods in source notes,https://www.city.sapporo.jp/kensetsu/yuki/documents/snowfall_r08_0411.xls
2026-02-22,南区(定山渓),snowfall,0.0,published; reference periods in source notes,https://www.city.sapporo.jp/kensetsu/yuki/documents/snowfall_r08_0411.xls
2026-02-22,西区(西野),snowfall,0.0,published; reference periods in source notes,https://www.city.sapporo.jp/kensetsu/yuki/documents/snowfall_r08_0411.xls
2026-02-22,西区(平和),snowfall,0.0,published; reference periods in source notes,https://www.city.sapporo.jp/kensetsu/yuki/documents/snowfall_r08_0411.xls
2026-02-22,手稲区,snowfall,0.0,published; reference periods in source notes,https://www.city.sapporo.jp/kensetsu/yuki/documents/snowfall_r08_0411.xls
2026-02-23,中央区,snowfall,0.0,published; reference periods in source notes,https://www.city.sapporo.jp/kensetsu/yuki/documents/snowfall_r08_0411.xls
2026-02-23,北区(太平),snowfall,0.0,published; reference periods in source notes,https://www.city.sapporo.jp/kensetsu/yuki/documents/snowfall_r08_0411.xls
2026-02-23,北区(あいの里),snowfall,0.0,published; reference periods in source notes,https://www.city.sapporo.jp/kensetsu/yuki/documents/snowfall_r08_0411.xls
2026-02-23,東区,snowfall,0.0,published; reference periods in source notes,https://www.city.sapporo.jp/kensetsu/yuki/documents/snowfall_r08_0411.xls
2026-02-23,白石区,snowfall,0.0,published; reference periods in source notes,https://www.city.sapporo.jp/kensetsu/yuki/documents/snowfall_r08_0411.xls
2026-02-23,厚別区,snowfall,0.0,published; reference periods in source notes,https://www.city.sapporo.jp/kensetsu/yuki/documents/snowfall_r08_0411.xls
2026-02-23,豊平区,snowfall,0.0,published; reference periods in source notes,https://www.city.sapporo.jp/kensetsu/yuki/documents/snowfall_r08_0411.xls
2026-02-23,清田区,snowfall,0.0,published; reference periods in source notes,https://www.city.sapporo.jp/kensetsu/yuki/documents/snowfall_r08_0411.xls
2026-02-23,南区(南31条西8丁目),snowfall,0.0,published; reference periods in source notes,https://www.city.sapporo.jp/kensetsu/yuki/documents/snowfall_r08_0411.xls
2026-02-23,南区(定山渓),snowfall,0.0,published; reference periods in source notes,https://www.city.sapporo.jp/kensetsu/yuki/documents/snowfall_r08_0411.xls
2026-02-23,西区(西野),snowfall,0.0,published; reference periods in source notes,https://www.city.sapporo.jp/kensetsu/yuki/documents/snowfall_r08_0411.xls
2026-02-23,西区(平和),snowfall,0.0,published; reference periods in source notes,https://www.city.sapporo.jp/kensetsu/yuki/documents/snowfall_r08_0411.xls
2026-02-23,手稲区,snowfall,0.0,published; reference periods in source notes,https://www.city.sapporo.jp/kensetsu/yuki/documents/snowfall_r08_0411.xls
2026-02-24,中央区,snowfall,1.0,published; reference periods in source notes,https://www.city.sapporo.jp/kensetsu/yuki/documents/snowfall_r08_0411.xls
2026-02-24,北区(太平),snowfall,1.0,published; reference periods in source notes,https://www.city.sapporo.jp/kensetsu/yuki/documents/snowfall_r08_0411.xls
2026-02-24,北区(あいの里),snowfall,0.0,published; reference periods in source notes,https://www.city.sapporo.jp/kensetsu/yuki/documents/snowfall_r08_0411.xls
2026-02-24,東区,snowfall,0.0,published; reference periods in source notes,https://www.city.sapporo.jp/kensetsu/yuki/documents/snowfall_r08_0411.xls
2026-02-24,白石区,snowfall,0.0,published; reference periods in source notes,https://www.city.sapporo.jp/kensetsu/yuki/documents/snowfall_r08_0411.xls
2026-02-24,厚別区,snowfall,0.0,published; reference periods in source notes,https://www.city.sapporo.jp/kensetsu/yuki/documents/snowfall_r08_0411.xls
2026-02-24,豊平区,snowfall,0.0,published; reference periods in source notes,https://www.city.sapporo.jp/kensetsu/yuki/documents/snowfall_r08_0411.xls
2026-02-24,清田区,snowfall,0.0,published; reference periods in source notes,https://www.city.sapporo.jp/kensetsu/yuki/documents/snowfall_r08_0411.xls
2026-02-24,南区(南31条西8丁目),snowfall,1.0,published; reference periods in source notes,https://www.city.sapporo.jp/kensetsu/yuki/documents/snowfall_r08_0411.xls
2026-02-24,南区(定山渓),snowfall,1.0,published; reference periods in source notes,https://www.city.sapporo.jp/kensetsu/yuki/documents/snowfall_r08_0411.xls
2026-02-24,西区(西野),snowfall,0.0,published; reference periods in source notes,https://www.city.sapporo.jp/kensetsu/yuki/documents/snowfall_r08_0411.xls
2026-02-24,西区(平和),snowfall,0.0,published; reference periods in source notes,https://www.city.sapporo.jp/kensetsu/yuki/documents/snowfall_r08_0411.xls
2026-02-24,手稲区,snowfall,2.0,published; reference periods in source notes,https://www.city.sapporo.jp/kensetsu/yuki/documents/snowfall_r08_0411.xls
2026-02-25,中央区,snowfall,0.0,published; reference periods in source notes,https://www.city.sapporo.jp/kensetsu/yuki/documents/snowfall_r08_0411.xls
2026-02-25,北区(太平),snowfall,0.0,published; reference periods in source notes,https://www.city.sapporo.jp/kensetsu/yuki/documents/snowfall_r08_0411.xls
2026-02-25,北区(あいの里),snowfall,0.0,published; reference periods in source notes,https://www.city.sapporo.jp/kensetsu/yuki/documents/snowfall_r08_0411.xls
2026-02-25,東区,snowfall,0.0,published; reference periods in source notes,https://www.city.sapporo.jp/kensetsu/yuki/documents/snowfall_r08_0411.xls
2026-02-25,白石区,snowfall,0.0,published; reference periods in source notes,https://www.city.sapporo.jp/kensetsu/yuki/documents/snowfall_r08_0411.xls
2026-02-25,厚別区,snowfall,0.0,published; reference periods in source notes,https://www.city.sapporo.jp/kensetsu/yuki/documents/snowfall_r08_0411.xls
2026-02-25,豊平区,snowfall,0.0,published; reference periods in source notes,https://www.city.sapporo.jp/kensetsu/yuki/documents/snowfall_r08_0411.xls
2026-02-25,清田区,snowfall,0.0,published; reference periods in source notes,https://www.city.sapporo.jp/kensetsu/yuki/documents/snowfall_r08_0411.xls
2026-02-25,南区(南31条西8丁目),snowfall,0.0,published; reference periods in source notes,https://www.city.sapporo.jp/kensetsu/yuki/documents/snowfall_r08_0411.xls
2026-02-25,南区(定山渓),snowfall,0.0,published; reference periods in source notes,https://www.city.sapporo.jp/kensetsu/yuki/documents/snowfall_r08_0411.xls
2026-02-25,西区(西野),snowfall,0.0,published; reference periods in source notes,https://www.city.sapporo.jp/kensetsu/yuki/documents/snowfall_r08_0411.xls
2026-02-25,西区(平和),snowfall,0.0,published; reference periods in source notes,https://www.city.sapporo.jp/kensetsu/yuki/documents/snowfall_r08_0411.xls
2026-02-25,手稲区,snowfall,0.0,published; reference periods in source notes,https://www.city.sapporo.jp/kensetsu/yuki/documents/snowfall_r08_0411.xls
2026-02-26,中央区,snowfall,0.0,published; reference periods in source notes,https://www.city.sapporo.jp/kensetsu/yuki/documents/snowfall_r08_0411.xls
2026-02-26,北区(太平),snowfall,0.0,published; reference periods in source notes,https://www.city.sapporo.jp/kensetsu/yuki/documents/snowfall_r08_0411.xls
2026-02-26,北区(あいの里),snowfall,0.0,published; reference periods in source notes,https://www.city.sapporo.jp/kensetsu/yuki/documents/snowfall_r08_0411.xls
2026-02-26,東区,snowfall,0.0,published; reference periods in source notes,https://www.city.sapporo.jp/kensetsu/yuki/documents/snowfall_r08_0411.xls
2026-02-26,白石区,snowfall,0.0,published; reference periods in source notes,https://www.city.sapporo.jp/kensetsu/yuki/documents/snowfall_r08_0411.xls
2026-02-26,厚別区,snowfall,0.0,published; reference periods in source notes,https://www.city.sapporo.jp/kensetsu/yuki/documents/snowfall_r08_0411.xls
2026-02-26,豊平区,snowfall,0.0,published; reference periods in source notes,https://www.city.sapporo.jp/kensetsu/yuki/documents/snowfall_r08_0411.xls
2026-02-26,清田区,snowfall,0.0,published; reference periods in source notes,https://www.city.sapporo.jp/kensetsu/yuki/documents/snowfall_r08_0411.xls
2026-02-26,南区(南31条西8丁目),snowfall,0.0,published; reference periods in source notes,https://www.city.sapporo.jp/kensetsu/yuki/documents/snowfall_r08_0411.xls
2026-02-26,南区(定山渓),snowfall,0.0,published; reference periods in source notes,https://www.city.sapporo.jp/kensetsu/yuki/documents/snowfall_r08_0411.xls
2026-02-26,西区(西野),snowfall,0.0,published; reference periods in source notes,https://www.city.sapporo.jp/kensetsu/yuki/documents/snowfall_r08_0411.xls
2026-02-26,西区(平和),snowfall,0.0,published; reference periods in source notes,https://www.city.sapporo.jp/kensetsu/yuki/documents/snowfall_r08_0411.xls
2026-02-26,手稲区,snowfall,0.0,published; reference periods in source notes,https://www.city.sapporo.jp/kensetsu/yuki/documents/snowfall_r08_0411.xls
2026-02-27,中央区,snowfall,0.0,published; reference periods in source notes,https://www.city.sapporo.jp/kensetsu/yuki/documents/snowfall_r08_0411.xls
2026-02-27,北区(太平),snowfall,0.0,published; reference periods in source notes,https://www.city.sapporo.jp/kensetsu/yuki/documents/snowfall_r08_0411.xls
2026-02-27,北区(あいの里),snowfall,0.0,published; reference periods in source notes,https://www.city.sapporo.jp/kensetsu/yuki/documents/snowfall_r08_0411.xls
2026-02-27,東区,snowfall,0.0,published; reference periods in source notes,https://www.city.sapporo.jp/kensetsu/yuki/documents/snowfall_r08_0411.xls
2026-02-27,白石区,snowfall,0.0,published; reference periods in source notes,https://www.city.sapporo.jp/kensetsu/yuki/documents/snowfall_r08_0411.xls
2026-02-27,厚別区,snowfall,0.0,published; reference periods in source notes,https://www.city.sapporo.jp/kensetsu/yuki/documents/snowfall_r08_0411.xls
2026-02-27,豊平区,snowfall,0.0,published; reference periods in source notes,https://www.city.sapporo.jp/kensetsu/yuki/documents/snowfall_r08_0411.xls
2026-02-27,清田区,snowfall,0.0,published; reference periods in source notes,https://www.city.sapporo.jp/kensetsu/yuki/documents/snowfall_r08_0411.xls
2026-02-27,南区(南31条西8丁目),snowfall,0.0,published; reference periods in source notes,https://www.city.sapporo.jp/kensetsu/yuki/documents/snowfall_r08_0411.xls
2026-02-27,南区(定山渓),snowfall,0.0,published; reference periods in source notes,https://www.city.sapporo.jp/kensetsu/yuki/documents/snowfall_r08_0411.xls
2026-02-27,西区(西野),snowfall,0.0,published; reference periods in source notes,https://www.city.sapporo.jp/kensetsu/yuki/documents/snowfall_r08_0411.xls
2026-02-27,西区(平和),snowfall,0.0,published; reference periods in source notes,https://www.city.sapporo.jp/kensetsu/yuki/documents/snowfall_r08_0411.xls
2026-02-27,手稲区,snowfall,0.0,published; reference periods in source notes,https://www.city.sapporo.jp/kensetsu/yuki/documents/snowfall_r08_0411.xls
2026-02-28,中央区,snowfall,0.0,published; reference periods in source notes,https://www.city.sapporo.jp/kensetsu/yuki/documents/snowfall_r08_0411.xls
2026-02-28,北区(太平),snowfall,0.0,published; reference periods in source notes,https://www.city.sapporo.jp/kensetsu/yuki/documents/snowfall_r08_0411.xls
2026-02-28,北区(あいの里),snowfall,0.0,published; reference periods in source notes,https://www.city.sapporo.jp/kensetsu/yuki/documents/snowfall_r08_0411.xls
2026-02-28,東区,snowfall,0.0,published; reference periods in source notes,https://www.city.sapporo.jp/kensetsu/yuki/documents/snowfall_r08_0411.xls
2026-02-28,白石区,snowfall,0.0,published; reference periods in source notes,https://www.city.sapporo.jp/kensetsu/yuki/documents/snowfall_r08_0411.xls
2026-02-28,厚別区,snowfall,0.0,published; reference periods in source notes,https://www.city.sapporo.jp/kensetsu/yuki/documents/snowfall_r08_0411.xls
2026-02-28,豊平区,snowfall,0.0,published; reference periods in source notes,https://www.city.sapporo.jp/kensetsu/yuki/documents/snowfall_r08_0411.xls
2026-02-28,清田区,snowfall,0.0,published; reference periods in source notes,https://www.city.sapporo.jp/kensetsu/yuki/documents/snowfall_r08_0411.xls
2026-02-28,南区(南31条西8丁目),snowfall,0.0,published; reference periods in source notes,https://www.city.sapporo.jp/kensetsu/yuki/documents/snowfall_r08_0411.xls
2026-02-28,南区(定山渓),snowfall,0.0,published; reference periods in source notes,https://www.city.sapporo.jp/kensetsu/yuki/documents/snowfall_r08_0411.xls
2026-02-28,西区(西野),snowfall,0.0,published; reference periods in source notes,https://www.city.sapporo.jp/kensetsu/yuki/documents/snowfall_r08_0411.xls
2026-02-28,西区(平和),snowfall,0.0,published; reference periods in source notes,https://www.city.sapporo.jp/kensetsu/yuki/documents/snowfall_r08_0411.xls
2026-02-28,手稲区,snowfall,0.0,published; reference periods in source notes,https://www.city.sapporo.jp/kensetsu/yuki/documents/snowfall_r08_0411.xls
2026-03-01,中央区,snowfall,0.0,published; reference periods in source notes,https://www.city.sapporo.jp/kensetsu/yuki/documents/snowfall_r08_0411.xls
2026-03-01,北区(太平),snowfall,0.0,published; reference periods in source notes,https://www.city.sapporo.jp/kensetsu/yuki/documents/snowfall_r08_0411.xls
2026-03-01,北区(あいの里),snowfall,0.0,published; reference periods in source notes,https://www.city.sapporo.jp/kensetsu/yuki/documents/snowfall_r08_0411.xls
2026-03-01,東区,snowfall,0.0,published; reference periods in source notes,https://www.city.sapporo.jp/kensetsu/yuki/documents/snowfall_r08_0411.xls
2026-03-01,白石区,snowfall,0.0,published; reference periods in source notes,https://www.city.sapporo.jp/kensetsu/yuki/documents/snowfall_r08_0411.xls
2026-03-01,厚別区,snowfall,0.0,published; reference periods in source notes,https://www.city.sapporo.jp/kensetsu/yuki/documents/snowfall_r08_0411.xls
2026-03-01,豊平区,snowfall,0.0,published; reference periods in source notes,https://www.city.sapporo.jp/kensetsu/yuki/documents/snowfall_r08_0411.xls
2026-03-01,清田区,snowfall,0.0,published; reference periods in source notes,https://www.city.sapporo.jp/kensetsu/yuki/documents/snowfall_r08_0411.xls
2026-03-01,南区(南31条西8丁目),snowfall,0.0,published; reference periods in source notes,https://www.city.sapporo.jp/kensetsu/yuki/documents/snowfall_r08_0411.xls
2026-03-01,南区(定山渓),snowfall,0.0,published; reference periods in source notes,https://www.city.sapporo.jp/kensetsu/yuki/documents/snowfall_r08_0411.xls
2026-03-01,西区(西野),snowfall,0.0,published; reference periods in source notes,https://www.city.sapporo.jp/kensetsu/yuki/documents/snowfall_r08_0411.xls
2026-03-01,西区(平和),snowfall,0.0,published; reference periods in source notes,https://www.city.sapporo.jp/kensetsu/yuki/documents/snowfall_r08_0411.xls
2026-03-01,手稲区,snowfall,0.0,published; reference periods in source notes,https://www.city.sapporo.jp/kensetsu/yuki/documents/snowfall_r08_0411.xls
2026-03-02,中央区,snowfall,0.0,published; reference periods in source notes,https://www.city.sapporo.jp/kensetsu/yuki/documents/snowfall_r08_0411.xls
2026-03-02,北区(太平),snowfall,0.0,published; reference periods in source notes,https://www.city.sapporo.jp/kensetsu/yuki/documents/snowfall_r08_0411.xls
2026-03-02,北区(あいの里),snowfall,0.0,published; reference periods in source notes,https://www.city.sapporo.jp/kensetsu/yuki/documents/snowfall_r08_0411.xls
2026-03-02,東区,snowfall,0.0,published; reference periods in source notes,https://www.city.sapporo.jp/kensetsu/yuki/documents/snowfall_r08_0411.xls
2026-03-02,白石区,snowfall,0.0,published; reference periods in source notes,https://www.city.sapporo.jp/kensetsu/yuki/documents/snowfall_r08_0411.xls
2026-03-02,厚別区,snowfall,0.0,published; reference periods in source notes,https://www.city.sapporo.jp/kensetsu/yuki/documents/snowfall_r08_0411.xls
2026-03-02,豊平区,snowfall,0.0,published; reference periods in source notes,https://www.city.sapporo.jp/kensetsu/yuki/documents/snowfall_r08_0411.xls
2026-03-02,清田区,snowfall,0.0,published; reference periods in source notes,https://www.city.sapporo.jp/kensetsu/yuki/documents/snowfall_r08_0411.xls
2026-03-02,南区(南31条西8丁目),snowfall,0.0,published; reference periods in source notes,https://www.city.sapporo.jp/kensetsu/yuki/documents/snowfall_r08_0411.xls
2026-03-02,南区(定山渓),snowfall,0.0,published; reference periods in source notes,https://www.city.sapporo.jp/kensetsu/yuki/documents/snowfall_r08_0411.xls
2026-03-02,西区(西野),snowfall,0.0,published; reference periods in source notes,https://www.city.sapporo.jp/kensetsu/yuki/documents/snowfall_r08_0411.xls
2026-03-02,西区(平和),snowfall,0.0,published; reference periods in source notes,https://www.city.sapporo.jp/kensetsu/yuki/documents/snowfall_r08_0411.xls
2026-03-02,手稲区,snowfall,0.0,published; reference periods in source notes,https://www.city.sapporo.jp/kensetsu/yuki/documents/snowfall_r08_0411.xls
2026-03-03,中央区,snowfall,0.0,published; reference periods in source notes,https://www.city.sapporo.jp/kensetsu/yuki/documents/snowfall_r08_0411.xls
2026-03-03,北区(太平),snowfall,0.0,published; reference periods in source notes,https://www.city.sapporo.jp/kensetsu/yuki/documents/snowfall_r08_0411.xls
2026-03-03,北区(あいの里),snowfall,0.0,published; reference periods in source notes,https://www.city.sapporo.jp/kensetsu/yuki/documents/snowfall_r08_0411.xls
2026-03-03,東区,snowfall,0.0,published; reference periods in source notes,https://www.city.sapporo.jp/kensetsu/yuki/documents/snowfall_r08_0411.xls
2026-03-03,白石区,snowfall,0.0,published; reference periods in source notes,https://www.city.sapporo.jp/kensetsu/yuki/documents/snowfall_r08_0411.xls
2026-03-03,厚別区,snowfall,0.0,published; reference periods in source notes,https://www.city.sapporo.jp/kensetsu/yuki/documents/snowfall_r08_0411.xls
2026-03-03,豊平区,snowfall,0.0,published; reference periods in source notes,https://www.city.sapporo.jp/kensetsu/yuki/documents/snowfall_r08_0411.xls
2026-03-03,清田区,snowfall,0.0,published; reference periods in source notes,https://www.city.sapporo.jp/kensetsu/yuki/documents/snowfall_r08_0411.xls
2026-03-03,南区(南31条西8丁目),snowfall,0.0,published; reference periods in source notes,https://www.city.sapporo.jp/kensetsu/yuki/documents/snowfall_r08_0411.xls
2026-03-03,南区(定山渓),snowfall,0.0,published; reference periods in source notes,https://www.city.sapporo.jp/kensetsu/yuki/documents/snowfall_r08_0411.xls
2026-03-03,西区(西野),snowfall,0.0,published; reference periods in source notes,https://www.city.sapporo.jp/kensetsu/yuki/documents/snowfall_r08_0411.xls
2026-03-03,西区(平和),snowfall,0.0,published; reference periods in source notes,https://www.city.sapporo.jp/kensetsu/yuki/documents/snowfall_r08_0411.xls
2026-03-03,手稲区,snowfall,0.0,published; reference periods in source notes,https://www.city.sapporo.jp/kensetsu/yuki/documents/snowfall_r08_0411.xls
2026-03-04,中央区,snowfall,2.0,published; reference periods in source notes,https://www.city.sapporo.jp/kensetsu/yuki/documents/snowfall_r08_0411.xls
2026-03-04,北区(太平),snowfall,3.0,published; reference periods in source notes,https://www.city.sapporo.jp/kensetsu/yuki/documents/snowfall_r08_0411.xls
2026-03-04,北区(あいの里),snowfall,4.0,published; reference periods in source notes,https://www.city.sapporo.jp/kensetsu/yuki/documents/snowfall_r08_0411.xls
2026-03-04,東区,snowfall,4.0,published; reference periods in source notes,https://www.city.sapporo.jp/kensetsu/yuki/documents/snowfall_r08_0411.xls
2026-03-04,白石区,snowfall,3.0,published; reference periods in source notes,https://www.city.sapporo.jp/kensetsu/yuki/documents/snowfall_r08_0411.xls
2026-03-04,厚別区,snowfall,1.0,published; reference periods in source notes,https://www.city.sapporo.jp/kensetsu/yuki/documents/snowfall_r08_0411.xls
2026-03-04,豊平区,snowfall,7.0,published; reference periods in source notes,https://www.city.sapporo.jp/kensetsu/yuki/documents/snowfall_r08_0411.xls
2026-03-04,清田区,snowfall,5.0,published; reference periods in source notes,https://www.city.sapporo.jp/kensetsu/yuki/documents/snowfall_r08_0411.xls
2026-03-04,南区(南31条西8丁目),snowfall,7.0,published; reference periods in source notes,https://www.city.sapporo.jp/kensetsu/yuki/documents/snowfall_r08_0411.xls
2026-03-04,南区(定山渓),snowfall,10.0,published; reference periods in source notes,https://www.city.sapporo.jp/kensetsu/yuki/documents/snowfall_r08_0411.xls
2026-03-04,西区(西野),snowfall,9.0,published; reference periods in source notes,https://www.city.sapporo.jp/kensetsu/yuki/documents/snowfall_r08_0411.xls
2026-03-04,西区(平和),snowfall,10.0,published; reference periods in source notes,https://www.city.sapporo.jp/kensetsu/yuki/documents/snowfall_r08_0411.xls
2026-03-04,手稲区,snowfall,3.0,published; reference periods in source notes,https://www.city.sapporo.jp/kensetsu/yuki/documents/snowfall_r08_0411.xls
2026-03-05,中央区,snowfall,3.0,published; reference periods in source notes,https://www.city.sapporo.jp/kensetsu/yuki/documents/snowfall_r08_0411.xls
2026-03-05,北区(太平),snowfall,6.0,published; reference periods in source notes,https://www.city.sapporo.jp/kensetsu/yuki/documents/snowfall_r08_0411.xls
2026-03-05,北区(あいの里),snowfall,9.0,published; reference periods in source notes,https://www.city.sapporo.jp/kensetsu/yuki/documents/snowfall_r08_0411.xls
2026-03-05,東区,snowfall,5.0,published; reference periods in source notes,https://www.city.sapporo.jp/kensetsu/yuki/documents/snowfall_r08_0411.xls
2026-03-05,白石区,snowfall,2.0,published; reference periods in source notes,https://www.city.sapporo.jp/kensetsu/yuki/documents/snowfall_r08_0411.xls
2026-03-05,厚別区,snowfall,4.0,published; reference periods in source notes,https://www.city.sapporo.jp/kensetsu/yuki/documents/snowfall_r08_0411.xls
2026-03-05,豊平区,snowfall,7.0,published; reference periods in source notes,https://www.city.sapporo.jp/kensetsu/yuki/documents/snowfall_r08_0411.xls
2026-03-05,清田区,snowfall,5.0,published; reference periods in source notes,https://www.city.sapporo.jp/kensetsu/yuki/documents/snowfall_r08_0411.xls
2026-03-05,南区(南31条西8丁目),snowfall,5.0,published; reference periods in source notes,https://www.city.sapporo.jp/kensetsu/yuki/documents/snowfall_r08_0411.xls
2026-03-05,南区(定山渓),snowfall,28.0,published; reference periods in source notes,https://www.city.sapporo.jp/kensetsu/yuki/documents/snowfall_r08_0411.xls
2026-03-05,西区(西野),snowfall,9.0,published; reference periods in source notes,https://www.city.sapporo.jp/kensetsu/yuki/documents/snowfall_r08_0411.xls
2026-03-05,西区(平和),snowfall,21.0,published; reference periods in source notes,https://www.city.sapporo.jp/kensetsu/yuki/documents/snowfall_r08_0411.xls
2026-03-05,手稲区,snowfall,3.0,published; reference periods in source notes,https://www.city.sapporo.jp/kensetsu/yuki/documents/snowfall_r08_0411.xls
2026-03-06,中央区,snowfall,0.0,published; reference periods in source notes,https://www.city.sapporo.jp/kensetsu/yuki/documents/snowfall_r08_0411.xls
2026-03-06,北区(太平),snowfall,0.0,published; reference periods in source notes,https://www.city.sapporo.jp/kensetsu/yuki/documents/snowfall_r08_0411.xls
2026-03-06,北区(あいの里),snowfall,0.0,published; reference periods in source notes,https://www.city.sapporo.jp/kensetsu/yuki/documents/snowfall_r08_0411.xls
2026-03-06,東区,snowfall,1.0,published; reference periods in source notes,https://www.city.sapporo.jp/kensetsu/yuki/documents/snowfall_r08_0411.xls
2026-03-06,白石区,snowfall,0.0,published; reference periods in source notes,https://www.city.sapporo.jp/kensetsu/yuki/documents/snowfall_r08_0411.xls
2026-03-06,厚別区,snowfall,0.0,published; reference periods in source notes,https://www.city.sapporo.jp/kensetsu/yuki/documents/snowfall_r08_0411.xls
2026-03-06,豊平区,snowfall,1.0,published; reference periods in source notes,https://www.city.sapporo.jp/kensetsu/yuki/documents/snowfall_r08_0411.xls
2026-03-06,清田区,snowfall,0.0,published; reference periods in source notes,https://www.city.sapporo.jp/kensetsu/yuki/documents/snowfall_r08_0411.xls
2026-03-06,南区(南31条西8丁目),snowfall,0.0,published; reference periods in source notes,https://www.city.sapporo.jp/kensetsu/yuki/documents/snowfall_r08_0411.xls
2026-03-06,南区(定山渓),snowfall,0.0,published; reference periods in source notes,https://www.city.sapporo.jp/kensetsu/yuki/documents/snowfall_r08_0411.xls
2026-03-06,西区(西野),snowfall,0.0,published; reference periods in source notes,https://www.city.sapporo.jp/kensetsu/yuki/documents/snowfall_r08_0411.xls
2026-03-06,西区(平和),snowfall,0.0,published; reference periods in source notes,https://www.city.sapporo.jp/kensetsu/yuki/documents/snowfall_r08_0411.xls
2026-03-06,手稲区,snowfall,0.0,published; reference periods in source notes,https://www.city.sapporo.jp/kensetsu/yuki/documents/snowfall_r08_0411.xls
2026-03-07,中央区,snowfall,1.0,published; reference periods in source notes,https://www.city.sapporo.jp/kensetsu/yuki/documents/snowfall_r08_0411.xls
2026-03-07,北区(太平),snowfall,1.0,published; reference periods in source notes,https://www.city.sapporo.jp/kensetsu/yuki/documents/snowfall_r08_0411.xls
2026-03-07,北区(あいの里),snowfall,1.0,published; reference periods in source notes,https://www.city.sapporo.jp/kensetsu/yuki/documents/snowfall_r08_0411.xls
2026-03-07,東区,snowfall,3.0,published; reference periods in source notes,https://www.city.sapporo.jp/kensetsu/yuki/documents/snowfall_r08_0411.xls
2026-03-07,白石区,snowfall,4.0,published; reference periods in source notes,https://www.city.sapporo.jp/kensetsu/yuki/documents/snowfall_r08_0411.xls
2026-03-07,厚別区,snowfall,4.0,published; reference periods in source notes,https://www.city.sapporo.jp/kensetsu/yuki/documents/snowfall_r08_0411.xls
2026-03-07,豊平区,snowfall,3.0,published; reference periods in source notes,https://www.city.sapporo.jp/kensetsu/yuki/documents/snowfall_r08_0411.xls
2026-03-07,清田区,snowfall,6.0,published; reference periods in source notes,https://www.city.sapporo.jp/kensetsu/yuki/documents/snowfall_r08_0411.xls
2026-03-07,南区(南31条西8丁目),snowfall,1.0,published; reference periods in source notes,https://www.city.sapporo.jp/kensetsu/yuki/documents/snowfall_r08_0411.xls
2026-03-07,南区(定山渓),snowfall,4.0,published; reference periods in source notes,https://www.city.sapporo.jp/kensetsu/yuki/documents/snowfall_r08_0411.xls
2026-03-07,西区(西野),snowfall,0.0,published; reference periods in source notes,https://www.city.sapporo.jp/kensetsu/yuki/documents/snowfall_r08_0411.xls
2026-03-07,西区(平和),snowfall,4.0,published; reference periods in source notes,https://www.city.sapporo.jp/kensetsu/yuki/documents/snowfall_r08_0411.xls
2026-03-07,手稲区,snowfall,1.0,published; reference periods in source notes,https://www.city.sapporo.jp/kensetsu/yuki/documents/snowfall_r08_0411.xls
2026-03-08,中央区,snowfall,0.0,published; reference periods in source notes,https://www.city.sapporo.jp/kensetsu/yuki/documents/snowfall_r08_0411.xls
2026-03-08,北区(太平),snowfall,1.0,published; reference periods in source notes,https://www.city.sapporo.jp/kensetsu/yuki/documents/snowfall_r08_0411.xls
2026-03-08,北区(あいの里),snowfall,0.0,published; reference periods in source notes,https://www.city.sapporo.jp/kensetsu/yuki/documents/snowfall_r08_0411.xls
2026-03-08,東区,snowfall,1.0,published; reference periods in source notes,https://www.city.sapporo.jp/kensetsu/yuki/documents/snowfall_r08_0411.xls
2026-03-08,白石区,snowfall,2.0,published; reference periods in source notes,https://www.city.sapporo.jp/kensetsu/yuki/documents/snowfall_r08_0411.xls
2026-03-08,厚別区,snowfall,1.0,published; reference periods in source notes,https://www.city.sapporo.jp/kensetsu/yuki/documents/snowfall_r08_0411.xls
2026-03-08,豊平区,snowfall,5.0,published; reference periods in source notes,https://www.city.sapporo.jp/kensetsu/yuki/documents/snowfall_r08_0411.xls
2026-03-08,清田区,snowfall,3.0,published; reference periods in source notes,https://www.city.sapporo.jp/kensetsu/yuki/documents/snowfall_r08_0411.xls
2026-03-08,南区(南31条西8丁目),snowfall,3.0,published; reference periods in source notes,https://www.city.sapporo.jp/kensetsu/yuki/documents/snowfall_r08_0411.xls
2026-03-08,南区(定山渓),snowfall,19.0,published; reference periods in source notes,https://www.city.sapporo.jp/kensetsu/yuki/documents/snowfall_r08_0411.xls
2026-03-08,西区(西野),snowfall,6.0,published; reference periods in source notes,https://www.city.sapporo.jp/kensetsu/yuki/documents/snowfall_r08_0411.xls
2026-03-08,西区(平和),snowfall,15.0,published; reference periods in source notes,https://www.city.sapporo.jp/kensetsu/yuki/documents/snowfall_r08_0411.xls
2026-03-08,手稲区,snowfall,2.0,published; reference periods in source notes,https://www.city.sapporo.jp/kensetsu/yuki/documents/snowfall_r08_0411.xls
2026-03-09,中央区,snowfall,6.0,published; reference periods in source notes,https://www.city.sapporo.jp/kensetsu/yuki/documents/snowfall_r08_0411.xls
2026-03-09,北区(太平),snowfall,4.0,published; reference periods in source notes,https://www.city.sapporo.jp/kensetsu/yuki/documents/snowfall_r08_0411.xls
2026-03-09,北区(あいの里),snowfall,0.0,published; reference periods in source notes,https://www.city.sapporo.jp/kensetsu/yuki/documents/snowfall_r08_0411.xls
2026-03-09,東区,snowfall,7.0,published; reference periods in source notes,https://www.city.sapporo.jp/kensetsu/yuki/documents/snowfall_r08_0411.xls
2026-03-09,白石区,snowfall,7.0,published; reference periods in source notes,https://www.city.sapporo.jp/kensetsu/yuki/documents/snowfall_r08_0411.xls
2026-03-09,厚別区,snowfall,6.0,published; reference periods in source notes,https://www.city.sapporo.jp/kensetsu/yuki/documents/snowfall_r08_0411.xls
2026-03-09,豊平区,snowfall,5.0,published; reference periods in source notes,https://www.city.sapporo.jp/kensetsu/yuki/documents/snowfall_r08_0411.xls
2026-03-09,清田区,snowfall,7.0,published; reference periods in source notes,https://www.city.sapporo.jp/kensetsu/yuki/documents/snowfall_r08_0411.xls
2026-03-09,南区(南31条西8丁目),snowfall,7.0,published; reference periods in source notes,https://www.city.sapporo.jp/kensetsu/yuki/documents/snowfall_r08_0411.xls
2026-03-09,南区(定山渓),snowfall,1.0,published; reference periods in source notes,https://www.city.sapporo.jp/kensetsu/yuki/documents/snowfall_r08_0411.xls
2026-03-09,西区(西野),snowfall,8.0,published; reference periods in source notes,https://www.city.sapporo.jp/kensetsu/yuki/documents/snowfall_r08_0411.xls
2026-03-09,西区(平和),snowfall,10.0,published; reference periods in source notes,https://www.city.sapporo.jp/kensetsu/yuki/documents/snowfall_r08_0411.xls
2026-03-09,手稲区,snowfall,6.0,published; reference periods in source notes,https://www.city.sapporo.jp/kensetsu/yuki/documents/snowfall_r08_0411.xls
2026-03-10,中央区,snowfall,6.0,published; reference periods in source notes,https://www.city.sapporo.jp/kensetsu/yuki/documents/snowfall_r08_0411.xls
2026-03-10,北区(太平),snowfall,16.0,published; reference periods in source notes,https://www.city.sapporo.jp/kensetsu/yuki/documents/snowfall_r08_0411.xls
2026-03-10,北区(あいの里),snowfall,15.0,published; reference periods in source notes,https://www.city.sapporo.jp/kensetsu/yuki/documents/snowfall_r08_0411.xls
2026-03-10,東区,snowfall,8.0,published; reference periods in source notes,https://www.city.sapporo.jp/kensetsu/yuki/documents/snowfall_r08_0411.xls
2026-03-10,白石区,snowfall,5.0,published; reference periods in source notes,https://www.city.sapporo.jp/kensetsu/yuki/documents/snowfall_r08_0411.xls
2026-03-10,厚別区,snowfall,3.0,published; reference periods in source notes,https://www.city.sapporo.jp/kensetsu/yuki/documents/snowfall_r08_0411.xls
2026-03-10,豊平区,snowfall,10.0,published; reference periods in source notes,https://www.city.sapporo.jp/kensetsu/yuki/documents/snowfall_r08_0411.xls
2026-03-10,清田区,snowfall,8.0,published; reference periods in source notes,https://www.city.sapporo.jp/kensetsu/yuki/documents/snowfall_r08_0411.xls
2026-03-10,南区(南31条西8丁目),snowfall,13.0,published; reference periods in source notes,https://www.city.sapporo.jp/kensetsu/yuki/documents/snowfall_r08_0411.xls
2026-03-10,南区(定山渓),snowfall,1.0,published; reference periods in source notes,https://www.city.sapporo.jp/kensetsu/yuki/documents/snowfall_r08_0411.xls
2026-03-10,西区(西野),snowfall,5.0,published; reference periods in source notes,https://www.city.sapporo.jp/kensetsu/yuki/documents/snowfall_r08_0411.xls
2026-03-10,西区(平和),snowfall,2.0,published; reference periods in source notes,https://www.city.sapporo.jp/kensetsu/yuki/documents/snowfall_r08_0411.xls
2026-03-10,手稲区,snowfall,13.0,published; reference periods in source notes,https://www.city.sapporo.jp/kensetsu/yuki/documents/snowfall_r08_0411.xls
2026-03-11,中央区,snowfall,0.0,published; reference periods in source notes,https://www.city.sapporo.jp/kensetsu/yuki/documents/snowfall_r08_0411.xls
2026-03-11,北区(太平),snowfall,0.0,published; reference periods in source notes,https://www.city.sapporo.jp/kensetsu/yuki/documents/snowfall_r08_0411.xls
2026-03-11,北区(あいの里),snowfall,0.0,published; reference periods in source notes,https://www.city.sapporo.jp/kensetsu/yuki/documents/snowfall_r08_0411.xls
2026-03-11,東区,snowfall,0.0,published; reference periods in source notes,https://www.city.sapporo.jp/kensetsu/yuki/documents/snowfall_r08_0411.xls
2026-03-11,白石区,snowfall,0.0,published; reference periods in source notes,https://www.city.sapporo.jp/kensetsu/yuki/documents/snowfall_r08_0411.xls
2026-03-11,厚別区,snowfall,0.0,published; reference periods in source notes,https://www.city.sapporo.jp/kensetsu/yuki/documents/snowfall_r08_0411.xls
2026-03-11,豊平区,snowfall,1.0,published; reference periods in source notes,https://www.city.sapporo.jp/kensetsu/yuki/documents/snowfall_r08_0411.xls
2026-03-11,清田区,snowfall,0.0,published; reference periods in source notes,https://www.city.sapporo.jp/kensetsu/yuki/documents/snowfall_r08_0411.xls
2026-03-11,南区(南31条西8丁目),snowfall,0.0,published; reference periods in source notes,https://www.city.sapporo.jp/kensetsu/yuki/documents/snowfall_r08_0411.xls
2026-03-11,南区(定山渓),snowfall,7.0,published; reference periods in source notes,https://www.city.sapporo.jp/kensetsu/yuki/documents/snowfall_r08_0411.xls
2026-03-11,西区(西野),snowfall,1.0,published; reference periods in source notes,https://www.city.sapporo.jp/kensetsu/yuki/documents/snowfall_r08_0411.xls
2026-03-11,西区(平和),snowfall,5.0,published; reference periods in source notes,https://www.city.sapporo.jp/kensetsu/yuki/documents/snowfall_r08_0411.xls
2026-03-11,手稲区,snowfall,0.0,published; reference periods in source notes,https://www.city.sapporo.jp/kensetsu/yuki/documents/snowfall_r08_0411.xls
2026-03-12,中央区,snowfall,0.0,published; reference periods in source notes,https://www.city.sapporo.jp/kensetsu/yuki/documents/snowfall_r08_0411.xls
2026-03-12,北区(太平),snowfall,0.0,published; reference periods in source notes,https://www.city.sapporo.jp/kensetsu/yuki/documents/snowfall_r08_0411.xls
2026-03-12,北区(あいの里),snowfall,0.0,published; reference periods in source notes,https://www.city.sapporo.jp/kensetsu/yuki/documents/snowfall_r08_0411.xls
2026-03-12,東区,snowfall,0.0,published; reference periods in source notes,https://www.city.sapporo.jp/kensetsu/yuki/documents/snowfall_r08_0411.xls
2026-03-12,白石区,snowfall,0.0,published; reference periods in source notes,https://www.city.sapporo.jp/kensetsu/yuki/documents/snowfall_r08_0411.xls
2026-03-12,厚別区,snowfall,0.0,published; reference periods in source notes,https://www.city.sapporo.jp/kensetsu/yuki/documents/snowfall_r08_0411.xls
2026-03-12,豊平区,snowfall,0.0,published; reference periods in source notes,https://www.city.sapporo.jp/kensetsu/yuki/documents/snowfall_r08_0411.xls
2026-03-12,清田区,snowfall,0.0,published; reference periods in source notes,https://www.city.sapporo.jp/kensetsu/yuki/documents/snowfall_r08_0411.xls
2026-03-12,南区(南31条西8丁目),snowfall,0.0,published; reference periods in source notes,https://www.city.sapporo.jp/kensetsu/yuki/documents/snowfall_r08_0411.xls
2026-03-12,南区(定山渓),snowfall,0.0,published; reference periods in source notes,https://www.city.sapporo.jp/kensetsu/yuki/documents/snowfall_r08_0411.xls
2026-03-12,西区(西野),snowfall,0.0,published; reference periods in source notes,https://www.city.sapporo.jp/kensetsu/yuki/documents/snowfall_r08_0411.xls
2026-03-12,西区(平和),snowfall,1.0,published; reference periods in source notes,https://www.city.sapporo.jp/kensetsu/yuki/documents/snowfall_r08_0411.xls
2026-03-12,手稲区,snowfall,0.0,published; reference periods in source notes,https://www.city.sapporo.jp/kensetsu/yuki/documents/snowfall_r08_0411.xls
2026-03-13,中央区,snowfall,0.0,published; reference periods in source notes,https://www.city.sapporo.jp/kensetsu/yuki/documents/snowfall_r08_0411.xls
2026-03-13,北区(太平),snowfall,0.0,published; reference periods in source notes,https://www.city.sapporo.jp/kensetsu/yuki/documents/snowfall_r08_0411.xls
2026-03-13,北区(あいの里),snowfall,0.0,published; reference periods in source notes,https://www.city.sapporo.jp/kensetsu/yuki/documents/snowfall_r08_0411.xls
2026-03-13,東区,snowfall,0.0,published; reference periods in source notes,https://www.city.sapporo.jp/kensetsu/yuki/documents/snowfall_r08_0411.xls
2026-03-13,白石区,snowfall,0.0,published; reference periods in source notes,https://www.city.sapporo.jp/kensetsu/yuki/documents/snowfall_r08_0411.xls
2026-03-13,厚別区,snowfall,0.0,published; reference periods in source notes,https://www.city.sapporo.jp/kensetsu/yuki/documents/snowfall_r08_0411.xls
2026-03-13,豊平区,snowfall,2.0,published; reference periods in source notes,https://www.city.sapporo.jp/kensetsu/yuki/documents/snowfall_r08_0411.xls
2026-03-13,清田区,snowfall,0.0,published; reference periods in source notes,https://www.city.sapporo.jp/kensetsu/yuki/documents/snowfall_r08_0411.xls
2026-03-13,南区(南31条西8丁目),snowfall,0.0,published; reference periods in source notes,https://www.city.sapporo.jp/kensetsu/yuki/documents/snowfall_r08_0411.xls
2026-03-13,南区(定山渓),snowfall,2.0,published; reference periods in source notes,https://www.city.sapporo.jp/kensetsu/yuki/documents/snowfall_r08_0411.xls
2026-03-13,西区(西野),snowfall,0.0,published; reference periods in source notes,https://www.city.sapporo.jp/kensetsu/yuki/documents/snowfall_r08_0411.xls
2026-03-13,西区(平和),snowfall,4.0,published; reference periods in source notes,https://www.city.sapporo.jp/kensetsu/yuki/documents/snowfall_r08_0411.xls
2026-03-13,手稲区,snowfall,0.0,published; reference periods in source notes,https://www.city.sapporo.jp/kensetsu/yuki/documents/snowfall_r08_0411.xls
2026-03-14,中央区,snowfall,0.0,published; reference periods in source notes,https://www.city.sapporo.jp/kensetsu/yuki/documents/snowfall_r08_0411.xls
2026-03-14,北区(太平),snowfall,0.0,published; reference periods in source notes,https://www.city.sapporo.jp/kensetsu/yuki/documents/snowfall_r08_0411.xls
2026-03-14,北区(あいの里),snowfall,0.0,published; reference periods in source notes,https://www.city.sapporo.jp/kensetsu/yuki/documents/snowfall_r08_0411.xls
2026-03-14,東区,snowfall,0.0,published; reference periods in source notes,https://www.city.sapporo.jp/kensetsu/yuki/documents/snowfall_r08_0411.xls
2026-03-14,白石区,snowfall,0.0,published; reference periods in source notes,https://www.city.sapporo.jp/kensetsu/yuki/documents/snowfall_r08_0411.xls
2026-03-14,厚別区,snowfall,0.0,published; reference periods in source notes,https://www.city.sapporo.jp/kensetsu/yuki/documents/snowfall_r08_0411.xls
2026-03-14,豊平区,snowfall,0.0,published; reference periods in source notes,https://www.city.sapporo.jp/kensetsu/yuki/documents/snowfall_r08_0411.xls
2026-03-14,清田区,snowfall,0.0,published; reference periods in source notes,https://www.city.sapporo.jp/kensetsu/yuki/documents/snowfall_r08_0411.xls
2026-03-14,南区(南31条西8丁目),snowfall,0.0,published; reference periods in source notes,https://www.city.sapporo.jp/kensetsu/yuki/documents/snowfall_r08_0411.xls
2026-03-14,南区(定山渓),snowfall,0.0,published; reference periods in source notes,https://www.city.sapporo.jp/kensetsu/yuki/documents/snowfall_r08_0411.xls
2026-03-14,西区(西野),snowfall,0.0,published; reference periods in source notes,https://www.city.sapporo.jp/kensetsu/yuki/documents/snowfall_r08_0411.xls
2026-03-14,西区(平和),snowfall,0.0,published; reference periods in source notes,https://www.city.sapporo.jp/kensetsu/yuki/documents/snowfall_r08_0411.xls
2026-03-14,手稲区,snowfall,0.0,published; reference periods in source notes,https://www.city.sapporo.jp/kensetsu/yuki/documents/snowfall_r08_0411.xls
2026-03-15,中央区,snowfall,0.0,published; reference periods in source notes,https://www.city.sapporo.jp/kensetsu/yuki/documents/snowfall_r08_0411.xls
2026-03-15,北区(太平),snowfall,0.0,published; reference periods in source notes,https://www.city.sapporo.jp/kensetsu/yuki/documents/snowfall_r08_0411.xls
2026-03-15,北区(あいの里),snowfall,0.0,published; reference periods in source notes,https://www.city.sapporo.jp/kensetsu/yuki/documents/snowfall_r08_0411.xls
2026-03-15,東区,snowfall,0.0,published; reference periods in source notes,https://www.city.sapporo.jp/kensetsu/yuki/documents/snowfall_r08_0411.xls
2026-03-15,白石区,snowfall,0.0,published; reference periods in source notes,https://www.city.sapporo.jp/kensetsu/yuki/documents/snowfall_r08_0411.xls
2026-03-15,厚別区,snowfall,0.0,published; reference periods in source notes,https://www.city.sapporo.jp/kensetsu/yuki/documents/snowfall_r08_0411.xls
2026-03-15,豊平区,snowfall,0.0,published; reference periods in source notes,https://www.city.sapporo.jp/kensetsu/yuki/documents/snowfall_r08_0411.xls
2026-03-15,清田区,snowfall,0.0,published; reference periods in source notes,https://www.city.sapporo.jp/kensetsu/yuki/documents/snowfall_r08_0411.xls
2026-03-15,南区(南31条西8丁目),snowfall,0.0,published; reference periods in source notes,https://www.city.sapporo.jp/kensetsu/yuki/documents/snowfall_r08_0411.xls
2026-03-15,南区(定山渓),snowfall,0.0,published; reference periods in source notes,https://www.city.sapporo.jp/kensetsu/yuki/documents/snowfall_r08_0411.xls
2026-03-15,西区(西野),snowfall,0.0,published; reference periods in source notes,https://www.city.sapporo.jp/kensetsu/yuki/documents/snowfall_r08_0411.xls
2026-03-15,西区(平和),snowfall,0.0,published; reference periods in source notes,https://www.city.sapporo.jp/kensetsu/yuki/documents/snowfall_r08_0411.xls
2026-03-15,手稲区,snowfall,0.0,published; reference periods in source notes,https://www.city.sapporo.jp/kensetsu/yuki/documents/snowfall_r08_0411.xls
2026-03-16,中央区,snowfall,0.0,published; reference periods in source notes,https://www.city.sapporo.jp/kensetsu/yuki/documents/snowfall_r08_0411.xls
2026-03-16,北区(太平),snowfall,0.0,published; reference periods in source notes,https://www.city.sapporo.jp/kensetsu/yuki/documents/snowfall_r08_0411.xls
2026-03-16,北区(あいの里),snowfall,0.0,published; reference periods in source notes,https://www.city.sapporo.jp/kensetsu/yuki/documents/snowfall_r08_0411.xls
2026-03-16,東区,snowfall,0.0,published; reference periods in source notes,https://www.city.sapporo.jp/kensetsu/yuki/documents/snowfall_r08_0411.xls
2026-03-16,白石区,snowfall,0.0,published; reference periods in source notes,https://www.city.sapporo.jp/kensetsu/yuki/documents/snowfall_r08_0411.xls
2026-03-16,厚別区,snowfall,0.0,published; reference periods in source notes,https://www.city.sapporo.jp/kensetsu/yuki/documents/snowfall_r08_0411.xls
2026-03-16,豊平区,snowfall,0.0,published; reference periods in source notes,https://www.city.sapporo.jp/kensetsu/yuki/documents/snowfall_r08_0411.xls
2026-03-16,清田区,snowfall,0.0,published; reference periods in source notes,https://www.city.sapporo.jp/kensetsu/yuki/documents/snowfall_r08_0411.xls
2026-03-16,南区(南31条西8丁目),snowfall,0.0,published; reference periods in source notes,https://www.city.sapporo.jp/kensetsu/yuki/documents/snowfall_r08_0411.xls
2026-03-16,南区(定山渓),snowfall,0.0,published; reference periods in source notes,https://www.city.sapporo.jp/kensetsu/yuki/documents/snowfall_r08_0411.xls
2026-03-16,西区(西野),snowfall,0.0,published; reference periods in source notes,https://www.city.sapporo.jp/kensetsu/yuki/documents/snowfall_r08_0411.xls
2026-03-16,西区(平和),snowfall,0.0,published; reference periods in source notes,https://www.city.sapporo.jp/kensetsu/yuki/documents/snowfall_r08_0411.xls
2026-03-16,手稲区,snowfall,0.0,published; reference periods in source notes,https://www.city.sapporo.jp/kensetsu/yuki/documents/snowfall_r08_0411.xls
2026-03-17,中央区,snowfall,0.0,published; reference periods in source notes,https://www.city.sapporo.jp/kensetsu/yuki/documents/snowfall_r08_0411.xls
2026-03-17,北区(太平),snowfall,0.0,published; reference periods in source notes,https://www.city.sapporo.jp/kensetsu/yuki/documents/snowfall_r08_0411.xls
2026-03-17,北区(あいの里),snowfall,3.0,published; reference periods in source notes,https://www.city.sapporo.jp/kensetsu/yuki/documents/snowfall_r08_0411.xls
2026-03-17,東区,snowfall,0.0,published; reference periods in source notes,https://www.city.sapporo.jp/kensetsu/yuki/documents/snowfall_r08_0411.xls
2026-03-17,白石区,snowfall,0.0,published; reference periods in source notes,https://www.city.sapporo.jp/kensetsu/yuki/documents/snowfall_r08_0411.xls
2026-03-17,厚別区,snowfall,0.0,published; reference periods in source notes,https://www.city.sapporo.jp/kensetsu/yuki/documents/snowfall_r08_0411.xls
2026-03-17,豊平区,snowfall,0.0,published; reference periods in source notes,https://www.city.sapporo.jp/kensetsu/yuki/documents/snowfall_r08_0411.xls
2026-03-17,清田区,snowfall,0.0,published; reference periods in source notes,https://www.city.sapporo.jp/kensetsu/yuki/documents/snowfall_r08_0411.xls
2026-03-17,南区(南31条西8丁目),snowfall,0.0,published; reference periods in source notes,https://www.city.sapporo.jp/kensetsu/yuki/documents/snowfall_r08_0411.xls
2026-03-17,南区(定山渓),snowfall,0.0,published; reference periods in source notes,https://www.city.sapporo.jp/kensetsu/yuki/documents/snowfall_r08_0411.xls
2026-03-17,西区(西野),snowfall,0.0,published; reference periods in source notes,https://www.city.sapporo.jp/kensetsu/yuki/documents/snowfall_r08_0411.xls
2026-03-17,西区(平和),snowfall,0.0,published; reference periods in source notes,https://www.city.sapporo.jp/kensetsu/yuki/documents/snowfall_r08_0411.xls
2026-03-17,手稲区,snowfall,0.0,published; reference periods in source notes,https://www.city.sapporo.jp/kensetsu/yuki/documents/snowfall_r08_0411.xls
2026-03-18,中央区,snowfall,0.0,published; reference periods in source notes,https://www.city.sapporo.jp/kensetsu/yuki/documents/snowfall_r08_0411.xls
2026-03-18,北区(太平),snowfall,0.0,published; reference periods in source notes,https://www.city.sapporo.jp/kensetsu/yuki/documents/snowfall_r08_0411.xls
2026-03-18,北区(あいの里),snowfall,0.0,published; reference periods in source notes,https://www.city.sapporo.jp/kensetsu/yuki/documents/snowfall_r08_0411.xls
2026-03-18,東区,snowfall,0.0,published; reference periods in source notes,https://www.city.sapporo.jp/kensetsu/yuki/documents/snowfall_r08_0411.xls
2026-03-18,白石区,snowfall,0.0,published; reference periods in source notes,https://www.city.sapporo.jp/kensetsu/yuki/documents/snowfall_r08_0411.xls
2026-03-18,厚別区,snowfall,0.0,published; reference periods in source notes,https://www.city.sapporo.jp/kensetsu/yuki/documents/snowfall_r08_0411.xls
2026-03-18,豊平区,snowfall,0.0,published; reference periods in source notes,https://www.city.sapporo.jp/kensetsu/yuki/documents/snowfall_r08_0411.xls
2026-03-18,清田区,snowfall,0.0,published; reference periods in source notes,https://www.city.sapporo.jp/kensetsu/yuki/documents/snowfall_r08_0411.xls
2026-03-18,南区(南31条西8丁目),snowfall,0.0,published; reference periods in source notes,https://www.city.sapporo.jp/kensetsu/yuki/documents/snowfall_r08_0411.xls
2026-03-18,南区(定山渓),snowfall,0.0,published; reference periods in source notes,https://www.city.sapporo.jp/kensetsu/yuki/documents/snowfall_r08_0411.xls
2026-03-18,西区(西野),snowfall,0.0,published; reference periods in source notes,https://www.city.sapporo.jp/kensetsu/yuki/documents/snowfall_r08_0411.xls
2026-03-18,西区(平和),snowfall,0.0,published; reference periods in source notes,https://www.city.sapporo.jp/kensetsu/yuki/documents/snowfall_r08_0411.xls
2026-03-18,手稲区,snowfall,0.0,published; reference periods in source notes,https://www.city.sapporo.jp/kensetsu/yuki/documents/snowfall_r08_0411.xls
2026-03-19,中央区,snowfall,0.0,published; reference periods in source notes,https://www.city.sapporo.jp/kensetsu/yuki/documents/snowfall_r08_0411.xls
2026-03-19,北区(太平),snowfall,0.0,published; reference periods in source notes,https://www.city.sapporo.jp/kensetsu/yuki/documents/snowfall_r08_0411.xls
2026-03-19,北区(あいの里),snowfall,0.0,published; reference periods in source notes,https://www.city.sapporo.jp/kensetsu/yuki/documents/snowfall_r08_0411.xls
2026-03-19,東区,snowfall,0.0,published; reference periods in source notes,https://www.city.sapporo.jp/kensetsu/yuki/documents/snowfall_r08_0411.xls
2026-03-19,白石区,snowfall,0.0,published; reference periods in source notes,https://www.city.sapporo.jp/kensetsu/yuki/documents/snowfall_r08_0411.xls
2026-03-19,厚別区,snowfall,0.0,published; reference periods in source notes,https://www.city.sapporo.jp/kensetsu/yuki/documents/snowfall_r08_0411.xls
2026-03-19,豊平区,snowfall,0.0,published; reference periods in source notes,https://www.city.sapporo.jp/kensetsu/yuki/documents/snowfall_r08_0411.xls
2026-03-19,清田区,snowfall,0.0,published; reference periods in source notes,https://www.city.sapporo.jp/kensetsu/yuki/documents/snowfall_r08_0411.xls
2026-03-19,南区(南31条西8丁目),snowfall,0.0,published; reference periods in source notes,https://www.city.sapporo.jp/kensetsu/yuki/documents/snowfall_r08_0411.xls
2026-03-19,南区(定山渓),snowfall,0.0,published; reference periods in source notes,https://www.city.sapporo.jp/kensetsu/yuki/documents/snowfall_r08_0411.xls
2026-03-19,西区(西野),snowfall,0.0,published; reference periods in source notes,https://www.city.sapporo.jp/kensetsu/yuki/documents/snowfall_r08_0411.xls
2026-03-19,西区(平和),snowfall,0.0,published; reference periods in source notes,https://www.city.sapporo.jp/kensetsu/yuki/documents/snowfall_r08_0411.xls
2026-03-19,手稲区,snowfall,0.0,published; reference periods in source notes,https://www.city.sapporo.jp/kensetsu/yuki/documents/snowfall_r08_0411.xls
2026-03-20,中央区,snowfall,0.0,published; reference periods in source notes,https://www.city.sapporo.jp/kensetsu/yuki/documents/snowfall_r08_0411.xls
2026-03-20,北区(太平),snowfall,0.0,published; reference periods in source notes,https://www.city.sapporo.jp/kensetsu/yuki/documents/snowfall_r08_0411.xls
2026-03-20,北区(あいの里),snowfall,0.0,published; reference periods in source notes,https://www.city.sapporo.jp/kensetsu/yuki/documents/snowfall_r08_0411.xls
2026-03-20,東区,snowfall,0.0,published; reference periods in source notes,https://www.city.sapporo.jp/kensetsu/yuki/documents/snowfall_r08_0411.xls
2026-03-20,白石区,snowfall,0.0,published; reference periods in source notes,https://www.city.sapporo.jp/kensetsu/yuki/documents/snowfall_r08_0411.xls
2026-03-20,厚別区,snowfall,0.0,published; reference periods in source notes,https://www.city.sapporo.jp/kensetsu/yuki/documents/snowfall_r08_0411.xls
2026-03-20,豊平区,snowfall,0.0,published; reference periods in source notes,https://www.city.sapporo.jp/kensetsu/yuki/documents/snowfall_r08_0411.xls
2026-03-20,清田区,snowfall,0.0,published; reference periods in source notes,https://www.city.sapporo.jp/kensetsu/yuki/documents/snowfall_r08_0411.xls
2026-03-20,南区(南31条西8丁目),snowfall,0.0,published; reference periods in source notes,https://www.city.sapporo.jp/kensetsu/yuki/documents/snowfall_r08_0411.xls
2026-03-20,南区(定山渓),snowfall,0.0,published; reference periods in source notes,https://www.city.sapporo.jp/kensetsu/yuki/documents/snowfall_r08_0411.xls
2026-03-20,西区(西野),snowfall,0.0,published; reference periods in source notes,https://www.city.sapporo.jp/kensetsu/yuki/documents/snowfall_r08_0411.xls
2026-03-20,西区(平和),snowfall,0.0,published; reference periods in source notes,https://www.city.sapporo.jp/kensetsu/yuki/documents/snowfall_r08_0411.xls
2026-03-20,手稲区,snowfall,0.0,published; reference periods in source notes,https://www.city.sapporo.jp/kensetsu/yuki/documents/snowfall_r08_0411.xls
2026-03-21,中央区,snowfall,6.0,published; reference periods in source notes,https://www.city.sapporo.jp/kensetsu/yuki/documents/snowfall_r08_0411.xls
2026-03-21,北区(太平),snowfall,8.0,published; reference periods in source notes,https://www.city.sapporo.jp/kensetsu/yuki/documents/snowfall_r08_0411.xls
2026-03-21,北区(あいの里),snowfall,2.0,published; reference periods in source notes,https://www.city.sapporo.jp/kensetsu/yuki/documents/snowfall_r08_0411.xls
2026-03-21,東区,snowfall,6.0,published; reference periods in source notes,https://www.city.sapporo.jp/kensetsu/yuki/documents/snowfall_r08_0411.xls
2026-03-21,白石区,snowfall,7.0,published; reference periods in source notes,https://www.city.sapporo.jp/kensetsu/yuki/documents/snowfall_r08_0411.xls
2026-03-21,厚別区,snowfall,11.0,published; reference periods in source notes,https://www.city.sapporo.jp/kensetsu/yuki/documents/snowfall_r08_0411.xls
2026-03-21,豊平区,snowfall,14.0,published; reference periods in source notes,https://www.city.sapporo.jp/kensetsu/yuki/documents/snowfall_r08_0411.xls
2026-03-21,清田区,snowfall,12.0,published; reference periods in source notes,https://www.city.sapporo.jp/kensetsu/yuki/documents/snowfall_r08_0411.xls
2026-03-21,南区(南31条西8丁目),snowfall,13.0,published; reference periods in source notes,https://www.city.sapporo.jp/kensetsu/yuki/documents/snowfall_r08_0411.xls
2026-03-21,南区(定山渓),snowfall,12.0,published; reference periods in source notes,https://www.city.sapporo.jp/kensetsu/yuki/documents/snowfall_r08_0411.xls
2026-03-21,西区(西野),snowfall,11.0,published; reference periods in source notes,https://www.city.sapporo.jp/kensetsu/yuki/documents/snowfall_r08_0411.xls
2026-03-21,西区(平和),snowfall,18.0,published; reference periods in source notes,https://www.city.sapporo.jp/kensetsu/yuki/documents/snowfall_r08_0411.xls
2026-03-21,手稲区,snowfall,11.0,published; reference periods in source notes,https://www.city.sapporo.jp/kensetsu/yuki/documents/snowfall_r08_0411.xls
2026-03-22,中央区,snowfall,0.0,published; reference periods in source notes,https://www.city.sapporo.jp/kensetsu/yuki/documents/snowfall_r08_0411.xls
2026-03-22,北区(太平),snowfall,0.0,published; reference periods in source notes,https://www.city.sapporo.jp/kensetsu/yuki/documents/snowfall_r08_0411.xls
2026-03-22,北区(あいの里),snowfall,0.0,published; reference periods in source notes,https://www.city.sapporo.jp/kensetsu/yuki/documents/snowfall_r08_0411.xls
2026-03-22,東区,snowfall,0.0,published; reference periods in source notes,https://www.city.sapporo.jp/kensetsu/yuki/documents/snowfall_r08_0411.xls
2026-03-22,白石区,snowfall,0.0,published; reference periods in source notes,https://www.city.sapporo.jp/kensetsu/yuki/documents/snowfall_r08_0411.xls
2026-03-22,厚別区,snowfall,0.0,published; reference periods in source notes,https://www.city.sapporo.jp/kensetsu/yuki/documents/snowfall_r08_0411.xls
2026-03-22,豊平区,snowfall,0.0,published; reference periods in source notes,https://www.city.sapporo.jp/kensetsu/yuki/documents/snowfall_r08_0411.xls
2026-03-22,清田区,snowfall,0.0,published; reference periods in source notes,https://www.city.sapporo.jp/kensetsu/yuki/documents/snowfall_r08_0411.xls
2026-03-22,南区(南31条西8丁目),snowfall,0.0,published; reference periods in source notes,https://www.city.sapporo.jp/kensetsu/yuki/documents/snowfall_r08_0411.xls
2026-03-22,南区(定山渓),snowfall,0.0,published; reference periods in source notes,https://www.city.sapporo.jp/kensetsu/yuki/documents/snowfall_r08_0411.xls
2026-03-22,西区(西野),snowfall,0.0,published; reference periods in source notes,https://www.city.sapporo.jp/kensetsu/yuki/documents/snowfall_r08_0411.xls
2026-03-22,西区(平和),snowfall,0.0,published; reference periods in source notes,https://www.city.sapporo.jp/kensetsu/yuki/documents/snowfall_r08_0411.xls
2026-03-22,手稲区,snowfall,0.0,published; reference periods in source notes,https://www.city.sapporo.jp/kensetsu/yuki/documents/snowfall_r08_0411.xls
2026-03-23,中央区,snowfall,0.0,published; reference periods in source notes,https://www.city.sapporo.jp/kensetsu/yuki/documents/snowfall_r08_0411.xls
2026-03-23,北区(太平),snowfall,0.0,published; reference periods in source notes,https://www.city.sapporo.jp/kensetsu/yuki/documents/snowfall_r08_0411.xls
2026-03-23,北区(あいの里),snowfall,0.0,published; reference periods in source notes,https://www.city.sapporo.jp/kensetsu/yuki/documents/snowfall_r08_0411.xls
2026-03-23,東区,snowfall,0.0,published; reference periods in source notes,https://www.city.sapporo.jp/kensetsu/yuki/documents/snowfall_r08_0411.xls
2026-03-23,白石区,snowfall,0.0,published; reference periods in source notes,https://www.city.sapporo.jp/kensetsu/yuki/documents/snowfall_r08_0411.xls
2026-03-23,厚別区,snowfall,0.0,published; reference periods in source notes,https://www.city.sapporo.jp/kensetsu/yuki/documents/snowfall_r08_0411.xls
2026-03-23,豊平区,snowfall,0.0,published; reference periods in source notes,https://www.city.sapporo.jp/kensetsu/yuki/documents/snowfall_r08_0411.xls
2026-03-23,清田区,snowfall,1.0,published; reference periods in source notes,https://www.city.sapporo.jp/kensetsu/yuki/documents/snowfall_r08_0411.xls
2026-03-23,南区(南31条西8丁目),snowfall,0.0,published; reference periods in source notes,https://www.city.sapporo.jp/kensetsu/yuki/documents/snowfall_r08_0411.xls
2026-03-23,南区(定山渓),snowfall,0.0,published; reference periods in source notes,https://www.city.sapporo.jp/kensetsu/yuki/documents/snowfall_r08_0411.xls
2026-03-23,西区(西野),snowfall,0.0,published; reference periods in source notes,https://www.city.sapporo.jp/kensetsu/yuki/documents/snowfall_r08_0411.xls
2026-03-23,西区(平和),snowfall,1.0,published; reference periods in source notes,https://www.city.sapporo.jp/kensetsu/yuki/documents/snowfall_r08_0411.xls
2026-03-23,手稲区,snowfall,0.0,published; reference periods in source notes,https://www.city.sapporo.jp/kensetsu/yuki/documents/snowfall_r08_0411.xls
2026-03-24,中央区,snowfall,0.0,published; reference periods in source notes,https://www.city.sapporo.jp/kensetsu/yuki/documents/snowfall_r08_0411.xls
2026-03-24,北区(太平),snowfall,0.0,published; reference periods in source notes,https://www.city.sapporo.jp/kensetsu/yuki/documents/snowfall_r08_0411.xls
2026-03-24,北区(あいの里),snowfall,0.0,published; reference periods in source notes,https://www.city.sapporo.jp/kensetsu/yuki/documents/snowfall_r08_0411.xls
2026-03-24,東区,snowfall,0.0,published; reference periods in source notes,https://www.city.sapporo.jp/kensetsu/yuki/documents/snowfall_r08_0411.xls
2026-03-24,白石区,snowfall,0.0,published; reference periods in source notes,https://www.city.sapporo.jp/kensetsu/yuki/documents/snowfall_r08_0411.xls
2026-03-24,厚別区,snowfall,0.0,published; reference periods in source notes,https://www.city.sapporo.jp/kensetsu/yuki/documents/snowfall_r08_0411.xls
2026-03-24,豊平区,snowfall,0.0,published; reference periods in source notes,https://www.city.sapporo.jp/kensetsu/yuki/documents/snowfall_r08_0411.xls
2026-03-24,清田区,snowfall,0.0,published; reference periods in source notes,https://www.city.sapporo.jp/kensetsu/yuki/documents/snowfall_r08_0411.xls
2026-03-24,南区(南31条西8丁目),snowfall,0.0,published; reference periods in source notes,https://www.city.sapporo.jp/kensetsu/yuki/documents/snowfall_r08_0411.xls
2026-03-24,南区(定山渓),snowfall,0.0,published; reference periods in source notes,https://www.city.sapporo.jp/kensetsu/yuki/documents/snowfall_r08_0411.xls
2026-03-24,西区(西野),snowfall,0.0,published; reference periods in source notes,https://www.city.sapporo.jp/kensetsu/yuki/documents/snowfall_r08_0411.xls
2026-03-24,西区(平和),snowfall,0.0,published; reference periods in source notes,https://www.city.sapporo.jp/kensetsu/yuki/documents/snowfall_r08_0411.xls
2026-03-24,手稲区,snowfall,0.0,published; reference periods in source notes,https://www.city.sapporo.jp/kensetsu/yuki/documents/snowfall_r08_0411.xls
2026-03-25,中央区,snowfall,0.0,published; reference periods in source notes,https://www.city.sapporo.jp/kensetsu/yuki/documents/snowfall_r08_0411.xls
2026-03-25,北区(太平),snowfall,0.0,published; reference periods in source notes,https://www.city.sapporo.jp/kensetsu/yuki/documents/snowfall_r08_0411.xls
2026-03-25,北区(あいの里),snowfall,0.0,published; reference periods in source notes,https://www.city.sapporo.jp/kensetsu/yuki/documents/snowfall_r08_0411.xls
2026-03-25,東区,snowfall,0.0,published; reference periods in source notes,https://www.city.sapporo.jp/kensetsu/yuki/documents/snowfall_r08_0411.xls
2026-03-25,白石区,snowfall,0.0,published; reference periods in source notes,https://www.city.sapporo.jp/kensetsu/yuki/documents/snowfall_r08_0411.xls
2026-03-25,厚別区,snowfall,0.0,published; reference periods in source notes,https://www.city.sapporo.jp/kensetsu/yuki/documents/snowfall_r08_0411.xls
2026-03-25,豊平区,snowfall,0.0,published; reference periods in source notes,https://www.city.sapporo.jp/kensetsu/yuki/documents/snowfall_r08_0411.xls
2026-03-25,清田区,snowfall,0.0,published; reference periods in source notes,https://www.city.sapporo.jp/kensetsu/yuki/documents/snowfall_r08_0411.xls
2026-03-25,南区(南31条西8丁目),snowfall,0.0,published; reference periods in source notes,https://www.city.sapporo.jp/kensetsu/yuki/documents/snowfall_r08_0411.xls
2026-03-25,南区(定山渓),snowfall,0.0,published; reference periods in source notes,https://www.city.sapporo.jp/kensetsu/yuki/documents/snowfall_r08_0411.xls
2026-03-25,西区(西野),snowfall,0.0,published; reference periods in source notes,https://www.city.sapporo.jp/kensetsu/yuki/documents/snowfall_r08_0411.xls
2026-03-25,西区(平和),snowfall,0.0,published; reference periods in source notes,https://www.city.sapporo.jp/kensetsu/yuki/documents/snowfall_r08_0411.xls
2026-03-25,手稲区,snowfall,0.0,published; reference periods in source notes,https://www.city.sapporo.jp/kensetsu/yuki/documents/snowfall_r08_0411.xls
2026-03-26,中央区,snowfall,0.0,published; reference periods in source notes,https://www.city.sapporo.jp/kensetsu/yuki/documents/snowfall_r08_0411.xls
2026-03-26,北区(太平),snowfall,0.0,published; reference periods in source notes,https://www.city.sapporo.jp/kensetsu/yuki/documents/snowfall_r08_0411.xls
2026-03-26,北区(あいの里),snowfall,0.0,published; reference periods in source notes,https://www.city.sapporo.jp/kensetsu/yuki/documents/snowfall_r08_0411.xls
2026-03-26,東区,snowfall,0.0,published; reference periods in source notes,https://www.city.sapporo.jp/kensetsu/yuki/documents/snowfall_r08_0411.xls
2026-03-26,白石区,snowfall,0.0,published; reference periods in source notes,https://www.city.sapporo.jp/kensetsu/yuki/documents/snowfall_r08_0411.xls
2026-03-26,厚別区,snowfall,0.0,published; reference periods in source notes,https://www.city.sapporo.jp/kensetsu/yuki/documents/snowfall_r08_0411.xls
2026-03-26,豊平区,snowfall,0.0,published; reference periods in source notes,https://www.city.sapporo.jp/kensetsu/yuki/documents/snowfall_r08_0411.xls
2026-03-26,清田区,snowfall,0.0,published; reference periods in source notes,https://www.city.sapporo.jp/kensetsu/yuki/documents/snowfall_r08_0411.xls
2026-03-26,南区(南31条西8丁目),snowfall,0.0,published; reference periods in source notes,https://www.city.sapporo.jp/kensetsu/yuki/documents/snowfall_r08_0411.xls
2026-03-26,南区(定山渓),snowfall,0.0,published; reference periods in source notes,https://www.city.sapporo.jp/kensetsu/yuki/documents/snowfall_r08_0411.xls
2026-03-26,西区(西野),snowfall,0.0,published; reference periods in source notes,https://www.city.sapporo.jp/kensetsu/yuki/documents/snowfall_r08_0411.xls
2026-03-26,西区(平和),snowfall,0.0,published; reference periods in source notes,https://www.city.sapporo.jp/kensetsu/yuki/documents/snowfall_r08_0411.xls
2026-03-26,手稲区,snowfall,0.0,published; reference periods in source notes,https://www.city.sapporo.jp/kensetsu/yuki/documents/snowfall_r08_0411.xls
2026-03-27,中央区,snowfall,0.0,published; reference periods in source notes,https://www.city.sapporo.jp/kensetsu/yuki/documents/snowfall_r08_0411.xls
2026-03-27,北区(太平),snowfall,0.0,published; reference periods in source notes,https://www.city.sapporo.jp/kensetsu/yuki/documents/snowfall_r08_0411.xls
2026-03-27,北区(あいの里),snowfall,0.0,published; reference periods in source notes,https://www.city.sapporo.jp/kensetsu/yuki/documents/snowfall_r08_0411.xls
2026-03-27,東区,snowfall,0.0,published; reference periods in source notes,https://www.city.sapporo.jp/kensetsu/yuki/documents/snowfall_r08_0411.xls
2026-03-27,白石区,snowfall,0.0,published; reference periods in source notes,https://www.city.sapporo.jp/kensetsu/yuki/documents/snowfall_r08_0411.xls
2026-03-27,厚別区,snowfall,0.0,published; reference periods in source notes,https://www.city.sapporo.jp/kensetsu/yuki/documents/snowfall_r08_0411.xls
2026-03-27,豊平区,snowfall,0.0,published; reference periods in source notes,https://www.city.sapporo.jp/kensetsu/yuki/documents/snowfall_r08_0411.xls
2026-03-27,清田区,snowfall,0.0,published; reference periods in source notes,https://www.city.sapporo.jp/kensetsu/yuki/documents/snowfall_r08_0411.xls
2026-03-27,南区(南31条西8丁目),snowfall,0.0,published; reference periods in source notes,https://www.city.sapporo.jp/kensetsu/yuki/documents/snowfall_r08_0411.xls
2026-03-27,南区(定山渓),snowfall,0.0,published; reference periods in source notes,https://www.city.sapporo.jp/kensetsu/yuki/documents/snowfall_r08_0411.xls
2026-03-27,西区(西野),snowfall,0.0,published; reference periods in source notes,https://www.city.sapporo.jp/kensetsu/yuki/documents/snowfall_r08_0411.xls
2026-03-27,西区(平和),snowfall,0.0,published; reference periods in source notes,https://www.city.sapporo.jp/kensetsu/yuki/documents/snowfall_r08_0411.xls
2026-03-27,手稲区,snowfall,0.0,published; reference periods in source notes,https://www.city.sapporo.jp/kensetsu/yuki/documents/snowfall_r08_0411.xls
2026-03-28,中央区,snowfall,0.0,published; reference periods in source notes,https://www.city.sapporo.jp/kensetsu/yuki/documents/snowfall_r08_0411.xls
2026-03-28,北区(太平),snowfall,0.0,published; reference periods in source notes,https://www.city.sapporo.jp/kensetsu/yuki/documents/snowfall_r08_0411.xls
2026-03-28,北区(あいの里),snowfall,0.0,published; reference periods in source notes,https://www.city.sapporo.jp/kensetsu/yuki/documents/snowfall_r08_0411.xls
2026-03-28,東区,snowfall,0.0,published; reference periods in source notes,https://www.city.sapporo.jp/kensetsu/yuki/documents/snowfall_r08_0411.xls
2026-03-28,白石区,snowfall,0.0,published; reference periods in source notes,https://www.city.sapporo.jp/kensetsu/yuki/documents/snowfall_r08_0411.xls
2026-03-28,厚別区,snowfall,0.0,published; reference periods in source notes,https://www.city.sapporo.jp/kensetsu/yuki/documents/snowfall_r08_0411.xls
2026-03-28,豊平区,snowfall,0.0,published; reference periods in source notes,https://www.city.sapporo.jp/kensetsu/yuki/documents/snowfall_r08_0411.xls
2026-03-28,清田区,snowfall,0.0,published; reference periods in source notes,https://www.city.sapporo.jp/kensetsu/yuki/documents/snowfall_r08_0411.xls
2026-03-28,南区(南31条西8丁目),snowfall,0.0,published; reference periods in source notes,https://www.city.sapporo.jp/kensetsu/yuki/documents/snowfall_r08_0411.xls
2026-03-28,南区(定山渓),snowfall,0.0,published; reference periods in source notes,https://www.city.sapporo.jp/kensetsu/yuki/documents/snowfall_r08_0411.xls
2026-03-28,西区(西野),snowfall,0.0,published; reference periods in source notes,https://www.city.sapporo.jp/kensetsu/yuki/documents/snowfall_r08_0411.xls
2026-03-28,西区(平和),snowfall,0.0,published; reference periods in source notes,https://www.city.sapporo.jp/kensetsu/yuki/documents/snowfall_r08_0411.xls
2026-03-28,手稲区,snowfall,0.0,published; reference periods in source notes,https://www.city.sapporo.jp/kensetsu/yuki/documents/snowfall_r08_0411.xls
2026-03-29,中央区,snowfall,0.0,published; reference periods in source notes,https://www.city.sapporo.jp/kensetsu/yuki/documents/snowfall_r08_0411.xls
2026-03-29,北区(太平),snowfall,0.0,published; reference periods in source notes,https://www.city.sapporo.jp/kensetsu/yuki/documents/snowfall_r08_0411.xls
2026-03-29,北区(あいの里),snowfall,0.0,published; reference periods in source notes,https://www.city.sapporo.jp/kensetsu/yuki/documents/snowfall_r08_0411.xls
2026-03-29,東区,snowfall,0.0,published; reference periods in source notes,https://www.city.sapporo.jp/kensetsu/yuki/documents/snowfall_r08_0411.xls
2026-03-29,白石区,snowfall,0.0,published; reference periods in source notes,https://www.city.sapporo.jp/kensetsu/yuki/documents/snowfall_r08_0411.xls
2026-03-29,厚別区,snowfall,0.0,published; reference periods in source notes,https://www.city.sapporo.jp/kensetsu/yuki/documents/snowfall_r08_0411.xls
2026-03-29,豊平区,snowfall,0.0,published; reference periods in source notes,https://www.city.sapporo.jp/kensetsu/yuki/documents/snowfall_r08_0411.xls
2026-03-29,清田区,snowfall,0.0,published; reference periods in source notes,https://www.city.sapporo.jp/kensetsu/yuki/documents/snowfall_r08_0411.xls
2026-03-29,南区(南31条西8丁目),snowfall,0.0,published; reference periods in source notes,https://www.city.sapporo.jp/kensetsu/yuki/documents/snowfall_r08_0411.xls
2026-03-29,南区(定山渓),snowfall,0.0,published; reference periods in source notes,https://www.city.sapporo.jp/kensetsu/yuki/documents/snowfall_r08_0411.xls
2026-03-29,西区(西野),snowfall,0.0,published; reference periods in source notes,https://www.city.sapporo.jp/kensetsu/yuki/documents/snowfall_r08_0411.xls
2026-03-29,西区(平和),snowfall,0.0,published; reference periods in source notes,https://www.city.sapporo.jp/kensetsu/yuki/documents/snowfall_r08_0411.xls
2026-03-29,手稲区,snowfall,0.0,published; reference periods in source notes,https://www.city.sapporo.jp/kensetsu/yuki/documents/snowfall_r08_0411.xls
2026-03-30,中央区,snowfall,0.0,published; reference periods in source notes,https://www.city.sapporo.jp/kensetsu/yuki/documents/snowfall_r08_0411.xls
2026-03-30,北区(太平),snowfall,0.0,published; reference periods in source notes,https://www.city.sapporo.jp/kensetsu/yuki/documents/snowfall_r08_0411.xls
2026-03-30,北区(あいの里),snowfall,0.0,published; reference periods in source notes,https://www.city.sapporo.jp/kensetsu/yuki/documents/snowfall_r08_0411.xls
2026-03-30,東区,snowfall,0.0,published; reference periods in source notes,https://www.city.sapporo.jp/kensetsu/yuki/documents/snowfall_r08_0411.xls
2026-03-30,白石区,snowfall,0.0,published; reference periods in source notes,https://www.city.sapporo.jp/kensetsu/yuki/documents/snowfall_r08_0411.xls
2026-03-30,厚別区,snowfall,0.0,published; reference periods in source notes,https://www.city.sapporo.jp/kensetsu/yuki/documents/snowfall_r08_0411.xls
2026-03-30,豊平区,snowfall,0.0,published; reference periods in source notes,https://www.city.sapporo.jp/kensetsu/yuki/documents/snowfall_r08_0411.xls
2026-03-30,清田区,snowfall,0.0,published; reference periods in source notes,https://www.city.sapporo.jp/kensetsu/yuki/documents/snowfall_r08_0411.xls
2026-03-30,南区(南31条西8丁目),snowfall,0.0,published; reference periods in source notes,https://www.city.sapporo.jp/kensetsu/yuki/documents/snowfall_r08_0411.xls
2026-03-30,南区(定山渓),snowfall,0.0,published; reference periods in source notes,https://www.city.sapporo.jp/kensetsu/yuki/documents/snowfall_r08_0411.xls
2026-03-30,西区(西野),snowfall,0.0,published; reference periods in source notes,https://www.city.sapporo.jp/kensetsu/yuki/documents/snowfall_r08_0411.xls
2026-03-30,西区(平和),snowfall,0.0,published; reference periods in source notes,https://www.city.sapporo.jp/kensetsu/yuki/documents/snowfall_r08_0411.xls
2026-03-30,手稲区,snowfall,0.0,published; reference periods in source notes,https://www.city.sapporo.jp/kensetsu/yuki/documents/snowfall_r08_0411.xls
2026-03-31,中央区,snowfall,0.0,published; reference periods in source notes,https://www.city.sapporo.jp/kensetsu/yuki/documents/snowfall_r08_0411.xls
2026-03-31,北区(太平),snowfall,0.0,published; reference periods in source notes,https://www.city.sapporo.jp/kensetsu/yuki/documents/snowfall_r08_0411.xls
2026-03-31,北区(あいの里),snowfall,0.0,published; reference periods in source notes,https://www.city.sapporo.jp/kensetsu/yuki/documents/snowfall_r08_0411.xls
2026-03-31,東区,snowfall,0.0,published; reference periods in source notes,https://www.city.sapporo.jp/kensetsu/yuki/documents/snowfall_r08_0411.xls
2026-03-31,白石区,snowfall,0.0,published; reference periods in source notes,https://www.city.sapporo.jp/kensetsu/yuki/documents/snowfall_r08_0411.xls
2026-03-31,厚別区,snowfall,0.0,published; reference periods in source notes,https://www.city.sapporo.jp/kensetsu/yuki/documents/snowfall_r08_0411.xls
2026-03-31,豊平区,snowfall,0.0,published; reference periods in source notes,https://www.city.sapporo.jp/kensetsu/yuki/documents/snowfall_r08_0411.xls
2026-03-31,清田区,snowfall,0.0,published; reference periods in source notes,https://www.city.sapporo.jp/kensetsu/yuki/documents/snowfall_r08_0411.xls
2026-03-31,南区(南31条西8丁目),snowfall,0.0,published; reference periods in source notes,https://www.city.sapporo.jp/kensetsu/yuki/documents/snowfall_r08_0411.xls
2026-03-31,南区(定山渓),snowfall,0.0,published; reference periods in source notes,https://www.city.sapporo.jp/kensetsu/yuki/documents/snowfall_r08_0411.xls
2026-03-31,西区(西野),snowfall,0.0,published; reference periods in source notes,https://www.city.sapporo.jp/kensetsu/yuki/documents/snowfall_r08_0411.xls
2026-03-31,西区(平和),snowfall,0.0,published; reference periods in source notes,https://www.city.sapporo.jp/kensetsu/yuki/documents/snowfall_r08_0411.xls
2026-03-31,手稲区,snowfall,0.0,published; reference periods in source notes,https://www.city.sapporo.jp/kensetsu/yuki/documents/snowfall_r08_0411.xls
2026-04-01,中央区,snowfall,0.0,published; reference periods in source notes,https://www.city.sapporo.jp/kensetsu/yuki/documents/snowfall_r08_0411.xls
2026-04-01,北区(太平),snowfall,0.0,published; reference periods in source notes,https://www.city.sapporo.jp/kensetsu/yuki/documents/snowfall_r08_0411.xls
2026-04-01,北区(あいの里),snowfall,0.0,published; reference periods in source notes,https://www.city.sapporo.jp/kensetsu/yuki/documents/snowfall_r08_0411.xls
2026-04-01,東区,snowfall,0.0,published; reference periods in source notes,https://www.city.sapporo.jp/kensetsu/yuki/documents/snowfall_r08_0411.xls
2026-04-01,白石区,snowfall,0.0,published; reference periods in source notes,https://www.city.sapporo.jp/kensetsu/yuki/documents/snowfall_r08_0411.xls
2026-04-01,厚別区,snowfall,0.0,published; reference periods in source notes,https://www.city.sapporo.jp/kensetsu/yuki/documents/snowfall_r08_0411.xls
2026-04-01,豊平区,snowfall,0.0,published; reference periods in source notes,https://www.city.sapporo.jp/kensetsu/yuki/documents/snowfall_r08_0411.xls
2026-04-01,清田区,snowfall,0.0,published; reference periods in source notes,https://www.city.sapporo.jp/kensetsu/yuki/documents/snowfall_r08_0411.xls
2026-04-01,南区(南31条西8丁目),snowfall,0.0,published; reference periods in source notes,https://www.city.sapporo.jp/kensetsu/yuki/documents/snowfall_r08_0411.xls
2026-04-01,南区(定山渓),snowfall,0.0,published; reference periods in source notes,https://www.city.sapporo.jp/kensetsu/yuki/documents/snowfall_r08_0411.xls
2026-04-01,西区(西野),snowfall,0.0,published; reference periods in source notes,https://www.city.sapporo.jp/kensetsu/yuki/documents/snowfall_r08_0411.xls
2026-04-01,西区(平和),snowfall,0.0,published; reference periods in source notes,https://www.city.sapporo.jp/kensetsu/yuki/documents/snowfall_r08_0411.xls
2026-04-01,手稲区,snowfall,0.0,published; reference periods in source notes,https://www.city.sapporo.jp/kensetsu/yuki/documents/snowfall_r08_0411.xls
2026-04-02,中央区,snowfall,0.0,published; reference periods in source notes,https://www.city.sapporo.jp/kensetsu/yuki/documents/snowfall_r08_0411.xls
2026-04-02,北区(太平),snowfall,0.0,published; reference periods in source notes,https://www.city.sapporo.jp/kensetsu/yuki/documents/snowfall_r08_0411.xls
2026-04-02,北区(あいの里),snowfall,0.0,published; reference periods in source notes,https://www.city.sapporo.jp/kensetsu/yuki/documents/snowfall_r08_0411.xls
2026-04-02,東区,snowfall,0.0,published; reference periods in source notes,https://www.city.sapporo.jp/kensetsu/yuki/documents/snowfall_r08_0411.xls
2026-04-02,白石区,snowfall,0.0,published; reference periods in source notes,https://www.city.sapporo.jp/kensetsu/yuki/documents/snowfall_r08_0411.xls
2026-04-02,厚別区,snowfall,0.0,published; reference periods in source notes,https://www.city.sapporo.jp/kensetsu/yuki/documents/snowfall_r08_0411.xls
2026-04-02,豊平区,snowfall,0.0,published; reference periods in source notes,https://www.city.sapporo.jp/kensetsu/yuki/documents/snowfall_r08_0411.xls
2026-04-02,清田区,snowfall,0.0,published; reference periods in source notes,https://www.city.sapporo.jp/kensetsu/yuki/documents/snowfall_r08_0411.xls
2026-04-02,南区(南31条西8丁目),snowfall,0.0,published; reference periods in source notes,https://www.city.sapporo.jp/kensetsu/yuki/documents/snowfall_r08_0411.xls
2026-04-02,南区(定山渓),snowfall,0.0,published; reference periods in source notes,https://www.city.sapporo.jp/kensetsu/yuki/documents/snowfall_r08_0411.xls
2026-04-02,西区(西野),snowfall,0.0,published; reference periods in source notes,https://www.city.sapporo.jp/kensetsu/yuki/documents/snowfall_r08_0411.xls
2026-04-02,西区(平和),snowfall,0.0,published; reference periods in source notes,https://www.city.sapporo.jp/kensetsu/yuki/documents/snowfall_r08_0411.xls
2026-04-02,手稲区,snowfall,0.0,published; reference periods in source notes,https://www.city.sapporo.jp/kensetsu/yuki/documents/snowfall_r08_0411.xls
2026-04-03,中央区,snowfall,0.0,published; reference periods in source notes,https://www.city.sapporo.jp/kensetsu/yuki/documents/snowfall_r08_0411.xls
2026-04-03,北区(太平),snowfall,0.0,published; reference periods in source notes,https://www.city.sapporo.jp/kensetsu/yuki/documents/snowfall_r08_0411.xls
2026-04-03,北区(あいの里),snowfall,0.0,published; reference periods in source notes,https://www.city.sapporo.jp/kensetsu/yuki/documents/snowfall_r08_0411.xls
2026-04-03,東区,snowfall,0.0,published; reference periods in source notes,https://www.city.sapporo.jp/kensetsu/yuki/documents/snowfall_r08_0411.xls
2026-04-03,白石区,snowfall,0.0,published; reference periods in source notes,https://www.city.sapporo.jp/kensetsu/yuki/documents/snowfall_r08_0411.xls
2026-04-03,厚別区,snowfall,0.0,published; reference periods in source notes,https://www.city.sapporo.jp/kensetsu/yuki/documents/snowfall_r08_0411.xls
2026-04-03,豊平区,snowfall,0.0,published; reference periods in source notes,https://www.city.sapporo.jp/kensetsu/yuki/documents/snowfall_r08_0411.xls
2026-04-03,清田区,snowfall,0.0,published; reference periods in source notes,https://www.city.sapporo.jp/kensetsu/yuki/documents/snowfall_r08_0411.xls
2026-04-03,南区(南31条西8丁目),snowfall,0.0,published; reference periods in source notes,https://www.city.sapporo.jp/kensetsu/yuki/documents/snowfall_r08_0411.xls
2026-04-03,南区(定山渓),snowfall,0.0,published; reference periods in source notes,https://www.city.sapporo.jp/kensetsu/yuki/documents/snowfall_r08_0411.xls
2026-04-03,西区(西野),snowfall,0.0,published; reference periods in source notes,https://www.city.sapporo.jp/kensetsu/yuki/documents/snowfall_r08_0411.xls
2026-04-03,西区(平和),snowfall,0.0,published; reference periods in source notes,https://www.city.sapporo.jp/kensetsu/yuki/documents/snowfall_r08_0411.xls
2026-04-03,手稲区,snowfall,0.0,published; reference periods in source notes,https://www.city.sapporo.jp/kensetsu/yuki/documents/snowfall_r08_0411.xls
2026-04-04,中央区,snowfall,0.0,published; reference periods in source notes,https://www.city.sapporo.jp/kensetsu/yuki/documents/snowfall_r08_0411.xls
2026-04-04,北区(太平),snowfall,0.0,published; reference periods in source notes,https://www.city.sapporo.jp/kensetsu/yuki/documents/snowfall_r08_0411.xls
2026-04-04,北区(あいの里),snowfall,0.0,published; reference periods in source notes,https://www.city.sapporo.jp/kensetsu/yuki/documents/snowfall_r08_0411.xls
2026-04-04,東区,snowfall,0.0,published; reference periods in source notes,https://www.city.sapporo.jp/kensetsu/yuki/documents/snowfall_r08_0411.xls
2026-04-04,白石区,snowfall,0.0,published; reference periods in source notes,https://www.city.sapporo.jp/kensetsu/yuki/documents/snowfall_r08_0411.xls
2026-04-04,厚別区,snowfall,0.0,published; reference periods in source notes,https://www.city.sapporo.jp/kensetsu/yuki/documents/snowfall_r08_0411.xls
2026-04-04,豊平区,snowfall,0.0,published; reference periods in source notes,https://www.city.sapporo.jp/kensetsu/yuki/documents/snowfall_r08_0411.xls
2026-04-04,清田区,snowfall,0.0,published; reference periods in source notes,https://www.city.sapporo.jp/kensetsu/yuki/documents/snowfall_r08_0411.xls
2026-04-04,南区(南31条西8丁目),snowfall,0.0,published; reference periods in source notes,https://www.city.sapporo.jp/kensetsu/yuki/documents/snowfall_r08_0411.xls
2026-04-04,南区(定山渓),snowfall,0.0,published; reference periods in source notes,https://www.city.sapporo.jp/kensetsu/yuki/documents/snowfall_r08_0411.xls
2026-04-04,西区(西野),snowfall,0.0,published; reference periods in source notes,https://www.city.sapporo.jp/kensetsu/yuki/documents/snowfall_r08_0411.xls
2026-04-04,西区(平和),snowfall,0.0,published; reference periods in source notes,https://www.city.sapporo.jp/kensetsu/yuki/documents/snowfall_r08_0411.xls
2026-04-04,手稲区,snowfall,0.0,published; reference periods in source notes,https://www.city.sapporo.jp/kensetsu/yuki/documents/snowfall_r08_0411.xls
2026-04-05,中央区,snowfall,0.0,published; reference periods in source notes,https://www.city.sapporo.jp/kensetsu/yuki/documents/snowfall_r08_0411.xls
2026-04-05,北区(太平),snowfall,0.0,published; reference periods in source notes,https://www.city.sapporo.jp/kensetsu/yuki/documents/snowfall_r08_0411.xls
2026-04-05,北区(あいの里),snowfall,0.0,published; reference periods in source notes,https://www.city.sapporo.jp/kensetsu/yuki/documents/snowfall_r08_0411.xls
2026-04-05,東区,snowfall,0.0,published; reference periods in source notes,https://www.city.sapporo.jp/kensetsu/yuki/documents/snowfall_r08_0411.xls
2026-04-05,白石区,snowfall,0.0,published; reference periods in source notes,https://www.city.sapporo.jp/kensetsu/yuki/documents/snowfall_r08_0411.xls
2026-04-05,厚別区,snowfall,0.0,published; reference periods in source notes,https://www.city.sapporo.jp/kensetsu/yuki/documents/snowfall_r08_0411.xls
2026-04-05,豊平区,snowfall,0.0,published; reference periods in source notes,https://www.city.sapporo.jp/kensetsu/yuki/documents/snowfall_r08_0411.xls
2026-04-05,清田区,snowfall,0.0,published; reference periods in source notes,https://www.city.sapporo.jp/kensetsu/yuki/documents/snowfall_r08_0411.xls
2026-04-05,南区(南31条西8丁目),snowfall,0.0,published; reference periods in source notes,https://www.city.sapporo.jp/kensetsu/yuki/documents/snowfall_r08_0411.xls
2026-04-05,南区(定山渓),snowfall,0.0,published; reference periods in source notes,https://www.city.sapporo.jp/kensetsu/yuki/documents/snowfall_r08_0411.xls
2026-04-05,西区(西野),snowfall,0.0,published; reference periods in source notes,https://www.city.sapporo.jp/kensetsu/yuki/documents/snowfall_r08_0411.xls
2026-04-05,西区(平和),snowfall,0.0,published; reference periods in source notes,https://www.city.sapporo.jp/kensetsu/yuki/documents/snowfall_r08_0411.xls
2026-04-05,手稲区,snowfall,0.0,published; reference periods in source notes,https://www.city.sapporo.jp/kensetsu/yuki/documents/snowfall_r08_0411.xls
2026-04-06,中央区,snowfall,0.0,published; reference periods in source notes,https://www.city.sapporo.jp/kensetsu/yuki/documents/snowfall_r08_0411.xls
2026-04-06,北区(太平),snowfall,0.0,published; reference periods in source notes,https://www.city.sapporo.jp/kensetsu/yuki/documents/snowfall_r08_0411.xls
2026-04-06,北区(あいの里),snowfall,0.0,published; reference periods in source notes,https://www.city.sapporo.jp/kensetsu/yuki/documents/snowfall_r08_0411.xls
2026-04-06,東区,snowfall,0.0,published; reference periods in source notes,https://www.city.sapporo.jp/kensetsu/yuki/documents/snowfall_r08_0411.xls
2026-04-06,白石区,snowfall,0.0,published; reference periods in source notes,https://www.city.sapporo.jp/kensetsu/yuki/documents/snowfall_r08_0411.xls
2026-04-06,厚別区,snowfall,0.0,published; reference periods in source notes,https://www.city.sapporo.jp/kensetsu/yuki/documents/snowfall_r08_0411.xls
2026-04-06,豊平区,snowfall,0.0,published; reference periods in source notes,https://www.city.sapporo.jp/kensetsu/yuki/documents/snowfall_r08_0411.xls
2026-04-06,清田区,snowfall,0.0,published; reference periods in source notes,https://www.city.sapporo.jp/kensetsu/yuki/documents/snowfall_r08_0411.xls
2026-04-06,南区(南31条西8丁目),snowfall,0.0,published; reference periods in source notes,https://www.city.sapporo.jp/kensetsu/yuki/documents/snowfall_r08_0411.xls
2026-04-06,南区(定山渓),snowfall,0.0,published; reference periods in source notes,https://www.city.sapporo.jp/kensetsu/yuki/documents/snowfall_r08_0411.xls
2026-04-06,西区(西野),snowfall,0.0,published; reference periods in source notes,https://www.city.sapporo.jp/kensetsu/yuki/documents/snowfall_r08_0411.xls
2026-04-06,西区(平和),snowfall,0.0,published; reference periods in source notes,https://www.city.sapporo.jp/kensetsu/yuki/documents/snowfall_r08_0411.xls
2026-04-06,手稲区,snowfall,0.0,published; reference periods in source notes,https://www.city.sapporo.jp/kensetsu/yuki/documents/snowfall_r08_0411.xls
2026-04-07,中央区,snowfall,0.0,published; reference periods in source notes,https://www.city.sapporo.jp/kensetsu/yuki/documents/snowfall_r08_0411.xls
2026-04-07,北区(太平),snowfall,0.0,published; reference periods in source notes,https://www.city.sapporo.jp/kensetsu/yuki/documents/snowfall_r08_0411.xls
2026-04-07,北区(あいの里),snowfall,0.0,published; reference periods in source notes,https://www.city.sapporo.jp/kensetsu/yuki/documents/snowfall_r08_0411.xls
2026-04-07,東区,snowfall,0.0,published; reference periods in source notes,https://www.city.sapporo.jp/kensetsu/yuki/documents/snowfall_r08_0411.xls
2026-04-07,白石区,snowfall,0.0,published; reference periods in source notes,https://www.city.sapporo.jp/kensetsu/yuki/documents/snowfall_r08_0411.xls
2026-04-07,厚別区,snowfall,0.0,published; reference periods in source notes,https://www.city.sapporo.jp/kensetsu/yuki/documents/snowfall_r08_0411.xls
2026-04-07,豊平区,snowfall,0.0,published; reference periods in source notes,https://www.city.sapporo.jp/kensetsu/yuki/documents/snowfall_r08_0411.xls
2026-04-07,清田区,snowfall,0.0,published; reference periods in source notes,https://www.city.sapporo.jp/kensetsu/yuki/documents/snowfall_r08_0411.xls
2026-04-07,南区(南31条西8丁目),snowfall,0.0,published; reference periods in source notes,https://www.city.sapporo.jp/kensetsu/yuki/documents/snowfall_r08_0411.xls
2026-04-07,南区(定山渓),snowfall,0.0,published; reference periods in source notes,https://www.city.sapporo.jp/kensetsu/yuki/documents/snowfall_r08_0411.xls
2026-04-07,西区(西野),snowfall,0.0,published; reference periods in source notes,https://www.city.sapporo.jp/kensetsu/yuki/documents/snowfall_r08_0411.xls
2026-04-07,西区(平和),snowfall,0.0,published; reference periods in source notes,https://www.city.sapporo.jp/kensetsu/yuki/documents/snowfall_r08_0411.xls
2026-04-07,手稲区,snowfall,0.0,published; reference periods in source notes,https://www.city.sapporo.jp/kensetsu/yuki/documents/snowfall_r08_0411.xls
2026-04-08,中央区,snowfall,0.0,published; reference periods in source notes,https://www.city.sapporo.jp/kensetsu/yuki/documents/snowfall_r08_0411.xls
2026-04-08,北区(太平),snowfall,0.0,published; reference periods in source notes,https://www.city.sapporo.jp/kensetsu/yuki/documents/snowfall_r08_0411.xls
2026-04-08,北区(あいの里),snowfall,0.0,published; reference periods in source notes,https://www.city.sapporo.jp/kensetsu/yuki/documents/snowfall_r08_0411.xls
2026-04-08,東区,snowfall,0.0,published; reference periods in source notes,https://www.city.sapporo.jp/kensetsu/yuki/documents/snowfall_r08_0411.xls
2026-04-08,白石区,snowfall,0.0,published; reference periods in source notes,https://www.city.sapporo.jp/kensetsu/yuki/documents/snowfall_r08_0411.xls
2026-04-08,厚別区,snowfall,0.0,published; reference periods in source notes,https://www.city.sapporo.jp/kensetsu/yuki/documents/snowfall_r08_0411.xls
2026-04-08,豊平区,snowfall,0.0,published; reference periods in source notes,https://www.city.sapporo.jp/kensetsu/yuki/documents/snowfall_r08_0411.xls
2026-04-08,清田区,snowfall,0.0,published; reference periods in source notes,https://www.city.sapporo.jp/kensetsu/yuki/documents/snowfall_r08_0411.xls
2026-04-08,南区(南31条西8丁目),snowfall,0.0,published; reference periods in source notes,https://www.city.sapporo.jp/kensetsu/yuki/documents/snowfall_r08_0411.xls
2026-04-08,南区(定山渓),snowfall,0.0,published; reference periods in source notes,https://www.city.sapporo.jp/kensetsu/yuki/documents/snowfall_r08_0411.xls
2026-04-08,西区(西野),snowfall,0.0,published; reference periods in source notes,https://www.city.sapporo.jp/kensetsu/yuki/documents/snowfall_r08_0411.xls
2026-04-08,西区(平和),snowfall,0.0,published; reference periods in source notes,https://www.city.sapporo.jp/kensetsu/yuki/documents/snowfall_r08_0411.xls
2026-04-08,手稲区,snowfall,0.0,published; reference periods in source notes,https://www.city.sapporo.jp/kensetsu/yuki/documents/snowfall_r08_0411.xls
2026-04-09,中央区,snowfall,0.0,published; reference periods in source notes,https://www.city.sapporo.jp/kensetsu/yuki/documents/snowfall_r08_0411.xls
2026-04-09,北区(太平),snowfall,0.0,published; reference periods in source notes,https://www.city.sapporo.jp/kensetsu/yuki/documents/snowfall_r08_0411.xls
2026-04-09,北区(あいの里),snowfall,0.0,published; reference periods in source notes,https://www.city.sapporo.jp/kensetsu/yuki/documents/snowfall_r08_0411.xls
2026-04-09,東区,snowfall,0.0,published; reference periods in source notes,https://www.city.sapporo.jp/kensetsu/yuki/documents/snowfall_r08_0411.xls
2026-04-09,白石区,snowfall,0.0,published; reference periods in source notes,https://www.city.sapporo.jp/kensetsu/yuki/documents/snowfall_r08_0411.xls
2026-04-09,厚別区,snowfall,0.0,published; reference periods in source notes,https://www.city.sapporo.jp/kensetsu/yuki/documents/snowfall_r08_0411.xls
2026-04-09,豊平区,snowfall,0.0,published; reference periods in source notes,https://www.city.sapporo.jp/kensetsu/yuki/documents/snowfall_r08_0411.xls
2026-04-09,清田区,snowfall,0.0,published; reference periods in source notes,https://www.city.sapporo.jp/kensetsu/yuki/documents/snowfall_r08_0411.xls
2026-04-09,南区(南31条西8丁目),snowfall,0.0,published; reference periods in source notes,https://www.city.sapporo.jp/kensetsu/yuki/documents/snowfall_r08_0411.xls
2026-04-09,南区(定山渓),snowfall,0.0,published; reference periods in source notes,https://www.city.sapporo.jp/kensetsu/yuki/documents/snowfall_r08_0411.xls
2026-04-09,西区(西野),snowfall,0.0,published; reference periods in source notes,https://www.city.sapporo.jp/kensetsu/yuki/documents/snowfall_r08_0411.xls
2026-04-09,西区(平和),snowfall,0.0,published; reference periods in source notes,https://www.city.sapporo.jp/kensetsu/yuki/documents/snowfall_r08_0411.xls
2026-04-09,手稲区,snowfall,0.0,published; reference periods in source notes,https://www.city.sapporo.jp/kensetsu/yuki/documents/snowfall_r08_0411.xls
2026-04-10,中央区,snowfall,0.0,published; reference periods in source notes,https://www.city.sapporo.jp/kensetsu/yuki/documents/snowfall_r08_0411.xls
2026-04-10,北区(太平),snowfall,0.0,published; reference periods in source notes,https://www.city.sapporo.jp/kensetsu/yuki/documents/snowfall_r08_0411.xls
2026-04-10,北区(あいの里),snowfall,0.0,published; reference periods in source notes,https://www.city.sapporo.jp/kensetsu/yuki/documents/snowfall_r08_0411.xls
2026-04-10,東区,snowfall,0.0,published; reference periods in source notes,https://www.city.sapporo.jp/kensetsu/yuki/documents/snowfall_r08_0411.xls
2026-04-10,白石区,snowfall,0.0,published; reference periods in source notes,https://www.city.sapporo.jp/kensetsu/yuki/documents/snowfall_r08_0411.xls
2026-04-10,厚別区,snowfall,0.0,published; reference periods in source notes,https://www.city.sapporo.jp/kensetsu/yuki/documents/snowfall_r08_0411.xls
2026-04-10,豊平区,snowfall,0.0,published; reference periods in source notes,https://www.city.sapporo.jp/kensetsu/yuki/documents/snowfall_r08_0411.xls
2026-04-10,清田区,snowfall,0.0,published; reference periods in source notes,https://www.city.sapporo.jp/kensetsu/yuki/documents/snowfall_r08_0411.xls
2026-04-10,南区(南31条西8丁目),snowfall,0.0,published; reference periods in source notes,https://www.city.sapporo.jp/kensetsu/yuki/documents/snowfall_r08_0411.xls
2026-04-10,南区(定山渓),snowfall,0.0,published; reference periods in source notes,https://www.city.sapporo.jp/kensetsu/yuki/documents/snowfall_r08_0411.xls
2026-04-10,西区(西野),snowfall,0.0,published; reference periods in source notes,https://www.city.sapporo.jp/kensetsu/yuki/documents/snowfall_r08_0411.xls
2026-04-10,西区(平和),snowfall,0.0,published; reference periods in source notes,https://www.city.sapporo.jp/kensetsu/yuki/documents/snowfall_r08_0411.xls
2026-04-10,手稲区,snowfall,0.0,published; reference periods in source notes,https://www.city.sapporo.jp/kensetsu/yuki/documents/snowfall_r08_0411.xls
2025-11-01,中央区,snowdepth,0.0,published; reference periods in source notes,https://www.city.sapporo.jp/kensetsu/yuki/documents/snowdepth_r08_0411.xls
2025-11-01,北区(太平),snowdepth,0.0,published; reference periods in source notes,https://www.city.sapporo.jp/kensetsu/yuki/documents/snowdepth_r08_0411.xls
2025-11-01,北区(あいの里),snowdepth,0.0,published; reference periods in source notes,https://www.city.sapporo.jp/kensetsu/yuki/documents/snowdepth_r08_0411.xls
2025-11-01,東区,snowdepth,0.0,published; reference periods in source notes,https://www.city.sapporo.jp/kensetsu/yuki/documents/snowdepth_r08_0411.xls
2025-11-01,白石区,snowdepth,0.0,published; reference periods in source notes,https://www.city.sapporo.jp/kensetsu/yuki/documents/snowdepth_r08_0411.xls
2025-11-01,厚別区,snowdepth,0.0,published; reference periods in source notes,https://www.city.sapporo.jp/kensetsu/yuki/documents/snowdepth_r08_0411.xls
2025-11-01,豊平区,snowdepth,0.0,published; reference periods in source notes,https://www.city.sapporo.jp/kensetsu/yuki/documents/snowdepth_r08_0411.xls
2025-11-01,清田区,snowdepth,0.0,published; reference periods in source notes,https://www.city.sapporo.jp/kensetsu/yuki/documents/snowdepth_r08_0411.xls
2025-11-01,南区(南31条西8丁目),snowdepth,0.0,published; reference periods in source notes,https://www.city.sapporo.jp/kensetsu/yuki/documents/snowdepth_r08_0411.xls
2025-11-01,南区(定山渓),snowdepth,0.0,published; reference periods in source notes,https://www.city.sapporo.jp/kensetsu/yuki/documents/snowdepth_r08_0411.xls
2025-11-01,西区(西野),snowdepth,0.0,published; reference periods in source notes,https://www.city.sapporo.jp/kensetsu/yuki/documents/snowdepth_r08_0411.xls
2025-11-01,西区(平和),snowdepth,0.0,published; reference periods in source notes,https://www.city.sapporo.jp/kensetsu/yuki/documents/snowdepth_r08_0411.xls
2025-11-01,手稲区,snowdepth,0.0,published; reference periods in source notes,https://www.city.sapporo.jp/kensetsu/yuki/documents/snowdepth_r08_0411.xls
2025-11-02,中央区,snowdepth,0.0,published; reference periods in source notes,https://www.city.sapporo.jp/kensetsu/yuki/documents/snowdepth_r08_0411.xls
2025-11-02,北区(太平),snowdepth,0.0,published; reference periods in source notes,https://www.city.sapporo.jp/kensetsu/yuki/documents/snowdepth_r08_0411.xls
2025-11-02,北区(あいの里),snowdepth,0.0,published; reference periods in source notes,https://www.city.sapporo.jp/kensetsu/yuki/documents/snowdepth_r08_0411.xls
2025-11-02,東区,snowdepth,0.0,published; reference periods in source notes,https://www.city.sapporo.jp/kensetsu/yuki/documents/snowdepth_r08_0411.xls
2025-11-02,白石区,snowdepth,0.0,published; reference periods in source notes,https://www.city.sapporo.jp/kensetsu/yuki/documents/snowdepth_r08_0411.xls
2025-11-02,厚別区,snowdepth,0.0,published; reference periods in source notes,https://www.city.sapporo.jp/kensetsu/yuki/documents/snowdepth_r08_0411.xls
2025-11-02,豊平区,snowdepth,0.0,published; reference periods in source notes,https://www.city.sapporo.jp/kensetsu/yuki/documents/snowdepth_r08_0411.xls
2025-11-02,清田区,snowdepth,0.0,published; reference periods in source notes,https://www.city.sapporo.jp/kensetsu/yuki/documents/snowdepth_r08_0411.xls
2025-11-02,南区(南31条西8丁目),snowdepth,0.0,published; reference periods in source notes,https://www.city.sapporo.jp/kensetsu/yuki/documents/snowdepth_r08_0411.xls
2025-11-02,南区(定山渓),snowdepth,0.0,published; reference periods in source notes,https://www.city.sapporo.jp/kensetsu/yuki/documents/snowdepth_r08_0411.xls
2025-11-02,西区(西野),snowdepth,0.0,published; reference periods in source notes,https://www.city.sapporo.jp/kensetsu/yuki/documents/snowdepth_r08_0411.xls
2025-11-02,西区(平和),snowdepth,0.0,published; reference periods in source notes,https://www.city.sapporo.jp/kensetsu/yuki/documents/snowdepth_r08_0411.xls
2025-11-02,手稲区,snowdepth,0.0,published; reference periods in source notes,https://www.city.sapporo.jp/kensetsu/yuki/documents/snowdepth_r08_0411.xls
2025-11-03,中央区,snowdepth,0.0,published; reference periods in source notes,https://www.city.sapporo.jp/kensetsu/yuki/documents/snowdepth_r08_0411.xls
2025-11-03,北区(太平),snowdepth,0.0,published; reference periods in source notes,https://www.city.sapporo.jp/kensetsu/yuki/documents/snowdepth_r08_0411.xls
2025-11-03,北区(あいの里),snowdepth,0.0,published; reference periods in source notes,https://www.city.sapporo.jp/kensetsu/yuki/documents/snowdepth_r08_0411.xls
2025-11-03,東区,snowdepth,0.0,published; reference periods in source notes,https://www.city.sapporo.jp/kensetsu/yuki/documents/snowdepth_r08_0411.xls
2025-11-03,白石区,snowdepth,0.0,published; reference periods in source notes,https://www.city.sapporo.jp/kensetsu/yuki/documents/snowdepth_r08_0411.xls
2025-11-03,厚別区,snowdepth,0.0,published; reference periods in source notes,https://www.city.sapporo.jp/kensetsu/yuki/documents/snowdepth_r08_0411.xls
2025-11-03,豊平区,snowdepth,0.0,published; reference periods in source notes,https://www.city.sapporo.jp/kensetsu/yuki/documents/snowdepth_r08_0411.xls
2025-11-03,清田区,snowdepth,0.0,published; reference periods in source notes,https://www.city.sapporo.jp/kensetsu/yuki/documents/snowdepth_r08_0411.xls
2025-11-03,南区(南31条西8丁目),snowdepth,0.0,published; reference periods in source notes,https://www.city.sapporo.jp/kensetsu/yuki/documents/snowdepth_r08_0411.xls
2025-11-03,南区(定山渓),snowdepth,0.0,published; reference periods in source notes,https://www.city.sapporo.jp/kensetsu/yuki/documents/snowdepth_r08_0411.xls
2025-11-03,西区(西野),snowdepth,0.0,published; reference periods in source notes,https://www.city.sapporo.jp/kensetsu/yuki/documents/snowdepth_r08_0411.xls
2025-11-03,西区(平和),snowdepth,0.0,published; reference periods in source notes,https://www.city.sapporo.jp/kensetsu/yuki/documents/snowdepth_r08_0411.xls
2025-11-03,手稲区,snowdepth,0.0,published; reference periods in source notes,https://www.city.sapporo.jp/kensetsu/yuki/documents/snowdepth_r08_0411.xls
2025-11-04,中央区,snowdepth,0.0,published; reference periods in source notes,https://www.city.sapporo.jp/kensetsu/yuki/documents/snowdepth_r08_0411.xls
2025-11-04,北区(太平),snowdepth,0.0,published; reference periods in source notes,https://www.city.sapporo.jp/kensetsu/yuki/documents/snowdepth_r08_0411.xls
2025-11-04,北区(あいの里),snowdepth,0.0,published; reference periods in source notes,https://www.city.sapporo.jp/kensetsu/yuki/documents/snowdepth_r08_0411.xls
2025-11-04,東区,snowdepth,0.0,published; reference periods in source notes,https://www.city.sapporo.jp/kensetsu/yuki/documents/snowdepth_r08_0411.xls
2025-11-04,白石区,snowdepth,0.0,published; reference periods in source notes,https://www.city.sapporo.jp/kensetsu/yuki/documents/snowdepth_r08_0411.xls
2025-11-04,厚別区,snowdepth,0.0,published; reference periods in source notes,https://www.city.sapporo.jp/kensetsu/yuki/documents/snowdepth_r08_0411.xls
2025-11-04,豊平区,snowdepth,0.0,published; reference periods in source notes,https://www.city.sapporo.jp/kensetsu/yuki/documents/snowdepth_r08_0411.xls
2025-11-04,清田区,snowdepth,0.0,published; reference periods in source notes,https://www.city.sapporo.jp/kensetsu/yuki/documents/snowdepth_r08_0411.xls
2025-11-04,南区(南31条西8丁目),snowdepth,0.0,published; reference periods in source notes,https://www.city.sapporo.jp/kensetsu/yuki/documents/snowdepth_r08_0411.xls
2025-11-04,南区(定山渓),snowdepth,0.0,published; reference periods in source notes,https://www.city.sapporo.jp/kensetsu/yuki/documents/snowdepth_r08_0411.xls
2025-11-04,西区(西野),snowdepth,0.0,published; reference periods in source notes,https://www.city.sapporo.jp/kensetsu/yuki/documents/snowdepth_r08_0411.xls
2025-11-04,西区(平和),snowdepth,0.0,published; reference periods in source notes,https://www.city.sapporo.jp/kensetsu/yuki/documents/snowdepth_r08_0411.xls
2025-11-04,手稲区,snowdepth,0.0,published; reference periods in source notes,https://www.city.sapporo.jp/kensetsu/yuki/documents/snowdepth_r08_0411.xls
2025-11-05,中央区,snowdepth,0.0,published; reference periods in source notes,https://www.city.sapporo.jp/kensetsu/yuki/documents/snowdepth_r08_0411.xls
2025-11-05,北区(太平),snowdepth,0.0,published; reference periods in source notes,https://www.city.sapporo.jp/kensetsu/yuki/documents/snowdepth_r08_0411.xls
2025-11-05,北区(あいの里),snowdepth,0.0,published; reference periods in source notes,https://www.city.sapporo.jp/kensetsu/yuki/documents/snowdepth_r08_0411.xls
2025-11-05,東区,snowdepth,0.0,published; reference periods in source notes,https://www.city.sapporo.jp/kensetsu/yuki/documents/snowdepth_r08_0411.xls
2025-11-05,白石区,snowdepth,0.0,published; reference periods in source notes,https://www.city.sapporo.jp/kensetsu/yuki/documents/snowdepth_r08_0411.xls
2025-11-05,厚別区,snowdepth,0.0,published; reference periods in source notes,https://www.city.sapporo.jp/kensetsu/yuki/documents/snowdepth_r08_0411.xls
2025-11-05,豊平区,snowdepth,0.0,published; reference periods in source notes,https://www.city.sapporo.jp/kensetsu/yuki/documents/snowdepth_r08_0411.xls
2025-11-05,清田区,snowdepth,0.0,published; reference periods in source notes,https://www.city.sapporo.jp/kensetsu/yuki/documents/snowdepth_r08_0411.xls
2025-11-05,南区(南31条西8丁目),snowdepth,0.0,published; reference periods in source notes,https://www.city.sapporo.jp/kensetsu/yuki/documents/snowdepth_r08_0411.xls
2025-11-05,南区(定山渓),snowdepth,0.0,published; reference periods in source notes,https://www.city.sapporo.jp/kensetsu/yuki/documents/snowdepth_r08_0411.xls
2025-11-05,西区(西野),snowdepth,0.0,published; reference periods in source notes,https://www.city.sapporo.jp/kensetsu/yuki/documents/snowdepth_r08_0411.xls
2025-11-05,西区(平和),snowdepth,0.0,published; reference periods in source notes,https://www.city.sapporo.jp/kensetsu/yuki/documents/snowdepth_r08_0411.xls
2025-11-05,手稲区,snowdepth,0.0,published; reference periods in source notes,https://www.city.sapporo.jp/kensetsu/yuki/documents/snowdepth_r08_0411.xls
2025-11-06,中央区,snowdepth,0.0,published; reference periods in source notes,https://www.city.sapporo.jp/kensetsu/yuki/documents/snowdepth_r08_0411.xls
2025-11-06,北区(太平),snowdepth,0.0,published; reference periods in source notes,https://www.city.sapporo.jp/kensetsu/yuki/documents/snowdepth_r08_0411.xls
2025-11-06,北区(あいの里),snowdepth,0.0,published; reference periods in source notes,https://www.city.sapporo.jp/kensetsu/yuki/documents/snowdepth_r08_0411.xls
2025-11-06,東区,snowdepth,0.0,published; reference periods in source notes,https://www.city.sapporo.jp/kensetsu/yuki/documents/snowdepth_r08_0411.xls
2025-11-06,白石区,snowdepth,0.0,published; reference periods in source notes,https://www.city.sapporo.jp/kensetsu/yuki/documents/snowdepth_r08_0411.xls
2025-11-06,厚別区,snowdepth,0.0,published; reference periods in source notes,https://www.city.sapporo.jp/kensetsu/yuki/documents/snowdepth_r08_0411.xls
2025-11-06,豊平区,snowdepth,0.0,published; reference periods in source notes,https://www.city.sapporo.jp/kensetsu/yuki/documents/snowdepth_r08_0411.xls
2025-11-06,清田区,snowdepth,0.0,published; reference periods in source notes,https://www.city.sapporo.jp/kensetsu/yuki/documents/snowdepth_r08_0411.xls
2025-11-06,南区(南31条西8丁目),snowdepth,0.0,published; reference periods in source notes,https://www.city.sapporo.jp/kensetsu/yuki/documents/snowdepth_r08_0411.xls
2025-11-06,南区(定山渓),snowdepth,0.0,published; reference periods in source notes,https://www.city.sapporo.jp/kensetsu/yuki/documents/snowdepth_r08_0411.xls
2025-11-06,西区(西野),snowdepth,0.0,published; reference periods in source notes,https://www.city.sapporo.jp/kensetsu/yuki/documents/snowdepth_r08_0411.xls
2025-11-06,西区(平和),snowdepth,0.0,published; reference periods in source notes,https://www.city.sapporo.jp/kensetsu/yuki/documents/snowdepth_r08_0411.xls
2025-11-06,手稲区,snowdepth,0.0,published; reference periods in source notes,https://www.city.sapporo.jp/kensetsu/yuki/documents/snowdepth_r08_0411.xls
2025-11-07,中央区,snowdepth,0.0,published; reference periods in source notes,https://www.city.sapporo.jp/kensetsu/yuki/documents/snowdepth_r08_0411.xls
2025-11-07,北区(太平),snowdepth,0.0,published; reference periods in source notes,https://www.city.sapporo.jp/kensetsu/yuki/documents/snowdepth_r08_0411.xls
2025-11-07,北区(あいの里),snowdepth,0.0,published; reference periods in source notes,https://www.city.sapporo.jp/kensetsu/yuki/documents/snowdepth_r08_0411.xls
2025-11-07,東区,snowdepth,0.0,published; reference periods in source notes,https://www.city.sapporo.jp/kensetsu/yuki/documents/snowdepth_r08_0411.xls
2025-11-07,白石区,snowdepth,0.0,published; reference periods in source notes,https://www.city.sapporo.jp/kensetsu/yuki/documents/snowdepth_r08_0411.xls
2025-11-07,厚別区,snowdepth,0.0,published; reference periods in source notes,https://www.city.sapporo.jp/kensetsu/yuki/documents/snowdepth_r08_0411.xls
2025-11-07,豊平区,snowdepth,0.0,published; reference periods in source notes,https://www.city.sapporo.jp/kensetsu/yuki/documents/snowdepth_r08_0411.xls
2025-11-07,清田区,snowdepth,0.0,published; reference periods in source notes,https://www.city.sapporo.jp/kensetsu/yuki/documents/snowdepth_r08_0411.xls
2025-11-07,南区(南31条西8丁目),snowdepth,0.0,published; reference periods in source notes,https://www.city.sapporo.jp/kensetsu/yuki/documents/snowdepth_r08_0411.xls
2025-11-07,南区(定山渓),snowdepth,0.0,published; reference periods in source notes,https://www.city.sapporo.jp/kensetsu/yuki/documents/snowdepth_r08_0411.xls
2025-11-07,西区(西野),snowdepth,0.0,published; reference periods in source notes,https://www.city.sapporo.jp/kensetsu/yuki/documents/snowdepth_r08_0411.xls
2025-11-07,西区(平和),snowdepth,0.0,published; reference periods in source notes,https://www.city.sapporo.jp/kensetsu/yuki/documents/snowdepth_r08_0411.xls
2025-11-07,手稲区,snowdepth,0.0,published; reference periods in source notes,https://www.city.sapporo.jp/kensetsu/yuki/documents/snowdepth_r08_0411.xls
2025-11-08,中央区,snowdepth,11.0,published; reference periods in source notes,https://www.city.sapporo.jp/kensetsu/yuki/documents/snowdepth_r08_0411.xls
2025-11-08,北区(太平),snowdepth,7.0,published; reference periods in source notes,https://www.city.sapporo.jp/kensetsu/yuki/documents/snowdepth_r08_0411.xls
2025-11-08,北区(あいの里),snowdepth,6.0,published; reference periods in source notes,https://www.city.sapporo.jp/kensetsu/yuki/documents/snowdepth_r08_0411.xls
2025-11-08,東区,snowdepth,9.0,published; reference periods in source notes,https://www.city.sapporo.jp/kensetsu/yuki/documents/snowdepth_r08_0411.xls
2025-11-08,白石区,snowdepth,10.0,published; reference periods in source notes,https://www.city.sapporo.jp/kensetsu/yuki/documents/snowdepth_r08_0411.xls
2025-11-08,厚別区,snowdepth,8.0,published; reference periods in source notes,https://www.city.sapporo.jp/kensetsu/yuki/documents/snowdepth_r08_0411.xls
2025-11-08,豊平区,snowdepth,13.0,published; reference periods in source notes,https://www.city.sapporo.jp/kensetsu/yuki/documents/snowdepth_r08_0411.xls
2025-11-08,清田区,snowdepth,11.0,published; reference periods in source notes,https://www.city.sapporo.jp/kensetsu/yuki/documents/snowdepth_r08_0411.xls
2025-11-08,南区(南31条西8丁目),snowdepth,14.0,published; reference periods in source notes,https://www.city.sapporo.jp/kensetsu/yuki/documents/snowdepth_r08_0411.xls
2025-11-08,南区(定山渓),snowdepth,20.0,published; reference periods in source notes,https://www.city.sapporo.jp/kensetsu/yuki/documents/snowdepth_r08_0411.xls
2025-11-08,西区(西野),snowdepth,11.0,published; reference periods in source notes,https://www.city.sapporo.jp/kensetsu/yuki/documents/snowdepth_r08_0411.xls
2025-11-08,西区(平和),snowdepth,25.0,published; reference periods in source notes,https://www.city.sapporo.jp/kensetsu/yuki/documents/snowdepth_r08_0411.xls
2025-11-08,手稲区,snowdepth,6.0,published; reference periods in source notes,https://www.city.sapporo.jp/kensetsu/yuki/documents/snowdepth_r08_0411.xls
2025-11-09,中央区,snowdepth,5.0,published; reference periods in source notes,https://www.city.sapporo.jp/kensetsu/yuki/documents/snowdepth_r08_0411.xls
2025-11-09,北区(太平),snowdepth,3.0,published; reference periods in source notes,https://www.city.sapporo.jp/kensetsu/yuki/documents/snowdepth_r08_0411.xls
2025-11-09,北区(あいの里),snowdepth,0.0,published; reference periods in source notes,https://www.city.sapporo.jp/kensetsu/yuki/documents/snowdepth_r08_0411.xls
2025-11-09,東区,snowdepth,3.0,published; reference periods in source notes,https://www.city.sapporo.jp/kensetsu/yuki/documents/snowdepth_r08_0411.xls
2025-11-09,白石区,snowdepth,4.0,published; reference periods in source notes,https://www.city.sapporo.jp/kensetsu/yuki/documents/snowdepth_r08_0411.xls
2025-11-09,厚別区,snowdepth,1.0,published; reference periods in source notes,https://www.city.sapporo.jp/kensetsu/yuki/documents/snowdepth_r08_0411.xls
2025-11-09,豊平区,snowdepth,8.0,published; reference periods in source notes,https://www.city.sapporo.jp/kensetsu/yuki/documents/snowdepth_r08_0411.xls
2025-11-09,清田区,snowdepth,4.0,published; reference periods in source notes,https://www.city.sapporo.jp/kensetsu/yuki/documents/snowdepth_r08_0411.xls
2025-11-09,南区(南31条西8丁目),snowdepth,8.0,published; reference periods in source notes,https://www.city.sapporo.jp/kensetsu/yuki/documents/snowdepth_r08_0411.xls
2025-11-09,南区(定山渓),snowdepth,12.0,published; reference periods in source notes,https://www.city.sapporo.jp/kensetsu/yuki/documents/snowdepth_r08_0411.xls
2025-11-09,西区(西野),snowdepth,6.0,published; reference periods in source notes,https://www.city.sapporo.jp/kensetsu/yuki/documents/snowdepth_r08_0411.xls
2025-11-09,西区(平和),snowdepth,21.0,published; reference periods in source notes,https://www.city.sapporo.jp/kensetsu/yuki/documents/snowdepth_r08_0411.xls
2025-11-09,手稲区,snowdepth,3.0,published; reference periods in source notes,https://www.city.sapporo.jp/kensetsu/yuki/documents/snowdepth_r08_0411.xls
2025-11-10,中央区,snowdepth,0.0,published; reference periods in source notes,https://www.city.sapporo.jp/kensetsu/yuki/documents/snowdepth_r08_0411.xls
2025-11-10,北区(太平),snowdepth,0.0,published; reference periods in source notes,https://www.city.sapporo.jp/kensetsu/yuki/documents/snowdepth_r08_0411.xls
2025-11-10,北区(あいの里),snowdepth,0.0,published; reference periods in source notes,https://www.city.sapporo.jp/kensetsu/yuki/documents/snowdepth_r08_0411.xls
2025-11-10,東区,snowdepth,0.0,published; reference periods in source notes,https://www.city.sapporo.jp/kensetsu/yuki/documents/snowdepth_r08_0411.xls
2025-11-10,白石区,snowdepth,0.0,published; reference periods in source notes,https://www.city.sapporo.jp/kensetsu/yuki/documents/snowdepth_r08_0411.xls
2025-11-10,厚別区,snowdepth,0.0,published; reference periods in source notes,https://www.city.sapporo.jp/kensetsu/yuki/documents/snowdepth_r08_0411.xls
2025-11-10,豊平区,snowdepth,0.0,published; reference periods in source notes,https://www.city.sapporo.jp/kensetsu/yuki/documents/snowdepth_r08_0411.xls
2025-11-10,清田区,snowdepth,0.0,published; reference periods in source notes,https://www.city.sapporo.jp/kensetsu/yuki/documents/snowdepth_r08_0411.xls
2025-11-10,南区(南31条西8丁目),snowdepth,0.0,published; reference periods in source notes,https://www.city.sapporo.jp/kensetsu/yuki/documents/snowdepth_r08_0411.xls
2025-11-10,南区(定山渓),snowdepth,5.0,published; reference periods in source notes,https://www.city.sapporo.jp/kensetsu/yuki/documents/snowdepth_r08_0411.xls
2025-11-10,西区(西野),snowdepth,0.0,published; reference periods in source notes,https://www.city.sapporo.jp/kensetsu/yuki/documents/snowdepth_r08_0411.xls
2025-11-10,西区(平和),snowdepth,9.0,published; reference periods in source notes,https://www.city.sapporo.jp/kensetsu/yuki/documents/snowdepth_r08_0411.xls
2025-11-10,手稲区,snowdepth,0.0,published; reference periods in source notes,https://www.city.sapporo.jp/kensetsu/yuki/documents/snowdepth_r08_0411.xls
2025-11-11,中央区,snowdepth,0.0,published; reference periods in source notes,https://www.city.sapporo.jp/kensetsu/yuki/documents/snowdepth_r08_0411.xls
2025-11-11,北区(太平),snowdepth,0.0,published; reference periods in source notes,https://www.city.sapporo.jp/kensetsu/yuki/documents/snowdepth_r08_0411.xls
2025-11-11,北区(あいの里),snowdepth,0.0,published; reference periods in source notes,https://www.city.sapporo.jp/kensetsu/yuki/documents/snowdepth_r08_0411.xls
2025-11-11,東区,snowdepth,0.0,published; reference periods in source notes,https://www.city.sapporo.jp/kensetsu/yuki/documents/snowdepth_r08_0411.xls
2025-11-11,白石区,snowdepth,0.0,published; reference periods in source notes,https://www.city.sapporo.jp/kensetsu/yuki/documents/snowdepth_r08_0411.xls
2025-11-11,厚別区,snowdepth,0.0,published; reference periods in source notes,https://www.city.sapporo.jp/kensetsu/yuki/documents/snowdepth_r08_0411.xls
2025-11-11,豊平区,snowdepth,1.0,published; reference periods in source notes,https://www.city.sapporo.jp/kensetsu/yuki/documents/snowdepth_r08_0411.xls
2025-11-11,清田区,snowdepth,0.0,published; reference periods in source notes,https://www.city.sapporo.jp/kensetsu/yuki/documents/snowdepth_r08_0411.xls
2025-11-11,南区(南31条西8丁目),snowdepth,0.0,published; reference periods in source notes,https://www.city.sapporo.jp/kensetsu/yuki/documents/snowdepth_r08_0411.xls
2025-11-11,南区(定山渓),snowdepth,9.0,published; reference periods in source notes,https://www.city.sapporo.jp/kensetsu/yuki/documents/snowdepth_r08_0411.xls
2025-11-11,西区(西野),snowdepth,0.0,published; reference periods in source notes,https://www.city.sapporo.jp/kensetsu/yuki/documents/snowdepth_r08_0411.xls
2025-11-11,西区(平和),snowdepth,18.0,published; reference periods in source notes,https://www.city.sapporo.jp/kensetsu/yuki/documents/snowdepth_r08_0411.xls
2025-11-11,手稲区,snowdepth,0.0,published; reference periods in source notes,https://www.city.sapporo.jp/kensetsu/yuki/documents/snowdepth_r08_0411.xls
2025-11-12,中央区,snowdepth,3.0,published; reference periods in source notes,https://www.city.sapporo.jp/kensetsu/yuki/documents/snowdepth_r08_0411.xls
2025-11-12,北区(太平),snowdepth,0.0,published; reference periods in source notes,https://www.city.sapporo.jp/kensetsu/yuki/documents/snowdepth_r08_0411.xls
2025-11-12,北区(あいの里),snowdepth,2.0,published; reference periods in source notes,https://www.city.sapporo.jp/kensetsu/yuki/documents/snowdepth_r08_0411.xls
2025-11-12,東区,snowdepth,1.0,published; reference periods in source notes,https://www.city.sapporo.jp/kensetsu/yuki/documents/snowdepth_r08_0411.xls
2025-11-12,白石区,snowdepth,1.0,published; reference periods in source notes,https://www.city.sapporo.jp/kensetsu/yuki/documents/snowdepth_r08_0411.xls
2025-11-12,厚別区,snowdepth,4.0,published; reference periods in source notes,https://www.city.sapporo.jp/kensetsu/yuki/documents/snowdepth_r08_0411.xls
2025-11-12,豊平区,snowdepth,6.0,published; reference periods in source notes,https://www.city.sapporo.jp/kensetsu/yuki/documents/snowdepth_r08_0411.xls
2025-11-12,清田区,snowdepth,5.0,published; reference periods in source notes,https://www.city.sapporo.jp/kensetsu/yuki/documents/snowdepth_r08_0411.xls
2025-11-12,南区(南31条西8丁目),snowdepth,1.0,published; reference periods in source notes,https://www.city.sapporo.jp/kensetsu/yuki/documents/snowdepth_r08_0411.xls
2025-11-12,南区(定山渓),snowdepth,10.0,published; reference periods in source notes,https://www.city.sapporo.jp/kensetsu/yuki/documents/snowdepth_r08_0411.xls
2025-11-12,西区(西野),snowdepth,6.0,published; reference periods in source notes,https://www.city.sapporo.jp/kensetsu/yuki/documents/snowdepth_r08_0411.xls
2025-11-12,西区(平和),snowdepth,22.0,published; reference periods in source notes,https://www.city.sapporo.jp/kensetsu/yuki/documents/snowdepth_r08_0411.xls
2025-11-12,手稲区,snowdepth,3.0,published; reference periods in source notes,https://www.city.sapporo.jp/kensetsu/yuki/documents/snowdepth_r08_0411.xls
2025-11-13,中央区,snowdepth,0.0,published; reference periods in source notes,https://www.city.sapporo.jp/kensetsu/yuki/documents/snowdepth_r08_0411.xls
2025-11-13,北区(太平),snowdepth,0.0,published; reference periods in source notes,https://www.city.sapporo.jp/kensetsu/yuki/documents/snowdepth_r08_0411.xls
2025-11-13,北区(あいの里),snowdepth,0.0,published; reference periods in source notes,https://www.city.sapporo.jp/kensetsu/yuki/documents/snowdepth_r08_0411.xls
2025-11-13,東区,snowdepth,0.0,published; reference periods in source notes,https://www.city.sapporo.jp/kensetsu/yuki/documents/snowdepth_r08_0411.xls
2025-11-13,白石区,snowdepth,0.0,published; reference periods in source notes,https://www.city.sapporo.jp/kensetsu/yuki/documents/snowdepth_r08_0411.xls
2025-11-13,厚別区,snowdepth,0.0,published; reference periods in source notes,https://www.city.sapporo.jp/kensetsu/yuki/documents/snowdepth_r08_0411.xls
2025-11-13,豊平区,snowdepth,0.0,published; reference periods in source notes,https://www.city.sapporo.jp/kensetsu/yuki/documents/snowdepth_r08_0411.xls
2025-11-13,清田区,snowdepth,0.0,published; reference periods in source notes,https://www.city.sapporo.jp/kensetsu/yuki/documents/snowdepth_r08_0411.xls
2025-11-13,南区(南31条西8丁目),snowdepth,0.0,published; reference periods in source notes,https://www.city.sapporo.jp/kensetsu/yuki/documents/snowdepth_r08_0411.xls
2025-11-13,南区(定山渓),snowdepth,4.0,published; reference periods in source notes,https://www.city.sapporo.jp/kensetsu/yuki/documents/snowdepth_r08_0411.xls
2025-11-13,西区(西野),snowdepth,1.0,published; reference periods in source notes,https://www.city.sapporo.jp/kensetsu/yuki/documents/snowdepth_r08_0411.xls
2025-11-13,西区(平和),snowdepth,15.0,published; reference periods in source notes,https://www.city.sapporo.jp/kensetsu/yuki/documents/snowdepth_r08_0411.xls
2025-11-13,手稲区,snowdepth,0.0,published; reference periods in source notes,https://www.city.sapporo.jp/kensetsu/yuki/documents/snowdepth_r08_0411.xls
2025-11-14,中央区,snowdepth,0.0,published; reference periods in source notes,https://www.city.sapporo.jp/kensetsu/yuki/documents/snowdepth_r08_0411.xls
2025-11-14,北区(太平),snowdepth,0.0,published; reference periods in source notes,https://www.city.sapporo.jp/kensetsu/yuki/documents/snowdepth_r08_0411.xls
2025-11-14,北区(あいの里),snowdepth,0.0,published; reference periods in source notes,https://www.city.sapporo.jp/kensetsu/yuki/documents/snowdepth_r08_0411.xls
2025-11-14,東区,snowdepth,0.0,published; reference periods in source notes,https://www.city.sapporo.jp/kensetsu/yuki/documents/snowdepth_r08_0411.xls
2025-11-14,白石区,snowdepth,0.0,published; reference periods in source notes,https://www.city.sapporo.jp/kensetsu/yuki/documents/snowdepth_r08_0411.xls
2025-11-14,厚別区,snowdepth,0.0,published; reference periods in source notes,https://www.city.sapporo.jp/kensetsu/yuki/documents/snowdepth_r08_0411.xls
2025-11-14,豊平区,snowdepth,0.0,published; reference periods in source notes,https://www.city.sapporo.jp/kensetsu/yuki/documents/snowdepth_r08_0411.xls
2025-11-14,清田区,snowdepth,0.0,published; reference periods in source notes,https://www.city.sapporo.jp/kensetsu/yuki/documents/snowdepth_r08_0411.xls
2025-11-14,南区(南31条西8丁目),snowdepth,0.0,published; reference periods in source notes,https://www.city.sapporo.jp/kensetsu/yuki/documents/snowdepth_r08_0411.xls
2025-11-14,南区(定山渓),snowdepth,0.0,published; reference periods in source notes,https://www.city.sapporo.jp/kensetsu/yuki/documents/snowdepth_r08_0411.xls
2025-11-14,西区(西野),snowdepth,0.0,published; reference periods in source notes,https://www.city.sapporo.jp/kensetsu/yuki/documents/snowdepth_r08_0411.xls
2025-11-14,西区(平和),snowdepth,10.0,published; reference periods in source notes,https://www.city.sapporo.jp/kensetsu/yuki/documents/snowdepth_r08_0411.xls
2025-11-14,手稲区,snowdepth,0.0,published; reference periods in source notes,https://www.city.sapporo.jp/kensetsu/yuki/documents/snowdepth_r08_0411.xls
2025-11-15,中央区,snowdepth,0.0,published; reference periods in source notes,https://www.city.sapporo.jp/kensetsu/yuki/documents/snowdepth_r08_0411.xls
2025-11-15,北区(太平),snowdepth,0.0,published; reference periods in source notes,https://www.city.sapporo.jp/kensetsu/yuki/documents/snowdepth_r08_0411.xls
2025-11-15,北区(あいの里),snowdepth,0.0,published; reference periods in source notes,https://www.city.sapporo.jp/kensetsu/yuki/documents/snowdepth_r08_0411.xls
2025-11-15,東区,snowdepth,0.0,published; reference periods in source notes,https://www.city.sapporo.jp/kensetsu/yuki/documents/snowdepth_r08_0411.xls
2025-11-15,白石区,snowdepth,0.0,published; reference periods in source notes,https://www.city.sapporo.jp/kensetsu/yuki/documents/snowdepth_r08_0411.xls
2025-11-15,厚別区,snowdepth,0.0,published; reference periods in source notes,https://www.city.sapporo.jp/kensetsu/yuki/documents/snowdepth_r08_0411.xls
2025-11-15,豊平区,snowdepth,0.0,published; reference periods in source notes,https://www.city.sapporo.jp/kensetsu/yuki/documents/snowdepth_r08_0411.xls
2025-11-15,清田区,snowdepth,0.0,published; reference periods in source notes,https://www.city.sapporo.jp/kensetsu/yuki/documents/snowdepth_r08_0411.xls
2025-11-15,南区(南31条西8丁目),snowdepth,0.0,published; reference periods in source notes,https://www.city.sapporo.jp/kensetsu/yuki/documents/snowdepth_r08_0411.xls
2025-11-15,南区(定山渓),snowdepth,0.0,published; reference periods in source notes,https://www.city.sapporo.jp/kensetsu/yuki/documents/snowdepth_r08_0411.xls
2025-11-15,西区(西野),snowdepth,0.0,published; reference periods in source notes,https://www.city.sapporo.jp/kensetsu/yuki/documents/snowdepth_r08_0411.xls
2025-11-15,西区(平和),snowdepth,11.0,published; reference periods in source notes,https://www.city.sapporo.jp/kensetsu/yuki/documents/snowdepth_r08_0411.xls
2025-11-15,手稲区,snowdepth,0.0,published; reference periods in source notes,https://www.city.sapporo.jp/kensetsu/yuki/documents/snowdepth_r08_0411.xls
2025-11-16,中央区,snowdepth,0.0,published; reference periods in source notes,https://www.city.sapporo.jp/kensetsu/yuki/documents/snowdepth_r08_0411.xls
2025-11-16,北区(太平),snowdepth,0.0,published; reference periods in source notes,https://www.city.sapporo.jp/kensetsu/yuki/documents/snowdepth_r08_0411.xls
2025-11-16,北区(あいの里),snowdepth,0.0,published; reference periods in source notes,https://www.city.sapporo.jp/kensetsu/yuki/documents/snowdepth_r08_0411.xls
2025-11-16,東区,snowdepth,0.0,published; reference periods in source notes,https://www.city.sapporo.jp/kensetsu/yuki/documents/snowdepth_r08_0411.xls
2025-11-16,白石区,snowdepth,0.0,published; reference periods in source notes,https://www.city.sapporo.jp/kensetsu/yuki/documents/snowdepth_r08_0411.xls
2025-11-16,厚別区,snowdepth,0.0,published; reference periods in source notes,https://www.city.sapporo.jp/kensetsu/yuki/documents/snowdepth_r08_0411.xls
2025-11-16,豊平区,snowdepth,0.0,published; reference periods in source notes,https://www.city.sapporo.jp/kensetsu/yuki/documents/snowdepth_r08_0411.xls
2025-11-16,清田区,snowdepth,0.0,published; reference periods in source notes,https://www.city.sapporo.jp/kensetsu/yuki/documents/snowdepth_r08_0411.xls
2025-11-16,南区(南31条西8丁目),snowdepth,0.0,published; reference periods in source notes,https://www.city.sapporo.jp/kensetsu/yuki/documents/snowdepth_r08_0411.xls
2025-11-16,南区(定山渓),snowdepth,0.0,published; reference periods in source notes,https://www.city.sapporo.jp/kensetsu/yuki/documents/snowdepth_r08_0411.xls
2025-11-16,西区(西野),snowdepth,0.0,published; reference periods in source notes,https://www.city.sapporo.jp/kensetsu/yuki/documents/snowdepth_r08_0411.xls
2025-11-16,西区(平和),snowdepth,8.0,published; reference periods in source notes,https://www.city.sapporo.jp/kensetsu/yuki/documents/snowdepth_r08_0411.xls
2025-11-16,手稲区,snowdepth,0.0,published; reference periods in source notes,https://www.city.sapporo.jp/kensetsu/yuki/documents/snowdepth_r08_0411.xls
2025-11-17,中央区,snowdepth,0.0,published; reference periods in source notes,https://www.city.sapporo.jp/kensetsu/yuki/documents/snowdepth_r08_0411.xls
2025-11-17,北区(太平),snowdepth,0.0,published; reference periods in source notes,https://www.city.sapporo.jp/kensetsu/yuki/documents/snowdepth_r08_0411.xls
2025-11-17,北区(あいの里),snowdepth,0.0,published; reference periods in source notes,https://www.city.sapporo.jp/kensetsu/yuki/documents/snowdepth_r08_0411.xls
2025-11-17,東区,snowdepth,0.0,published; reference periods in source notes,https://www.city.sapporo.jp/kensetsu/yuki/documents/snowdepth_r08_0411.xls
2025-11-17,白石区,snowdepth,0.0,published; reference periods in source notes,https://www.city.sapporo.jp/kensetsu/yuki/documents/snowdepth_r08_0411.xls
2025-11-17,厚別区,snowdepth,0.0,published; reference periods in source notes,https://www.city.sapporo.jp/kensetsu/yuki/documents/snowdepth_r08_0411.xls
2025-11-17,豊平区,snowdepth,0.0,published; reference periods in source notes,https://www.city.sapporo.jp/kensetsu/yuki/documents/snowdepth_r08_0411.xls
2025-11-17,清田区,snowdepth,0.0,published; reference periods in source notes,https://www.city.sapporo.jp/kensetsu/yuki/documents/snowdepth_r08_0411.xls
2025-11-17,南区(南31条西8丁目),snowdepth,0.0,published; reference periods in source notes,https://www.city.sapporo.jp/kensetsu/yuki/documents/snowdepth_r08_0411.xls
2025-11-17,南区(定山渓),snowdepth,0.0,published; reference periods in source notes,https://www.city.sapporo.jp/kensetsu/yuki/documents/snowdepth_r08_0411.xls
2025-11-17,西区(西野),snowdepth,0.0,published; reference periods in source notes,https://www.city.sapporo.jp/kensetsu/yuki/documents/snowdepth_r08_0411.xls
2025-11-17,西区(平和),snowdepth,7.0,published; reference periods in source notes,https://www.city.sapporo.jp/kensetsu/yuki/documents/snowdepth_r08_0411.xls
2025-11-17,手稲区,snowdepth,0.0,published; reference periods in source notes,https://www.city.sapporo.jp/kensetsu/yuki/documents/snowdepth_r08_0411.xls
2025-11-18,中央区,snowdepth,0.0,published; reference periods in source notes,https://www.city.sapporo.jp/kensetsu/yuki/documents/snowdepth_r08_0411.xls
2025-11-18,北区(太平),snowdepth,19.0,published; reference periods in source notes,https://www.city.sapporo.jp/kensetsu/yuki/documents/snowdepth_r08_0411.xls
2025-11-18,北区(あいの里),snowdepth,23.0,published; reference periods in source notes,https://www.city.sapporo.jp/kensetsu/yuki/documents/snowdepth_r08_0411.xls
2025-11-18,東区,snowdepth,4.0,published; reference periods in source notes,https://www.city.sapporo.jp/kensetsu/yuki/documents/snowdepth_r08_0411.xls
2025-11-18,白石区,snowdepth,0.0,published; reference periods in source notes,https://www.city.sapporo.jp/kensetsu/yuki/documents/snowdepth_r08_0411.xls
2025-11-18,厚別区,snowdepth,0.0,published; reference periods in source notes,https://www.city.sapporo.jp/kensetsu/yuki/documents/snowdepth_r08_0411.xls
2025-11-18,豊平区,snowdepth,1.0,published; reference periods in source notes,https://www.city.sapporo.jp/kensetsu/yuki/documents/snowdepth_r08_0411.xls
2025-11-18,清田区,snowdepth,0.0,published; reference periods in source notes,https://www.city.sapporo.jp/kensetsu/yuki/documents/snowdepth_r08_0411.xls
2025-11-18,南区(南31条西8丁目),snowdepth,0.0,published; reference periods in source notes,https://www.city.sapporo.jp/kensetsu/yuki/documents/snowdepth_r08_0411.xls
2025-11-18,南区(定山渓),snowdepth,11.0,published; reference periods in source notes,https://www.city.sapporo.jp/kensetsu/yuki/documents/snowdepth_r08_0411.xls
2025-11-18,西区(西野),snowdepth,1.0,published; reference periods in source notes,https://www.city.sapporo.jp/kensetsu/yuki/documents/snowdepth_r08_0411.xls
2025-11-18,西区(平和),snowdepth,12.0,published; reference periods in source notes,https://www.city.sapporo.jp/kensetsu/yuki/documents/snowdepth_r08_0411.xls
2025-11-18,手稲区,snowdepth,0.0,published; reference periods in source notes,https://www.city.sapporo.jp/kensetsu/yuki/documents/snowdepth_r08_0411.xls
2025-11-19,中央区,snowdepth,3.0,published; reference periods in source notes,https://www.city.sapporo.jp/kensetsu/yuki/documents/snowdepth_r08_0411.xls
2025-11-19,北区(太平),snowdepth,27.0,published; reference periods in source notes,https://www.city.sapporo.jp/kensetsu/yuki/documents/snowdepth_r08_0411.xls
2025-11-19,北区(あいの里),snowdepth,29.0,published; reference periods in source notes,https://www.city.sapporo.jp/kensetsu/yuki/documents/snowdepth_r08_0411.xls
2025-11-19,東区,snowdepth,12.0,published; reference periods in source notes,https://www.city.sapporo.jp/kensetsu/yuki/documents/snowdepth_r08_0411.xls
2025-11-19,白石区,snowdepth,4.0,published; reference periods in source notes,https://www.city.sapporo.jp/kensetsu/yuki/documents/snowdepth_r08_0411.xls
2025-11-19,厚別区,snowdepth,7.0,published; reference periods in source notes,https://www.city.sapporo.jp/kensetsu/yuki/documents/snowdepth_r08_0411.xls
2025-11-19,豊平区,snowdepth,2.0,published; reference periods in source notes,https://www.city.sapporo.jp/kensetsu/yuki/documents/snowdepth_r08_0411.xls
2025-11-19,清田区,snowdepth,3.0,published; reference periods in source notes,https://www.city.sapporo.jp/kensetsu/yuki/documents/snowdepth_r08_0411.xls
2025-11-19,南区(南31条西8丁目),snowdepth,0.0,published; reference periods in source notes,https://www.city.sapporo.jp/kensetsu/yuki/documents/snowdepth_r08_0411.xls
2025-11-19,南区(定山渓),snowdepth,6.0,published; reference periods in source notes,https://www.city.sapporo.jp/kensetsu/yuki/documents/snowdepth_r08_0411.xls
2025-11-19,西区(西野),snowdepth,3.0,published; reference periods in source notes,https://www.city.sapporo.jp/kensetsu/yuki/documents/snowdepth_r08_0411.xls
2025-11-19,西区(平和),snowdepth,18.0,published; reference periods in source notes,https://www.city.sapporo.jp/kensetsu/yuki/documents/snowdepth_r08_0411.xls
2025-11-19,手稲区,snowdepth,8.0,published; reference periods in source notes,https://www.city.sapporo.jp/kensetsu/yuki/documents/snowdepth_r08_0411.xls
2025-11-20,中央区,snowdepth,1.0,published; reference periods in source notes,https://www.city.sapporo.jp/kensetsu/yuki/documents/snowdepth_r08_0411.xls
2025-11-20,北区(太平),snowdepth,21.0,published; reference periods in source notes,https://www.city.sapporo.jp/kensetsu/yuki/documents/snowdepth_r08_0411.xls
2025-11-20,北区(あいの里),snowdepth,24.0,published; reference periods in source notes,https://www.city.sapporo.jp/kensetsu/yuki/documents/snowdepth_r08_0411.xls
2025-11-20,東区,snowdepth,8.0,published; reference periods in source notes,https://www.city.sapporo.jp/kensetsu/yuki/documents/snowdepth_r08_0411.xls
2025-11-20,白石区,snowdepth,0.0,published; reference periods in source notes,https://www.city.sapporo.jp/kensetsu/yuki/documents/snowdepth_r08_0411.xls
2025-11-20,厚別区,snowdepth,0.0,published; reference periods in source notes,https://www.city.sapporo.jp/kensetsu/yuki/documents/snowdepth_r08_0411.xls
2025-11-20,豊平区,snowdepth,0.0,published; reference periods in source notes,https://www.city.sapporo.jp/kensetsu/yuki/documents/snowdepth_r08_0411.xls
2025-11-20,清田区,snowdepth,0.0,published; reference periods in source notes,https://www.city.sapporo.jp/kensetsu/yuki/documents/snowdepth_r08_0411.xls
2025-11-20,南区(南31条西8丁目),snowdepth,0.0,published; reference periods in source notes,https://www.city.sapporo.jp/kensetsu/yuki/documents/snowdepth_r08_0411.xls
2025-11-20,南区(定山渓),snowdepth,4.0,published; reference periods in source notes,https://www.city.sapporo.jp/kensetsu/yuki/documents/snowdepth_r08_0411.xls
2025-11-20,西区(西野),snowdepth,1.0,published; reference periods in source notes,https://www.city.sapporo.jp/kensetsu/yuki/documents/snowdepth_r08_0411.xls
2025-11-20,西区(平和),snowdepth,13.0,published; reference periods in source notes,https://www.city.sapporo.jp/kensetsu/yuki/documents/snowdepth_r08_0411.xls
2025-11-20,手稲区,snowdepth,4.0,published; reference periods in source notes,https://www.city.sapporo.jp/kensetsu/yuki/documents/snowdepth_r08_0411.xls
2025-11-21,中央区,snowdepth,0.0,published; reference periods in source notes,https://www.city.sapporo.jp/kensetsu/yuki/documents/snowdepth_r08_0411.xls
2025-11-21,北区(太平),snowdepth,7.0,published; reference periods in source notes,https://www.city.sapporo.jp/kensetsu/yuki/documents/snowdepth_r08_0411.xls
2025-11-21,北区(あいの里),snowdepth,6.0,published; reference periods in source notes,https://www.city.sapporo.jp/kensetsu/yuki/documents/snowdepth_r08_0411.xls
2025-11-21,東区,snowdepth,0.0,published; reference periods in source notes,https://www.city.sapporo.jp/kensetsu/yuki/documents/snowdepth_r08_0411.xls
2025-11-21,白石区,snowdepth,0.0,published; reference periods in source notes,https://www.city.sapporo.jp/kensetsu/yuki/documents/snowdepth_r08_0411.xls
2025-11-21,厚別区,snowdepth,0.0,published; reference periods in source notes,https://www.city.sapporo.jp/kensetsu/yuki/documents/snowdepth_r08_0411.xls
2025-11-21,豊平区,snowdepth,0.0,published; reference periods in source notes,https://www.city.sapporo.jp/kensetsu/yuki/documents/snowdepth_r08_0411.xls
2025-11-21,清田区,snowdepth,0.0,published; reference periods in source notes,https://www.city.sapporo.jp/kensetsu/yuki/documents/snowdepth_r08_0411.xls
2025-11-21,南区(南31条西8丁目),snowdepth,0.0,published; reference periods in source notes,https://www.city.sapporo.jp/kensetsu/yuki/documents/snowdepth_r08_0411.xls
2025-11-21,南区(定山渓),snowdepth,0.0,published; reference periods in source notes,https://www.city.sapporo.jp/kensetsu/yuki/documents/snowdepth_r08_0411.xls
2025-11-21,西区(西野),snowdepth,0.0,published; reference periods in source notes,https://www.city.sapporo.jp/kensetsu/yuki/documents/snowdepth_r08_0411.xls
2025-11-21,西区(平和),snowdepth,9.0,published; reference periods in source notes,https://www.city.sapporo.jp/kensetsu/yuki/documents/snowdepth_r08_0411.xls
2025-11-21,手稲区,snowdepth,0.0,published; reference periods in source notes,https://www.city.sapporo.jp/kensetsu/yuki/documents/snowdepth_r08_0411.xls
2025-11-22,中央区,snowdepth,0.0,published; reference periods in source notes,https://www.city.sapporo.jp/kensetsu/yuki/documents/snowdepth_r08_0411.xls
2025-11-22,北区(太平),snowdepth,8.0,published; reference periods in source notes,https://www.city.sapporo.jp/kensetsu/yuki/documents/snowdepth_r08_0411.xls
2025-11-22,北区(あいの里),snowdepth,9.0,published; reference periods in source notes,https://www.city.sapporo.jp/kensetsu/yuki/documents/snowdepth_r08_0411.xls
2025-11-22,東区,snowdepth,0.0,published; reference periods in source notes,https://www.city.sapporo.jp/kensetsu/yuki/documents/snowdepth_r08_0411.xls
2025-11-22,白石区,snowdepth,0.0,published; reference periods in source notes,https://www.city.sapporo.jp/kensetsu/yuki/documents/snowdepth_r08_0411.xls
2025-11-22,厚別区,snowdepth,0.0,published; reference periods in source notes,https://www.city.sapporo.jp/kensetsu/yuki/documents/snowdepth_r08_0411.xls
2025-11-22,豊平区,snowdepth,0.0,published; reference periods in source notes,https://www.city.sapporo.jp/kensetsu/yuki/documents/snowdepth_r08_0411.xls
2025-11-22,清田区,snowdepth,0.0,published; reference periods in source notes,https://www.city.sapporo.jp/kensetsu/yuki/documents/snowdepth_r08_0411.xls
2025-11-22,南区(南31条西8丁目),snowdepth,0.0,published; reference periods in source notes,https://www.city.sapporo.jp/kensetsu/yuki/documents/snowdepth_r08_0411.xls
2025-11-22,南区(定山渓),snowdepth,3.0,published; reference periods in source notes,https://www.city.sapporo.jp/kensetsu/yuki/documents/snowdepth_r08_0411.xls
2025-11-22,西区(西野),snowdepth,0.0,published; reference periods in source notes,https://www.city.sapporo.jp/kensetsu/yuki/documents/snowdepth_r08_0411.xls
2025-11-22,西区(平和),snowdepth,13.0,published; reference periods in source notes,https://www.city.sapporo.jp/kensetsu/yuki/documents/snowdepth_r08_0411.xls
2025-11-22,手稲区,snowdepth,0.0,published; reference periods in source notes,https://www.city.sapporo.jp/kensetsu/yuki/documents/snowdepth_r08_0411.xls
2025-11-23,中央区,snowdepth,0.0,published; reference periods in source notes,https://www.city.sapporo.jp/kensetsu/yuki/documents/snowdepth_r08_0411.xls
2025-11-23,北区(太平),snowdepth,5.0,published; reference periods in source notes,https://www.city.sapporo.jp/kensetsu/yuki/documents/snowdepth_r08_0411.xls
2025-11-23,北区(あいの里),snowdepth,5.0,published; reference periods in source notes,https://www.city.sapporo.jp/kensetsu/yuki/documents/snowdepth_r08_0411.xls
2025-11-23,東区,snowdepth,0.0,published; reference periods in source notes,https://www.city.sapporo.jp/kensetsu/yuki/documents/snowdepth_r08_0411.xls
2025-11-23,白石区,snowdepth,0.0,published; reference periods in source notes,https://www.city.sapporo.jp/kensetsu/yuki/documents/snowdepth_r08_0411.xls
2025-11-23,厚別区,snowdepth,0.0,published; reference periods in source notes,https://www.city.sapporo.jp/kensetsu/yuki/documents/snowdepth_r08_0411.xls
2025-11-23,豊平区,snowdepth,0.0,published; reference periods in source notes,https://www.city.sapporo.jp/kensetsu/yuki/documents/snowdepth_r08_0411.xls
2025-11-23,清田区,snowdepth,0.0,published; reference periods in source notes,https://www.city.sapporo.jp/kensetsu/yuki/documents/snowdepth_r08_0411.xls
2025-11-23,南区(南31条西8丁目),snowdepth,0.0,published; reference periods in source notes,https://www.city.sapporo.jp/kensetsu/yuki/documents/snowdepth_r08_0411.xls
2025-11-23,南区(定山渓),snowdepth,0.0,published; reference periods in source notes,https://www.city.sapporo.jp/kensetsu/yuki/documents/snowdepth_r08_0411.xls
2025-11-23,西区(西野),snowdepth,0.0,published; reference periods in source notes,https://www.city.sapporo.jp/kensetsu/yuki/documents/snowdepth_r08_0411.xls
2025-11-23,西区(平和),snowdepth,10.0,published; reference periods in source notes,https://www.city.sapporo.jp/kensetsu/yuki/documents/snowdepth_r08_0411.xls
2025-11-23,手稲区,snowdepth,0.0,published; reference periods in source notes,https://www.city.sapporo.jp/kensetsu/yuki/documents/snowdepth_r08_0411.xls
2025-11-24,中央区,snowdepth,0.0,published; reference periods in source notes,https://www.city.sapporo.jp/kensetsu/yuki/documents/snowdepth_r08_0411.xls
2025-11-24,北区(太平),snowdepth,0.0,published; reference periods in source notes,https://www.city.sapporo.jp/kensetsu/yuki/documents/snowdepth_r08_0411.xls
2025-11-24,北区(あいの里),snowdepth,0.0,published; reference periods in source notes,https://www.city.sapporo.jp/kensetsu/yuki/documents/snowdepth_r08_0411.xls
2025-11-24,東区,snowdepth,0.0,published; reference periods in source notes,https://www.city.sapporo.jp/kensetsu/yuki/documents/snowdepth_r08_0411.xls
2025-11-24,白石区,snowdepth,0.0,published; reference periods in source notes,https://www.city.sapporo.jp/kensetsu/yuki/documents/snowdepth_r08_0411.xls
2025-11-24,厚別区,snowdepth,0.0,published; reference periods in source notes,https://www.city.sapporo.jp/kensetsu/yuki/documents/snowdepth_r08_0411.xls
2025-11-24,豊平区,snowdepth,0.0,published; reference periods in source notes,https://www.city.sapporo.jp/kensetsu/yuki/documents/snowdepth_r08_0411.xls
2025-11-24,清田区,snowdepth,0.0,published; reference periods in source notes,https://www.city.sapporo.jp/kensetsu/yuki/documents/snowdepth_r08_0411.xls
2025-11-24,南区(南31条西8丁目),snowdepth,0.0,published; reference periods in source notes,https://www.city.sapporo.jp/kensetsu/yuki/documents/snowdepth_r08_0411.xls
2025-11-24,南区(定山渓),snowdepth,0.0,published; reference periods in source notes,https://www.city.sapporo.jp/kensetsu/yuki/documents/snowdepth_r08_0411.xls
2025-11-24,西区(西野),snowdepth,0.0,published; reference periods in source notes,https://www.city.sapporo.jp/kensetsu/yuki/documents/snowdepth_r08_0411.xls
2025-11-24,西区(平和),snowdepth,7.0,published; reference periods in source notes,https://www.city.sapporo.jp/kensetsu/yuki/documents/snowdepth_r08_0411.xls
2025-11-24,手稲区,snowdepth,0.0,published; reference periods in source notes,https://www.city.sapporo.jp/kensetsu/yuki/documents/snowdepth_r08_0411.xls
2025-11-25,中央区,snowdepth,0.0,published; reference periods in source notes,https://www.city.sapporo.jp/kensetsu/yuki/documents/snowdepth_r08_0411.xls
2025-11-25,北区(太平),snowdepth,0.0,published; reference periods in source notes,https://www.city.sapporo.jp/kensetsu/yuki/documents/snowdepth_r08_0411.xls
2025-11-25,北区(あいの里),snowdepth,0.0,published; reference periods in source notes,https://www.city.sapporo.jp/kensetsu/yuki/documents/snowdepth_r08_0411.xls
2025-11-25,東区,snowdepth,0.0,published; reference periods in source notes,https://www.city.sapporo.jp/kensetsu/yuki/documents/snowdepth_r08_0411.xls
2025-11-25,白石区,snowdepth,0.0,published; reference periods in source notes,https://www.city.sapporo.jp/kensetsu/yuki/documents/snowdepth_r08_0411.xls
2025-11-25,厚別区,snowdepth,0.0,published; reference periods in source notes,https://www.city.sapporo.jp/kensetsu/yuki/documents/snowdepth_r08_0411.xls
2025-11-25,豊平区,snowdepth,0.0,published; reference periods in source notes,https://www.city.sapporo.jp/kensetsu/yuki/documents/snowdepth_r08_0411.xls
2025-11-25,清田区,snowdepth,0.0,published; reference periods in source notes,https://www.city.sapporo.jp/kensetsu/yuki/documents/snowdepth_r08_0411.xls
2025-11-25,南区(南31条西8丁目),snowdepth,0.0,published; reference periods in source notes,https://www.city.sapporo.jp/kensetsu/yuki/documents/snowdepth_r08_0411.xls
2025-11-25,南区(定山渓),snowdepth,0.0,published; reference periods in source notes,https://www.city.sapporo.jp/kensetsu/yuki/documents/snowdepth_r08_0411.xls
2025-11-25,西区(西野),snowdepth,0.0,published; reference periods in source notes,https://www.city.sapporo.jp/kensetsu/yuki/documents/snowdepth_r08_0411.xls
2025-11-25,西区(平和),snowdepth,7.0,published; reference periods in source notes,https://www.city.sapporo.jp/kensetsu/yuki/documents/snowdepth_r08_0411.xls
2025-11-25,手稲区,snowdepth,0.0,published; reference periods in source notes,https://www.city.sapporo.jp/kensetsu/yuki/documents/snowdepth_r08_0411.xls
2025-11-26,中央区,snowdepth,0.0,published; reference periods in source notes,https://www.city.sapporo.jp/kensetsu/yuki/documents/snowdepth_r08_0411.xls
2025-11-26,北区(太平),snowdepth,0.0,published; reference periods in source notes,https://www.city.sapporo.jp/kensetsu/yuki/documents/snowdepth_r08_0411.xls
2025-11-26,北区(あいの里),snowdepth,0.0,published; reference periods in source notes,https://www.city.sapporo.jp/kensetsu/yuki/documents/snowdepth_r08_0411.xls
2025-11-26,東区,snowdepth,0.0,published; reference periods in source notes,https://www.city.sapporo.jp/kensetsu/yuki/documents/snowdepth_r08_0411.xls
2025-11-26,白石区,snowdepth,0.0,published; reference periods in source notes,https://www.city.sapporo.jp/kensetsu/yuki/documents/snowdepth_r08_0411.xls
2025-11-26,厚別区,snowdepth,0.0,published; reference periods in source notes,https://www.city.sapporo.jp/kensetsu/yuki/documents/snowdepth_r08_0411.xls
2025-11-26,豊平区,snowdepth,0.0,published; reference periods in source notes,https://www.city.sapporo.jp/kensetsu/yuki/documents/snowdepth_r08_0411.xls
2025-11-26,清田区,snowdepth,0.0,published; reference periods in source notes,https://www.city.sapporo.jp/kensetsu/yuki/documents/snowdepth_r08_0411.xls
2025-11-26,南区(南31条西8丁目),snowdepth,0.0,published; reference periods in source notes,https://www.city.sapporo.jp/kensetsu/yuki/documents/snowdepth_r08_0411.xls
2025-11-26,南区(定山渓),snowdepth,0.0,published; reference periods in source notes,https://www.city.sapporo.jp/kensetsu/yuki/documents/snowdepth_r08_0411.xls
2025-11-26,西区(西野),snowdepth,0.0,published; reference periods in source notes,https://www.city.sapporo.jp/kensetsu/yuki/documents/snowdepth_r08_0411.xls
2025-11-26,西区(平和),snowdepth,7.0,published; reference periods in source notes,https://www.city.sapporo.jp/kensetsu/yuki/documents/snowdepth_r08_0411.xls
2025-11-26,手稲区,snowdepth,0.0,published; reference periods in source notes,https://www.city.sapporo.jp/kensetsu/yuki/documents/snowdepth_r08_0411.xls
2025-11-27,中央区,snowdepth,0.0,published; reference periods in source notes,https://www.city.sapporo.jp/kensetsu/yuki/documents/snowdepth_r08_0411.xls
2025-11-27,北区(太平),snowdepth,0.0,published; reference periods in source notes,https://www.city.sapporo.jp/kensetsu/yuki/documents/snowdepth_r08_0411.xls
2025-11-27,北区(あいの里),snowdepth,0.0,published; reference periods in source notes,https://www.city.sapporo.jp/kensetsu/yuki/documents/snowdepth_r08_0411.xls
2025-11-27,東区,snowdepth,0.0,published; reference periods in source notes,https://www.city.sapporo.jp/kensetsu/yuki/documents/snowdepth_r08_0411.xls
2025-11-27,白石区,snowdepth,0.0,published; reference periods in source notes,https://www.city.sapporo.jp/kensetsu/yuki/documents/snowdepth_r08_0411.xls
2025-11-27,厚別区,snowdepth,0.0,published; reference periods in source notes,https://www.city.sapporo.jp/kensetsu/yuki/documents/snowdepth_r08_0411.xls
2025-11-27,豊平区,snowdepth,0.0,published; reference periods in source notes,https://www.city.sapporo.jp/kensetsu/yuki/documents/snowdepth_r08_0411.xls
2025-11-27,清田区,snowdepth,0.0,published; reference periods in source notes,https://www.city.sapporo.jp/kensetsu/yuki/documents/snowdepth_r08_0411.xls
2025-11-27,南区(南31条西8丁目),snowdepth,0.0,published; reference periods in source notes,https://www.city.sapporo.jp/kensetsu/yuki/documents/snowdepth_r08_0411.xls
2025-11-27,南区(定山渓),snowdepth,0.0,published; reference periods in source notes,https://www.city.sapporo.jp/kensetsu/yuki/documents/snowdepth_r08_0411.xls
2025-11-27,西区(西野),snowdepth,0.0,published; reference periods in source notes,https://www.city.sapporo.jp/kensetsu/yuki/documents/snowdepth_r08_0411.xls
2025-11-27,西区(平和),snowdepth,7.0,published; reference periods in source notes,https://www.city.sapporo.jp/kensetsu/yuki/documents/snowdepth_r08_0411.xls
2025-11-27,手稲区,snowdepth,0.0,published; reference periods in source notes,https://www.city.sapporo.jp/kensetsu/yuki/documents/snowdepth_r08_0411.xls
2025-11-28,中央区,snowdepth,0.0,published; reference periods in source notes,https://www.city.sapporo.jp/kensetsu/yuki/documents/snowdepth_r08_0411.xls
2025-11-28,北区(太平),snowdepth,0.0,published; reference periods in source notes,https://www.city.sapporo.jp/kensetsu/yuki/documents/snowdepth_r08_0411.xls
2025-11-28,北区(あいの里),snowdepth,0.0,published; reference periods in source notes,https://www.city.sapporo.jp/kensetsu/yuki/documents/snowdepth_r08_0411.xls
2025-11-28,東区,snowdepth,0.0,published; reference periods in source notes,https://www.city.sapporo.jp/kensetsu/yuki/documents/snowdepth_r08_0411.xls
2025-11-28,白石区,snowdepth,0.0,published; reference periods in source notes,https://www.city.sapporo.jp/kensetsu/yuki/documents/snowdepth_r08_0411.xls
2025-11-28,厚別区,snowdepth,0.0,published; reference periods in source notes,https://www.city.sapporo.jp/kensetsu/yuki/documents/snowdepth_r08_0411.xls
2025-11-28,豊平区,snowdepth,0.0,published; reference periods in source notes,https://www.city.sapporo.jp/kensetsu/yuki/documents/snowdepth_r08_0411.xls
2025-11-28,清田区,snowdepth,0.0,published; reference periods in source notes,https://www.city.sapporo.jp/kensetsu/yuki/documents/snowdepth_r08_0411.xls
2025-11-28,南区(南31条西8丁目),snowdepth,0.0,published; reference periods in source notes,https://www.city.sapporo.jp/kensetsu/yuki/documents/snowdepth_r08_0411.xls
2025-11-28,南区(定山渓),snowdepth,0.0,published; reference periods in source notes,https://www.city.sapporo.jp/kensetsu/yuki/documents/snowdepth_r08_0411.xls
2025-11-28,西区(西野),snowdepth,0.0,published; reference periods in source notes,https://www.city.sapporo.jp/kensetsu/yuki/documents/snowdepth_r08_0411.xls
2025-11-28,西区(平和),snowdepth,4.0,published; reference periods in source notes,https://www.city.sapporo.jp/kensetsu/yuki/documents/snowdepth_r08_0411.xls
2025-11-28,手稲区,snowdepth,0.0,published; reference periods in source notes,https://www.city.sapporo.jp/kensetsu/yuki/documents/snowdepth_r08_0411.xls
2025-11-29,中央区,snowdepth,0.0,published; reference periods in source notes,https://www.city.sapporo.jp/kensetsu/yuki/documents/snowdepth_r08_0411.xls
2025-11-29,北区(太平),snowdepth,0.0,published; reference periods in source notes,https://www.city.sapporo.jp/kensetsu/yuki/documents/snowdepth_r08_0411.xls
2025-11-29,北区(あいの里),snowdepth,0.0,published; reference periods in source notes,https://www.city.sapporo.jp/kensetsu/yuki/documents/snowdepth_r08_0411.xls
2025-11-29,東区,snowdepth,0.0,published; reference periods in source notes,https://www.city.sapporo.jp/kensetsu/yuki/documents/snowdepth_r08_0411.xls
2025-11-29,白石区,snowdepth,0.0,published; reference periods in source notes,https://www.city.sapporo.jp/kensetsu/yuki/documents/snowdepth_r08_0411.xls
2025-11-29,厚別区,snowdepth,0.0,published; reference periods in source notes,https://www.city.sapporo.jp/kensetsu/yuki/documents/snowdepth_r08_0411.xls
2025-11-29,豊平区,snowdepth,0.0,published; reference periods in source notes,https://www.city.sapporo.jp/kensetsu/yuki/documents/snowdepth_r08_0411.xls
2025-11-29,清田区,snowdepth,0.0,published; reference periods in source notes,https://www.city.sapporo.jp/kensetsu/yuki/documents/snowdepth_r08_0411.xls
2025-11-29,南区(南31条西8丁目),snowdepth,0.0,published; reference periods in source notes,https://www.city.sapporo.jp/kensetsu/yuki/documents/snowdepth_r08_0411.xls
2025-11-29,南区(定山渓),snowdepth,2.0,published; reference periods in source notes,https://www.city.sapporo.jp/kensetsu/yuki/documents/snowdepth_r08_0411.xls
2025-11-29,西区(西野),snowdepth,0.0,published; reference periods in source notes,https://www.city.sapporo.jp/kensetsu/yuki/documents/snowdepth_r08_0411.xls
2025-11-29,西区(平和),snowdepth,3.0,published; reference periods in source notes,https://www.city.sapporo.jp/kensetsu/yuki/documents/snowdepth_r08_0411.xls
2025-11-29,手稲区,snowdepth,0.0,published; reference periods in source notes,https://www.city.sapporo.jp/kensetsu/yuki/documents/snowdepth_r08_0411.xls
2025-11-30,中央区,snowdepth,0.0,published; reference periods in source notes,https://www.city.sapporo.jp/kensetsu/yuki/documents/snowdepth_r08_0411.xls
2025-11-30,北区(太平),snowdepth,0.0,published; reference periods in source notes,https://www.city.sapporo.jp/kensetsu/yuki/documents/snowdepth_r08_0411.xls
2025-11-30,北区(あいの里),snowdepth,0.0,published; reference periods in source notes,https://www.city.sapporo.jp/kensetsu/yuki/documents/snowdepth_r08_0411.xls
2025-11-30,東区,snowdepth,0.0,published; reference periods in source notes,https://www.city.sapporo.jp/kensetsu/yuki/documents/snowdepth_r08_0411.xls
2025-11-30,白石区,snowdepth,0.0,published; reference periods in source notes,https://www.city.sapporo.jp/kensetsu/yuki/documents/snowdepth_r08_0411.xls
2025-11-30,厚別区,snowdepth,0.0,published; reference periods in source notes,https://www.city.sapporo.jp/kensetsu/yuki/documents/snowdepth_r08_0411.xls
2025-11-30,豊平区,snowdepth,0.0,published; reference periods in source notes,https://www.city.sapporo.jp/kensetsu/yuki/documents/snowdepth_r08_0411.xls
2025-11-30,清田区,snowdepth,0.0,published; reference periods in source notes,https://www.city.sapporo.jp/kensetsu/yuki/documents/snowdepth_r08_0411.xls
2025-11-30,南区(南31条西8丁目),snowdepth,0.0,published; reference periods in source notes,https://www.city.sapporo.jp/kensetsu/yuki/documents/snowdepth_r08_0411.xls
2025-11-30,南区(定山渓),snowdepth,0.0,published; reference periods in source notes,https://www.city.sapporo.jp/kensetsu/yuki/documents/snowdepth_r08_0411.xls
2025-11-30,西区(西野),snowdepth,0.0,published; reference periods in source notes,https://www.city.sapporo.jp/kensetsu/yuki/documents/snowdepth_r08_0411.xls
2025-11-30,西区(平和),snowdepth,2.0,published; reference periods in source notes,https://www.city.sapporo.jp/kensetsu/yuki/documents/snowdepth_r08_0411.xls
2025-11-30,手稲区,snowdepth,0.0,published; reference periods in source notes,https://www.city.sapporo.jp/kensetsu/yuki/documents/snowdepth_r08_0411.xls
2025-12-01,中央区,snowdepth,0.0,published; reference periods in source notes,https://www.city.sapporo.jp/kensetsu/yuki/documents/snowdepth_r08_0411.xls
2025-12-01,北区(太平),snowdepth,0.0,published; reference periods in source notes,https://www.city.sapporo.jp/kensetsu/yuki/documents/snowdepth_r08_0411.xls
2025-12-01,北区(あいの里),snowdepth,0.0,published; reference periods in source notes,https://www.city.sapporo.jp/kensetsu/yuki/documents/snowdepth_r08_0411.xls
2025-12-01,東区,snowdepth,0.0,published; reference periods in source notes,https://www.city.sapporo.jp/kensetsu/yuki/documents/snowdepth_r08_0411.xls
2025-12-01,白石区,snowdepth,0.0,published; reference periods in source notes,https://www.city.sapporo.jp/kensetsu/yuki/documents/snowdepth_r08_0411.xls
2025-12-01,厚別区,snowdepth,0.0,published; reference periods in source notes,https://www.city.sapporo.jp/kensetsu/yuki/documents/snowdepth_r08_0411.xls
2025-12-01,豊平区,snowdepth,0.0,published; reference periods in source notes,https://www.city.sapporo.jp/kensetsu/yuki/documents/snowdepth_r08_0411.xls
2025-12-01,清田区,snowdepth,0.0,published; reference periods in source notes,https://www.city.sapporo.jp/kensetsu/yuki/documents/snowdepth_r08_0411.xls
2025-12-01,南区(南31条西8丁目),snowdepth,0.0,published; reference periods in source notes,https://www.city.sapporo.jp/kensetsu/yuki/documents/snowdepth_r08_0411.xls
2025-12-01,南区(定山渓),snowdepth,0.0,published; reference periods in source notes,https://www.city.sapporo.jp/kensetsu/yuki/documents/snowdepth_r08_0411.xls
2025-12-01,西区(西野),snowdepth,0.0,published; reference periods in source notes,https://www.city.sapporo.jp/kensetsu/yuki/documents/snowdepth_r08_0411.xls
2025-12-01,西区(平和),snowdepth,0.0,published; reference periods in source notes,https://www.city.sapporo.jp/kensetsu/yuki/documents/snowdepth_r08_0411.xls
2025-12-01,手稲区,snowdepth,0.0,published; reference periods in source notes,https://www.city.sapporo.jp/kensetsu/yuki/documents/snowdepth_r08_0411.xls
2025-12-02,中央区,snowdepth,0.0,published; reference periods in source notes,https://www.city.sapporo.jp/kensetsu/yuki/documents/snowdepth_r08_0411.xls
2025-12-02,北区(太平),snowdepth,0.0,published; reference periods in source notes,https://www.city.sapporo.jp/kensetsu/yuki/documents/snowdepth_r08_0411.xls
2025-12-02,北区(あいの里),snowdepth,0.0,published; reference periods in source notes,https://www.city.sapporo.jp/kensetsu/yuki/documents/snowdepth_r08_0411.xls
2025-12-02,東区,snowdepth,0.0,published; reference periods in source notes,https://www.city.sapporo.jp/kensetsu/yuki/documents/snowdepth_r08_0411.xls
2025-12-02,白石区,snowdepth,0.0,published; reference periods in source notes,https://www.city.sapporo.jp/kensetsu/yuki/documents/snowdepth_r08_0411.xls
2025-12-02,厚別区,snowdepth,0.0,published; reference periods in source notes,https://www.city.sapporo.jp/kensetsu/yuki/documents/snowdepth_r08_0411.xls
2025-12-02,豊平区,snowdepth,0.0,published; reference periods in source notes,https://www.city.sapporo.jp/kensetsu/yuki/documents/snowdepth_r08_0411.xls
2025-12-02,清田区,snowdepth,0.0,published; reference periods in source notes,https://www.city.sapporo.jp/kensetsu/yuki/documents/snowdepth_r08_0411.xls
2025-12-02,南区(南31条西8丁目),snowdepth,0.0,published; reference periods in source notes,https://www.city.sapporo.jp/kensetsu/yuki/documents/snowdepth_r08_0411.xls
2025-12-02,南区(定山渓),snowdepth,0.0,published; reference periods in source notes,https://www.city.sapporo.jp/kensetsu/yuki/documents/snowdepth_r08_0411.xls
2025-12-02,西区(西野),snowdepth,0.0,published; reference periods in source notes,https://www.city.sapporo.jp/kensetsu/yuki/documents/snowdepth_r08_0411.xls
2025-12-02,西区(平和),snowdepth,0.0,published; reference periods in source notes,https://www.city.sapporo.jp/kensetsu/yuki/documents/snowdepth_r08_0411.xls
2025-12-02,手稲区,snowdepth,0.0,published; reference periods in source notes,https://www.city.sapporo.jp/kensetsu/yuki/documents/snowdepth_r08_0411.xls
2025-12-03,中央区,snowdepth,0.0,published; reference periods in source notes,https://www.city.sapporo.jp/kensetsu/yuki/documents/snowdepth_r08_0411.xls
2025-12-03,北区(太平),snowdepth,0.0,published; reference periods in source notes,https://www.city.sapporo.jp/kensetsu/yuki/documents/snowdepth_r08_0411.xls
2025-12-03,北区(あいの里),snowdepth,0.0,published; reference periods in source notes,https://www.city.sapporo.jp/kensetsu/yuki/documents/snowdepth_r08_0411.xls
2025-12-03,東区,snowdepth,0.0,published; reference periods in source notes,https://www.city.sapporo.jp/kensetsu/yuki/documents/snowdepth_r08_0411.xls
2025-12-03,白石区,snowdepth,0.0,published; reference periods in source notes,https://www.city.sapporo.jp/kensetsu/yuki/documents/snowdepth_r08_0411.xls
2025-12-03,厚別区,snowdepth,0.0,published; reference periods in source notes,https://www.city.sapporo.jp/kensetsu/yuki/documents/snowdepth_r08_0411.xls
2025-12-03,豊平区,snowdepth,0.0,published; reference periods in source notes,https://www.city.sapporo.jp/kensetsu/yuki/documents/snowdepth_r08_0411.xls
2025-12-03,清田区,snowdepth,0.0,published; reference periods in source notes,https://www.city.sapporo.jp/kensetsu/yuki/documents/snowdepth_r08_0411.xls
2025-12-03,南区(南31条西8丁目),snowdepth,0.0,published; reference periods in source notes,https://www.city.sapporo.jp/kensetsu/yuki/documents/snowdepth_r08_0411.xls
2025-12-03,南区(定山渓),snowdepth,0.0,published; reference periods in source notes,https://www.city.sapporo.jp/kensetsu/yuki/documents/snowdepth_r08_0411.xls
2025-12-03,西区(西野),snowdepth,0.0,published; reference periods in source notes,https://www.city.sapporo.jp/kensetsu/yuki/documents/snowdepth_r08_0411.xls
2025-12-03,西区(平和),snowdepth,0.0,published; reference periods in source notes,https://www.city.sapporo.jp/kensetsu/yuki/documents/snowdepth_r08_0411.xls
2025-12-03,手稲区,snowdepth,0.0,published; reference periods in source notes,https://www.city.sapporo.jp/kensetsu/yuki/documents/snowdepth_r08_0411.xls
2025-12-04,中央区,snowdepth,5.0,published; reference periods in source notes,https://www.city.sapporo.jp/kensetsu/yuki/documents/snowdepth_r08_0411.xls
2025-12-04,北区(太平),snowdepth,12.0,published; reference periods in source notes,https://www.city.sapporo.jp/kensetsu/yuki/documents/snowdepth_r08_0411.xls
2025-12-04,北区(あいの里),snowdepth,14.0,published; reference periods in source notes,https://www.city.sapporo.jp/kensetsu/yuki/documents/snowdepth_r08_0411.xls
2025-12-04,東区,snowdepth,10.0,published; reference periods in source notes,https://www.city.sapporo.jp/kensetsu/yuki/documents/snowdepth_r08_0411.xls
2025-12-04,白石区,snowdepth,7.0,published; reference periods in source notes,https://www.city.sapporo.jp/kensetsu/yuki/documents/snowdepth_r08_0411.xls
2025-12-04,厚別区,snowdepth,9.0,published; reference periods in source notes,https://www.city.sapporo.jp/kensetsu/yuki/documents/snowdepth_r08_0411.xls
2025-12-04,豊平区,snowdepth,4.0,published; reference periods in source notes,https://www.city.sapporo.jp/kensetsu/yuki/documents/snowdepth_r08_0411.xls
2025-12-04,清田区,snowdepth,7.0,published; reference periods in source notes,https://www.city.sapporo.jp/kensetsu/yuki/documents/snowdepth_r08_0411.xls
2025-12-04,南区(南31条西8丁目),snowdepth,2.0,published; reference periods in source notes,https://www.city.sapporo.jp/kensetsu/yuki/documents/snowdepth_r08_0411.xls
2025-12-04,南区(定山渓),snowdepth,3.0,published; reference periods in source notes,https://www.city.sapporo.jp/kensetsu/yuki/documents/snowdepth_r08_0411.xls
2025-12-04,西区(西野),snowdepth,3.0,published; reference periods in source notes,https://www.city.sapporo.jp/kensetsu/yuki/documents/snowdepth_r08_0411.xls
2025-12-04,西区(平和),snowdepth,2.0,published; reference periods in source notes,https://www.city.sapporo.jp/kensetsu/yuki/documents/snowdepth_r08_0411.xls
2025-12-04,手稲区,snowdepth,4.0,published; reference periods in source notes,https://www.city.sapporo.jp/kensetsu/yuki/documents/snowdepth_r08_0411.xls
2025-12-05,中央区,snowdepth,2.0,published; reference periods in source notes,https://www.city.sapporo.jp/kensetsu/yuki/documents/snowdepth_r08_0411.xls
2025-12-05,北区(太平),snowdepth,7.0,published; reference periods in source notes,https://www.city.sapporo.jp/kensetsu/yuki/documents/snowdepth_r08_0411.xls
2025-12-05,北区(あいの里),snowdepth,7.0,published; reference periods in source notes,https://www.city.sapporo.jp/kensetsu/yuki/documents/snowdepth_r08_0411.xls
2025-12-05,東区,snowdepth,5.0,published; reference periods in source notes,https://www.city.sapporo.jp/kensetsu/yuki/documents/snowdepth_r08_0411.xls
2025-12-05,白石区,snowdepth,4.0,published; reference periods in source notes,https://www.city.sapporo.jp/kensetsu/yuki/documents/snowdepth_r08_0411.xls
2025-12-05,厚別区,snowdepth,5.0,published; reference periods in source notes,https://www.city.sapporo.jp/kensetsu/yuki/documents/snowdepth_r08_0411.xls
2025-12-05,豊平区,snowdepth,3.0,published; reference periods in source notes,https://www.city.sapporo.jp/kensetsu/yuki/documents/snowdepth_r08_0411.xls
2025-12-05,清田区,snowdepth,4.0,published; reference periods in source notes,https://www.city.sapporo.jp/kensetsu/yuki/documents/snowdepth_r08_0411.xls
2025-12-05,南区(南31条西8丁目),snowdepth,1.0,published; reference periods in source notes,https://www.city.sapporo.jp/kensetsu/yuki/documents/snowdepth_r08_0411.xls
2025-12-05,南区(定山渓),snowdepth,17.0,published; reference periods in source notes,https://www.city.sapporo.jp/kensetsu/yuki/documents/snowdepth_r08_0411.xls
2025-12-05,西区(西野),snowdepth,4.0,published; reference periods in source notes,https://www.city.sapporo.jp/kensetsu/yuki/documents/snowdepth_r08_0411.xls
2025-12-05,西区(平和),snowdepth,7.0,published; reference periods in source notes,https://www.city.sapporo.jp/kensetsu/yuki/documents/snowdepth_r08_0411.xls
2025-12-05,手稲区,snowdepth,3.0,published; reference periods in source notes,https://www.city.sapporo.jp/kensetsu/yuki/documents/snowdepth_r08_0411.xls
2025-12-06,中央区,snowdepth,3.0,published; reference periods in source notes,https://www.city.sapporo.jp/kensetsu/yuki/documents/snowdepth_r08_0411.xls
2025-12-06,北区(太平),snowdepth,5.0,published; reference periods in source notes,https://www.city.sapporo.jp/kensetsu/yuki/documents/snowdepth_r08_0411.xls
2025-12-06,北区(あいの里),snowdepth,5.0,published; reference periods in source notes,https://www.city.sapporo.jp/kensetsu/yuki/documents/snowdepth_r08_0411.xls
2025-12-06,東区,snowdepth,4.0,published; reference periods in source notes,https://www.city.sapporo.jp/kensetsu/yuki/documents/snowdepth_r08_0411.xls
2025-12-06,白石区,snowdepth,4.0,published; reference periods in source notes,https://www.city.sapporo.jp/kensetsu/yuki/documents/snowdepth_r08_0411.xls
2025-12-06,厚別区,snowdepth,4.0,published; reference periods in source notes,https://www.city.sapporo.jp/kensetsu/yuki/documents/snowdepth_r08_0411.xls
2025-12-06,豊平区,snowdepth,4.0,published; reference periods in source notes,https://www.city.sapporo.jp/kensetsu/yuki/documents/snowdepth_r08_0411.xls
2025-12-06,清田区,snowdepth,5.0,published; reference periods in source notes,https://www.city.sapporo.jp/kensetsu/yuki/documents/snowdepth_r08_0411.xls
2025-12-06,南区(南31条西8丁目),snowdepth,1.0,published; reference periods in source notes,https://www.city.sapporo.jp/kensetsu/yuki/documents/snowdepth_r08_0411.xls
2025-12-06,南区(定山渓),snowdepth,14.0,published; reference periods in source notes,https://www.city.sapporo.jp/kensetsu/yuki/documents/snowdepth_r08_0411.xls
2025-12-06,西区(西野),snowdepth,3.0,published; reference periods in source notes,https://www.city.sapporo.jp/kensetsu/yuki/documents/snowdepth_r08_0411.xls
2025-12-06,西区(平和),snowdepth,6.0,published; reference periods in source notes,https://www.city.sapporo.jp/kensetsu/yuki/documents/snowdepth_r08_0411.xls
2025-12-06,手稲区,snowdepth,3.0,published; reference periods in source notes,https://www.city.sapporo.jp/kensetsu/yuki/documents/snowdepth_r08_0411.xls
2025-12-07,中央区,snowdepth,0.0,published; reference periods in source notes,https://www.city.sapporo.jp/kensetsu/yuki/documents/snowdepth_r08_0411.xls
2025-12-07,北区(太平),snowdepth,2.0,published; reference periods in source notes,https://www.city.sapporo.jp/kensetsu/yuki/documents/snowdepth_r08_0411.xls
2025-12-07,北区(あいの里),snowdepth,0.0,published; reference periods in source notes,https://www.city.sapporo.jp/kensetsu/yuki/documents/snowdepth_r08_0411.xls
2025-12-07,東区,snowdepth,1.0,published; reference periods in source notes,https://www.city.sapporo.jp/kensetsu/yuki/documents/snowdepth_r08_0411.xls
2025-12-07,白石区,snowdepth,0.0,published; reference periods in source notes,https://www.city.sapporo.jp/kensetsu/yuki/documents/snowdepth_r08_0411.xls
2025-12-07,厚別区,snowdepth,1.0,published; reference periods in source notes,https://www.city.sapporo.jp/kensetsu/yuki/documents/snowdepth_r08_0411.xls
2025-12-07,豊平区,snowdepth,1.0,published; reference periods in source notes,https://www.city.sapporo.jp/kensetsu/yuki/documents/snowdepth_r08_0411.xls
2025-12-07,清田区,snowdepth,0.0,published; reference periods in source notes,https://www.city.sapporo.jp/kensetsu/yuki/documents/snowdepth_r08_0411.xls
2025-12-07,南区(南31条西8丁目),snowdepth,0.0,published; reference periods in source notes,https://www.city.sapporo.jp/kensetsu/yuki/documents/snowdepth_r08_0411.xls
2025-12-07,南区(定山渓),snowdepth,6.0,published; reference periods in source notes,https://www.city.sapporo.jp/kensetsu/yuki/documents/snowdepth_r08_0411.xls
2025-12-07,西区(西野),snowdepth,1.0,published; reference periods in source notes,https://www.city.sapporo.jp/kensetsu/yuki/documents/snowdepth_r08_0411.xls
2025-12-07,西区(平和),snowdepth,4.0,published; reference periods in source notes,https://www.city.sapporo.jp/kensetsu/yuki/documents/snowdepth_r08_0411.xls
2025-12-07,手稲区,snowdepth,0.0,published; reference periods in source notes,https://www.city.sapporo.jp/kensetsu/yuki/documents/snowdepth_r08_0411.xls
2025-12-08,中央区,snowdepth,0.0,published; reference periods in source notes,https://www.city.sapporo.jp/kensetsu/yuki/documents/snowdepth_r08_0411.xls
2025-12-08,北区(太平),snowdepth,0.0,published; reference periods in source notes,https://www.city.sapporo.jp/kensetsu/yuki/documents/snowdepth_r08_0411.xls
2025-12-08,北区(あいの里),snowdepth,0.0,published; reference periods in source notes,https://www.city.sapporo.jp/kensetsu/yuki/documents/snowdepth_r08_0411.xls
2025-12-08,東区,snowdepth,0.0,published; reference periods in source notes,https://www.city.sapporo.jp/kensetsu/yuki/documents/snowdepth_r08_0411.xls
2025-12-08,白石区,snowdepth,0.0,published; reference periods in source notes,https://www.city.sapporo.jp/kensetsu/yuki/documents/snowdepth_r08_0411.xls
2025-12-08,厚別区,snowdepth,0.0,published; reference periods in source notes,https://www.city.sapporo.jp/kensetsu/yuki/documents/snowdepth_r08_0411.xls
2025-12-08,豊平区,snowdepth,0.0,published; reference periods in source notes,https://www.city.sapporo.jp/kensetsu/yuki/documents/snowdepth_r08_0411.xls
2025-12-08,清田区,snowdepth,0.0,published; reference periods in source notes,https://www.city.sapporo.jp/kensetsu/yuki/documents/snowdepth_r08_0411.xls
2025-12-08,南区(南31条西8丁目),snowdepth,0.0,published; reference periods in source notes,https://www.city.sapporo.jp/kensetsu/yuki/documents/snowdepth_r08_0411.xls
2025-12-08,南区(定山渓),snowdepth,3.0,published; reference periods in source notes,https://www.city.sapporo.jp/kensetsu/yuki/documents/snowdepth_r08_0411.xls
2025-12-08,西区(西野),snowdepth,0.0,published; reference periods in source notes,https://www.city.sapporo.jp/kensetsu/yuki/documents/snowdepth_r08_0411.xls
2025-12-08,西区(平和),snowdepth,3.0,published; reference periods in source notes,https://www.city.sapporo.jp/kensetsu/yuki/documents/snowdepth_r08_0411.xls
2025-12-08,手稲区,snowdepth,0.0,published; reference periods in source notes,https://www.city.sapporo.jp/kensetsu/yuki/documents/snowdepth_r08_0411.xls
2025-12-09,中央区,snowdepth,9.0,published; reference periods in source notes,https://www.city.sapporo.jp/kensetsu/yuki/documents/snowdepth_r08_0411.xls
2025-12-09,北区(太平),snowdepth,13.0,published; reference periods in source notes,https://www.city.sapporo.jp/kensetsu/yuki/documents/snowdepth_r08_0411.xls
2025-12-09,北区(あいの里),snowdepth,12.0,published; reference periods in source notes,https://www.city.sapporo.jp/kensetsu/yuki/documents/snowdepth_r08_0411.xls
2025-12-09,東区,snowdepth,9.0,published; reference periods in source notes,https://www.city.sapporo.jp/kensetsu/yuki/documents/snowdepth_r08_0411.xls
2025-12-09,白石区,snowdepth,9.0,published; reference periods in source notes,https://www.city.sapporo.jp/kensetsu/yuki/documents/snowdepth_r08_0411.xls
2025-12-09,厚別区,snowdepth,14.0,published; reference periods in source notes,https://www.city.sapporo.jp/kensetsu/yuki/documents/snowdepth_r08_0411.xls
2025-12-09,豊平区,snowdepth,14.0,published; reference periods in source notes,https://www.city.sapporo.jp/kensetsu/yuki/documents/snowdepth_r08_0411.xls
2025-12-09,清田区,snowdepth,14.0,published; reference periods in source notes,https://www.city.sapporo.jp/kensetsu/yuki/documents/snowdepth_r08_0411.xls
2025-12-09,南区(南31条西8丁目),snowdepth,9.0,published; reference periods in source notes,https://www.city.sapporo.jp/kensetsu/yuki/documents/snowdepth_r08_0411.xls
2025-12-09,南区(定山渓),snowdepth,21.0,published; reference periods in source notes,https://www.city.sapporo.jp/kensetsu/yuki/documents/snowdepth_r08_0411.xls
2025-12-09,西区(西野),snowdepth,15.0,published; reference periods in source notes,https://www.city.sapporo.jp/kensetsu/yuki/documents/snowdepth_r08_0411.xls
2025-12-09,西区(平和),snowdepth,28.0,published; reference periods in source notes,https://www.city.sapporo.jp/kensetsu/yuki/documents/snowdepth_r08_0411.xls
2025-12-09,手稲区,snowdepth,11.0,published; reference periods in source notes,https://www.city.sapporo.jp/kensetsu/yuki/documents/snowdepth_r08_0411.xls
2025-12-10,中央区,snowdepth,8.0,published; reference periods in source notes,https://www.city.sapporo.jp/kensetsu/yuki/documents/snowdepth_r08_0411.xls
2025-12-10,北区(太平),snowdepth,9.0,published; reference periods in source notes,https://www.city.sapporo.jp/kensetsu/yuki/documents/snowdepth_r08_0411.xls
2025-12-10,北区(あいの里),snowdepth,11.0,published; reference periods in source notes,https://www.city.sapporo.jp/kensetsu/yuki/documents/snowdepth_r08_0411.xls
2025-12-10,東区,snowdepth,6.0,published; reference periods in source notes,https://www.city.sapporo.jp/kensetsu/yuki/documents/snowdepth_r08_0411.xls
2025-12-10,白石区,snowdepth,7.0,published; reference periods in source notes,https://www.city.sapporo.jp/kensetsu/yuki/documents/snowdepth_r08_0411.xls
2025-12-10,厚別区,snowdepth,12.0,published; reference periods in source notes,https://www.city.sapporo.jp/kensetsu/yuki/documents/snowdepth_r08_0411.xls
2025-12-10,豊平区,snowdepth,12.0,published; reference periods in source notes,https://www.city.sapporo.jp/kensetsu/yuki/documents/snowdepth_r08_0411.xls
2025-12-10,清田区,snowdepth,13.0,published; reference periods in source notes,https://www.city.sapporo.jp/kensetsu/yuki/documents/snowdepth_r08_0411.xls
2025-12-10,南区(南31条西8丁目),snowdepth,9.0,published; reference periods in source notes,https://www.city.sapporo.jp/kensetsu/yuki/documents/snowdepth_r08_0411.xls
2025-12-10,南区(定山渓),snowdepth,23.0,published; reference periods in source notes,https://www.city.sapporo.jp/kensetsu/yuki/documents/snowdepth_r08_0411.xls
2025-12-10,西区(西野),snowdepth,13.0,published; reference periods in source notes,https://www.city.sapporo.jp/kensetsu/yuki/documents/snowdepth_r08_0411.xls
2025-12-10,西区(平和),snowdepth,25.0,published; reference periods in source notes,https://www.city.sapporo.jp/kensetsu/yuki/documents/snowdepth_r08_0411.xls
2025-12-10,手稲区,snowdepth,9.0,published; reference periods in source notes,https://www.city.sapporo.jp/kensetsu/yuki/documents/snowdepth_r08_0411.xls
2025-12-11,中央区,snowdepth,15.0,published; reference periods in source notes,https://www.city.sapporo.jp/kensetsu/yuki/documents/snowdepth_r08_0411.xls
2025-12-11,北区(太平),snowdepth,13.0,published; reference periods in source notes,https://www.city.sapporo.jp/kensetsu/yuki/documents/snowdepth_r08_0411.xls
2025-12-11,北区(あいの里),snowdepth,15.0,published; reference periods in source notes,https://www.city.sapporo.jp/kensetsu/yuki/documents/snowdepth_r08_0411.xls
2025-12-11,東区,snowdepth,11.0,published; reference periods in source notes,https://www.city.sapporo.jp/kensetsu/yuki/documents/snowdepth_r08_0411.xls
2025-12-11,白石区,snowdepth,9.0,published; reference periods in source notes,https://www.city.sapporo.jp/kensetsu/yuki/documents/snowdepth_r08_0411.xls
2025-12-11,厚別区,snowdepth,12.0,published; reference periods in source notes,https://www.city.sapporo.jp/kensetsu/yuki/documents/snowdepth_r08_0411.xls
2025-12-11,豊平区,snowdepth,14.0,published; reference periods in source notes,https://www.city.sapporo.jp/kensetsu/yuki/documents/snowdepth_r08_0411.xls
2025-12-11,清田区,snowdepth,14.0,published; reference periods in source notes,https://www.city.sapporo.jp/kensetsu/yuki/documents/snowdepth_r08_0411.xls
2025-12-11,南区(南31条西8丁目),snowdepth,15.0,published; reference periods in source notes,https://www.city.sapporo.jp/kensetsu/yuki/documents/snowdepth_r08_0411.xls
2025-12-11,南区(定山渓),snowdepth,31.0,published; reference periods in source notes,https://www.city.sapporo.jp/kensetsu/yuki/documents/snowdepth_r08_0411.xls
2025-12-11,西区(西野),snowdepth,22.0,published; reference periods in source notes,https://www.city.sapporo.jp/kensetsu/yuki/documents/snowdepth_r08_0411.xls
2025-12-11,西区(平和),snowdepth,38.0,published; reference periods in source notes,https://www.city.sapporo.jp/kensetsu/yuki/documents/snowdepth_r08_0411.xls
2025-12-11,手稲区,snowdepth,18.0,published; reference periods in source notes,https://www.city.sapporo.jp/kensetsu/yuki/documents/snowdepth_r08_0411.xls
2025-12-12,中央区,snowdepth,33.0,published; reference periods in source notes,https://www.city.sapporo.jp/kensetsu/yuki/documents/snowdepth_r08_0411.xls
2025-12-12,北区(太平),snowdepth,26.0,published; reference periods in source notes,https://www.city.sapporo.jp/kensetsu/yuki/documents/snowdepth_r08_0411.xls
2025-12-12,北区(あいの里),snowdepth,23.0,published; reference periods in source notes,https://www.city.sapporo.jp/kensetsu/yuki/documents/snowdepth_r08_0411.xls
2025-12-12,東区,snowdepth,26.0,published; reference periods in source notes,https://www.city.sapporo.jp/kensetsu/yuki/documents/snowdepth_r08_0411.xls
2025-12-12,白石区,snowdepth,23.0,published; reference periods in source notes,https://www.city.sapporo.jp/kensetsu/yuki/documents/snowdepth_r08_0411.xls
2025-12-12,厚別区,snowdepth,23.0,published; reference periods in source notes,https://www.city.sapporo.jp/kensetsu/yuki/documents/snowdepth_r08_0411.xls
2025-12-12,豊平区,snowdepth,25.0,published; reference periods in source notes,https://www.city.sapporo.jp/kensetsu/yuki/documents/snowdepth_r08_0411.xls
2025-12-12,清田区,snowdepth,25.0,published; reference periods in source notes,https://www.city.sapporo.jp/kensetsu/yuki/documents/snowdepth_r08_0411.xls
2025-12-12,南区(南31条西8丁目),snowdepth,27.0,published; reference periods in source notes,https://www.city.sapporo.jp/kensetsu/yuki/documents/snowdepth_r08_0411.xls
2025-12-12,南区(定山渓),snowdepth,32.0,published; reference periods in source notes,https://www.city.sapporo.jp/kensetsu/yuki/documents/snowdepth_r08_0411.xls
2025-12-12,西区(西野),snowdepth,40.0,published; reference periods in source notes,https://www.city.sapporo.jp/kensetsu/yuki/documents/snowdepth_r08_0411.xls
2025-12-12,西区(平和),snowdepth,48.0,published; reference periods in source notes,https://www.city.sapporo.jp/kensetsu/yuki/documents/snowdepth_r08_0411.xls
2025-12-12,手稲区,snowdepth,35.0,published; reference periods in source notes,https://www.city.sapporo.jp/kensetsu/yuki/documents/snowdepth_r08_0411.xls
2025-12-13,中央区,snowdepth,38.0,published; reference periods in source notes,https://www.city.sapporo.jp/kensetsu/yuki/documents/snowdepth_r08_0411.xls
2025-12-13,北区(太平),snowdepth,29.0,published; reference periods in source notes,https://www.city.sapporo.jp/kensetsu/yuki/documents/snowdepth_r08_0411.xls
2025-12-13,北区(あいの里),snowdepth,21.0,published; reference periods in source notes,https://www.city.sapporo.jp/kensetsu/yuki/documents/snowdepth_r08_0411.xls
2025-12-13,東区,snowdepth,29.0,published; reference periods in source notes,https://www.city.sapporo.jp/kensetsu/yuki/documents/snowdepth_r08_0411.xls
2025-12-13,白石区,snowdepth,27.0,published; reference periods in source notes,https://www.city.sapporo.jp/kensetsu/yuki/documents/snowdepth_r08_0411.xls
2025-12-13,厚別区,snowdepth,26.0,published; reference periods in source notes,https://www.city.sapporo.jp/kensetsu/yuki/documents/snowdepth_r08_0411.xls
2025-12-13,豊平区,snowdepth,34.0,published; reference periods in source notes,https://www.city.sapporo.jp/kensetsu/yuki/documents/snowdepth_r08_0411.xls
2025-12-13,清田区,snowdepth,32.0,published; reference periods in source notes,https://www.city.sapporo.jp/kensetsu/yuki/documents/snowdepth_r08_0411.xls
2025-12-13,南区(南31条西8丁目),snowdepth,39.0,published; reference periods in source notes,https://www.city.sapporo.jp/kensetsu/yuki/documents/snowdepth_r08_0411.xls
2025-12-13,南区(定山渓),snowdepth,29.0,published; reference periods in source notes,https://www.city.sapporo.jp/kensetsu/yuki/documents/snowdepth_r08_0411.xls
2025-12-13,西区(西野),snowdepth,47.0,published; reference periods in source notes,https://www.city.sapporo.jp/kensetsu/yuki/documents/snowdepth_r08_0411.xls
2025-12-13,西区(平和),snowdepth,52.0,published; reference periods in source notes,https://www.city.sapporo.jp/kensetsu/yuki/documents/snowdepth_r08_0411.xls
2025-12-13,手稲区,snowdepth,37.0,published; reference periods in source notes,https://www.city.sapporo.jp/kensetsu/yuki/documents/snowdepth_r08_0411.xls
2025-12-14,中央区,snowdepth,31.0,published; reference periods in source notes,https://www.city.sapporo.jp/kensetsu/yuki/documents/snowdepth_r08_0411.xls
2025-12-14,北区(太平),snowdepth,24.0,published; reference periods in source notes,https://www.city.sapporo.jp/kensetsu/yuki/documents/snowdepth_r08_0411.xls
2025-12-14,北区(あいの里),snowdepth,17.0,published; reference periods in source notes,https://www.city.sapporo.jp/kensetsu/yuki/documents/snowdepth_r08_0411.xls
2025-12-14,東区,snowdepth,23.0,published; reference periods in source notes,https://www.city.sapporo.jp/kensetsu/yuki/documents/snowdepth_r08_0411.xls
2025-12-14,白石区,snowdepth,21.0,published; reference periods in source notes,https://www.city.sapporo.jp/kensetsu/yuki/documents/snowdepth_r08_0411.xls
2025-12-14,厚別区,snowdepth,23.0,published; reference periods in source notes,https://www.city.sapporo.jp/kensetsu/yuki/documents/snowdepth_r08_0411.xls
2025-12-14,豊平区,snowdepth,26.0,published; reference periods in source notes,https://www.city.sapporo.jp/kensetsu/yuki/documents/snowdepth_r08_0411.xls
2025-12-14,清田区,snowdepth,26.0,published; reference periods in source notes,https://www.city.sapporo.jp/kensetsu/yuki/documents/snowdepth_r08_0411.xls
2025-12-14,南区(南31条西8丁目),snowdepth,31.0,published; reference periods in source notes,https://www.city.sapporo.jp/kensetsu/yuki/documents/snowdepth_r08_0411.xls
2025-12-14,南区(定山渓),snowdepth,24.0,published; reference periods in source notes,https://www.city.sapporo.jp/kensetsu/yuki/documents/snowdepth_r08_0411.xls
2025-12-14,西区(西野),snowdepth,38.0,published; reference periods in source notes,https://www.city.sapporo.jp/kensetsu/yuki/documents/snowdepth_r08_0411.xls
2025-12-14,西区(平和),snowdepth,44.0,published; reference periods in source notes,https://www.city.sapporo.jp/kensetsu/yuki/documents/snowdepth_r08_0411.xls
2025-12-14,手稲区,snowdepth,30.0,published; reference periods in source notes,https://www.city.sapporo.jp/kensetsu/yuki/documents/snowdepth_r08_0411.xls
2025-12-15,中央区,snowdepth,38.0,published; reference periods in source notes,https://www.city.sapporo.jp/kensetsu/yuki/documents/snowdepth_r08_0411.xls
2025-12-15,北区(太平),snowdepth,29.0,published; reference periods in source notes,https://www.city.sapporo.jp/kensetsu/yuki/documents/snowdepth_r08_0411.xls
2025-12-15,北区(あいの里),snowdepth,26.0,published; reference periods in source notes,https://www.city.sapporo.jp/kensetsu/yuki/documents/snowdepth_r08_0411.xls
2025-12-15,東区,snowdepth,37.0,published; reference periods in source notes,https://www.city.sapporo.jp/kensetsu/yuki/documents/snowdepth_r08_0411.xls
2025-12-15,白石区,snowdepth,38.0,published; reference periods in source notes,https://www.city.sapporo.jp/kensetsu/yuki/documents/snowdepth_r08_0411.xls
2025-12-15,厚別区,snowdepth,38.0,published; reference periods in source notes,https://www.city.sapporo.jp/kensetsu/yuki/documents/snowdepth_r08_0411.xls
2025-12-15,豊平区,snowdepth,49.0,published; reference periods in source notes,https://www.city.sapporo.jp/kensetsu/yuki/documents/snowdepth_r08_0411.xls
2025-12-15,清田区,snowdepth,52.0,published; reference periods in source notes,https://www.city.sapporo.jp/kensetsu/yuki/documents/snowdepth_r08_0411.xls
2025-12-15,南区(南31条西8丁目),snowdepth,47.0,published; reference periods in source notes,https://www.city.sapporo.jp/kensetsu/yuki/documents/snowdepth_r08_0411.xls
2025-12-15,南区(定山渓),snowdepth,54.0,published; reference periods in source notes,https://www.city.sapporo.jp/kensetsu/yuki/documents/snowdepth_r08_0411.xls
2025-12-15,西区(西野),snowdepth,46.0,published; reference periods in source notes,https://www.city.sapporo.jp/kensetsu/yuki/documents/snowdepth_r08_0411.xls
2025-12-15,西区(平和),snowdepth,66.0,published; reference periods in source notes,https://www.city.sapporo.jp/kensetsu/yuki/documents/snowdepth_r08_0411.xls
2025-12-15,手稲区,snowdepth,34.0,published; reference periods in source notes,https://www.city.sapporo.jp/kensetsu/yuki/documents/snowdepth_r08_0411.xls
2025-12-16,中央区,snowdepth,27.0,published; reference periods in source notes,https://www.city.sapporo.jp/kensetsu/yuki/documents/snowdepth_r08_0411.xls
2025-12-16,北区(太平),snowdepth,18.0,published; reference periods in source notes,https://www.city.sapporo.jp/kensetsu/yuki/documents/snowdepth_r08_0411.xls
2025-12-16,北区(あいの里),snowdepth,15.0,published; reference periods in source notes,https://www.city.sapporo.jp/kensetsu/yuki/documents/snowdepth_r08_0411.xls
2025-12-16,東区,snowdepth,28.0,published; reference periods in source notes,https://www.city.sapporo.jp/kensetsu/yuki/documents/snowdepth_r08_0411.xls
2025-12-16,白石区,snowdepth,26.0,published; reference periods in source notes,https://www.city.sapporo.jp/kensetsu/yuki/documents/snowdepth_r08_0411.xls
2025-12-16,厚別区,snowdepth,28.0,published; reference periods in source notes,https://www.city.sapporo.jp/kensetsu/yuki/documents/snowdepth_r08_0411.xls
2025-12-16,豊平区,snowdepth,39.0,published; reference periods in source notes,https://www.city.sapporo.jp/kensetsu/yuki/documents/snowdepth_r08_0411.xls
2025-12-16,清田区,snowdepth,40.0,published; reference periods in source notes,https://www.city.sapporo.jp/kensetsu/yuki/documents/snowdepth_r08_0411.xls
2025-12-16,南区(南31条西8丁目),snowdepth,33.0,published; reference periods in source notes,https://www.city.sapporo.jp/kensetsu/yuki/documents/snowdepth_r08_0411.xls
2025-12-16,南区(定山渓),snowdepth,54.0,published; reference periods in source notes,https://www.city.sapporo.jp/kensetsu/yuki/documents/snowdepth_r08_0411.xls
2025-12-16,西区(西野),snowdepth,35.0,published; reference periods in source notes,https://www.city.sapporo.jp/kensetsu/yuki/documents/snowdepth_r08_0411.xls
2025-12-16,西区(平和),snowdepth,59.0,published; reference periods in source notes,https://www.city.sapporo.jp/kensetsu/yuki/documents/snowdepth_r08_0411.xls
2025-12-16,手稲区,snowdepth,24.0,published; reference periods in source notes,https://www.city.sapporo.jp/kensetsu/yuki/documents/snowdepth_r08_0411.xls
2025-12-17,中央区,snowdepth,25.0,published; reference periods in source notes,https://www.city.sapporo.jp/kensetsu/yuki/documents/snowdepth_r08_0411.xls
2025-12-17,北区(太平),snowdepth,17.0,published; reference periods in source notes,https://www.city.sapporo.jp/kensetsu/yuki/documents/snowdepth_r08_0411.xls
2025-12-17,北区(あいの里),snowdepth,14.0,published; reference periods in source notes,https://www.city.sapporo.jp/kensetsu/yuki/documents/snowdepth_r08_0411.xls
2025-12-17,東区,snowdepth,25.0,published; reference periods in source notes,https://www.city.sapporo.jp/kensetsu/yuki/documents/snowdepth_r08_0411.xls
2025-12-17,白石区,snowdepth,24.0,published; reference periods in source notes,https://www.city.sapporo.jp/kensetsu/yuki/documents/snowdepth_r08_0411.xls
2025-12-17,厚別区,snowdepth,26.0,published; reference periods in source notes,https://www.city.sapporo.jp/kensetsu/yuki/documents/snowdepth_r08_0411.xls
2025-12-17,豊平区,snowdepth,36.0,published; reference periods in source notes,https://www.city.sapporo.jp/kensetsu/yuki/documents/snowdepth_r08_0411.xls
2025-12-17,清田区,snowdepth,38.0,published; reference periods in source notes,https://www.city.sapporo.jp/kensetsu/yuki/documents/snowdepth_r08_0411.xls
2025-12-17,南区(南31条西8丁目),snowdepth,30.0,published; reference periods in source notes,https://www.city.sapporo.jp/kensetsu/yuki/documents/snowdepth_r08_0411.xls
2025-12-17,南区(定山渓),snowdepth,54.0,published; reference periods in source notes,https://www.city.sapporo.jp/kensetsu/yuki/documents/snowdepth_r08_0411.xls
2025-12-17,西区(西野),snowdepth,30.0,published; reference periods in source notes,https://www.city.sapporo.jp/kensetsu/yuki/documents/snowdepth_r08_0411.xls
2025-12-17,西区(平和),snowdepth,55.0,published; reference periods in source notes,https://www.city.sapporo.jp/kensetsu/yuki/documents/snowdepth_r08_0411.xls
2025-12-17,手稲区,snowdepth,21.0,published; reference periods in source notes,https://www.city.sapporo.jp/kensetsu/yuki/documents/snowdepth_r08_0411.xls
2025-12-18,中央区,snowdepth,24.0,published; reference periods in source notes,https://www.city.sapporo.jp/kensetsu/yuki/documents/snowdepth_r08_0411.xls
2025-12-18,北区(太平),snowdepth,15.0,published; reference periods in source notes,https://www.city.sapporo.jp/kensetsu/yuki/documents/snowdepth_r08_0411.xls
2025-12-18,北区(あいの里),snowdepth,12.0,published; reference periods in source notes,https://www.city.sapporo.jp/kensetsu/yuki/documents/snowdepth_r08_0411.xls
2025-12-18,東区,snowdepth,23.0,published; reference periods in source notes,https://www.city.sapporo.jp/kensetsu/yuki/documents/snowdepth_r08_0411.xls
2025-12-18,白石区,snowdepth,21.0,published; reference periods in source notes,https://www.city.sapporo.jp/kensetsu/yuki/documents/snowdepth_r08_0411.xls
2025-12-18,厚別区,snowdepth,24.0,published; reference periods in source notes,https://www.city.sapporo.jp/kensetsu/yuki/documents/snowdepth_r08_0411.xls
2025-12-18,豊平区,snowdepth,35.0,published; reference periods in source notes,https://www.city.sapporo.jp/kensetsu/yuki/documents/snowdepth_r08_0411.xls
2025-12-18,清田区,snowdepth,35.0,published; reference periods in source notes,https://www.city.sapporo.jp/kensetsu/yuki/documents/snowdepth_r08_0411.xls
2025-12-18,南区(南31条西8丁目),snowdepth,29.0,published; reference periods in source notes,https://www.city.sapporo.jp/kensetsu/yuki/documents/snowdepth_r08_0411.xls
2025-12-18,南区(定山渓),snowdepth,51.0,published; reference periods in source notes,https://www.city.sapporo.jp/kensetsu/yuki/documents/snowdepth_r08_0411.xls
2025-12-18,西区(西野),snowdepth,29.0,published; reference periods in source notes,https://www.city.sapporo.jp/kensetsu/yuki/documents/snowdepth_r08_0411.xls
2025-12-18,西区(平和),snowdepth,54.0,published; reference periods in source notes,https://www.city.sapporo.jp/kensetsu/yuki/documents/snowdepth_r08_0411.xls
2025-12-18,手稲区,snowdepth,20.0,published; reference periods in source notes,https://www.city.sapporo.jp/kensetsu/yuki/documents/snowdepth_r08_0411.xls
2025-12-19,中央区,snowdepth,24.0,published; reference periods in source notes,https://www.city.sapporo.jp/kensetsu/yuki/documents/snowdepth_r08_0411.xls
2025-12-19,北区(太平),snowdepth,15.0,published; reference periods in source notes,https://www.city.sapporo.jp/kensetsu/yuki/documents/snowdepth_r08_0411.xls
2025-12-19,北区(あいの里),snowdepth,11.0,published; reference periods in source notes,https://www.city.sapporo.jp/kensetsu/yuki/documents/snowdepth_r08_0411.xls
2025-12-19,東区,snowdepth,22.0,published; reference periods in source notes,https://www.city.sapporo.jp/kensetsu/yuki/documents/snowdepth_r08_0411.xls
2025-12-19,白石区,snowdepth,21.0,published; reference periods in source notes,https://www.city.sapporo.jp/kensetsu/yuki/documents/snowdepth_r08_0411.xls
2025-12-19,厚別区,snowdepth,22.0,published; reference periods in source notes,https://www.city.sapporo.jp/kensetsu/yuki/documents/snowdepth_r08_0411.xls
2025-12-19,豊平区,snowdepth,33.0,published; reference periods in source notes,https://www.city.sapporo.jp/kensetsu/yuki/documents/snowdepth_r08_0411.xls
2025-12-19,清田区,snowdepth,35.0,published; reference periods in source notes,https://www.city.sapporo.jp/kensetsu/yuki/documents/snowdepth_r08_0411.xls
2025-12-19,南区(南31条西8丁目),snowdepth,29.0,published; reference periods in source notes,https://www.city.sapporo.jp/kensetsu/yuki/documents/snowdepth_r08_0411.xls
2025-12-19,南区(定山渓),snowdepth,46.0,published; reference periods in source notes,https://www.city.sapporo.jp/kensetsu/yuki/documents/snowdepth_r08_0411.xls
2025-12-19,西区(西野),snowdepth,29.0,published; reference periods in source notes,https://www.city.sapporo.jp/kensetsu/yuki/documents/snowdepth_r08_0411.xls
2025-12-19,西区(平和),snowdepth,52.0,published; reference periods in source notes,https://www.city.sapporo.jp/kensetsu/yuki/documents/snowdepth_r08_0411.xls
2025-12-19,手稲区,snowdepth,20.0,published; reference periods in source notes,https://www.city.sapporo.jp/kensetsu/yuki/documents/snowdepth_r08_0411.xls
2025-12-20,中央区,snowdepth,19.0,published; reference periods in source notes,https://www.city.sapporo.jp/kensetsu/yuki/documents/snowdepth_r08_0411.xls
2025-12-20,北区(太平),snowdepth,12.0,published; reference periods in source notes,https://www.city.sapporo.jp/kensetsu/yuki/documents/snowdepth_r08_0411.xls
2025-12-20,北区(あいの里),snowdepth,6.0,published; reference periods in source notes,https://www.city.sapporo.jp/kensetsu/yuki/documents/snowdepth_r08_0411.xls
2025-12-20,東区,snowdepth,14.0,published; reference periods in source notes,https://www.city.sapporo.jp/kensetsu/yuki/documents/snowdepth_r08_0411.xls
2025-12-20,白石区,snowdepth,12.0,published; reference periods in source notes,https://www.city.sapporo.jp/kensetsu/yuki/documents/snowdepth_r08_0411.xls
2025-12-20,厚別区,snowdepth,14.0,published; reference periods in source notes,https://www.city.sapporo.jp/kensetsu/yuki/documents/snowdepth_r08_0411.xls
2025-12-20,豊平区,snowdepth,26.0,published; reference periods in source notes,https://www.city.sapporo.jp/kensetsu/yuki/documents/snowdepth_r08_0411.xls
2025-12-20,清田区,snowdepth,28.0,published; reference periods in source notes,https://www.city.sapporo.jp/kensetsu/yuki/documents/snowdepth_r08_0411.xls
2025-12-20,南区(南31条西8丁目),snowdepth,26.0,published; reference periods in source notes,https://www.city.sapporo.jp/kensetsu/yuki/documents/snowdepth_r08_0411.xls
2025-12-20,南区(定山渓),snowdepth,40.0,published; reference periods in source notes,https://www.city.sapporo.jp/kensetsu/yuki/documents/snowdepth_r08_0411.xls
2025-12-20,西区(西野),snowdepth,25.0,published; reference periods in source notes,https://www.city.sapporo.jp/kensetsu/yuki/documents/snowdepth_r08_0411.xls
2025-12-20,西区(平和),snowdepth,48.0,published; reference periods in source notes,https://www.city.sapporo.jp/kensetsu/yuki/documents/snowdepth_r08_0411.xls
2025-12-20,手稲区,snowdepth,16.0,published; reference periods in source notes,https://www.city.sapporo.jp/kensetsu/yuki/documents/snowdepth_r08_0411.xls
2025-12-21,中央区,snowdepth,9.0,published; reference periods in source notes,https://www.city.sapporo.jp/kensetsu/yuki/documents/snowdepth_r08_0411.xls
2025-12-21,北区(太平),snowdepth,2.0,published; reference periods in source notes,https://www.city.sapporo.jp/kensetsu/yuki/documents/snowdepth_r08_0411.xls
2025-12-21,北区(あいの里),snowdepth,0.0,published; reference periods in source notes,https://www.city.sapporo.jp/kensetsu/yuki/documents/snowdepth_r08_0411.xls
2025-12-21,東区,snowdepth,3.0,published; reference periods in source notes,https://www.city.sapporo.jp/kensetsu/yuki/documents/snowdepth_r08_0411.xls
2025-12-21,白石区,snowdepth,0.0,published; reference periods in source notes,https://www.city.sapporo.jp/kensetsu/yuki/documents/snowdepth_r08_0411.xls
2025-12-21,厚別区,snowdepth,1.0,published; reference periods in source notes,https://www.city.sapporo.jp/kensetsu/yuki/documents/snowdepth_r08_0411.xls
2025-12-21,豊平区,snowdepth,12.0,published; reference periods in source notes,https://www.city.sapporo.jp/kensetsu/yuki/documents/snowdepth_r08_0411.xls
2025-12-21,清田区,snowdepth,11.0,published; reference periods in source notes,https://www.city.sapporo.jp/kensetsu/yuki/documents/snowdepth_r08_0411.xls
2025-12-21,南区(南31条西8丁目),snowdepth,19.0,published; reference periods in source notes,https://www.city.sapporo.jp/kensetsu/yuki/documents/snowdepth_r08_0411.xls
2025-12-21,南区(定山渓),snowdepth,28.0,published; reference periods in source notes,https://www.city.sapporo.jp/kensetsu/yuki/documents/snowdepth_r08_0411.xls
2025-12-21,西区(西野),snowdepth,18.0,published; reference periods in source notes,https://www.city.sapporo.jp/kensetsu/yuki/documents/snowdepth_r08_0411.xls
2025-12-21,西区(平和),snowdepth,41.0,published; reference periods in source notes,https://www.city.sapporo.jp/kensetsu/yuki/documents/snowdepth_r08_0411.xls
2025-12-21,手稲区,snowdepth,10.0,published; reference periods in source notes,https://www.city.sapporo.jp/kensetsu/yuki/documents/snowdepth_r08_0411.xls
2025-12-22,中央区,snowdepth,11.0,published; reference periods in source notes,https://www.city.sapporo.jp/kensetsu/yuki/documents/snowdepth_r08_0411.xls
2025-12-22,北区(太平),snowdepth,4.0,published; reference periods in source notes,https://www.city.sapporo.jp/kensetsu/yuki/documents/snowdepth_r08_0411.xls
2025-12-22,北区(あいの里),snowdepth,1.0,published; reference periods in source notes,https://www.city.sapporo.jp/kensetsu/yuki/documents/snowdepth_r08_0411.xls
2025-12-22,東区,snowdepth,6.0,published; reference periods in source notes,https://www.city.sapporo.jp/kensetsu/yuki/documents/snowdepth_r08_0411.xls
2025-12-22,白石区,snowdepth,2.0,published; reference periods in source notes,https://www.city.sapporo.jp/kensetsu/yuki/documents/snowdepth_r08_0411.xls
2025-12-22,厚別区,snowdepth,3.0,published; reference periods in source notes,https://www.city.sapporo.jp/kensetsu/yuki/documents/snowdepth_r08_0411.xls
2025-12-22,豊平区,snowdepth,14.0,published; reference periods in source notes,https://www.city.sapporo.jp/kensetsu/yuki/documents/snowdepth_r08_0411.xls
2025-12-22,清田区,snowdepth,11.0,published; reference periods in source notes,https://www.city.sapporo.jp/kensetsu/yuki/documents/snowdepth_r08_0411.xls
2025-12-22,南区(南31条西8丁目),snowdepth,17.0,published; reference periods in source notes,https://www.city.sapporo.jp/kensetsu/yuki/documents/snowdepth_r08_0411.xls
2025-12-22,南区(定山渓),snowdepth,27.0,published; reference periods in source notes,https://www.city.sapporo.jp/kensetsu/yuki/documents/snowdepth_r08_0411.xls
2025-12-22,西区(西野),snowdepth,18.0,published; reference periods in source notes,https://www.city.sapporo.jp/kensetsu/yuki/documents/snowdepth_r08_0411.xls
2025-12-22,西区(平和),snowdepth,43.0,published; reference periods in source notes,https://www.city.sapporo.jp/kensetsu/yuki/documents/snowdepth_r08_0411.xls
2025-12-22,手稲区,snowdepth,11.0,published; reference periods in source notes,https://www.city.sapporo.jp/kensetsu/yuki/documents/snowdepth_r08_0411.xls
2025-12-23,中央区,snowdepth,9.0,published; reference periods in source notes,https://www.city.sapporo.jp/kensetsu/yuki/documents/snowdepth_r08_0411.xls
2025-12-23,北区(太平),snowdepth,3.0,published; reference periods in source notes,https://www.city.sapporo.jp/kensetsu/yuki/documents/snowdepth_r08_0411.xls
2025-12-23,北区(あいの里),snowdepth,0.0,published; reference periods in source notes,https://www.city.sapporo.jp/kensetsu/yuki/documents/snowdepth_r08_0411.xls
2025-12-23,東区,snowdepth,4.0,published; reference periods in source notes,https://www.city.sapporo.jp/kensetsu/yuki/documents/snowdepth_r08_0411.xls
2025-12-23,白石区,snowdepth,0.0,published; reference periods in source notes,https://www.city.sapporo.jp/kensetsu/yuki/documents/snowdepth_r08_0411.xls
2025-12-23,厚別区,snowdepth,1.0,published; reference periods in source notes,https://www.city.sapporo.jp/kensetsu/yuki/documents/snowdepth_r08_0411.xls
2025-12-23,豊平区,snowdepth,13.0,published; reference periods in source notes,https://www.city.sapporo.jp/kensetsu/yuki/documents/snowdepth_r08_0411.xls
2025-12-23,清田区,snowdepth,10.0,published; reference periods in source notes,https://www.city.sapporo.jp/kensetsu/yuki/documents/snowdepth_r08_0411.xls
2025-12-23,南区(南31条西8丁目),snowdepth,17.0,published; reference periods in source notes,https://www.city.sapporo.jp/kensetsu/yuki/documents/snowdepth_r08_0411.xls
2025-12-23,南区(定山渓),snowdepth,27.0,published; reference periods in source notes,https://www.city.sapporo.jp/kensetsu/yuki/documents/snowdepth_r08_0411.xls
2025-12-23,西区(西野),snowdepth,17.0,published; reference periods in source notes,https://www.city.sapporo.jp/kensetsu/yuki/documents/snowdepth_r08_0411.xls
2025-12-23,西区(平和),snowdepth,41.0,published; reference periods in source notes,https://www.city.sapporo.jp/kensetsu/yuki/documents/snowdepth_r08_0411.xls
2025-12-23,手稲区,snowdepth,8.0,published; reference periods in source notes,https://www.city.sapporo.jp/kensetsu/yuki/documents/snowdepth_r08_0411.xls
2025-12-24,中央区,snowdepth,8.0,published; reference periods in source notes,https://www.city.sapporo.jp/kensetsu/yuki/documents/snowdepth_r08_0411.xls
2025-12-24,北区(太平),snowdepth,2.0,published; reference periods in source notes,https://www.city.sapporo.jp/kensetsu/yuki/documents/snowdepth_r08_0411.xls
2025-12-24,北区(あいの里),snowdepth,0.0,published; reference periods in source notes,https://www.city.sapporo.jp/kensetsu/yuki/documents/snowdepth_r08_0411.xls
2025-12-24,東区,snowdepth,2.0,published; reference periods in source notes,https://www.city.sapporo.jp/kensetsu/yuki/documents/snowdepth_r08_0411.xls
2025-12-24,白石区,snowdepth,0.0,published; reference periods in source notes,https://www.city.sapporo.jp/kensetsu/yuki/documents/snowdepth_r08_0411.xls
2025-12-24,厚別区,snowdepth,1.0,published; reference periods in source notes,https://www.city.sapporo.jp/kensetsu/yuki/documents/snowdepth_r08_0411.xls
2025-12-24,豊平区,snowdepth,12.0,published; reference periods in source notes,https://www.city.sapporo.jp/kensetsu/yuki/documents/snowdepth_r08_0411.xls
2025-12-24,清田区,snowdepth,10.0,published; reference periods in source notes,https://www.city.sapporo.jp/kensetsu/yuki/documents/snowdepth_r08_0411.xls
2025-12-24,南区(南31条西8丁目),snowdepth,17.0,published; reference periods in source notes,https://www.city.sapporo.jp/kensetsu/yuki/documents/snowdepth_r08_0411.xls
2025-12-24,南区(定山渓),snowdepth,26.0,published; reference periods in source notes,https://www.city.sapporo.jp/kensetsu/yuki/documents/snowdepth_r08_0411.xls
2025-12-24,西区(西野),snowdepth,16.0,published; reference periods in source notes,https://www.city.sapporo.jp/kensetsu/yuki/documents/snowdepth_r08_0411.xls
2025-12-24,西区(平和),snowdepth,40.0,published; reference periods in source notes,https://www.city.sapporo.jp/kensetsu/yuki/documents/snowdepth_r08_0411.xls
2025-12-24,手稲区,snowdepth,8.0,published; reference periods in source notes,https://www.city.sapporo.jp/kensetsu/yuki/documents/snowdepth_r08_0411.xls
2025-12-25,中央区,snowdepth,3.0,published; reference periods in source notes,https://www.city.sapporo.jp/kensetsu/yuki/documents/snowdepth_r08_0411.xls
2025-12-25,北区(太平),snowdepth,0.0,published; reference periods in source notes,https://www.city.sapporo.jp/kensetsu/yuki/documents/snowdepth_r08_0411.xls
2025-12-25,北区(あいの里),snowdepth,0.0,published; reference periods in source notes,https://www.city.sapporo.jp/kensetsu/yuki/documents/snowdepth_r08_0411.xls
2025-12-25,東区,snowdepth,0.0,published; reference periods in source notes,https://www.city.sapporo.jp/kensetsu/yuki/documents/snowdepth_r08_0411.xls
2025-12-25,白石区,snowdepth,0.0,published; reference periods in source notes,https://www.city.sapporo.jp/kensetsu/yuki/documents/snowdepth_r08_0411.xls
2025-12-25,厚別区,snowdepth,0.0,published; reference periods in source notes,https://www.city.sapporo.jp/kensetsu/yuki/documents/snowdepth_r08_0411.xls
2025-12-25,豊平区,snowdepth,9.0,published; reference periods in source notes,https://www.city.sapporo.jp/kensetsu/yuki/documents/snowdepth_r08_0411.xls
2025-12-25,清田区,snowdepth,8.0,published; reference periods in source notes,https://www.city.sapporo.jp/kensetsu/yuki/documents/snowdepth_r08_0411.xls
2025-12-25,南区(南31条西8丁目),snowdepth,14.0,published; reference periods in source notes,https://www.city.sapporo.jp/kensetsu/yuki/documents/snowdepth_r08_0411.xls
2025-12-25,南区(定山渓),snowdepth,23.0,published; reference periods in source notes,https://www.city.sapporo.jp/kensetsu/yuki/documents/snowdepth_r08_0411.xls
2025-12-25,西区(西野),snowdepth,12.0,published; reference periods in source notes,https://www.city.sapporo.jp/kensetsu/yuki/documents/snowdepth_r08_0411.xls
2025-12-25,西区(平和),snowdepth,35.0,published; reference periods in source notes,https://www.city.sapporo.jp/kensetsu/yuki/documents/snowdepth_r08_0411.xls
2025-12-25,手稲区,snowdepth,6.0,published; reference periods in source notes,https://www.city.sapporo.jp/kensetsu/yuki/documents/snowdepth_r08_0411.xls
2025-12-26,中央区,snowdepth,4.0,published; reference periods in source notes,https://www.city.sapporo.jp/kensetsu/yuki/documents/snowdepth_r08_0411.xls
2025-12-26,北区(太平),snowdepth,1.0,published; reference periods in source notes,https://www.city.sapporo.jp/kensetsu/yuki/documents/snowdepth_r08_0411.xls
2025-12-26,北区(あいの里),snowdepth,0.0,published; reference periods in source notes,https://www.city.sapporo.jp/kensetsu/yuki/documents/snowdepth_r08_0411.xls
2025-12-26,東区,snowdepth,1.0,published; reference periods in source notes,https://www.city.sapporo.jp/kensetsu/yuki/documents/snowdepth_r08_0411.xls
2025-12-26,白石区,snowdepth,1.0,published; reference periods in source notes,https://www.city.sapporo.jp/kensetsu/yuki/documents/snowdepth_r08_0411.xls
2025-12-26,厚別区,snowdepth,0.0,published; reference periods in source notes,https://www.city.sapporo.jp/kensetsu/yuki/documents/snowdepth_r08_0411.xls
2025-12-26,豊平区,snowdepth,12.0,published; reference periods in source notes,https://www.city.sapporo.jp/kensetsu/yuki/documents/snowdepth_r08_0411.xls
2025-12-26,清田区,snowdepth,10.0,published; reference periods in source notes,https://www.city.sapporo.jp/kensetsu/yuki/documents/snowdepth_r08_0411.xls
2025-12-26,南区(南31条西8丁目),snowdepth,14.0,published; reference periods in source notes,https://www.city.sapporo.jp/kensetsu/yuki/documents/snowdepth_r08_0411.xls
2025-12-26,南区(定山渓),snowdepth,29.0,published; reference periods in source notes,https://www.city.sapporo.jp/kensetsu/yuki/documents/snowdepth_r08_0411.xls
2025-12-26,西区(西野),snowdepth,15.0,published; reference periods in source notes,https://www.city.sapporo.jp/kensetsu/yuki/documents/snowdepth_r08_0411.xls
2025-12-26,西区(平和),snowdepth,45.0,published; reference periods in source notes,https://www.city.sapporo.jp/kensetsu/yuki/documents/snowdepth_r08_0411.xls
2025-12-26,手稲区,snowdepth,6.0,published; reference periods in source notes,https://www.city.sapporo.jp/kensetsu/yuki/documents/snowdepth_r08_0411.xls
2025-12-27,中央区,snowdepth,5.0,published; reference periods in source notes,https://www.city.sapporo.jp/kensetsu/yuki/documents/snowdepth_r08_0411.xls
2025-12-27,北区(太平),snowdepth,3.0,published; reference periods in source notes,https://www.city.sapporo.jp/kensetsu/yuki/documents/snowdepth_r08_0411.xls
2025-12-27,北区(あいの里),snowdepth,0.0,published; reference periods in source notes,https://www.city.sapporo.jp/kensetsu/yuki/documents/snowdepth_r08_0411.xls
2025-12-27,東区,snowdepth,2.0,published; reference periods in source notes,https://www.city.sapporo.jp/kensetsu/yuki/documents/snowdepth_r08_0411.xls
2025-12-27,白石区,snowdepth,0.0,published; reference periods in source notes,https://www.city.sapporo.jp/kensetsu/yuki/documents/snowdepth_r08_0411.xls
2025-12-27,厚別区,snowdepth,0.0,published; reference periods in source notes,https://www.city.sapporo.jp/kensetsu/yuki/documents/snowdepth_r08_0411.xls
2025-12-27,豊平区,snowdepth,12.0,published; reference periods in source notes,https://www.city.sapporo.jp/kensetsu/yuki/documents/snowdepth_r08_0411.xls
2025-12-27,清田区,snowdepth,10.0,published; reference periods in source notes,https://www.city.sapporo.jp/kensetsu/yuki/documents/snowdepth_r08_0411.xls
2025-12-27,南区(南31条西8丁目),snowdepth,13.0,published; reference periods in source notes,https://www.city.sapporo.jp/kensetsu/yuki/documents/snowdepth_r08_0411.xls
2025-12-27,南区(定山渓),snowdepth,32.0,published; reference periods in source notes,https://www.city.sapporo.jp/kensetsu/yuki/documents/snowdepth_r08_0411.xls
2025-12-27,西区(西野),snowdepth,15.0,published; reference periods in source notes,https://www.city.sapporo.jp/kensetsu/yuki/documents/snowdepth_r08_0411.xls
2025-12-27,西区(平和),snowdepth,44.0,published; reference periods in source notes,https://www.city.sapporo.jp/kensetsu/yuki/documents/snowdepth_r08_0411.xls
2025-12-27,手稲区,snowdepth,8.0,published; reference periods in source notes,https://www.city.sapporo.jp/kensetsu/yuki/documents/snowdepth_r08_0411.xls
2025-12-28,中央区,snowdepth,8.0,published; reference periods in source notes,https://www.city.sapporo.jp/kensetsu/yuki/documents/snowdepth_r08_0411.xls
2025-12-28,北区(太平),snowdepth,3.0,published; reference periods in source notes,https://www.city.sapporo.jp/kensetsu/yuki/documents/snowdepth_r08_0411.xls
2025-12-28,北区(あいの里),snowdepth,2.0,published; reference periods in source notes,https://www.city.sapporo.jp/kensetsu/yuki/documents/snowdepth_r08_0411.xls
2025-12-28,東区,snowdepth,4.0,published; reference periods in source notes,https://www.city.sapporo.jp/kensetsu/yuki/documents/snowdepth_r08_0411.xls
2025-12-28,白石区,snowdepth,0.0,published; reference periods in source notes,https://www.city.sapporo.jp/kensetsu/yuki/documents/snowdepth_r08_0411.xls
2025-12-28,厚別区,snowdepth,0.0,published; reference periods in source notes,https://www.city.sapporo.jp/kensetsu/yuki/documents/snowdepth_r08_0411.xls
2025-12-28,豊平区,snowdepth,13.0,published; reference periods in source notes,https://www.city.sapporo.jp/kensetsu/yuki/documents/snowdepth_r08_0411.xls
2025-12-28,清田区,snowdepth,10.0,published; reference periods in source notes,https://www.city.sapporo.jp/kensetsu/yuki/documents/snowdepth_r08_0411.xls
2025-12-28,南区(南31条西8丁目),snowdepth,16.0,published; reference periods in source notes,https://www.city.sapporo.jp/kensetsu/yuki/documents/snowdepth_r08_0411.xls
2025-12-28,南区(定山渓),snowdepth,41.0,published; reference periods in source notes,https://www.city.sapporo.jp/kensetsu/yuki/documents/snowdepth_r08_0411.xls
2025-12-28,西区(西野),snowdepth,23.0,published; reference periods in source notes,https://www.city.sapporo.jp/kensetsu/yuki/documents/snowdepth_r08_0411.xls
2025-12-28,西区(平和),snowdepth,54.0,published; reference periods in source notes,https://www.city.sapporo.jp/kensetsu/yuki/documents/snowdepth_r08_0411.xls
2025-12-28,手稲区,snowdepth,12.0,published; reference periods in source notes,https://www.city.sapporo.jp/kensetsu/yuki/documents/snowdepth_r08_0411.xls
2025-12-29,中央区,snowdepth,6.0,published; reference periods in source notes,https://www.city.sapporo.jp/kensetsu/yuki/documents/snowdepth_r08_0411.xls
2025-12-29,北区(太平),snowdepth,3.0,published; reference periods in source notes,https://www.city.sapporo.jp/kensetsu/yuki/documents/snowdepth_r08_0411.xls
2025-12-29,北区(あいの里),snowdepth,0.0,published; reference periods in source notes,https://www.city.sapporo.jp/kensetsu/yuki/documents/snowdepth_r08_0411.xls
2025-12-29,東区,snowdepth,3.0,published; reference periods in source notes,https://www.city.sapporo.jp/kensetsu/yuki/documents/snowdepth_r08_0411.xls
2025-12-29,白石区,snowdepth,1.0,published; reference periods in source notes,https://www.city.sapporo.jp/kensetsu/yuki/documents/snowdepth_r08_0411.xls
2025-12-29,厚別区,snowdepth,0.0,published; reference periods in source notes,https://www.city.sapporo.jp/kensetsu/yuki/documents/snowdepth_r08_0411.xls
2025-12-29,豊平区,snowdepth,12.0,published; reference periods in source notes,https://www.city.sapporo.jp/kensetsu/yuki/documents/snowdepth_r08_0411.xls
2025-12-29,清田区,snowdepth,10.0,published; reference periods in source notes,https://www.city.sapporo.jp/kensetsu/yuki/documents/snowdepth_r08_0411.xls
2025-12-29,南区(南31条西8丁目),snowdepth,14.0,published; reference periods in source notes,https://www.city.sapporo.jp/kensetsu/yuki/documents/snowdepth_r08_0411.xls
2025-12-29,南区(定山渓),snowdepth,36.0,published; reference periods in source notes,https://www.city.sapporo.jp/kensetsu/yuki/documents/snowdepth_r08_0411.xls
2025-12-29,西区(西野),snowdepth,19.0,published; reference periods in source notes,https://www.city.sapporo.jp/kensetsu/yuki/documents/snowdepth_r08_0411.xls
2025-12-29,西区(平和),snowdepth,49.0,published; reference periods in source notes,https://www.city.sapporo.jp/kensetsu/yuki/documents/snowdepth_r08_0411.xls
2025-12-29,手稲区,snowdepth,9.0,published; reference periods in source notes,https://www.city.sapporo.jp/kensetsu/yuki/documents/snowdepth_r08_0411.xls
2025-12-30,中央区,snowdepth,2.0,published; reference periods in source notes,https://www.city.sapporo.jp/kensetsu/yuki/documents/snowdepth_r08_0411.xls
2025-12-30,北区(太平),snowdepth,0.0,published; reference periods in source notes,https://www.city.sapporo.jp/kensetsu/yuki/documents/snowdepth_r08_0411.xls
2025-12-30,北区(あいの里),snowdepth,0.0,published; reference periods in source notes,https://www.city.sapporo.jp/kensetsu/yuki/documents/snowdepth_r08_0411.xls
2025-12-30,東区,snowdepth,0.0,published; reference periods in source notes,https://www.city.sapporo.jp/kensetsu/yuki/documents/snowdepth_r08_0411.xls
2025-12-30,白石区,snowdepth,0.0,published; reference periods in source notes,https://www.city.sapporo.jp/kensetsu/yuki/documents/snowdepth_r08_0411.xls
2025-12-30,厚別区,snowdepth,0.0,published; reference periods in source notes,https://www.city.sapporo.jp/kensetsu/yuki/documents/snowdepth_r08_0411.xls
2025-12-30,豊平区,snowdepth,9.0,published; reference periods in source notes,https://www.city.sapporo.jp/kensetsu/yuki/documents/snowdepth_r08_0411.xls
2025-12-30,清田区,snowdepth,8.0,published; reference periods in source notes,https://www.city.sapporo.jp/kensetsu/yuki/documents/snowdepth_r08_0411.xls
2025-12-30,南区(南31条西8丁目),snowdepth,13.0,published; reference periods in source notes,https://www.city.sapporo.jp/kensetsu/yuki/documents/snowdepth_r08_0411.xls
2025-12-30,南区(定山渓),snowdepth,32.0,published; reference periods in source notes,https://www.city.sapporo.jp/kensetsu/yuki/documents/snowdepth_r08_0411.xls
2025-12-30,西区(西野),snowdepth,15.0,published; reference periods in source notes,https://www.city.sapporo.jp/kensetsu/yuki/documents/snowdepth_r08_0411.xls
2025-12-30,西区(平和),snowdepth,44.0,published; reference periods in source notes,https://www.city.sapporo.jp/kensetsu/yuki/documents/snowdepth_r08_0411.xls
2025-12-30,手稲区,snowdepth,6.0,published; reference periods in source notes,https://www.city.sapporo.jp/kensetsu/yuki/documents/snowdepth_r08_0411.xls
2025-12-31,中央区,snowdepth,3.0,published; reference periods in source notes,https://www.city.sapporo.jp/kensetsu/yuki/documents/snowdepth_r08_0411.xls
2025-12-31,北区(太平),snowdepth,2.0,published; reference periods in source notes,https://www.city.sapporo.jp/kensetsu/yuki/documents/snowdepth_r08_0411.xls
2025-12-31,北区(あいの里),snowdepth,0.0,published; reference periods in source notes,https://www.city.sapporo.jp/kensetsu/yuki/documents/snowdepth_r08_0411.xls
2025-12-31,東区,snowdepth,0.0,published; reference periods in source notes,https://www.city.sapporo.jp/kensetsu/yuki/documents/snowdepth_r08_0411.xls
2025-12-31,白石区,snowdepth,0.0,published; reference periods in source notes,https://www.city.sapporo.jp/kensetsu/yuki/documents/snowdepth_r08_0411.xls
2025-12-31,厚別区,snowdepth,1.0,published; reference periods in source notes,https://www.city.sapporo.jp/kensetsu/yuki/documents/snowdepth_r08_0411.xls
2025-12-31,豊平区,snowdepth,12.0,published; reference periods in source notes,https://www.city.sapporo.jp/kensetsu/yuki/documents/snowdepth_r08_0411.xls
2025-12-31,清田区,snowdepth,8.0,published; reference periods in source notes,https://www.city.sapporo.jp/kensetsu/yuki/documents/snowdepth_r08_0411.xls
2025-12-31,南区(南31条西8丁目),snowdepth,14.0,published; reference periods in source notes,https://www.city.sapporo.jp/kensetsu/yuki/documents/snowdepth_r08_0411.xls
2025-12-31,南区(定山渓),snowdepth,40.0,published; reference periods in source notes,https://www.city.sapporo.jp/kensetsu/yuki/documents/snowdepth_r08_0411.xls
2025-12-31,西区(西野),snowdepth,16.0,published; reference periods in source notes,https://www.city.sapporo.jp/kensetsu/yuki/documents/snowdepth_r08_0411.xls
2025-12-31,西区(平和),snowdepth,44.0,published; reference periods in source notes,https://www.city.sapporo.jp/kensetsu/yuki/documents/snowdepth_r08_0411.xls
2025-12-31,手稲区,snowdepth,8.0,published; reference periods in source notes,https://www.city.sapporo.jp/kensetsu/yuki/documents/snowdepth_r08_0411.xls
2026-01-01,中央区,snowdepth,9.0,published; reference periods in source notes,https://www.city.sapporo.jp/kensetsu/yuki/documents/snowdepth_r08_0411.xls
2026-01-01,北区(太平),snowdepth,7.0,published; reference periods in source notes,https://www.city.sapporo.jp/kensetsu/yuki/documents/snowdepth_r08_0411.xls
2026-01-01,北区(あいの里),snowdepth,4.0,published; reference periods in source notes,https://www.city.sapporo.jp/kensetsu/yuki/documents/snowdepth_r08_0411.xls
2026-01-01,東区,snowdepth,4.0,published; reference periods in source notes,https://www.city.sapporo.jp/kensetsu/yuki/documents/snowdepth_r08_0411.xls
2026-01-01,白石区,snowdepth,1.0,published; reference periods in source notes,https://www.city.sapporo.jp/kensetsu/yuki/documents/snowdepth_r08_0411.xls
2026-01-01,厚別区,snowdepth,1.0,published; reference periods in source notes,https://www.city.sapporo.jp/kensetsu/yuki/documents/snowdepth_r08_0411.xls
2026-01-01,豊平区,snowdepth,14.0,published; reference periods in source notes,https://www.city.sapporo.jp/kensetsu/yuki/documents/snowdepth_r08_0411.xls
2026-01-01,清田区,snowdepth,10.0,published; reference periods in source notes,https://www.city.sapporo.jp/kensetsu/yuki/documents/snowdepth_r08_0411.xls
2026-01-01,南区(南31条西8丁目),snowdepth,16.0,published; reference periods in source notes,https://www.city.sapporo.jp/kensetsu/yuki/documents/snowdepth_r08_0411.xls
2026-01-01,南区(定山渓),snowdepth,46.0,published; reference periods in source notes,https://www.city.sapporo.jp/kensetsu/yuki/documents/snowdepth_r08_0411.xls
2026-01-01,西区(西野),snowdepth,26.0,published; reference periods in source notes,https://www.city.sapporo.jp/kensetsu/yuki/documents/snowdepth_r08_0411.xls
2026-01-01,西区(平和),snowdepth,52.0,published; reference periods in source notes,https://www.city.sapporo.jp/kensetsu/yuki/documents/snowdepth_r08_0411.xls
2026-01-01,手稲区,snowdepth,16.0,published; reference periods in source notes,https://www.city.sapporo.jp/kensetsu/yuki/documents/snowdepth_r08_0411.xls
2026-01-02,中央区,snowdepth,10.0,published; reference periods in source notes,https://www.city.sapporo.jp/kensetsu/yuki/documents/snowdepth_r08_0411.xls
2026-01-02,北区(太平),snowdepth,9.0,published; reference periods in source notes,https://www.city.sapporo.jp/kensetsu/yuki/documents/snowdepth_r08_0411.xls
2026-01-02,北区(あいの里),snowdepth,7.0,published; reference periods in source notes,https://www.city.sapporo.jp/kensetsu/yuki/documents/snowdepth_r08_0411.xls
2026-01-02,東区,snowdepth,7.0,published; reference periods in source notes,https://www.city.sapporo.jp/kensetsu/yuki/documents/snowdepth_r08_0411.xls
2026-01-02,白石区,snowdepth,7.0,published; reference periods in source notes,https://www.city.sapporo.jp/kensetsu/yuki/documents/snowdepth_r08_0411.xls
2026-01-02,厚別区,snowdepth,4.0,published; reference periods in source notes,https://www.city.sapporo.jp/kensetsu/yuki/documents/snowdepth_r08_0411.xls
2026-01-02,豊平区,snowdepth,17.0,published; reference periods in source notes,https://www.city.sapporo.jp/kensetsu/yuki/documents/snowdepth_r08_0411.xls
2026-01-02,清田区,snowdepth,14.0,published; reference periods in source notes,https://www.city.sapporo.jp/kensetsu/yuki/documents/snowdepth_r08_0411.xls
2026-01-02,南区(南31条西8丁目),snowdepth,18.0,published; reference periods in source notes,https://www.city.sapporo.jp/kensetsu/yuki/documents/snowdepth_r08_0411.xls
2026-01-02,南区(定山渓),snowdepth,51.0,published; reference periods in source notes,https://www.city.sapporo.jp/kensetsu/yuki/documents/snowdepth_r08_0411.xls
2026-01-02,西区(西野),snowdepth,28.0,published; reference periods in source notes,https://www.city.sapporo.jp/kensetsu/yuki/documents/snowdepth_r08_0411.xls
2026-01-02,西区(平和),snowdepth,57.0,published; reference periods in source notes,https://www.city.sapporo.jp/kensetsu/yuki/documents/snowdepth_r08_0411.xls
2026-01-02,手稲区,snowdepth,17.0,published; reference periods in source notes,https://www.city.sapporo.jp/kensetsu/yuki/documents/snowdepth_r08_0411.xls
2026-01-03,中央区,snowdepth,21.0,published; reference periods in source notes,https://www.city.sapporo.jp/kensetsu/yuki/documents/snowdepth_r08_0411.xls
2026-01-03,北区(太平),snowdepth,16.0,published; reference periods in source notes,https://www.city.sapporo.jp/kensetsu/yuki/documents/snowdepth_r08_0411.xls
2026-01-03,北区(あいの里),snowdepth,11.0,published; reference periods in source notes,https://www.city.sapporo.jp/kensetsu/yuki/documents/snowdepth_r08_0411.xls
2026-01-03,東区,snowdepth,18.0,published; reference periods in source notes,https://www.city.sapporo.jp/kensetsu/yuki/documents/snowdepth_r08_0411.xls
2026-01-03,白石区,snowdepth,19.0,published; reference periods in source notes,https://www.city.sapporo.jp/kensetsu/yuki/documents/snowdepth_r08_0411.xls
2026-01-03,厚別区,snowdepth,15.0,published; reference periods in source notes,https://www.city.sapporo.jp/kensetsu/yuki/documents/snowdepth_r08_0411.xls
2026-01-03,豊平区,snowdepth,29.0,published; reference periods in source notes,https://www.city.sapporo.jp/kensetsu/yuki/documents/snowdepth_r08_0411.xls
2026-01-03,清田区,snowdepth,28.0,published; reference periods in source notes,https://www.city.sapporo.jp/kensetsu/yuki/documents/snowdepth_r08_0411.xls
2026-01-03,南区(南31条西8丁目),snowdepth,26.0,published; reference periods in source notes,https://www.city.sapporo.jp/kensetsu/yuki/documents/snowdepth_r08_0411.xls
2026-01-03,南区(定山渓),snowdepth,56.0,published; reference periods in source notes,https://www.city.sapporo.jp/kensetsu/yuki/documents/snowdepth_r08_0411.xls
2026-01-03,西区(西野),snowdepth,39.0,published; reference periods in source notes,https://www.city.sapporo.jp/kensetsu/yuki/documents/snowdepth_r08_0411.xls
2026-01-03,西区(平和),snowdepth,61.0,published; reference periods in source notes,https://www.city.sapporo.jp/kensetsu/yuki/documents/snowdepth_r08_0411.xls
2026-01-03,手稲区,snowdepth,24.0,published; reference periods in source notes,https://www.city.sapporo.jp/kensetsu/yuki/documents/snowdepth_r08_0411.xls
2026-01-04,中央区,snowdepth,20.0,published; reference periods in source notes,https://www.city.sapporo.jp/kensetsu/yuki/documents/snowdepth_r08_0411.xls
2026-01-04,北区(太平),snowdepth,13.0,published; reference periods in source notes,https://www.city.sapporo.jp/kensetsu/yuki/documents/snowdepth_r08_0411.xls
2026-01-04,北区(あいの里),snowdepth,10.0,published; reference periods in source notes,https://www.city.sapporo.jp/kensetsu/yuki/documents/snowdepth_r08_0411.xls
2026-01-04,東区,snowdepth,15.0,published; reference periods in source notes,https://www.city.sapporo.jp/kensetsu/yuki/documents/snowdepth_r08_0411.xls
2026-01-04,白石区,snowdepth,16.0,published; reference periods in source notes,https://www.city.sapporo.jp/kensetsu/yuki/documents/snowdepth_r08_0411.xls
2026-01-04,厚別区,snowdepth,12.0,published; reference periods in source notes,https://www.city.sapporo.jp/kensetsu/yuki/documents/snowdepth_r08_0411.xls
2026-01-04,豊平区,snowdepth,25.0,published; reference periods in source notes,https://www.city.sapporo.jp/kensetsu/yuki/documents/snowdepth_r08_0411.xls
2026-01-04,清田区,snowdepth,24.0,published; reference periods in source notes,https://www.city.sapporo.jp/kensetsu/yuki/documents/snowdepth_r08_0411.xls
2026-01-04,南区(南31条西8丁目),snowdepth,23.0,published; reference periods in source notes,https://www.city.sapporo.jp/kensetsu/yuki/documents/snowdepth_r08_0411.xls
2026-01-04,南区(定山渓),snowdepth,53.0,published; reference periods in source notes,https://www.city.sapporo.jp/kensetsu/yuki/documents/snowdepth_r08_0411.xls
2026-01-04,西区(西野),snowdepth,37.0,published; reference periods in source notes,https://www.city.sapporo.jp/kensetsu/yuki/documents/snowdepth_r08_0411.xls
2026-01-04,西区(平和),snowdepth,62.0,published; reference periods in source notes,https://www.city.sapporo.jp/kensetsu/yuki/documents/snowdepth_r08_0411.xls
2026-01-04,手稲区,snowdepth,21.0,published; reference periods in source notes,https://www.city.sapporo.jp/kensetsu/yuki/documents/snowdepth_r08_0411.xls
2026-01-05,中央区,snowdepth,18.0,published; reference periods in source notes,https://www.city.sapporo.jp/kensetsu/yuki/documents/snowdepth_r08_0411.xls
2026-01-05,北区(太平),snowdepth,13.0,published; reference periods in source notes,https://www.city.sapporo.jp/kensetsu/yuki/documents/snowdepth_r08_0411.xls
2026-01-05,北区(あいの里),snowdepth,9.0,published; reference periods in source notes,https://www.city.sapporo.jp/kensetsu/yuki/documents/snowdepth_r08_0411.xls
2026-01-05,東区,snowdepth,13.0,published; reference periods in source notes,https://www.city.sapporo.jp/kensetsu/yuki/documents/snowdepth_r08_0411.xls
2026-01-05,白石区,snowdepth,14.0,published; reference periods in source notes,https://www.city.sapporo.jp/kensetsu/yuki/documents/snowdepth_r08_0411.xls
2026-01-05,厚別区,snowdepth,12.0,published; reference periods in source notes,https://www.city.sapporo.jp/kensetsu/yuki/documents/snowdepth_r08_0411.xls
2026-01-05,豊平区,snowdepth,23.0,published; reference periods in source notes,https://www.city.sapporo.jp/kensetsu/yuki/documents/snowdepth_r08_0411.xls
2026-01-05,清田区,snowdepth,22.0,published; reference periods in source notes,https://www.city.sapporo.jp/kensetsu/yuki/documents/snowdepth_r08_0411.xls
2026-01-05,南区(南31条西8丁目),snowdepth,23.0,published; reference periods in source notes,https://www.city.sapporo.jp/kensetsu/yuki/documents/snowdepth_r08_0411.xls
2026-01-05,南区(定山渓),snowdepth,57.0,published; reference periods in source notes,https://www.city.sapporo.jp/kensetsu/yuki/documents/snowdepth_r08_0411.xls
2026-01-05,西区(西野),snowdepth,33.0,published; reference periods in source notes,https://www.city.sapporo.jp/kensetsu/yuki/documents/snowdepth_r08_0411.xls
2026-01-05,西区(平和),snowdepth,60.0,published; reference periods in source notes,https://www.city.sapporo.jp/kensetsu/yuki/documents/snowdepth_r08_0411.xls
2026-01-05,手稲区,snowdepth,22.0,published; reference periods in source notes,https://www.city.sapporo.jp/kensetsu/yuki/documents/snowdepth_r08_0411.xls
2026-01-06,中央区,snowdepth,16.0,published; reference periods in source notes,https://www.city.sapporo.jp/kensetsu/yuki/documents/snowdepth_r08_0411.xls
2026-01-06,北区(太平),snowdepth,16.0,published; reference periods in source notes,https://www.city.sapporo.jp/kensetsu/yuki/documents/snowdepth_r08_0411.xls
2026-01-06,北区(あいの里),snowdepth,13.0,published; reference periods in source notes,https://www.city.sapporo.jp/kensetsu/yuki/documents/snowdepth_r08_0411.xls
2026-01-06,東区,snowdepth,13.0,published; reference periods in source notes,https://www.city.sapporo.jp/kensetsu/yuki/documents/snowdepth_r08_0411.xls
2026-01-06,白石区,snowdepth,12.0,published; reference periods in source notes,https://www.city.sapporo.jp/kensetsu/yuki/documents/snowdepth_r08_0411.xls
2026-01-06,厚別区,snowdepth,10.0,published; reference periods in source notes,https://www.city.sapporo.jp/kensetsu/yuki/documents/snowdepth_r08_0411.xls
2026-01-06,豊平区,snowdepth,22.0,published; reference periods in source notes,https://www.city.sapporo.jp/kensetsu/yuki/documents/snowdepth_r08_0411.xls
2026-01-06,清田区,snowdepth,20.0,published; reference periods in source notes,https://www.city.sapporo.jp/kensetsu/yuki/documents/snowdepth_r08_0411.xls
2026-01-06,南区(南31条西8丁目),snowdepth,21.0,published; reference periods in source notes,https://www.city.sapporo.jp/kensetsu/yuki/documents/snowdepth_r08_0411.xls
2026-01-06,南区(定山渓),snowdepth,53.0,published; reference periods in source notes,https://www.city.sapporo.jp/kensetsu/yuki/documents/snowdepth_r08_0411.xls
2026-01-06,西区(西野),snowdepth,30.0,published; reference periods in source notes,https://www.city.sapporo.jp/kensetsu/yuki/documents/snowdepth_r08_0411.xls
2026-01-06,西区(平和),snowdepth,56.0,published; reference periods in source notes,https://www.city.sapporo.jp/kensetsu/yuki/documents/snowdepth_r08_0411.xls
2026-01-06,手稲区,snowdepth,20.0,published; reference periods in source notes,https://www.city.sapporo.jp/kensetsu/yuki/documents/snowdepth_r08_0411.xls
2026-01-07,中央区,snowdepth,15.0,published; reference periods in source notes,https://www.city.sapporo.jp/kensetsu/yuki/documents/snowdepth_r08_0411.xls
2026-01-07,北区(太平),snowdepth,14.0,published; reference periods in source notes,https://www.city.sapporo.jp/kensetsu/yuki/documents/snowdepth_r08_0411.xls
2026-01-07,北区(あいの里),snowdepth,13.0,published; reference periods in source notes,https://www.city.sapporo.jp/kensetsu/yuki/documents/snowdepth_r08_0411.xls
2026-01-07,東区,snowdepth,12.0,published; reference periods in source notes,https://www.city.sapporo.jp/kensetsu/yuki/documents/snowdepth_r08_0411.xls
2026-01-07,白石区,snowdepth,11.0,published; reference periods in source notes,https://www.city.sapporo.jp/kensetsu/yuki/documents/snowdepth_r08_0411.xls
2026-01-07,厚別区,snowdepth,9.0,published; reference periods in source notes,https://www.city.sapporo.jp/kensetsu/yuki/documents/snowdepth_r08_0411.xls
2026-01-07,豊平区,snowdepth,21.0,published; reference periods in source notes,https://www.city.sapporo.jp/kensetsu/yuki/documents/snowdepth_r08_0411.xls
2026-01-07,清田区,snowdepth,19.0,published; reference periods in source notes,https://www.city.sapporo.jp/kensetsu/yuki/documents/snowdepth_r08_0411.xls
2026-01-07,南区(南31条西8丁目),snowdepth,21.0,published; reference periods in source notes,https://www.city.sapporo.jp/kensetsu/yuki/documents/snowdepth_r08_0411.xls
2026-01-07,南区(定山渓),snowdepth,50.0,published; reference periods in source notes,https://www.city.sapporo.jp/kensetsu/yuki/documents/snowdepth_r08_0411.xls
2026-01-07,西区(西野),snowdepth,28.0,published; reference periods in source notes,https://www.city.sapporo.jp/kensetsu/yuki/documents/snowdepth_r08_0411.xls
2026-01-07,西区(平和),snowdepth,55.0,published; reference periods in source notes,https://www.city.sapporo.jp/kensetsu/yuki/documents/snowdepth_r08_0411.xls
2026-01-07,手稲区,snowdepth,20.0,published; reference periods in source notes,https://www.city.sapporo.jp/kensetsu/yuki/documents/snowdepth_r08_0411.xls
2026-01-08,中央区,snowdepth,35.0,published; reference periods in source notes,https://www.city.sapporo.jp/kensetsu/yuki/documents/snowdepth_r08_0411.xls
2026-01-08,北区(太平),snowdepth,30.0,published; reference periods in source notes,https://www.city.sapporo.jp/kensetsu/yuki/documents/snowdepth_r08_0411.xls
2026-01-08,北区(あいの里),snowdepth,23.0,published; reference periods in source notes,https://www.city.sapporo.jp/kensetsu/yuki/documents/snowdepth_r08_0411.xls
2026-01-08,東区,snowdepth,29.0,published; reference periods in source notes,https://www.city.sapporo.jp/kensetsu/yuki/documents/snowdepth_r08_0411.xls
2026-01-08,白石区,snowdepth,23.0,published; reference periods in source notes,https://www.city.sapporo.jp/kensetsu/yuki/documents/snowdepth_r08_0411.xls
2026-01-08,厚別区,snowdepth,26.0,published; reference periods in source notes,https://www.city.sapporo.jp/kensetsu/yuki/documents/snowdepth_r08_0411.xls
2026-01-08,豊平区,snowdepth,38.0,published; reference periods in source notes,https://www.city.sapporo.jp/kensetsu/yuki/documents/snowdepth_r08_0411.xls
2026-01-08,清田区,snowdepth,37.0,published; reference periods in source notes,https://www.city.sapporo.jp/kensetsu/yuki/documents/snowdepth_r08_0411.xls
2026-01-08,南区(南31条西8丁目),snowdepth,42.0,published; reference periods in source notes,https://www.city.sapporo.jp/kensetsu/yuki/documents/snowdepth_r08_0411.xls
2026-01-08,南区(定山渓),snowdepth,58.0,published; reference periods in source notes,https://www.city.sapporo.jp/kensetsu/yuki/documents/snowdepth_r08_0411.xls
2026-01-08,西区(西野),snowdepth,49.0,published; reference periods in source notes,https://www.city.sapporo.jp/kensetsu/yuki/documents/snowdepth_r08_0411.xls
2026-01-08,西区(平和),snowdepth,74.0,published; reference periods in source notes,https://www.city.sapporo.jp/kensetsu/yuki/documents/snowdepth_r08_0411.xls
2026-01-08,手稲区,snowdepth,35.0,published; reference periods in source notes,https://www.city.sapporo.jp/kensetsu/yuki/documents/snowdepth_r08_0411.xls
2026-01-09,中央区,snowdepth,51.0,published; reference periods in source notes,https://www.city.sapporo.jp/kensetsu/yuki/documents/snowdepth_r08_0411.xls
2026-01-09,北区(太平),snowdepth,50.0,published; reference periods in source notes,https://www.city.sapporo.jp/kensetsu/yuki/documents/snowdepth_r08_0411.xls
2026-01-09,北区(あいの里),snowdepth,42.0,published; reference periods in source notes,https://www.city.sapporo.jp/kensetsu/yuki/documents/snowdepth_r08_0411.xls
2026-01-09,東区,snowdepth,50.0,published; reference periods in source notes,https://www.city.sapporo.jp/kensetsu/yuki/documents/snowdepth_r08_0411.xls
2026-01-09,白石区,snowdepth,47.0,published; reference periods in source notes,https://www.city.sapporo.jp/kensetsu/yuki/documents/snowdepth_r08_0411.xls
2026-01-09,厚別区,snowdepth,46.0,published; reference periods in source notes,https://www.city.sapporo.jp/kensetsu/yuki/documents/snowdepth_r08_0411.xls
2026-01-09,豊平区,snowdepth,51.0,published; reference periods in source notes,https://www.city.sapporo.jp/kensetsu/yuki/documents/snowdepth_r08_0411.xls
2026-01-09,清田区,snowdepth,56.0,published; reference periods in source notes,https://www.city.sapporo.jp/kensetsu/yuki/documents/snowdepth_r08_0411.xls
2026-01-09,南区(南31条西8丁目),snowdepth,51.0,published; reference periods in source notes,https://www.city.sapporo.jp/kensetsu/yuki/documents/snowdepth_r08_0411.xls
2026-01-09,南区(定山渓),snowdepth,57.0,published; reference periods in source notes,https://www.city.sapporo.jp/kensetsu/yuki/documents/snowdepth_r08_0411.xls
2026-01-09,西区(西野),snowdepth,61.0,published; reference periods in source notes,https://www.city.sapporo.jp/kensetsu/yuki/documents/snowdepth_r08_0411.xls
2026-01-09,西区(平和),snowdepth,79.0,published; reference periods in source notes,https://www.city.sapporo.jp/kensetsu/yuki/documents/snowdepth_r08_0411.xls
2026-01-09,手稲区,snowdepth,54.0,published; reference periods in source notes,https://www.city.sapporo.jp/kensetsu/yuki/documents/snowdepth_r08_0411.xls
2026-01-10,中央区,snowdepth,44.0,published; reference periods in source notes,https://www.city.sapporo.jp/kensetsu/yuki/documents/snowdepth_r08_0411.xls
2026-01-10,北区(太平),snowdepth,41.0,published; reference periods in source notes,https://www.city.sapporo.jp/kensetsu/yuki/documents/snowdepth_r08_0411.xls
2026-01-10,北区(あいの里),snowdepth,33.0,published; reference periods in source notes,https://www.city.sapporo.jp/kensetsu/yuki/documents/snowdepth_r08_0411.xls
2026-01-10,東区,snowdepth,42.0,published; reference periods in source notes,https://www.city.sapporo.jp/kensetsu/yuki/documents/snowdepth_r08_0411.xls
2026-01-10,白石区,snowdepth,38.0,published; reference periods in source notes,https://www.city.sapporo.jp/kensetsu/yuki/documents/snowdepth_r08_0411.xls
2026-01-10,厚別区,snowdepth,39.0,published; reference periods in source notes,https://www.city.sapporo.jp/kensetsu/yuki/documents/snowdepth_r08_0411.xls
2026-01-10,豊平区,snowdepth,44.0,published; reference periods in source notes,https://www.city.sapporo.jp/kensetsu/yuki/documents/snowdepth_r08_0411.xls
2026-01-10,清田区,snowdepth,48.0,published; reference periods in source notes,https://www.city.sapporo.jp/kensetsu/yuki/documents/snowdepth_r08_0411.xls
2026-01-10,南区(南31条西8丁目),snowdepth,45.0,published; reference periods in source notes,https://www.city.sapporo.jp/kensetsu/yuki/documents/snowdepth_r08_0411.xls
2026-01-10,南区(定山渓),snowdepth,56.0,published; reference periods in source notes,https://www.city.sapporo.jp/kensetsu/yuki/documents/snowdepth_r08_0411.xls
2026-01-10,西区(西野),snowdepth,52.0,published; reference periods in source notes,https://www.city.sapporo.jp/kensetsu/yuki/documents/snowdepth_r08_0411.xls
2026-01-10,西区(平和),snowdepth,73.0,published; reference periods in source notes,https://www.city.sapporo.jp/kensetsu/yuki/documents/snowdepth_r08_0411.xls
2026-01-10,手稲区,snowdepth,45.0,published; reference periods in source notes,https://www.city.sapporo.jp/kensetsu/yuki/documents/snowdepth_r08_0411.xls
2026-01-11,中央区,snowdepth,32.0,published; reference periods in source notes,https://www.city.sapporo.jp/kensetsu/yuki/documents/snowdepth_r08_0411.xls
2026-01-11,北区(太平),snowdepth,27.0,published; reference periods in source notes,https://www.city.sapporo.jp/kensetsu/yuki/documents/snowdepth_r08_0411.xls
2026-01-11,北区(あいの里),snowdepth,21.0,published; reference periods in source notes,https://www.city.sapporo.jp/kensetsu/yuki/documents/snowdepth_r08_0411.xls
2026-01-11,東区,snowdepth,25.0,published; reference periods in source notes,https://www.city.sapporo.jp/kensetsu/yuki/documents/snowdepth_r08_0411.xls
2026-01-11,白石区,snowdepth,22.0,published; reference periods in source notes,https://www.city.sapporo.jp/kensetsu/yuki/documents/snowdepth_r08_0411.xls
2026-01-11,厚別区,snowdepth,23.0,published; reference periods in source notes,https://www.city.sapporo.jp/kensetsu/yuki/documents/snowdepth_r08_0411.xls
2026-01-11,豊平区,snowdepth,34.0,published; reference periods in source notes,https://www.city.sapporo.jp/kensetsu/yuki/documents/snowdepth_r08_0411.xls
2026-01-11,清田区,snowdepth,35.0,published; reference periods in source notes,https://www.city.sapporo.jp/kensetsu/yuki/documents/snowdepth_r08_0411.xls
2026-01-11,南区(南31条西8丁目),snowdepth,34.0,published; reference periods in source notes,https://www.city.sapporo.jp/kensetsu/yuki/documents/snowdepth_r08_0411.xls
2026-01-11,南区(定山渓),snowdepth,58.0,published; reference periods in source notes,https://www.city.sapporo.jp/kensetsu/yuki/documents/snowdepth_r08_0411.xls
2026-01-11,西区(西野),snowdepth,39.0,published; reference periods in source notes,https://www.city.sapporo.jp/kensetsu/yuki/documents/snowdepth_r08_0411.xls
2026-01-11,西区(平和),snowdepth,67.0,published; reference periods in source notes,https://www.city.sapporo.jp/kensetsu/yuki/documents/snowdepth_r08_0411.xls
2026-01-11,手稲区,snowdepth,28.0,published; reference periods in source notes,https://www.city.sapporo.jp/kensetsu/yuki/documents/snowdepth_r08_0411.xls
2026-01-12,中央区,snowdepth,38.0,published; reference periods in source notes,https://www.city.sapporo.jp/kensetsu/yuki/documents/snowdepth_r08_0411.xls
2026-01-12,北区(太平),snowdepth,38.0,published; reference periods in source notes,https://www.city.sapporo.jp/kensetsu/yuki/documents/snowdepth_r08_0411.xls
2026-01-12,北区(あいの里),snowdepth,19.0,published; reference periods in source notes,https://www.city.sapporo.jp/kensetsu/yuki/documents/snowdepth_r08_0411.xls
2026-01-12,東区,snowdepth,45.0,published; reference periods in source notes,https://www.city.sapporo.jp/kensetsu/yuki/documents/snowdepth_r08_0411.xls
2026-01-12,白石区,snowdepth,44.0,published; reference periods in source notes,https://www.city.sapporo.jp/kensetsu/yuki/documents/snowdepth_r08_0411.xls
2026-01-12,厚別区,snowdepth,49.0,published; reference periods in source notes,https://www.city.sapporo.jp/kensetsu/yuki/documents/snowdepth_r08_0411.xls
2026-01-12,豊平区,snowdepth,47.0,published; reference periods in source notes,https://www.city.sapporo.jp/kensetsu/yuki/documents/snowdepth_r08_0411.xls
2026-01-12,清田区,snowdepth,45.0,published; reference periods in source notes,https://www.city.sapporo.jp/kensetsu/yuki/documents/snowdepth_r08_0411.xls
2026-01-12,南区(南31条西8丁目),snowdepth,42.0,published; reference periods in source notes,https://www.city.sapporo.jp/kensetsu/yuki/documents/snowdepth_r08_0411.xls
2026-01-12,南区(定山渓),snowdepth,58.0,published; reference periods in source notes,https://www.city.sapporo.jp/kensetsu/yuki/documents/snowdepth_r08_0411.xls
2026-01-12,西区(西野),snowdepth,54.0,published; reference periods in source notes,https://www.city.sapporo.jp/kensetsu/yuki/documents/snowdepth_r08_0411.xls
2026-01-12,西区(平和),snowdepth,77.0,published; reference periods in source notes,https://www.city.sapporo.jp/kensetsu/yuki/documents/snowdepth_r08_0411.xls
2026-01-12,手稲区,snowdepth,48.0,published; reference periods in source notes,https://www.city.sapporo.jp/kensetsu/yuki/documents/snowdepth_r08_0411.xls
2026-01-13,中央区,snowdepth,35.0,published; reference periods in source notes,https://www.city.sapporo.jp/kensetsu/yuki/documents/snowdepth_r08_0411.xls
2026-01-13,北区(太平),snowdepth,35.0,published; reference periods in source notes,https://www.city.sapporo.jp/kensetsu/yuki/documents/snowdepth_r08_0411.xls
2026-01-13,北区(あいの里),snowdepth,21.0,published; reference periods in source notes,https://www.city.sapporo.jp/kensetsu/yuki/documents/snowdepth_r08_0411.xls
2026-01-13,東区,snowdepth,39.0,published; reference periods in source notes,https://www.city.sapporo.jp/kensetsu/yuki/documents/snowdepth_r08_0411.xls
2026-01-13,白石区,snowdepth,35.0,published; reference periods in source notes,https://www.city.sapporo.jp/kensetsu/yuki/documents/snowdepth_r08_0411.xls
2026-01-13,厚別区,snowdepth,42.0,published; reference periods in source notes,https://www.city.sapporo.jp/kensetsu/yuki/documents/snowdepth_r08_0411.xls
2026-01-13,豊平区,snowdepth,42.0,published; reference periods in source notes,https://www.city.sapporo.jp/kensetsu/yuki/documents/snowdepth_r08_0411.xls
2026-01-13,清田区,snowdepth,39.0,published; reference periods in source notes,https://www.city.sapporo.jp/kensetsu/yuki/documents/snowdepth_r08_0411.xls
2026-01-13,南区(南31条西8丁目),snowdepth,38.0,published; reference periods in source notes,https://www.city.sapporo.jp/kensetsu/yuki/documents/snowdepth_r08_0411.xls
2026-01-13,南区(定山渓),snowdepth,62.0,published; reference periods in source notes,https://www.city.sapporo.jp/kensetsu/yuki/documents/snowdepth_r08_0411.xls
2026-01-13,西区(西野),snowdepth,53.0,published; reference periods in source notes,https://www.city.sapporo.jp/kensetsu/yuki/documents/snowdepth_r08_0411.xls
2026-01-13,西区(平和),snowdepth,81.0,published; reference periods in source notes,https://www.city.sapporo.jp/kensetsu/yuki/documents/snowdepth_r08_0411.xls
2026-01-13,手稲区,snowdepth,45.0,published; reference periods in source notes,https://www.city.sapporo.jp/kensetsu/yuki/documents/snowdepth_r08_0411.xls
2026-01-14,中央区,snowdepth,43.0,published; reference periods in source notes,https://www.city.sapporo.jp/kensetsu/yuki/documents/snowdepth_r08_0411.xls
2026-01-14,北区(太平),snowdepth,44.0,published; reference periods in source notes,https://www.city.sapporo.jp/kensetsu/yuki/documents/snowdepth_r08_0411.xls
2026-01-14,北区(あいの里),snowdepth,24.0,published; reference periods in source notes,https://www.city.sapporo.jp/kensetsu/yuki/documents/snowdepth_r08_0411.xls
2026-01-14,東区,snowdepth,51.0,published; reference periods in source notes,https://www.city.sapporo.jp/kensetsu/yuki/documents/snowdepth_r08_0411.xls
2026-01-14,白石区,snowdepth,50.0,published; reference periods in source notes,https://www.city.sapporo.jp/kensetsu/yuki/documents/snowdepth_r08_0411.xls
2026-01-14,厚別区,snowdepth,55.0,published; reference periods in source notes,https://www.city.sapporo.jp/kensetsu/yuki/documents/snowdepth_r08_0411.xls
2026-01-14,豊平区,snowdepth,57.0,published; reference periods in source notes,https://www.city.sapporo.jp/kensetsu/yuki/documents/snowdepth_r08_0411.xls
2026-01-14,清田区,snowdepth,56.0,published; reference periods in source notes,https://www.city.sapporo.jp/kensetsu/yuki/documents/snowdepth_r08_0411.xls
2026-01-14,南区(南31条西8丁目),snowdepth,52.0,published; reference periods in source notes,https://www.city.sapporo.jp/kensetsu/yuki/documents/snowdepth_r08_0411.xls
2026-01-14,南区(定山渓),snowdepth,82.0,published; reference periods in source notes,https://www.city.sapporo.jp/kensetsu/yuki/documents/snowdepth_r08_0411.xls
2026-01-14,西区(西野),snowdepth,62.0,published; reference periods in source notes,https://www.city.sapporo.jp/kensetsu/yuki/documents/snowdepth_r08_0411.xls
2026-01-14,西区(平和),snowdepth,92.0,published; reference periods in source notes,https://www.city.sapporo.jp/kensetsu/yuki/documents/snowdepth_r08_0411.xls
2026-01-14,手稲区,snowdepth,65.0,published; reference periods in source notes,https://www.city.sapporo.jp/kensetsu/yuki/documents/snowdepth_r08_0411.xls
2026-01-15,中央区,snowdepth,40.0,published; reference periods in source notes,https://www.city.sapporo.jp/kensetsu/yuki/documents/snowdepth_r08_0411.xls
2026-01-15,北区(太平),snowdepth,40.0,published; reference periods in source notes,https://www.city.sapporo.jp/kensetsu/yuki/documents/snowdepth_r08_0411.xls
2026-01-15,北区(あいの里),snowdepth,23.0,published; reference periods in source notes,https://www.city.sapporo.jp/kensetsu/yuki/documents/snowdepth_r08_0411.xls
2026-01-15,東区,snowdepth,46.0,published; reference periods in source notes,https://www.city.sapporo.jp/kensetsu/yuki/documents/snowdepth_r08_0411.xls
2026-01-15,白石区,snowdepth,46.0,published; reference periods in source notes,https://www.city.sapporo.jp/kensetsu/yuki/documents/snowdepth_r08_0411.xls
2026-01-15,厚別区,snowdepth,54.0,published; reference periods in source notes,https://www.city.sapporo.jp/kensetsu/yuki/documents/snowdepth_r08_0411.xls
2026-01-15,豊平区,snowdepth,53.0,published; reference periods in source notes,https://www.city.sapporo.jp/kensetsu/yuki/documents/snowdepth_r08_0411.xls
2026-01-15,清田区,snowdepth,51.0,published; reference periods in source notes,https://www.city.sapporo.jp/kensetsu/yuki/documents/snowdepth_r08_0411.xls
2026-01-15,南区(南31条西8丁目),snowdepth,48.0,published; reference periods in source notes,https://www.city.sapporo.jp/kensetsu/yuki/documents/snowdepth_r08_0411.xls
2026-01-15,南区(定山渓),snowdepth,81.0,published; reference periods in source notes,https://www.city.sapporo.jp/kensetsu/yuki/documents/snowdepth_r08_0411.xls
2026-01-15,西区(西野),snowdepth,56.0,published; reference periods in source notes,https://www.city.sapporo.jp/kensetsu/yuki/documents/snowdepth_r08_0411.xls
2026-01-15,西区(平和),snowdepth,89.0,published; reference periods in source notes,https://www.city.sapporo.jp/kensetsu/yuki/documents/snowdepth_r08_0411.xls
2026-01-15,手稲区,snowdepth,58.0,published; reference periods in source notes,https://www.city.sapporo.jp/kensetsu/yuki/documents/snowdepth_r08_0411.xls
2026-01-16,中央区,snowdepth,37.0,published; reference periods in source notes,https://www.city.sapporo.jp/kensetsu/yuki/documents/snowdepth_r08_0411.xls
2026-01-16,北区(太平),snowdepth,38.0,published; reference periods in source notes,https://www.city.sapporo.jp/kensetsu/yuki/documents/snowdepth_r08_0411.xls
2026-01-16,北区(あいの里),snowdepth,21.0,published; reference periods in source notes,https://www.city.sapporo.jp/kensetsu/yuki/documents/snowdepth_r08_0411.xls
2026-01-16,東区,snowdepth,42.0,published; reference periods in source notes,https://www.city.sapporo.jp/kensetsu/yuki/documents/snowdepth_r08_0411.xls
2026-01-16,白石区,snowdepth,41.0,published; reference periods in source notes,https://www.city.sapporo.jp/kensetsu/yuki/documents/snowdepth_r08_0411.xls
2026-01-16,厚別区,snowdepth,49.0,published; reference periods in source notes,https://www.city.sapporo.jp/kensetsu/yuki/documents/snowdepth_r08_0411.xls
2026-01-16,豊平区,snowdepth,50.0,published; reference periods in source notes,https://www.city.sapporo.jp/kensetsu/yuki/documents/snowdepth_r08_0411.xls
2026-01-16,清田区,snowdepth,49.0,published; reference periods in source notes,https://www.city.sapporo.jp/kensetsu/yuki/documents/snowdepth_r08_0411.xls
2026-01-16,南区(南31条西8丁目),snowdepth,45.0,published; reference periods in source notes,https://www.city.sapporo.jp/kensetsu/yuki/documents/snowdepth_r08_0411.xls
2026-01-16,南区(定山渓),snowdepth,74.0,published; reference periods in source notes,https://www.city.sapporo.jp/kensetsu/yuki/documents/snowdepth_r08_0411.xls
2026-01-16,西区(西野),snowdepth,52.0,published; reference periods in source notes,https://www.city.sapporo.jp/kensetsu/yuki/documents/snowdepth_r08_0411.xls
2026-01-16,西区(平和),snowdepth,83.0,published; reference periods in source notes,https://www.city.sapporo.jp/kensetsu/yuki/documents/snowdepth_r08_0411.xls
2026-01-16,手稲区,snowdepth,55.0,published; reference periods in source notes,https://www.city.sapporo.jp/kensetsu/yuki/documents/snowdepth_r08_0411.xls
2026-01-17,中央区,snowdepth,34.0,published; reference periods in source notes,https://www.city.sapporo.jp/kensetsu/yuki/documents/snowdepth_r08_0411.xls
2026-01-17,北区(太平),snowdepth,36.0,published; reference periods in source notes,https://www.city.sapporo.jp/kensetsu/yuki/documents/snowdepth_r08_0411.xls
2026-01-17,北区(あいの里),snowdepth,20.0,published; reference periods in source notes,https://www.city.sapporo.jp/kensetsu/yuki/documents/snowdepth_r08_0411.xls
2026-01-17,東区,snowdepth,40.0,published; reference periods in source notes,https://www.city.sapporo.jp/kensetsu/yuki/documents/snowdepth_r08_0411.xls
2026-01-17,白石区,snowdepth,38.0,published; reference periods in source notes,https://www.city.sapporo.jp/kensetsu/yuki/documents/snowdepth_r08_0411.xls
2026-01-17,厚別区,snowdepth,46.0,published; reference periods in source notes,https://www.city.sapporo.jp/kensetsu/yuki/documents/snowdepth_r08_0411.xls
2026-01-17,豊平区,snowdepth,47.0,published; reference periods in source notes,https://www.city.sapporo.jp/kensetsu/yuki/documents/snowdepth_r08_0411.xls
2026-01-17,清田区,snowdepth,47.0,published; reference periods in source notes,https://www.city.sapporo.jp/kensetsu/yuki/documents/snowdepth_r08_0411.xls
2026-01-17,南区(南31条西8丁目),snowdepth,42.0,published; reference periods in source notes,https://www.city.sapporo.jp/kensetsu/yuki/documents/snowdepth_r08_0411.xls
2026-01-17,南区(定山渓),snowdepth,69.0,published; reference periods in source notes,https://www.city.sapporo.jp/kensetsu/yuki/documents/snowdepth_r08_0411.xls
2026-01-17,西区(西野),snowdepth,49.0,published; reference periods in source notes,https://www.city.sapporo.jp/kensetsu/yuki/documents/snowdepth_r08_0411.xls
2026-01-17,西区(平和),snowdepth,80.0,published; reference periods in source notes,https://www.city.sapporo.jp/kensetsu/yuki/documents/snowdepth_r08_0411.xls
2026-01-17,手稲区,snowdepth,51.0,published; reference periods in source notes,https://www.city.sapporo.jp/kensetsu/yuki/documents/snowdepth_r08_0411.xls
2026-01-18,中央区,snowdepth,43.0,published; reference periods in source notes,https://www.city.sapporo.jp/kensetsu/yuki/documents/snowdepth_r08_0411.xls
2026-01-18,北区(太平),snowdepth,37.0,published; reference periods in source notes,https://www.city.sapporo.jp/kensetsu/yuki/documents/snowdepth_r08_0411.xls
2026-01-18,北区(あいの里),snowdepth,24.0,published; reference periods in source notes,https://www.city.sapporo.jp/kensetsu/yuki/documents/snowdepth_r08_0411.xls
2026-01-18,東区,snowdepth,41.0,published; reference periods in source notes,https://www.city.sapporo.jp/kensetsu/yuki/documents/snowdepth_r08_0411.xls
2026-01-18,白石区,snowdepth,40.0,published; reference periods in source notes,https://www.city.sapporo.jp/kensetsu/yuki/documents/snowdepth_r08_0411.xls
2026-01-18,厚別区,snowdepth,47.0,published; reference periods in source notes,https://www.city.sapporo.jp/kensetsu/yuki/documents/snowdepth_r08_0411.xls
2026-01-18,豊平区,snowdepth,57.0,published; reference periods in source notes,https://www.city.sapporo.jp/kensetsu/yuki/documents/snowdepth_r08_0411.xls
2026-01-18,清田区,snowdepth,52.0,published; reference periods in source notes,https://www.city.sapporo.jp/kensetsu/yuki/documents/snowdepth_r08_0411.xls
2026-01-18,南区(南31条西8丁目),snowdepth,51.0,published; reference periods in source notes,https://www.city.sapporo.jp/kensetsu/yuki/documents/snowdepth_r08_0411.xls
2026-01-18,南区(定山渓),snowdepth,76.0,published; reference periods in source notes,https://www.city.sapporo.jp/kensetsu/yuki/documents/snowdepth_r08_0411.xls
2026-01-18,西区(西野),snowdepth,60.0,published; reference periods in source notes,https://www.city.sapporo.jp/kensetsu/yuki/documents/snowdepth_r08_0411.xls
2026-01-18,西区(平和),snowdepth,99.0,published; reference periods in source notes,https://www.city.sapporo.jp/kensetsu/yuki/documents/snowdepth_r08_0411.xls
2026-01-18,手稲区,snowdepth,55.0,published; reference periods in source notes,https://www.city.sapporo.jp/kensetsu/yuki/documents/snowdepth_r08_0411.xls
2026-01-19,中央区,snowdepth,39.0,published; reference periods in source notes,https://www.city.sapporo.jp/kensetsu/yuki/documents/snowdepth_r08_0411.xls
2026-01-19,北区(太平),snowdepth,36.0,published; reference periods in source notes,https://www.city.sapporo.jp/kensetsu/yuki/documents/snowdepth_r08_0411.xls
2026-01-19,北区(あいの里),snowdepth,22.0,published; reference periods in source notes,https://www.city.sapporo.jp/kensetsu/yuki/documents/snowdepth_r08_0411.xls
2026-01-19,東区,snowdepth,39.0,published; reference periods in source notes,https://www.city.sapporo.jp/kensetsu/yuki/documents/snowdepth_r08_0411.xls
2026-01-19,白石区,snowdepth,37.0,published; reference periods in source notes,https://www.city.sapporo.jp/kensetsu/yuki/documents/snowdepth_r08_0411.xls
2026-01-19,厚別区,snowdepth,44.0,published; reference periods in source notes,https://www.city.sapporo.jp/kensetsu/yuki/documents/snowdepth_r08_0411.xls
2026-01-19,豊平区,snowdepth,52.0,published; reference periods in source notes,https://www.city.sapporo.jp/kensetsu/yuki/documents/snowdepth_r08_0411.xls
2026-01-19,清田区,snowdepth,50.0,published; reference periods in source notes,https://www.city.sapporo.jp/kensetsu/yuki/documents/snowdepth_r08_0411.xls
2026-01-19,南区(南31条西8丁目),snowdepth,47.0,published; reference periods in source notes,https://www.city.sapporo.jp/kensetsu/yuki/documents/snowdepth_r08_0411.xls
2026-01-19,南区(定山渓),snowdepth,71.0,published; reference periods in source notes,https://www.city.sapporo.jp/kensetsu/yuki/documents/snowdepth_r08_0411.xls
2026-01-19,西区(西野),snowdepth,55.0,published; reference periods in source notes,https://www.city.sapporo.jp/kensetsu/yuki/documents/snowdepth_r08_0411.xls
2026-01-19,西区(平和),snowdepth,91.0,published; reference periods in source notes,https://www.city.sapporo.jp/kensetsu/yuki/documents/snowdepth_r08_0411.xls
2026-01-19,手稲区,snowdepth,53.0,published; reference periods in source notes,https://www.city.sapporo.jp/kensetsu/yuki/documents/snowdepth_r08_0411.xls
2026-01-20,中央区,snowdepth,39.0,published; reference periods in source notes,https://www.city.sapporo.jp/kensetsu/yuki/documents/snowdepth_r08_0411.xls
2026-01-20,北区(太平),snowdepth,36.0,published; reference periods in source notes,https://www.city.sapporo.jp/kensetsu/yuki/documents/snowdepth_r08_0411.xls
2026-01-20,北区(あいの里),snowdepth,19.0,published; reference periods in source notes,https://www.city.sapporo.jp/kensetsu/yuki/documents/snowdepth_r08_0411.xls
2026-01-20,東区,snowdepth,40.0,published; reference periods in source notes,https://www.city.sapporo.jp/kensetsu/yuki/documents/snowdepth_r08_0411.xls
2026-01-20,白石区,snowdepth,37.0,published; reference periods in source notes,https://www.city.sapporo.jp/kensetsu/yuki/documents/snowdepth_r08_0411.xls
2026-01-20,厚別区,snowdepth,45.0,published; reference periods in source notes,https://www.city.sapporo.jp/kensetsu/yuki/documents/snowdepth_r08_0411.xls
2026-01-20,豊平区,snowdepth,51.0,published; reference periods in source notes,https://www.city.sapporo.jp/kensetsu/yuki/documents/snowdepth_r08_0411.xls
2026-01-20,清田区,snowdepth,50.0,published; reference periods in source notes,https://www.city.sapporo.jp/kensetsu/yuki/documents/snowdepth_r08_0411.xls
2026-01-20,南区(南31条西8丁目),snowdepth,46.0,published; reference periods in source notes,https://www.city.sapporo.jp/kensetsu/yuki/documents/snowdepth_r08_0411.xls
2026-01-20,南区(定山渓),snowdepth,77.0,published; reference periods in source notes,https://www.city.sapporo.jp/kensetsu/yuki/documents/snowdepth_r08_0411.xls
2026-01-20,西区(西野),snowdepth,53.0,published; reference periods in source notes,https://www.city.sapporo.jp/kensetsu/yuki/documents/snowdepth_r08_0411.xls
2026-01-20,西区(平和),snowdepth,89.0,published; reference periods in source notes,https://www.city.sapporo.jp/kensetsu/yuki/documents/snowdepth_r08_0411.xls
2026-01-20,手稲区,snowdepth,53.0,published; reference periods in source notes,https://www.city.sapporo.jp/kensetsu/yuki/documents/snowdepth_r08_0411.xls
2026-01-21,中央区,snowdepth,51.0,published; reference periods in source notes,https://www.city.sapporo.jp/kensetsu/yuki/documents/snowdepth_r08_0411.xls
2026-01-21,北区(太平),snowdepth,44.0,published; reference periods in source notes,https://www.city.sapporo.jp/kensetsu/yuki/documents/snowdepth_r08_0411.xls
2026-01-21,北区(あいの里),snowdepth,26.0,published; reference periods in source notes,https://www.city.sapporo.jp/kensetsu/yuki/documents/snowdepth_r08_0411.xls
2026-01-21,東区,snowdepth,47.0,published; reference periods in source notes,https://www.city.sapporo.jp/kensetsu/yuki/documents/snowdepth_r08_0411.xls
2026-01-21,白石区,snowdepth,45.0,published; reference periods in source notes,https://www.city.sapporo.jp/kensetsu/yuki/documents/snowdepth_r08_0411.xls
2026-01-21,厚別区,snowdepth,51.0,published; reference periods in source notes,https://www.city.sapporo.jp/kensetsu/yuki/documents/snowdepth_r08_0411.xls
2026-01-21,豊平区,snowdepth,62.0,published; reference periods in source notes,https://www.city.sapporo.jp/kensetsu/yuki/documents/snowdepth_r08_0411.xls
2026-01-21,清田区,snowdepth,61.0,published; reference periods in source notes,https://www.city.sapporo.jp/kensetsu/yuki/documents/snowdepth_r08_0411.xls
2026-01-21,南区(南31条西8丁目),snowdepth,59.0,published; reference periods in source notes,https://www.city.sapporo.jp/kensetsu/yuki/documents/snowdepth_r08_0411.xls
2026-01-21,南区(定山渓),snowdepth,80.0,published; reference periods in source notes,https://www.city.sapporo.jp/kensetsu/yuki/documents/snowdepth_r08_0411.xls
2026-01-21,西区(西野),snowdepth,65.0,published; reference periods in source notes,https://www.city.sapporo.jp/kensetsu/yuki/documents/snowdepth_r08_0411.xls
2026-01-21,西区(平和),snowdepth,98.0,published; reference periods in source notes,https://www.city.sapporo.jp/kensetsu/yuki/documents/snowdepth_r08_0411.xls
2026-01-21,手稲区,snowdepth,63.0,published; reference periods in source notes,https://www.city.sapporo.jp/kensetsu/yuki/documents/snowdepth_r08_0411.xls
2026-01-22,中央区,snowdepth,61.0,published; reference periods in source notes,https://www.city.sapporo.jp/kensetsu/yuki/documents/snowdepth_r08_0411.xls
2026-01-22,北区(太平),snowdepth,83.0,published; reference periods in source notes,https://www.city.sapporo.jp/kensetsu/yuki/documents/snowdepth_r08_0411.xls
2026-01-22,北区(あいの里),snowdepth,36.0,published; reference periods in source notes,https://www.city.sapporo.jp/kensetsu/yuki/documents/snowdepth_r08_0411.xls
2026-01-22,東区,snowdepth,80.0,published; reference periods in source notes,https://www.city.sapporo.jp/kensetsu/yuki/documents/snowdepth_r08_0411.xls
2026-01-22,白石区,snowdepth,63.0,published; reference periods in source notes,https://www.city.sapporo.jp/kensetsu/yuki/documents/snowdepth_r08_0411.xls
2026-01-22,厚別区,snowdepth,65.0,published; reference periods in source notes,https://www.city.sapporo.jp/kensetsu/yuki/documents/snowdepth_r08_0411.xls
2026-01-22,豊平区,snowdepth,69.0,published; reference periods in source notes,https://www.city.sapporo.jp/kensetsu/yuki/documents/snowdepth_r08_0411.xls
2026-01-22,清田区,snowdepth,70.0,published; reference periods in source notes,https://www.city.sapporo.jp/kensetsu/yuki/documents/snowdepth_r08_0411.xls
2026-01-22,南区(南31条西8丁目),snowdepth,62.0,published; reference periods in source notes,https://www.city.sapporo.jp/kensetsu/yuki/documents/snowdepth_r08_0411.xls
2026-01-22,南区(定山渓),snowdepth,77.0,published; reference periods in source notes,https://www.city.sapporo.jp/kensetsu/yuki/documents/snowdepth_r08_0411.xls
2026-01-22,西区(西野),snowdepth,73.0,published; reference periods in source notes,https://www.city.sapporo.jp/kensetsu/yuki/documents/snowdepth_r08_0411.xls
2026-01-22,西区(平和),snowdepth,101.0,published; reference periods in source notes,https://www.city.sapporo.jp/kensetsu/yuki/documents/snowdepth_r08_0411.xls
2026-01-22,手稲区,snowdepth,80.0,published; reference periods in source notes,https://www.city.sapporo.jp/kensetsu/yuki/documents/snowdepth_r08_0411.xls
2026-01-23,中央区,snowdepth,58.0,published; reference periods in source notes,https://www.city.sapporo.jp/kensetsu/yuki/documents/snowdepth_r08_0411.xls
2026-01-23,北区(太平),snowdepth,77.0,published; reference periods in source notes,https://www.city.sapporo.jp/kensetsu/yuki/documents/snowdepth_r08_0411.xls
2026-01-23,北区(あいの里),snowdepth,38.0,published; reference periods in source notes,https://www.city.sapporo.jp/kensetsu/yuki/documents/snowdepth_r08_0411.xls
2026-01-23,東区,snowdepth,72.0,published; reference periods in source notes,https://www.city.sapporo.jp/kensetsu/yuki/documents/snowdepth_r08_0411.xls
2026-01-23,白石区,snowdepth,58.0,published; reference periods in source notes,https://www.city.sapporo.jp/kensetsu/yuki/documents/snowdepth_r08_0411.xls
2026-01-23,厚別区,snowdepth,59.0,published; reference periods in source notes,https://www.city.sapporo.jp/kensetsu/yuki/documents/snowdepth_r08_0411.xls
2026-01-23,豊平区,snowdepth,67.0,published; reference periods in source notes,https://www.city.sapporo.jp/kensetsu/yuki/documents/snowdepth_r08_0411.xls
2026-01-23,清田区,snowdepth,65.0,published; reference periods in source notes,https://www.city.sapporo.jp/kensetsu/yuki/documents/snowdepth_r08_0411.xls
2026-01-23,南区(南31条西8丁目),snowdepth,60.0,published; reference periods in source notes,https://www.city.sapporo.jp/kensetsu/yuki/documents/snowdepth_r08_0411.xls
2026-01-23,南区(定山渓),snowdepth,75.0,published; reference periods in source notes,https://www.city.sapporo.jp/kensetsu/yuki/documents/snowdepth_r08_0411.xls
2026-01-23,西区(西野),snowdepth,71.0,published; reference periods in source notes,https://www.city.sapporo.jp/kensetsu/yuki/documents/snowdepth_r08_0411.xls
2026-01-23,西区(平和),snowdepth,97.0,published; reference periods in source notes,https://www.city.sapporo.jp/kensetsu/yuki/documents/snowdepth_r08_0411.xls
2026-01-23,手稲区,snowdepth,75.0,published; reference periods in source notes,https://www.city.sapporo.jp/kensetsu/yuki/documents/snowdepth_r08_0411.xls
2026-01-24,中央区,snowdepth,54.0,published; reference periods in source notes,https://www.city.sapporo.jp/kensetsu/yuki/documents/snowdepth_r08_0411.xls
2026-01-24,北区(太平),snowdepth,70.0,published; reference periods in source notes,https://www.city.sapporo.jp/kensetsu/yuki/documents/snowdepth_r08_0411.xls
2026-01-24,北区(あいの里),snowdepth,35.0,published; reference periods in source notes,https://www.city.sapporo.jp/kensetsu/yuki/documents/snowdepth_r08_0411.xls
2026-01-24,東区,snowdepth,65.0,published; reference periods in source notes,https://www.city.sapporo.jp/kensetsu/yuki/documents/snowdepth_r08_0411.xls
2026-01-24,白石区,snowdepth,53.0,published; reference periods in source notes,https://www.city.sapporo.jp/kensetsu/yuki/documents/snowdepth_r08_0411.xls
2026-01-24,厚別区,snowdepth,57.0,published; reference periods in source notes,https://www.city.sapporo.jp/kensetsu/yuki/documents/snowdepth_r08_0411.xls
2026-01-24,豊平区,snowdepth,62.0,published; reference periods in source notes,https://www.city.sapporo.jp/kensetsu/yuki/documents/snowdepth_r08_0411.xls
2026-01-24,清田区,snowdepth,62.0,published; reference periods in source notes,https://www.city.sapporo.jp/kensetsu/yuki/documents/snowdepth_r08_0411.xls
2026-01-24,南区(南31条西8丁目),snowdepth,56.0,published; reference periods in source notes,https://www.city.sapporo.jp/kensetsu/yuki/documents/snowdepth_r08_0411.xls
2026-01-24,南区(定山渓),snowdepth,73.0,published; reference periods in source notes,https://www.city.sapporo.jp/kensetsu/yuki/documents/snowdepth_r08_0411.xls
2026-01-24,西区(西野),snowdepth,66.0,published; reference periods in source notes,https://www.city.sapporo.jp/kensetsu/yuki/documents/snowdepth_r08_0411.xls
2026-01-24,西区(平和),snowdepth,93.0,published; reference periods in source notes,https://www.city.sapporo.jp/kensetsu/yuki/documents/snowdepth_r08_0411.xls
2026-01-24,手稲区,snowdepth,69.0,published; reference periods in source notes,https://www.city.sapporo.jp/kensetsu/yuki/documents/snowdepth_r08_0411.xls
2026-01-25,中央区,snowdepth,86.0,published; reference periods in source notes,https://www.city.sapporo.jp/kensetsu/yuki/documents/snowdepth_r08_0411.xls
2026-01-25,北区(太平),snowdepth,89.0,published; reference periods in source notes,https://www.city.sapporo.jp/kensetsu/yuki/documents/snowdepth_r08_0411.xls
2026-01-25,北区(あいの里),snowdepth,66.0,published; reference periods in source notes,https://www.city.sapporo.jp/kensetsu/yuki/documents/snowdepth_r08_0411.xls
2026-01-25,東区,snowdepth,88.0,published; reference periods in source notes,https://www.city.sapporo.jp/kensetsu/yuki/documents/snowdepth_r08_0411.xls
2026-01-25,白石区,snowdepth,78.0,published; reference periods in source notes,https://www.city.sapporo.jp/kensetsu/yuki/documents/snowdepth_r08_0411.xls
2026-01-25,厚別区,snowdepth,84.0,published; reference periods in source notes,https://www.city.sapporo.jp/kensetsu/yuki/documents/snowdepth_r08_0411.xls
2026-01-25,豊平区,snowdepth,95.0,published; reference periods in source notes,https://www.city.sapporo.jp/kensetsu/yuki/documents/snowdepth_r08_0411.xls
2026-01-25,清田区,snowdepth,89.0,published; reference periods in source notes,https://www.city.sapporo.jp/kensetsu/yuki/documents/snowdepth_r08_0411.xls
2026-01-25,南区(南31条西8丁目),snowdepth,90.0,published; reference periods in source notes,https://www.city.sapporo.jp/kensetsu/yuki/documents/snowdepth_r08_0411.xls
2026-01-25,南区(定山渓),snowdepth,87.0,published; reference periods in source notes,https://www.city.sapporo.jp/kensetsu/yuki/documents/snowdepth_r08_0411.xls
2026-01-25,西区(西野),snowdepth,94.0,published; reference periods in source notes,https://www.city.sapporo.jp/kensetsu/yuki/documents/snowdepth_r08_0411.xls
2026-01-25,西区(平和),snowdepth,119.0,published; reference periods in source notes,https://www.city.sapporo.jp/kensetsu/yuki/documents/snowdepth_r08_0411.xls
2026-01-25,手稲区,snowdepth,95.0,published; reference periods in source notes,https://www.city.sapporo.jp/kensetsu/yuki/documents/snowdepth_r08_0411.xls
2026-01-26,中央区,snowdepth,106.0,published; reference periods in source notes,https://www.city.sapporo.jp/kensetsu/yuki/documents/snowdepth_r08_0411.xls
2026-01-26,北区(太平),snowdepth,115.0,published; reference periods in source notes,https://www.city.sapporo.jp/kensetsu/yuki/documents/snowdepth_r08_0411.xls
2026-01-26,北区(あいの里),snowdepth,76.0,published; reference periods in source notes,https://www.city.sapporo.jp/kensetsu/yuki/documents/snowdepth_r08_0411.xls
2026-01-26,東区,snowdepth,112.0,published; reference periods in source notes,https://www.city.sapporo.jp/kensetsu/yuki/documents/snowdepth_r08_0411.xls
2026-01-26,白石区,snowdepth,101.0,published; reference periods in source notes,https://www.city.sapporo.jp/kensetsu/yuki/documents/snowdepth_r08_0411.xls
2026-01-26,厚別区,snowdepth,102.0,published; reference periods in source notes,https://www.city.sapporo.jp/kensetsu/yuki/documents/snowdepth_r08_0411.xls
2026-01-26,豊平区,snowdepth,111.0,published; reference periods in source notes,https://www.city.sapporo.jp/kensetsu/yuki/documents/snowdepth_r08_0411.xls
2026-01-26,清田区,snowdepth,107.0,published; reference periods in source notes,https://www.city.sapporo.jp/kensetsu/yuki/documents/snowdepth_r08_0411.xls
2026-01-26,南区(南31条西8丁目),snowdepth,99.0,published; reference periods in source notes,https://www.city.sapporo.jp/kensetsu/yuki/documents/snowdepth_r08_0411.xls
2026-01-26,南区(定山渓),snowdepth,86.0,published; reference periods in source notes,https://www.city.sapporo.jp/kensetsu/yuki/documents/snowdepth_r08_0411.xls
2026-01-26,西区(西野),snowdepth,108.0,published; reference periods in source notes,https://www.city.sapporo.jp/kensetsu/yuki/documents/snowdepth_r08_0411.xls
2026-01-26,西区(平和),snowdepth,125.0,published; reference periods in source notes,https://www.city.sapporo.jp/kensetsu/yuki/documents/snowdepth_r08_0411.xls
2026-01-26,手稲区,snowdepth,110.0,published; reference periods in source notes,https://www.city.sapporo.jp/kensetsu/yuki/documents/snowdepth_r08_0411.xls
2026-01-27,中央区,snowdepth,92.0,published; reference periods in source notes,https://www.city.sapporo.jp/kensetsu/yuki/documents/snowdepth_r08_0411.xls
2026-01-27,北区(太平),snowdepth,101.0,published; reference periods in source notes,https://www.city.sapporo.jp/kensetsu/yuki/documents/snowdepth_r08_0411.xls
2026-01-27,北区(あいの里),snowdepth,70.0,published; reference periods in source notes,https://www.city.sapporo.jp/kensetsu/yuki/documents/snowdepth_r08_0411.xls
2026-01-27,東区,snowdepth,100.0,published; reference periods in source notes,https://www.city.sapporo.jp/kensetsu/yuki/documents/snowdepth_r08_0411.xls
2026-01-27,白石区,snowdepth,89.0,published; reference periods in source notes,https://www.city.sapporo.jp/kensetsu/yuki/documents/snowdepth_r08_0411.xls
2026-01-27,厚別区,snowdepth,91.0,published; reference periods in source notes,https://www.city.sapporo.jp/kensetsu/yuki/documents/snowdepth_r08_0411.xls
2026-01-27,豊平区,snowdepth,98.0,published; reference periods in source notes,https://www.city.sapporo.jp/kensetsu/yuki/documents/snowdepth_r08_0411.xls
2026-01-27,清田区,snowdepth,95.0,published; reference periods in source notes,https://www.city.sapporo.jp/kensetsu/yuki/documents/snowdepth_r08_0411.xls
2026-01-27,南区(南31条西8丁目),snowdepth,88.0,published; reference periods in source notes,https://www.city.sapporo.jp/kensetsu/yuki/documents/snowdepth_r08_0411.xls
2026-01-27,南区(定山渓),snowdepth,81.0,published; reference periods in source notes,https://www.city.sapporo.jp/kensetsu/yuki/documents/snowdepth_r08_0411.xls
2026-01-27,西区(西野),snowdepth,97.0,published; reference periods in source notes,https://www.city.sapporo.jp/kensetsu/yuki/documents/snowdepth_r08_0411.xls
2026-01-27,西区(平和),snowdepth,115.0,published; reference periods in source notes,https://www.city.sapporo.jp/kensetsu/yuki/documents/snowdepth_r08_0411.xls
2026-01-27,手稲区,snowdepth,99.0,published; reference periods in source notes,https://www.city.sapporo.jp/kensetsu/yuki/documents/snowdepth_r08_0411.xls
2026-01-28,中央区,snowdepth,84.0,published; reference periods in source notes,https://www.city.sapporo.jp/kensetsu/yuki/documents/snowdepth_r08_0411.xls
2026-01-28,北区(太平),snowdepth,93.0,published; reference periods in source notes,https://www.city.sapporo.jp/kensetsu/yuki/documents/snowdepth_r08_0411.xls
2026-01-28,北区(あいの里),snowdepth,63.0,published; reference periods in source notes,https://www.city.sapporo.jp/kensetsu/yuki/documents/snowdepth_r08_0411.xls
2026-01-28,東区,snowdepth,92.0,published; reference periods in source notes,https://www.city.sapporo.jp/kensetsu/yuki/documents/snowdepth_r08_0411.xls
2026-01-28,白石区,snowdepth,81.0,published; reference periods in source notes,https://www.city.sapporo.jp/kensetsu/yuki/documents/snowdepth_r08_0411.xls
2026-01-28,厚別区,snowdepth,84.0,published; reference periods in source notes,https://www.city.sapporo.jp/kensetsu/yuki/documents/snowdepth_r08_0411.xls
2026-01-28,豊平区,snowdepth,92.0,published; reference periods in source notes,https://www.city.sapporo.jp/kensetsu/yuki/documents/snowdepth_r08_0411.xls
2026-01-28,清田区,snowdepth,89.0,published; reference periods in source notes,https://www.city.sapporo.jp/kensetsu/yuki/documents/snowdepth_r08_0411.xls
2026-01-28,南区(南31条西8丁目),snowdepth,82.0,published; reference periods in source notes,https://www.city.sapporo.jp/kensetsu/yuki/documents/snowdepth_r08_0411.xls
2026-01-28,南区(定山渓),snowdepth,79.0,published; reference periods in source notes,https://www.city.sapporo.jp/kensetsu/yuki/documents/snowdepth_r08_0411.xls
2026-01-28,西区(西野),snowdepth,90.0,published; reference periods in source notes,https://www.city.sapporo.jp/kensetsu/yuki/documents/snowdepth_r08_0411.xls
2026-01-28,西区(平和),snowdepth,109.0,published; reference periods in source notes,https://www.city.sapporo.jp/kensetsu/yuki/documents/snowdepth_r08_0411.xls
2026-01-28,手稲区,snowdepth,92.0,published; reference periods in source notes,https://www.city.sapporo.jp/kensetsu/yuki/documents/snowdepth_r08_0411.xls
2026-01-29,中央区,snowdepth,79.0,published; reference periods in source notes,https://www.city.sapporo.jp/kensetsu/yuki/documents/snowdepth_r08_0411.xls
2026-01-29,北区(太平),snowdepth,88.0,published; reference periods in source notes,https://www.city.sapporo.jp/kensetsu/yuki/documents/snowdepth_r08_0411.xls
2026-01-29,北区(あいの里),snowdepth,58.0,published; reference periods in source notes,https://www.city.sapporo.jp/kensetsu/yuki/documents/snowdepth_r08_0411.xls
2026-01-29,東区,snowdepth,86.0,published; reference periods in source notes,https://www.city.sapporo.jp/kensetsu/yuki/documents/snowdepth_r08_0411.xls
2026-01-29,白石区,snowdepth,75.0,published; reference periods in source notes,https://www.city.sapporo.jp/kensetsu/yuki/documents/snowdepth_r08_0411.xls
2026-01-29,厚別区,snowdepth,80.0,published; reference periods in source notes,https://www.city.sapporo.jp/kensetsu/yuki/documents/snowdepth_r08_0411.xls
2026-01-29,豊平区,snowdepth,86.0,published; reference periods in source notes,https://www.city.sapporo.jp/kensetsu/yuki/documents/snowdepth_r08_0411.xls
2026-01-29,清田区,snowdepth,85.0,published; reference periods in source notes,https://www.city.sapporo.jp/kensetsu/yuki/documents/snowdepth_r08_0411.xls
2026-01-29,南区(南31条西8丁目),snowdepth,78.0,published; reference periods in source notes,https://www.city.sapporo.jp/kensetsu/yuki/documents/snowdepth_r08_0411.xls
2026-01-29,南区(定山渓),snowdepth,76.0,published; reference periods in source notes,https://www.city.sapporo.jp/kensetsu/yuki/documents/snowdepth_r08_0411.xls
2026-01-29,西区(西野),snowdepth,85.0,published; reference periods in source notes,https://www.city.sapporo.jp/kensetsu/yuki/documents/snowdepth_r08_0411.xls
2026-01-29,西区(平和),snowdepth,105.0,published; reference periods in source notes,https://www.city.sapporo.jp/kensetsu/yuki/documents/snowdepth_r08_0411.xls
2026-01-29,手稲区,snowdepth,87.0,published; reference periods in source notes,https://www.city.sapporo.jp/kensetsu/yuki/documents/snowdepth_r08_0411.xls
2026-01-30,中央区,snowdepth,75.0,published; reference periods in source notes,https://www.city.sapporo.jp/kensetsu/yuki/documents/snowdepth_r08_0411.xls
2026-01-30,北区(太平),snowdepth,83.0,published; reference periods in source notes,https://www.city.sapporo.jp/kensetsu/yuki/documents/snowdepth_r08_0411.xls
2026-01-30,北区(あいの里),snowdepth,54.0,published; reference periods in source notes,https://www.city.sapporo.jp/kensetsu/yuki/documents/snowdepth_r08_0411.xls
2026-01-30,東区,snowdepth,82.0,published; reference periods in source notes,https://www.city.sapporo.jp/kensetsu/yuki/documents/snowdepth_r08_0411.xls
2026-01-30,白石区,snowdepth,72.0,published; reference periods in source notes,https://www.city.sapporo.jp/kensetsu/yuki/documents/snowdepth_r08_0411.xls
2026-01-30,厚別区,snowdepth,77.0,published; reference periods in source notes,https://www.city.sapporo.jp/kensetsu/yuki/documents/snowdepth_r08_0411.xls
2026-01-30,豊平区,snowdepth,83.0,published; reference periods in source notes,https://www.city.sapporo.jp/kensetsu/yuki/documents/snowdepth_r08_0411.xls
2026-01-30,清田区,snowdepth,81.0,published; reference periods in source notes,https://www.city.sapporo.jp/kensetsu/yuki/documents/snowdepth_r08_0411.xls
2026-01-30,南区(南31条西8丁目),snowdepth,75.0,published; reference periods in source notes,https://www.city.sapporo.jp/kensetsu/yuki/documents/snowdepth_r08_0411.xls
2026-01-30,南区(定山渓),snowdepth,75.0,published; reference periods in source notes,https://www.city.sapporo.jp/kensetsu/yuki/documents/snowdepth_r08_0411.xls
2026-01-30,西区(西野),snowdepth,83.0,published; reference periods in source notes,https://www.city.sapporo.jp/kensetsu/yuki/documents/snowdepth_r08_0411.xls
2026-01-30,西区(平和),snowdepth,103.0,published; reference periods in source notes,https://www.city.sapporo.jp/kensetsu/yuki/documents/snowdepth_r08_0411.xls
2026-01-30,手稲区,snowdepth,83.0,published; reference periods in source notes,https://www.city.sapporo.jp/kensetsu/yuki/documents/snowdepth_r08_0411.xls
2026-01-31,中央区,snowdepth,86.0,published; reference periods in source notes,https://www.city.sapporo.jp/kensetsu/yuki/documents/snowdepth_r08_0411.xls
2026-01-31,北区(太平),snowdepth,109.0,published; reference periods in source notes,https://www.city.sapporo.jp/kensetsu/yuki/documents/snowdepth_r08_0411.xls
2026-01-31,北区(あいの里),snowdepth,74.0,published; reference periods in source notes,https://www.city.sapporo.jp/kensetsu/yuki/documents/snowdepth_r08_0411.xls
2026-01-31,東区,snowdepth,107.0,published; reference periods in source notes,https://www.city.sapporo.jp/kensetsu/yuki/documents/snowdepth_r08_0411.xls
2026-01-31,白石区,snowdepth,100.0,published; reference periods in source notes,https://www.city.sapporo.jp/kensetsu/yuki/documents/snowdepth_r08_0411.xls
2026-01-31,厚別区,snowdepth,102.0,published; reference periods in source notes,https://www.city.sapporo.jp/kensetsu/yuki/documents/snowdepth_r08_0411.xls
2026-01-31,豊平区,snowdepth,93.0,published; reference periods in source notes,https://www.city.sapporo.jp/kensetsu/yuki/documents/snowdepth_r08_0411.xls
2026-01-31,清田区,snowdepth,102.0,published; reference periods in source notes,https://www.city.sapporo.jp/kensetsu/yuki/documents/snowdepth_r08_0411.xls
2026-01-31,南区(南31条西8丁目),snowdepth,77.0,published; reference periods in source notes,https://www.city.sapporo.jp/kensetsu/yuki/documents/snowdepth_r08_0411.xls
2026-01-31,南区(定山渓),snowdepth,75.0,published; reference periods in source notes,https://www.city.sapporo.jp/kensetsu/yuki/documents/snowdepth_r08_0411.xls
2026-01-31,西区(西野),snowdepth,89.0,published; reference periods in source notes,https://www.city.sapporo.jp/kensetsu/yuki/documents/snowdepth_r08_0411.xls
2026-01-31,西区(平和),snowdepth,106.0,published; reference periods in source notes,https://www.city.sapporo.jp/kensetsu/yuki/documents/snowdepth_r08_0411.xls
2026-01-31,手稲区,snowdepth,93.0,published; reference periods in source notes,https://www.city.sapporo.jp/kensetsu/yuki/documents/snowdepth_r08_0411.xls
2026-02-01,中央区,snowdepth,86.0,published; reference periods in source notes,https://www.city.sapporo.jp/kensetsu/yuki/documents/snowdepth_r08_0411.xls
2026-02-01,北区(太平),snowdepth,102.0,published; reference periods in source notes,https://www.city.sapporo.jp/kensetsu/yuki/documents/snowdepth_r08_0411.xls
2026-02-01,北区(あいの里),snowdepth,72.0,published; reference periods in source notes,https://www.city.sapporo.jp/kensetsu/yuki/documents/snowdepth_r08_0411.xls
2026-02-01,東区,snowdepth,101.0,published; reference periods in source notes,https://www.city.sapporo.jp/kensetsu/yuki/documents/snowdepth_r08_0411.xls
2026-02-01,白石区,snowdepth,95.0,published; reference periods in source notes,https://www.city.sapporo.jp/kensetsu/yuki/documents/snowdepth_r08_0411.xls
2026-02-01,厚別区,snowdepth,98.0,published; reference periods in source notes,https://www.city.sapporo.jp/kensetsu/yuki/documents/snowdepth_r08_0411.xls
2026-02-01,豊平区,snowdepth,94.0,published; reference periods in source notes,https://www.city.sapporo.jp/kensetsu/yuki/documents/snowdepth_r08_0411.xls
2026-02-01,清田区,snowdepth,100.0,published; reference periods in source notes,https://www.city.sapporo.jp/kensetsu/yuki/documents/snowdepth_r08_0411.xls
2026-02-01,南区(南31条西8丁目),snowdepth,80.0,published; reference periods in source notes,https://www.city.sapporo.jp/kensetsu/yuki/documents/snowdepth_r08_0411.xls
2026-02-01,南区(定山渓),snowdepth,77.0,published; reference periods in source notes,https://www.city.sapporo.jp/kensetsu/yuki/documents/snowdepth_r08_0411.xls
2026-02-01,西区(西野),snowdepth,89.0,published; reference periods in source notes,https://www.city.sapporo.jp/kensetsu/yuki/documents/snowdepth_r08_0411.xls
2026-02-01,西区(平和),snowdepth,109.0,published; reference periods in source notes,https://www.city.sapporo.jp/kensetsu/yuki/documents/snowdepth_r08_0411.xls
2026-02-01,手稲区,snowdepth,91.0,published; reference periods in source notes,https://www.city.sapporo.jp/kensetsu/yuki/documents/snowdepth_r08_0411.xls
2026-02-02,中央区,snowdepth,103.0,published; reference periods in source notes,https://www.city.sapporo.jp/kensetsu/yuki/documents/snowdepth_r08_0411.xls
2026-02-02,北区(太平),snowdepth,110.0,published; reference periods in source notes,https://www.city.sapporo.jp/kensetsu/yuki/documents/snowdepth_r08_0411.xls
2026-02-02,北区(あいの里),snowdepth,78.0,published; reference periods in source notes,https://www.city.sapporo.jp/kensetsu/yuki/documents/snowdepth_r08_0411.xls
2026-02-02,東区,snowdepth,118.0,published; reference periods in source notes,https://www.city.sapporo.jp/kensetsu/yuki/documents/snowdepth_r08_0411.xls
2026-02-02,白石区,snowdepth,108.0,published; reference periods in source notes,https://www.city.sapporo.jp/kensetsu/yuki/documents/snowdepth_r08_0411.xls
2026-02-02,厚別区,snowdepth,102.0,published; reference periods in source notes,https://www.city.sapporo.jp/kensetsu/yuki/documents/snowdepth_r08_0411.xls
2026-02-02,豊平区,snowdepth,108.0,published; reference periods in source notes,https://www.city.sapporo.jp/kensetsu/yuki/documents/snowdepth_r08_0411.xls
2026-02-02,清田区,snowdepth,115.0,published; reference periods in source notes,https://www.city.sapporo.jp/kensetsu/yuki/documents/snowdepth_r08_0411.xls
2026-02-02,南区(南31条西8丁目),snowdepth,92.0,published; reference periods in source notes,https://www.city.sapporo.jp/kensetsu/yuki/documents/snowdepth_r08_0411.xls
2026-02-02,南区(定山渓),snowdepth,80.0,published; reference periods in source notes,https://www.city.sapporo.jp/kensetsu/yuki/documents/snowdepth_r08_0411.xls
2026-02-02,西区(西野),snowdepth,106.0,published; reference periods in source notes,https://www.city.sapporo.jp/kensetsu/yuki/documents/snowdepth_r08_0411.xls
2026-02-02,西区(平和),snowdepth,113.0,published; reference periods in source notes,https://www.city.sapporo.jp/kensetsu/yuki/documents/snowdepth_r08_0411.xls
2026-02-02,手稲区,snowdepth,107.0,published; reference periods in source notes,https://www.city.sapporo.jp/kensetsu/yuki/documents/snowdepth_r08_0411.xls
2026-02-03,中央区,snowdepth,92.0,published; reference periods in source notes,https://www.city.sapporo.jp/kensetsu/yuki/documents/snowdepth_r08_0411.xls
2026-02-03,北区(太平),snowdepth,104.0,published; reference periods in source notes,https://www.city.sapporo.jp/kensetsu/yuki/documents/snowdepth_r08_0411.xls
2026-02-03,北区(あいの里),snowdepth,74.0,published; reference periods in source notes,https://www.city.sapporo.jp/kensetsu/yuki/documents/snowdepth_r08_0411.xls
2026-02-03,東区,snowdepth,108.0,published; reference periods in source notes,https://www.city.sapporo.jp/kensetsu/yuki/documents/snowdepth_r08_0411.xls
2026-02-03,白石区,snowdepth,99.0,published; reference periods in source notes,https://www.city.sapporo.jp/kensetsu/yuki/documents/snowdepth_r08_0411.xls
2026-02-03,厚別区,snowdepth,95.0,published; reference periods in source notes,https://www.city.sapporo.jp/kensetsu/yuki/documents/snowdepth_r08_0411.xls
2026-02-03,豊平区,snowdepth,100.0,published; reference periods in source notes,https://www.city.sapporo.jp/kensetsu/yuki/documents/snowdepth_r08_0411.xls
2026-02-03,清田区,snowdepth,105.0,published; reference periods in source notes,https://www.city.sapporo.jp/kensetsu/yuki/documents/snowdepth_r08_0411.xls
2026-02-03,南区(南31条西8丁目),snowdepth,86.0,published; reference periods in source notes,https://www.city.sapporo.jp/kensetsu/yuki/documents/snowdepth_r08_0411.xls
2026-02-03,南区(定山渓),snowdepth,76.0,published; reference periods in source notes,https://www.city.sapporo.jp/kensetsu/yuki/documents/snowdepth_r08_0411.xls
2026-02-03,西区(西野),snowdepth,98.0,published; reference periods in source notes,https://www.city.sapporo.jp/kensetsu/yuki/documents/snowdepth_r08_0411.xls
2026-02-03,西区(平和),snowdepth,107.0,published; reference periods in source notes,https://www.city.sapporo.jp/kensetsu/yuki/documents/snowdepth_r08_0411.xls
2026-02-03,手稲区,snowdepth,100.0,published; reference periods in source notes,https://www.city.sapporo.jp/kensetsu/yuki/documents/snowdepth_r08_0411.xls
2026-02-04,中央区,snowdepth,87.0,published; reference periods in source notes,https://www.city.sapporo.jp/kensetsu/yuki/documents/snowdepth_r08_0411.xls
2026-02-04,北区(太平),snowdepth,97.0,published; reference periods in source notes,https://www.city.sapporo.jp/kensetsu/yuki/documents/snowdepth_r08_0411.xls
2026-02-04,北区(あいの里),snowdepth,68.0,published; reference periods in source notes,https://www.city.sapporo.jp/kensetsu/yuki/documents/snowdepth_r08_0411.xls
2026-02-04,東区,snowdepth,102.0,published; reference periods in source notes,https://www.city.sapporo.jp/kensetsu/yuki/documents/snowdepth_r08_0411.xls
2026-02-04,白石区,snowdepth,90.0,published; reference periods in source notes,https://www.city.sapporo.jp/kensetsu/yuki/documents/snowdepth_r08_0411.xls
2026-02-04,厚別区,snowdepth,89.0,published; reference periods in source notes,https://www.city.sapporo.jp/kensetsu/yuki/documents/snowdepth_r08_0411.xls
2026-02-04,豊平区,snowdepth,94.0,published; reference periods in source notes,https://www.city.sapporo.jp/kensetsu/yuki/documents/snowdepth_r08_0411.xls
2026-02-04,清田区,snowdepth,99.0,published; reference periods in source notes,https://www.city.sapporo.jp/kensetsu/yuki/documents/snowdepth_r08_0411.xls
2026-02-04,南区(南31条西8丁目),snowdepth,81.0,published; reference periods in source notes,https://www.city.sapporo.jp/kensetsu/yuki/documents/snowdepth_r08_0411.xls
2026-02-04,南区(定山渓),snowdepth,74.0,published; reference periods in source notes,https://www.city.sapporo.jp/kensetsu/yuki/documents/snowdepth_r08_0411.xls
2026-02-04,西区(西野),snowdepth,92.0,published; reference periods in source notes,https://www.city.sapporo.jp/kensetsu/yuki/documents/snowdepth_r08_0411.xls
2026-02-04,西区(平和),snowdepth,104.0,published; reference periods in source notes,https://www.city.sapporo.jp/kensetsu/yuki/documents/snowdepth_r08_0411.xls
2026-02-04,手稲区,snowdepth,95.0,published; reference periods in source notes,https://www.city.sapporo.jp/kensetsu/yuki/documents/snowdepth_r08_0411.xls
2026-02-05,中央区,snowdepth,82.0,published; reference periods in source notes,https://www.city.sapporo.jp/kensetsu/yuki/documents/snowdepth_r08_0411.xls
2026-02-05,北区(太平),snowdepth,92.0,published; reference periods in source notes,https://www.city.sapporo.jp/kensetsu/yuki/documents/snowdepth_r08_0411.xls
2026-02-05,北区(あいの里),snowdepth,65.0,published; reference periods in source notes,https://www.city.sapporo.jp/kensetsu/yuki/documents/snowdepth_r08_0411.xls
2026-02-05,東区,snowdepth,97.0,published; reference periods in source notes,https://www.city.sapporo.jp/kensetsu/yuki/documents/snowdepth_r08_0411.xls
2026-02-05,白石区,snowdepth,88.0,published; reference periods in source notes,https://www.city.sapporo.jp/kensetsu/yuki/documents/snowdepth_r08_0411.xls
2026-02-05,厚別区,snowdepth,84.0,published; reference periods in source notes,https://www.city.sapporo.jp/kensetsu/yuki/documents/snowdepth_r08_0411.xls
2026-02-05,豊平区,snowdepth,89.0,published; reference periods in source notes,https://www.city.sapporo.jp/kensetsu/yuki/documents/snowdepth_r08_0411.xls
2026-02-05,清田区,snowdepth,91.0,published; reference periods in source notes,https://www.city.sapporo.jp/kensetsu/yuki/documents/snowdepth_r08_0411.xls
2026-02-05,南区(南31条西8丁目),snowdepth,77.0,published; reference periods in source notes,https://www.city.sapporo.jp/kensetsu/yuki/documents/snowdepth_r08_0411.xls
2026-02-05,南区(定山渓),snowdepth,72.0,published; reference periods in source notes,https://www.city.sapporo.jp/kensetsu/yuki/documents/snowdepth_r08_0411.xls
2026-02-05,西区(西野),snowdepth,87.0,published; reference periods in source notes,https://www.city.sapporo.jp/kensetsu/yuki/documents/snowdepth_r08_0411.xls
2026-02-05,西区(平和),snowdepth,100.0,published; reference periods in source notes,https://www.city.sapporo.jp/kensetsu/yuki/documents/snowdepth_r08_0411.xls
2026-02-05,手稲区,snowdepth,91.0,published; reference periods in source notes,https://www.city.sapporo.jp/kensetsu/yuki/documents/snowdepth_r08_0411.xls
2026-02-06,中央区,snowdepth,82.0,published; reference periods in source notes,https://www.city.sapporo.jp/kensetsu/yuki/documents/snowdepth_r08_0411.xls
2026-02-06,北区(太平),snowdepth,92.0,published; reference periods in source notes,https://www.city.sapporo.jp/kensetsu/yuki/documents/snowdepth_r08_0411.xls
2026-02-06,北区(あいの里),snowdepth,66.0,published; reference periods in source notes,https://www.city.sapporo.jp/kensetsu/yuki/documents/snowdepth_r08_0411.xls
2026-02-06,東区,snowdepth,96.0,published; reference periods in source notes,https://www.city.sapporo.jp/kensetsu/yuki/documents/snowdepth_r08_0411.xls
2026-02-06,白石区,snowdepth,89.0,published; reference periods in source notes,https://www.city.sapporo.jp/kensetsu/yuki/documents/snowdepth_r08_0411.xls
2026-02-06,厚別区,snowdepth,85.0,published; reference periods in source notes,https://www.city.sapporo.jp/kensetsu/yuki/documents/snowdepth_r08_0411.xls
2026-02-06,豊平区,snowdepth,91.0,published; reference periods in source notes,https://www.city.sapporo.jp/kensetsu/yuki/documents/snowdepth_r08_0411.xls
2026-02-06,清田区,snowdepth,92.0,published; reference periods in source notes,https://www.city.sapporo.jp/kensetsu/yuki/documents/snowdepth_r08_0411.xls
2026-02-06,南区(南31条西8丁目),snowdepth,79.0,published; reference periods in source notes,https://www.city.sapporo.jp/kensetsu/yuki/documents/snowdepth_r08_0411.xls
2026-02-06,南区(定山渓),snowdepth,77.0,published; reference periods in source notes,https://www.city.sapporo.jp/kensetsu/yuki/documents/snowdepth_r08_0411.xls
2026-02-06,西区(西野),snowdepth,88.0,published; reference periods in source notes,https://www.city.sapporo.jp/kensetsu/yuki/documents/snowdepth_r08_0411.xls
2026-02-06,西区(平和),snowdepth,105.0,published; reference periods in source notes,https://www.city.sapporo.jp/kensetsu/yuki/documents/snowdepth_r08_0411.xls
2026-02-06,手稲区,snowdepth,92.0,published; reference periods in source notes,https://www.city.sapporo.jp/kensetsu/yuki/documents/snowdepth_r08_0411.xls
2026-02-07,中央区,snowdepth,83.0,published; reference periods in source notes,https://www.city.sapporo.jp/kensetsu/yuki/documents/snowdepth_r08_0411.xls
2026-02-07,北区(太平),snowdepth,92.0,published; reference periods in source notes,https://www.city.sapporo.jp/kensetsu/yuki/documents/snowdepth_r08_0411.xls
2026-02-07,北区(あいの里),snowdepth,62.0,published; reference periods in source notes,https://www.city.sapporo.jp/kensetsu/yuki/documents/snowdepth_r08_0411.xls
2026-02-07,東区,snowdepth,94.0,published; reference periods in source notes,https://www.city.sapporo.jp/kensetsu/yuki/documents/snowdepth_r08_0411.xls
2026-02-07,白石区,snowdepth,89.0,published; reference periods in source notes,https://www.city.sapporo.jp/kensetsu/yuki/documents/snowdepth_r08_0411.xls
2026-02-07,厚別区,snowdepth,83.0,published; reference periods in source notes,https://www.city.sapporo.jp/kensetsu/yuki/documents/snowdepth_r08_0411.xls
2026-02-07,豊平区,snowdepth,92.0,published; reference periods in source notes,https://www.city.sapporo.jp/kensetsu/yuki/documents/snowdepth_r08_0411.xls
2026-02-07,清田区,snowdepth,91.0,published; reference periods in source notes,https://www.city.sapporo.jp/kensetsu/yuki/documents/snowdepth_r08_0411.xls
2026-02-07,南区(南31条西8丁目),snowdepth,80.0,published; reference periods in source notes,https://www.city.sapporo.jp/kensetsu/yuki/documents/snowdepth_r08_0411.xls
2026-02-07,南区(定山渓),snowdepth,82.0,published; reference periods in source notes,https://www.city.sapporo.jp/kensetsu/yuki/documents/snowdepth_r08_0411.xls
2026-02-07,西区(西野),snowdepth,91.0,published; reference periods in source notes,https://www.city.sapporo.jp/kensetsu/yuki/documents/snowdepth_r08_0411.xls
2026-02-07,西区(平和),snowdepth,105.0,published; reference periods in source notes,https://www.city.sapporo.jp/kensetsu/yuki/documents/snowdepth_r08_0411.xls
2026-02-07,手稲区,snowdepth,96.0,published; reference periods in source notes,https://www.city.sapporo.jp/kensetsu/yuki/documents/snowdepth_r08_0411.xls
2026-02-08,中央区,snowdepth,80.0,published; reference periods in source notes,https://www.city.sapporo.jp/kensetsu/yuki/documents/snowdepth_r08_0411.xls
2026-02-08,北区(太平),snowdepth,89.0,published; reference periods in source notes,https://www.city.sapporo.jp/kensetsu/yuki/documents/snowdepth_r08_0411.xls
2026-02-08,北区(あいの里),snowdepth,59.0,published; reference periods in source notes,https://www.city.sapporo.jp/kensetsu/yuki/documents/snowdepth_r08_0411.xls
2026-02-08,東区,snowdepth,92.0,published; reference periods in source notes,https://www.city.sapporo.jp/kensetsu/yuki/documents/snowdepth_r08_0411.xls
2026-02-08,白石区,snowdepth,86.0,published; reference periods in source notes,https://www.city.sapporo.jp/kensetsu/yuki/documents/snowdepth_r08_0411.xls
2026-02-08,厚別区,snowdepth,80.0,published; reference periods in source notes,https://www.city.sapporo.jp/kensetsu/yuki/documents/snowdepth_r08_0411.xls
2026-02-08,豊平区,snowdepth,88.0,published; reference periods in source notes,https://www.city.sapporo.jp/kensetsu/yuki/documents/snowdepth_r08_0411.xls
2026-02-08,清田区,snowdepth,88.0,published; reference periods in source notes,https://www.city.sapporo.jp/kensetsu/yuki/documents/snowdepth_r08_0411.xls
2026-02-08,南区(南31条西8丁目),snowdepth,77.0,published; reference periods in source notes,https://www.city.sapporo.jp/kensetsu/yuki/documents/snowdepth_r08_0411.xls
2026-02-08,南区(定山渓),snowdepth,78.0,published; reference periods in source notes,https://www.city.sapporo.jp/kensetsu/yuki/documents/snowdepth_r08_0411.xls
2026-02-08,西区(西野),snowdepth,87.0,published; reference periods in source notes,https://www.city.sapporo.jp/kensetsu/yuki/documents/snowdepth_r08_0411.xls
2026-02-08,西区(平和),snowdepth,101.0,published; reference periods in source notes,https://www.city.sapporo.jp/kensetsu/yuki/documents/snowdepth_r08_0411.xls
2026-02-08,手稲区,snowdepth,92.0,published; reference periods in source notes,https://www.city.sapporo.jp/kensetsu/yuki/documents/snowdepth_r08_0411.xls
2026-02-09,中央区,snowdepth,96.0,published; reference periods in source notes,https://www.city.sapporo.jp/kensetsu/yuki/documents/snowdepth_r08_0411.xls
2026-02-09,北区(太平),snowdepth,100.0,published; reference periods in source notes,https://www.city.sapporo.jp/kensetsu/yuki/documents/snowdepth_r08_0411.xls
2026-02-09,北区(あいの里),snowdepth,74.0,published; reference periods in source notes,https://www.city.sapporo.jp/kensetsu/yuki/documents/snowdepth_r08_0411.xls
2026-02-09,東区,snowdepth,106.0,published; reference periods in source notes,https://www.city.sapporo.jp/kensetsu/yuki/documents/snowdepth_r08_0411.xls
2026-02-09,白石区,snowdepth,107.0,published; reference periods in source notes,https://www.city.sapporo.jp/kensetsu/yuki/documents/snowdepth_r08_0411.xls
2026-02-09,厚別区,snowdepth,99.0,published; reference periods in source notes,https://www.city.sapporo.jp/kensetsu/yuki/documents/snowdepth_r08_0411.xls
2026-02-09,豊平区,snowdepth,108.0,published; reference periods in source notes,https://www.city.sapporo.jp/kensetsu/yuki/documents/snowdepth_r08_0411.xls
2026-02-09,清田区,snowdepth,111.0,published; reference periods in source notes,https://www.city.sapporo.jp/kensetsu/yuki/documents/snowdepth_r08_0411.xls
2026-02-09,南区(南31条西8丁目),snowdepth,96.0,published; reference periods in source notes,https://www.city.sapporo.jp/kensetsu/yuki/documents/snowdepth_r08_0411.xls
2026-02-09,南区(定山渓),snowdepth,85.0,published; reference periods in source notes,https://www.city.sapporo.jp/kensetsu/yuki/documents/snowdepth_r08_0411.xls
2026-02-09,西区(西野),snowdepth,104.0,published; reference periods in source notes,https://www.city.sapporo.jp/kensetsu/yuki/documents/snowdepth_r08_0411.xls
2026-02-09,西区(平和),snowdepth,119.0,published; reference periods in source notes,https://www.city.sapporo.jp/kensetsu/yuki/documents/snowdepth_r08_0411.xls
2026-02-09,手稲区,snowdepth,108.0,published; reference periods in source notes,https://www.city.sapporo.jp/kensetsu/yuki/documents/snowdepth_r08_0411.xls
2026-02-10,中央区,snowdepth,90.0,published; reference periods in source notes,https://www.city.sapporo.jp/kensetsu/yuki/documents/snowdepth_r08_0411.xls
2026-02-10,北区(太平),snowdepth,95.0,published; reference periods in source notes,https://www.city.sapporo.jp/kensetsu/yuki/documents/snowdepth_r08_0411.xls
2026-02-10,北区(あいの里),snowdepth,69.0,published; reference periods in source notes,https://www.city.sapporo.jp/kensetsu/yuki/documents/snowdepth_r08_0411.xls
2026-02-10,東区,snowdepth,99.0,published; reference periods in source notes,https://www.city.sapporo.jp/kensetsu/yuki/documents/snowdepth_r08_0411.xls
2026-02-10,白石区,snowdepth,99.0,published; reference periods in source notes,https://www.city.sapporo.jp/kensetsu/yuki/documents/snowdepth_r08_0411.xls
2026-02-10,厚別区,snowdepth,90.0,published; reference periods in source notes,https://www.city.sapporo.jp/kensetsu/yuki/documents/snowdepth_r08_0411.xls
2026-02-10,豊平区,snowdepth,99.0,published; reference periods in source notes,https://www.city.sapporo.jp/kensetsu/yuki/documents/snowdepth_r08_0411.xls
2026-02-10,清田区,snowdepth,101.0,published; reference periods in source notes,https://www.city.sapporo.jp/kensetsu/yuki/documents/snowdepth_r08_0411.xls
2026-02-10,南区(南31条西8丁目),snowdepth,88.0,published; reference periods in source notes,https://www.city.sapporo.jp/kensetsu/yuki/documents/snowdepth_r08_0411.xls
2026-02-10,南区(定山渓),snowdepth,81.0,published; reference periods in source notes,https://www.city.sapporo.jp/kensetsu/yuki/documents/snowdepth_r08_0411.xls
2026-02-10,西区(西野),snowdepth,97.0,published; reference periods in source notes,https://www.city.sapporo.jp/kensetsu/yuki/documents/snowdepth_r08_0411.xls
2026-02-10,西区(平和),snowdepth,111.0,published; reference periods in source notes,https://www.city.sapporo.jp/kensetsu/yuki/documents/snowdepth_r08_0411.xls
2026-02-10,手稲区,snowdepth,101.0,published; reference periods in source notes,https://www.city.sapporo.jp/kensetsu/yuki/documents/snowdepth_r08_0411.xls
2026-02-11,中央区,snowdepth,82.0,published; reference periods in source notes,https://www.city.sapporo.jp/kensetsu/yuki/documents/snowdepth_r08_0411.xls
2026-02-11,北区(太平),snowdepth,91.0,published; reference periods in source notes,https://www.city.sapporo.jp/kensetsu/yuki/documents/snowdepth_r08_0411.xls
2026-02-11,北区(あいの里),snowdepth,68.0,published; reference periods in source notes,https://www.city.sapporo.jp/kensetsu/yuki/documents/snowdepth_r08_0411.xls
2026-02-11,東区,snowdepth,96.0,published; reference periods in source notes,https://www.city.sapporo.jp/kensetsu/yuki/documents/snowdepth_r08_0411.xls
2026-02-11,白石区,snowdepth,94.0,published; reference periods in source notes,https://www.city.sapporo.jp/kensetsu/yuki/documents/snowdepth_r08_0411.xls
2026-02-11,厚別区,snowdepth,86.0,published; reference periods in source notes,https://www.city.sapporo.jp/kensetsu/yuki/documents/snowdepth_r08_0411.xls
2026-02-11,豊平区,snowdepth,96.0,published; reference periods in source notes,https://www.city.sapporo.jp/kensetsu/yuki/documents/snowdepth_r08_0411.xls
2026-02-11,清田区,snowdepth,96.0,published; reference periods in source notes,https://www.city.sapporo.jp/kensetsu/yuki/documents/snowdepth_r08_0411.xls
2026-02-11,南区(南31条西8丁目),snowdepth,85.0,published; reference periods in source notes,https://www.city.sapporo.jp/kensetsu/yuki/documents/snowdepth_r08_0411.xls
2026-02-11,南区(定山渓),snowdepth,88.0,published; reference periods in source notes,https://www.city.sapporo.jp/kensetsu/yuki/documents/snowdepth_r08_0411.xls
2026-02-11,西区(西野),snowdepth,95.0,published; reference periods in source notes,https://www.city.sapporo.jp/kensetsu/yuki/documents/snowdepth_r08_0411.xls
2026-02-11,西区(平和),snowdepth,119.0,published; reference periods in source notes,https://www.city.sapporo.jp/kensetsu/yuki/documents/snowdepth_r08_0411.xls
2026-02-11,手稲区,snowdepth,95.0,published; reference periods in source notes,https://www.city.sapporo.jp/kensetsu/yuki/documents/snowdepth_r08_0411.xls
2026-02-12,中央区,snowdepth,78.0,published; reference periods in source notes,https://www.city.sapporo.jp/kensetsu/yuki/documents/snowdepth_r08_0411.xls
2026-02-12,北区(太平),snowdepth,93.0,published; reference periods in source notes,https://www.city.sapporo.jp/kensetsu/yuki/documents/snowdepth_r08_0411.xls
2026-02-12,北区(あいの里),snowdepth,66.0,published; reference periods in source notes,https://www.city.sapporo.jp/kensetsu/yuki/documents/snowdepth_r08_0411.xls
2026-02-12,東区,snowdepth,94.0,published; reference periods in source notes,https://www.city.sapporo.jp/kensetsu/yuki/documents/snowdepth_r08_0411.xls
2026-02-12,白石区,snowdepth,87.0,published; reference periods in source notes,https://www.city.sapporo.jp/kensetsu/yuki/documents/snowdepth_r08_0411.xls
2026-02-12,厚別区,snowdepth,83.0,published; reference periods in source notes,https://www.city.sapporo.jp/kensetsu/yuki/documents/snowdepth_r08_0411.xls
2026-02-12,豊平区,snowdepth,91.0,published; reference periods in source notes,https://www.city.sapporo.jp/kensetsu/yuki/documents/snowdepth_r08_0411.xls
2026-02-12,清田区,snowdepth,93.0,published; reference periods in source notes,https://www.city.sapporo.jp/kensetsu/yuki/documents/snowdepth_r08_0411.xls
2026-02-12,南区(南31条西8丁目),snowdepth,80.0,published; reference periods in source notes,https://www.city.sapporo.jp/kensetsu/yuki/documents/snowdepth_r08_0411.xls
2026-02-12,南区(定山渓),snowdepth,84.0,published; reference periods in source notes,https://www.city.sapporo.jp/kensetsu/yuki/documents/snowdepth_r08_0411.xls
2026-02-12,西区(西野),snowdepth,91.0,published; reference periods in source notes,https://www.city.sapporo.jp/kensetsu/yuki/documents/snowdepth_r08_0411.xls
2026-02-12,西区(平和),snowdepth,111.0,published; reference periods in source notes,https://www.city.sapporo.jp/kensetsu/yuki/documents/snowdepth_r08_0411.xls
2026-02-12,手稲区,snowdepth,92.0,published; reference periods in source notes,https://www.city.sapporo.jp/kensetsu/yuki/documents/snowdepth_r08_0411.xls
2026-02-13,中央区,snowdepth,77.0,published; reference periods in source notes,https://www.city.sapporo.jp/kensetsu/yuki/documents/snowdepth_r08_0411.xls
2026-02-13,北区(太平),snowdepth,90.0,published; reference periods in source notes,https://www.city.sapporo.jp/kensetsu/yuki/documents/snowdepth_r08_0411.xls
2026-02-13,北区(あいの里),snowdepth,68.0,published; reference periods in source notes,https://www.city.sapporo.jp/kensetsu/yuki/documents/snowdepth_r08_0411.xls
2026-02-13,東区,snowdepth,93.0,published; reference periods in source notes,https://www.city.sapporo.jp/kensetsu/yuki/documents/snowdepth_r08_0411.xls
2026-02-13,白石区,snowdepth,91.0,published; reference periods in source notes,https://www.city.sapporo.jp/kensetsu/yuki/documents/snowdepth_r08_0411.xls
2026-02-13,厚別区,snowdepth,84.0,published; reference periods in source notes,https://www.city.sapporo.jp/kensetsu/yuki/documents/snowdepth_r08_0411.xls
2026-02-13,豊平区,snowdepth,90.0,published; reference periods in source notes,https://www.city.sapporo.jp/kensetsu/yuki/documents/snowdepth_r08_0411.xls
2026-02-13,清田区,snowdepth,92.0,published; reference periods in source notes,https://www.city.sapporo.jp/kensetsu/yuki/documents/snowdepth_r08_0411.xls
2026-02-13,南区(南31条西8丁目),snowdepth,80.0,published; reference periods in source notes,https://www.city.sapporo.jp/kensetsu/yuki/documents/snowdepth_r08_0411.xls
2026-02-13,南区(定山渓),snowdepth,84.0,published; reference periods in source notes,https://www.city.sapporo.jp/kensetsu/yuki/documents/snowdepth_r08_0411.xls
2026-02-13,西区(西野),snowdepth,90.0,published; reference periods in source notes,https://www.city.sapporo.jp/kensetsu/yuki/documents/snowdepth_r08_0411.xls
2026-02-13,西区(平和),snowdepth,109.0,published; reference periods in source notes,https://www.city.sapporo.jp/kensetsu/yuki/documents/snowdepth_r08_0411.xls
2026-02-13,手稲区,snowdepth,93.0,published; reference periods in source notes,https://www.city.sapporo.jp/kensetsu/yuki/documents/snowdepth_r08_0411.xls
2026-02-14,中央区,snowdepth,87.0,published; reference periods in source notes,https://www.city.sapporo.jp/kensetsu/yuki/documents/snowdepth_r08_0411.xls
2026-02-14,北区(太平),snowdepth,94.0,published; reference periods in source notes,https://www.city.sapporo.jp/kensetsu/yuki/documents/snowdepth_r08_0411.xls
2026-02-14,北区(あいの里),snowdepth,66.0,published; reference periods in source notes,https://www.city.sapporo.jp/kensetsu/yuki/documents/snowdepth_r08_0411.xls
2026-02-14,東区,snowdepth,97.0,published; reference periods in source notes,https://www.city.sapporo.jp/kensetsu/yuki/documents/snowdepth_r08_0411.xls
2026-02-14,白石区,snowdepth,97.0,published; reference periods in source notes,https://www.city.sapporo.jp/kensetsu/yuki/documents/snowdepth_r08_0411.xls
2026-02-14,厚別区,snowdepth,87.0,published; reference periods in source notes,https://www.city.sapporo.jp/kensetsu/yuki/documents/snowdepth_r08_0411.xls
2026-02-14,豊平区,snowdepth,100.0,published; reference periods in source notes,https://www.city.sapporo.jp/kensetsu/yuki/documents/snowdepth_r08_0411.xls
2026-02-14,清田区,snowdepth,100.0,published; reference periods in source notes,https://www.city.sapporo.jp/kensetsu/yuki/documents/snowdepth_r08_0411.xls
2026-02-14,南区(南31条西8丁目),snowdepth,92.0,published; reference periods in source notes,https://www.city.sapporo.jp/kensetsu/yuki/documents/snowdepth_r08_0411.xls
2026-02-14,南区(定山渓),snowdepth,102.0,published; reference periods in source notes,https://www.city.sapporo.jp/kensetsu/yuki/documents/snowdepth_r08_0411.xls
2026-02-14,西区(西野),snowdepth,103.0,published; reference periods in source notes,https://www.city.sapporo.jp/kensetsu/yuki/documents/snowdepth_r08_0411.xls
2026-02-14,西区(平和),snowdepth,125.0,published; reference periods in source notes,https://www.city.sapporo.jp/kensetsu/yuki/documents/snowdepth_r08_0411.xls
2026-02-14,手稲区,snowdepth,97.0,published; reference periods in source notes,https://www.city.sapporo.jp/kensetsu/yuki/documents/snowdepth_r08_0411.xls
2026-02-15,中央区,snowdepth,76.0,published; reference periods in source notes,https://www.city.sapporo.jp/kensetsu/yuki/documents/snowdepth_r08_0411.xls
2026-02-15,北区(太平),snowdepth,86.0,published; reference periods in source notes,https://www.city.sapporo.jp/kensetsu/yuki/documents/snowdepth_r08_0411.xls
2026-02-15,北区(あいの里),snowdepth,63.0,published; reference periods in source notes,https://www.city.sapporo.jp/kensetsu/yuki/documents/snowdepth_r08_0411.xls
2026-02-15,東区,snowdepth,92.0,published; reference periods in source notes,https://www.city.sapporo.jp/kensetsu/yuki/documents/snowdepth_r08_0411.xls
2026-02-15,白石区,snowdepth,86.0,published; reference periods in source notes,https://www.city.sapporo.jp/kensetsu/yuki/documents/snowdepth_r08_0411.xls
2026-02-15,厚別区,snowdepth,79.0,published; reference periods in source notes,https://www.city.sapporo.jp/kensetsu/yuki/documents/snowdepth_r08_0411.xls
2026-02-15,豊平区,snowdepth,90.0,published; reference periods in source notes,https://www.city.sapporo.jp/kensetsu/yuki/documents/snowdepth_r08_0411.xls
2026-02-15,清田区,snowdepth,90.0,published; reference periods in source notes,https://www.city.sapporo.jp/kensetsu/yuki/documents/snowdepth_r08_0411.xls
2026-02-15,南区(南31条西8丁目),snowdepth,81.0,published; reference periods in source notes,https://www.city.sapporo.jp/kensetsu/yuki/documents/snowdepth_r08_0411.xls
2026-02-15,南区(定山渓),snowdepth,88.0,published; reference periods in source notes,https://www.city.sapporo.jp/kensetsu/yuki/documents/snowdepth_r08_0411.xls
2026-02-15,西区(西野),snowdepth,92.0,published; reference periods in source notes,https://www.city.sapporo.jp/kensetsu/yuki/documents/snowdepth_r08_0411.xls
2026-02-15,西区(平和),snowdepth,112.0,published; reference periods in source notes,https://www.city.sapporo.jp/kensetsu/yuki/documents/snowdepth_r08_0411.xls
2026-02-15,手稲区,snowdepth,89.0,published; reference periods in source notes,https://www.city.sapporo.jp/kensetsu/yuki/documents/snowdepth_r08_0411.xls
2026-02-16,中央区,snowdepth,78.0,published; reference periods in source notes,https://www.city.sapporo.jp/kensetsu/yuki/documents/snowdepth_r08_0411.xls
2026-02-16,北区(太平),snowdepth,89.0,published; reference periods in source notes,https://www.city.sapporo.jp/kensetsu/yuki/documents/snowdepth_r08_0411.xls
2026-02-16,北区(あいの里),snowdepth,61.0,published; reference periods in source notes,https://www.city.sapporo.jp/kensetsu/yuki/documents/snowdepth_r08_0411.xls
2026-02-16,東区,snowdepth,96.0,published; reference periods in source notes,https://www.city.sapporo.jp/kensetsu/yuki/documents/snowdepth_r08_0411.xls
2026-02-16,白石区,snowdepth,89.0,published; reference periods in source notes,https://www.city.sapporo.jp/kensetsu/yuki/documents/snowdepth_r08_0411.xls
2026-02-16,厚別区,snowdepth,83.0,published; reference periods in source notes,https://www.city.sapporo.jp/kensetsu/yuki/documents/snowdepth_r08_0411.xls
2026-02-16,豊平区,snowdepth,88.0,published; reference periods in source notes,https://www.city.sapporo.jp/kensetsu/yuki/documents/snowdepth_r08_0411.xls
2026-02-16,清田区,snowdepth,89.0,published; reference periods in source notes,https://www.city.sapporo.jp/kensetsu/yuki/documents/snowdepth_r08_0411.xls
2026-02-16,南区(南31条西8丁目),snowdepth,80.0,published; reference periods in source notes,https://www.city.sapporo.jp/kensetsu/yuki/documents/snowdepth_r08_0411.xls
2026-02-16,南区(定山渓),snowdepth,88.0,published; reference periods in source notes,https://www.city.sapporo.jp/kensetsu/yuki/documents/snowdepth_r08_0411.xls
2026-02-16,西区(西野),snowdepth,98.0,published; reference periods in source notes,https://www.city.sapporo.jp/kensetsu/yuki/documents/snowdepth_r08_0411.xls
2026-02-16,西区(平和),snowdepth,122.0,published; reference periods in source notes,https://www.city.sapporo.jp/kensetsu/yuki/documents/snowdepth_r08_0411.xls
2026-02-16,手稲区,snowdepth,94.0,published; reference periods in source notes,https://www.city.sapporo.jp/kensetsu/yuki/documents/snowdepth_r08_0411.xls
2026-02-17,中央区,snowdepth,85.0,published; reference periods in source notes,https://www.city.sapporo.jp/kensetsu/yuki/documents/snowdepth_r08_0411.xls
2026-02-17,北区(太平),snowdepth,89.0,published; reference periods in source notes,https://www.city.sapporo.jp/kensetsu/yuki/documents/snowdepth_r08_0411.xls
2026-02-17,北区(あいの里),snowdepth,62.0,published; reference periods in source notes,https://www.city.sapporo.jp/kensetsu/yuki/documents/snowdepth_r08_0411.xls
2026-02-17,東区,snowdepth,99.0,published; reference periods in source notes,https://www.city.sapporo.jp/kensetsu/yuki/documents/snowdepth_r08_0411.xls
2026-02-17,白石区,snowdepth,90.0,published; reference periods in source notes,https://www.city.sapporo.jp/kensetsu/yuki/documents/snowdepth_r08_0411.xls
2026-02-17,厚別区,snowdepth,82.0,published; reference periods in source notes,https://www.city.sapporo.jp/kensetsu/yuki/documents/snowdepth_r08_0411.xls
2026-02-17,豊平区,snowdepth,102.0,published; reference periods in source notes,https://www.city.sapporo.jp/kensetsu/yuki/documents/snowdepth_r08_0411.xls
2026-02-17,清田区,snowdepth,95.0,published; reference periods in source notes,https://www.city.sapporo.jp/kensetsu/yuki/documents/snowdepth_r08_0411.xls
2026-02-17,南区(南31条西8丁目),snowdepth,94.0,published; reference periods in source notes,https://www.city.sapporo.jp/kensetsu/yuki/documents/snowdepth_r08_0411.xls
2026-02-17,南区(定山渓),snowdepth,90.0,published; reference periods in source notes,https://www.city.sapporo.jp/kensetsu/yuki/documents/snowdepth_r08_0411.xls
2026-02-17,西区(西野),snowdepth,106.0,published; reference periods in source notes,https://www.city.sapporo.jp/kensetsu/yuki/documents/snowdepth_r08_0411.xls
2026-02-17,西区(平和),snowdepth,134.0,published; reference periods in source notes,https://www.city.sapporo.jp/kensetsu/yuki/documents/snowdepth_r08_0411.xls
2026-02-17,手稲区,snowdepth,97.0,published; reference periods in source notes,https://www.city.sapporo.jp/kensetsu/yuki/documents/snowdepth_r08_0411.xls
2026-02-18,中央区,snowdepth,74.0,published; reference periods in source notes,https://www.city.sapporo.jp/kensetsu/yuki/documents/snowdepth_r08_0411.xls
2026-02-18,北区(太平),snowdepth,85.0,published; reference periods in source notes,https://www.city.sapporo.jp/kensetsu/yuki/documents/snowdepth_r08_0411.xls
2026-02-18,北区(あいの里),snowdepth,60.0,published; reference periods in source notes,https://www.city.sapporo.jp/kensetsu/yuki/documents/snowdepth_r08_0411.xls
2026-02-18,東区,snowdepth,92.0,published; reference periods in source notes,https://www.city.sapporo.jp/kensetsu/yuki/documents/snowdepth_r08_0411.xls
2026-02-18,白石区,snowdepth,82.0,published; reference periods in source notes,https://www.city.sapporo.jp/kensetsu/yuki/documents/snowdepth_r08_0411.xls
2026-02-18,厚別区,snowdepth,75.0,published; reference periods in source notes,https://www.city.sapporo.jp/kensetsu/yuki/documents/snowdepth_r08_0411.xls
2026-02-18,豊平区,snowdepth,91.0,published; reference periods in source notes,https://www.city.sapporo.jp/kensetsu/yuki/documents/snowdepth_r08_0411.xls
2026-02-18,清田区,snowdepth,86.0,published; reference periods in source notes,https://www.city.sapporo.jp/kensetsu/yuki/documents/snowdepth_r08_0411.xls
2026-02-18,南区(南31条西8丁目),snowdepth,86.0,published; reference periods in source notes,https://www.city.sapporo.jp/kensetsu/yuki/documents/snowdepth_r08_0411.xls
2026-02-18,南区(定山渓),snowdepth,84.0,published; reference periods in source notes,https://www.city.sapporo.jp/kensetsu/yuki/documents/snowdepth_r08_0411.xls
2026-02-18,西区(西野),snowdepth,92.0,published; reference periods in source notes,https://www.city.sapporo.jp/kensetsu/yuki/documents/snowdepth_r08_0411.xls
2026-02-18,西区(平和),snowdepth,122.0,published; reference periods in source notes,https://www.city.sapporo.jp/kensetsu/yuki/documents/snowdepth_r08_0411.xls
2026-02-18,手稲区,snowdepth,87.0,published; reference periods in source notes,https://www.city.sapporo.jp/kensetsu/yuki/documents/snowdepth_r08_0411.xls
2026-02-19,中央区,snowdepth,76.0,published; reference periods in source notes,https://www.city.sapporo.jp/kensetsu/yuki/documents/snowdepth_r08_0411.xls
2026-02-19,北区(太平),snowdepth,94.0,published; reference periods in source notes,https://www.city.sapporo.jp/kensetsu/yuki/documents/snowdepth_r08_0411.xls
2026-02-19,北区(あいの里),snowdepth,62.0,published; reference periods in source notes,https://www.city.sapporo.jp/kensetsu/yuki/documents/snowdepth_r08_0411.xls
2026-02-19,東区,snowdepth,109.0,published; reference periods in source notes,https://www.city.sapporo.jp/kensetsu/yuki/documents/snowdepth_r08_0411.xls
2026-02-19,白石区,snowdepth,109.0,published; reference periods in source notes,https://www.city.sapporo.jp/kensetsu/yuki/documents/snowdepth_r08_0411.xls
2026-02-19,厚別区,snowdepth,95.0,published; reference periods in source notes,https://www.city.sapporo.jp/kensetsu/yuki/documents/snowdepth_r08_0411.xls
2026-02-19,豊平区,snowdepth,117.0,published; reference periods in source notes,https://www.city.sapporo.jp/kensetsu/yuki/documents/snowdepth_r08_0411.xls
2026-02-19,清田区,snowdepth,105.0,published; reference periods in source notes,https://www.city.sapporo.jp/kensetsu/yuki/documents/snowdepth_r08_0411.xls
2026-02-19,南区(南31条西8丁目),snowdepth,95.0,published; reference periods in source notes,https://www.city.sapporo.jp/kensetsu/yuki/documents/snowdepth_r08_0411.xls
2026-02-19,南区(定山渓),snowdepth,128.0,published; reference periods in source notes,https://www.city.sapporo.jp/kensetsu/yuki/documents/snowdepth_r08_0411.xls
2026-02-19,西区(西野),snowdepth,113.0,published; reference periods in source notes,https://www.city.sapporo.jp/kensetsu/yuki/documents/snowdepth_r08_0411.xls
2026-02-19,西区(平和),snowdepth,149.0,published; reference periods in source notes,https://www.city.sapporo.jp/kensetsu/yuki/documents/snowdepth_r08_0411.xls
2026-02-19,手稲区,snowdepth,125.0,published; reference periods in source notes,https://www.city.sapporo.jp/kensetsu/yuki/documents/snowdepth_r08_0411.xls
2026-02-20,中央区,snowdepth,72.0,published; reference periods in source notes,https://www.city.sapporo.jp/kensetsu/yuki/documents/snowdepth_r08_0411.xls
2026-02-20,北区(太平),snowdepth,92.0,published; reference periods in source notes,https://www.city.sapporo.jp/kensetsu/yuki/documents/snowdepth_r08_0411.xls
2026-02-20,北区(あいの里),snowdepth,61.0,published; reference periods in source notes,https://www.city.sapporo.jp/kensetsu/yuki/documents/snowdepth_r08_0411.xls
2026-02-20,東区,snowdepth,106.0,published; reference periods in source notes,https://www.city.sapporo.jp/kensetsu/yuki/documents/snowdepth_r08_0411.xls
2026-02-20,白石区,snowdepth,111.0,published; reference periods in source notes,https://www.city.sapporo.jp/kensetsu/yuki/documents/snowdepth_r08_0411.xls
2026-02-20,厚別区,snowdepth,90.0,published; reference periods in source notes,https://www.city.sapporo.jp/kensetsu/yuki/documents/snowdepth_r08_0411.xls
2026-02-20,豊平区,snowdepth,115.0,published; reference periods in source notes,https://www.city.sapporo.jp/kensetsu/yuki/documents/snowdepth_r08_0411.xls
2026-02-20,清田区,snowdepth,104.0,published; reference periods in source notes,https://www.city.sapporo.jp/kensetsu/yuki/documents/snowdepth_r08_0411.xls
2026-02-20,南区(南31条西8丁目),snowdepth,85.0,published; reference periods in source notes,https://www.city.sapporo.jp/kensetsu/yuki/documents/snowdepth_r08_0411.xls
2026-02-20,南区(定山渓),snowdepth,116.0,published; reference periods in source notes,https://www.city.sapporo.jp/kensetsu/yuki/documents/snowdepth_r08_0411.xls
2026-02-20,西区(西野),snowdepth,107.0,published; reference periods in source notes,https://www.city.sapporo.jp/kensetsu/yuki/documents/snowdepth_r08_0411.xls
2026-02-20,西区(平和),snowdepth,145.0,published; reference periods in source notes,https://www.city.sapporo.jp/kensetsu/yuki/documents/snowdepth_r08_0411.xls
2026-02-20,手稲区,snowdepth,121.0,published; reference periods in source notes,https://www.city.sapporo.jp/kensetsu/yuki/documents/snowdepth_r08_0411.xls
2026-02-21,中央区,snowdepth,70.0,published; reference periods in source notes,https://www.city.sapporo.jp/kensetsu/yuki/documents/snowdepth_r08_0411.xls
2026-02-21,北区(太平),snowdepth,89.0,published; reference periods in source notes,https://www.city.sapporo.jp/kensetsu/yuki/documents/snowdepth_r08_0411.xls
2026-02-21,北区(あいの里),snowdepth,59.0,published; reference periods in source notes,https://www.city.sapporo.jp/kensetsu/yuki/documents/snowdepth_r08_0411.xls
2026-02-21,東区,snowdepth,101.0,published; reference periods in source notes,https://www.city.sapporo.jp/kensetsu/yuki/documents/snowdepth_r08_0411.xls
2026-02-21,白石区,snowdepth,106.0,published; reference periods in source notes,https://www.city.sapporo.jp/kensetsu/yuki/documents/snowdepth_r08_0411.xls
2026-02-21,厚別区,snowdepth,89.0,published; reference periods in source notes,https://www.city.sapporo.jp/kensetsu/yuki/documents/snowdepth_r08_0411.xls
2026-02-21,豊平区,snowdepth,110.0,published; reference periods in source notes,https://www.city.sapporo.jp/kensetsu/yuki/documents/snowdepth_r08_0411.xls
2026-02-21,清田区,snowdepth,98.0,published; reference periods in source notes,https://www.city.sapporo.jp/kensetsu/yuki/documents/snowdepth_r08_0411.xls
2026-02-21,南区(南31条西8丁目),snowdepth,82.0,published; reference periods in source notes,https://www.city.sapporo.jp/kensetsu/yuki/documents/snowdepth_r08_0411.xls
2026-02-21,南区(定山渓),snowdepth,107.0,published; reference periods in source notes,https://www.city.sapporo.jp/kensetsu/yuki/documents/snowdepth_r08_0411.xls
2026-02-21,西区(西野),snowdepth,102.0,published; reference periods in source notes,https://www.city.sapporo.jp/kensetsu/yuki/documents/snowdepth_r08_0411.xls
2026-02-21,西区(平和),snowdepth,137.0,published; reference periods in source notes,https://www.city.sapporo.jp/kensetsu/yuki/documents/snowdepth_r08_0411.xls
2026-02-21,手稲区,snowdepth,115.0,published; reference periods in source notes,https://www.city.sapporo.jp/kensetsu/yuki/documents/snowdepth_r08_0411.xls
2026-02-22,中央区,snowdepth,65.0,published; reference periods in source notes,https://www.city.sapporo.jp/kensetsu/yuki/documents/snowdepth_r08_0411.xls
2026-02-22,北区(太平),snowdepth,83.0,published; reference periods in source notes,https://www.city.sapporo.jp/kensetsu/yuki/documents/snowdepth_r08_0411.xls
2026-02-22,北区(あいの里),snowdepth,52.0,published; reference periods in source notes,https://www.city.sapporo.jp/kensetsu/yuki/documents/snowdepth_r08_0411.xls
2026-02-22,東区,snowdepth,95.0,published; reference periods in source notes,https://www.city.sapporo.jp/kensetsu/yuki/documents/snowdepth_r08_0411.xls
2026-02-22,白石区,snowdepth,88.0,published; reference periods in source notes,https://www.city.sapporo.jp/kensetsu/yuki/documents/snowdepth_r08_0411.xls
2026-02-22,厚別区,snowdepth,80.0,published; reference periods in source notes,https://www.city.sapporo.jp/kensetsu/yuki/documents/snowdepth_r08_0411.xls
2026-02-22,豊平区,snowdepth,98.0,published; reference periods in source notes,https://www.city.sapporo.jp/kensetsu/yuki/documents/snowdepth_r08_0411.xls
2026-02-22,清田区,snowdepth,90.0,published; reference periods in source notes,https://www.city.sapporo.jp/kensetsu/yuki/documents/snowdepth_r08_0411.xls
2026-02-22,南区(南31条西8丁目),snowdepth,77.0,published; reference periods in source notes,https://www.city.sapporo.jp/kensetsu/yuki/documents/snowdepth_r08_0411.xls
2026-02-22,南区(定山渓),snowdepth,92.0,published; reference periods in source notes,https://www.city.sapporo.jp/kensetsu/yuki/documents/snowdepth_r08_0411.xls
2026-02-22,西区(西野),snowdepth,96.0,published; reference periods in source notes,https://www.city.sapporo.jp/kensetsu/yuki/documents/snowdepth_r08_0411.xls
2026-02-22,西区(平和),snowdepth,127.0,published; reference periods in source notes,https://www.city.sapporo.jp/kensetsu/yuki/documents/snowdepth_r08_0411.xls
2026-02-22,手稲区,snowdepth,104.0,published; reference periods in source notes,https://www.city.sapporo.jp/kensetsu/yuki/documents/snowdepth_r08_0411.xls
2026-02-23,中央区,snowdepth,52.0,published; reference periods in source notes,https://www.city.sapporo.jp/kensetsu/yuki/documents/snowdepth_r08_0411.xls
2026-02-23,北区(太平),snowdepth,73.0,published; reference periods in source notes,https://www.city.sapporo.jp/kensetsu/yuki/documents/snowdepth_r08_0411.xls
2026-02-23,北区(あいの里),snowdepth,37.0,published; reference periods in source notes,https://www.city.sapporo.jp/kensetsu/yuki/documents/snowdepth_r08_0411.xls
2026-02-23,東区,snowdepth,81.0,published; reference periods in source notes,https://www.city.sapporo.jp/kensetsu/yuki/documents/snowdepth_r08_0411.xls
2026-02-23,白石区,snowdepth,71.0,published; reference periods in source notes,https://www.city.sapporo.jp/kensetsu/yuki/documents/snowdepth_r08_0411.xls
2026-02-23,厚別区,snowdepth,65.0,published; reference periods in source notes,https://www.city.sapporo.jp/kensetsu/yuki/documents/snowdepth_r08_0411.xls
2026-02-23,豊平区,snowdepth,78.0,published; reference periods in source notes,https://www.city.sapporo.jp/kensetsu/yuki/documents/snowdepth_r08_0411.xls
2026-02-23,清田区,snowdepth,74.0,published; reference periods in source notes,https://www.city.sapporo.jp/kensetsu/yuki/documents/snowdepth_r08_0411.xls
2026-02-23,南区(南31条西8丁目),snowdepth,65.0,published; reference periods in source notes,https://www.city.sapporo.jp/kensetsu/yuki/documents/snowdepth_r08_0411.xls
2026-02-23,南区(定山渓),snowdepth,80.0,published; reference periods in source notes,https://www.city.sapporo.jp/kensetsu/yuki/documents/snowdepth_r08_0411.xls
2026-02-23,西区(西野),snowdepth,85.0,published; reference periods in source notes,https://www.city.sapporo.jp/kensetsu/yuki/documents/snowdepth_r08_0411.xls
2026-02-23,西区(平和),snowdepth,116.0,published; reference periods in source notes,https://www.city.sapporo.jp/kensetsu/yuki/documents/snowdepth_r08_0411.xls
2026-02-23,手稲区,snowdepth,92.0,published; reference periods in source notes,https://www.city.sapporo.jp/kensetsu/yuki/documents/snowdepth_r08_0411.xls
2026-02-24,中央区,snowdepth,47.0,published; reference periods in source notes,https://www.city.sapporo.jp/kensetsu/yuki/documents/snowdepth_r08_0411.xls
2026-02-24,北区(太平),snowdepth,69.0,published; reference periods in source notes,https://www.city.sapporo.jp/kensetsu/yuki/documents/snowdepth_r08_0411.xls
2026-02-24,北区(あいの里),snowdepth,34.0,published; reference periods in source notes,https://www.city.sapporo.jp/kensetsu/yuki/documents/snowdepth_r08_0411.xls
2026-02-24,東区,snowdepth,76.0,published; reference periods in source notes,https://www.city.sapporo.jp/kensetsu/yuki/documents/snowdepth_r08_0411.xls
2026-02-24,白石区,snowdepth,66.0,published; reference periods in source notes,https://www.city.sapporo.jp/kensetsu/yuki/documents/snowdepth_r08_0411.xls
2026-02-24,厚別区,snowdepth,62.0,published; reference periods in source notes,https://www.city.sapporo.jp/kensetsu/yuki/documents/snowdepth_r08_0411.xls
2026-02-24,豊平区,snowdepth,76.0,published; reference periods in source notes,https://www.city.sapporo.jp/kensetsu/yuki/documents/snowdepth_r08_0411.xls
2026-02-24,清田区,snowdepth,71.0,published; reference periods in source notes,https://www.city.sapporo.jp/kensetsu/yuki/documents/snowdepth_r08_0411.xls
2026-02-24,南区(南31条西8丁目),snowdepth,62.0,published; reference periods in source notes,https://www.city.sapporo.jp/kensetsu/yuki/documents/snowdepth_r08_0411.xls
2026-02-24,南区(定山渓),snowdepth,79.0,published; reference periods in source notes,https://www.city.sapporo.jp/kensetsu/yuki/documents/snowdepth_r08_0411.xls
2026-02-24,西区(西野),snowdepth,81.0,published; reference periods in source notes,https://www.city.sapporo.jp/kensetsu/yuki/documents/snowdepth_r08_0411.xls
2026-02-24,西区(平和),snowdepth,109.0,published; reference periods in source notes,https://www.city.sapporo.jp/kensetsu/yuki/documents/snowdepth_r08_0411.xls
2026-02-24,手稲区,snowdepth,89.0,published; reference periods in source notes,https://www.city.sapporo.jp/kensetsu/yuki/documents/snowdepth_r08_0411.xls
2026-02-25,中央区,snowdepth,47.0,published; reference periods in source notes,https://www.city.sapporo.jp/kensetsu/yuki/documents/snowdepth_r08_0411.xls
2026-02-25,北区(太平),snowdepth,68.0,published; reference periods in source notes,https://www.city.sapporo.jp/kensetsu/yuki/documents/snowdepth_r08_0411.xls
2026-02-25,北区(あいの里),snowdepth,34.0,published; reference periods in source notes,https://www.city.sapporo.jp/kensetsu/yuki/documents/snowdepth_r08_0411.xls
2026-02-25,東区,snowdepth,76.0,published; reference periods in source notes,https://www.city.sapporo.jp/kensetsu/yuki/documents/snowdepth_r08_0411.xls
2026-02-25,白石区,snowdepth,65.0,published; reference periods in source notes,https://www.city.sapporo.jp/kensetsu/yuki/documents/snowdepth_r08_0411.xls
2026-02-25,厚別区,snowdepth,61.0,published; reference periods in source notes,https://www.city.sapporo.jp/kensetsu/yuki/documents/snowdepth_r08_0411.xls
2026-02-25,豊平区,snowdepth,75.0,published; reference periods in source notes,https://www.city.sapporo.jp/kensetsu/yuki/documents/snowdepth_r08_0411.xls
2026-02-25,清田区,snowdepth,70.0,published; reference periods in source notes,https://www.city.sapporo.jp/kensetsu/yuki/documents/snowdepth_r08_0411.xls
2026-02-25,南区(南31条西8丁目),snowdepth,62.0,published; reference periods in source notes,https://www.city.sapporo.jp/kensetsu/yuki/documents/snowdepth_r08_0411.xls
2026-02-25,南区(定山渓),snowdepth,77.0,published; reference periods in source notes,https://www.city.sapporo.jp/kensetsu/yuki/documents/snowdepth_r08_0411.xls
2026-02-25,西区(西野),snowdepth,81.0,published; reference periods in source notes,https://www.city.sapporo.jp/kensetsu/yuki/documents/snowdepth_r08_0411.xls
2026-02-25,西区(平和),snowdepth,109.0,published; reference periods in source notes,https://www.city.sapporo.jp/kensetsu/yuki/documents/snowdepth_r08_0411.xls
2026-02-25,手稲区,snowdepth,88.0,published; reference periods in source notes,https://www.city.sapporo.jp/kensetsu/yuki/documents/snowdepth_r08_0411.xls
2026-02-26,中央区,snowdepth,46.0,published; reference periods in source notes,https://www.city.sapporo.jp/kensetsu/yuki/documents/snowdepth_r08_0411.xls
2026-02-26,北区(太平),snowdepth,67.0,published; reference periods in source notes,https://www.city.sapporo.jp/kensetsu/yuki/documents/snowdepth_r08_0411.xls
2026-02-26,北区(あいの里),snowdepth,33.0,published; reference periods in source notes,https://www.city.sapporo.jp/kensetsu/yuki/documents/snowdepth_r08_0411.xls
2026-02-26,東区,snowdepth,74.0,published; reference periods in source notes,https://www.city.sapporo.jp/kensetsu/yuki/documents/snowdepth_r08_0411.xls
2026-02-26,白石区,snowdepth,65.0,published; reference periods in source notes,https://www.city.sapporo.jp/kensetsu/yuki/documents/snowdepth_r08_0411.xls
2026-02-26,厚別区,snowdepth,61.0,published; reference periods in source notes,https://www.city.sapporo.jp/kensetsu/yuki/documents/snowdepth_r08_0411.xls
2026-02-26,豊平区,snowdepth,74.0,published; reference periods in source notes,https://www.city.sapporo.jp/kensetsu/yuki/documents/snowdepth_r08_0411.xls
2026-02-26,清田区,snowdepth,69.0,published; reference periods in source notes,https://www.city.sapporo.jp/kensetsu/yuki/documents/snowdepth_r08_0411.xls
2026-02-26,南区(南31条西8丁目),snowdepth,60.0,published; reference periods in source notes,https://www.city.sapporo.jp/kensetsu/yuki/documents/snowdepth_r08_0411.xls
2026-02-26,南区(定山渓),snowdepth,75.0,published; reference periods in source notes,https://www.city.sapporo.jp/kensetsu/yuki/documents/snowdepth_r08_0411.xls
2026-02-26,西区(西野),snowdepth,79.0,published; reference periods in source notes,https://www.city.sapporo.jp/kensetsu/yuki/documents/snowdepth_r08_0411.xls
2026-02-26,西区(平和),snowdepth,107.0,published; reference periods in source notes,https://www.city.sapporo.jp/kensetsu/yuki/documents/snowdepth_r08_0411.xls
2026-02-26,手稲区,snowdepth,86.0,published; reference periods in source notes,https://www.city.sapporo.jp/kensetsu/yuki/documents/snowdepth_r08_0411.xls
2026-02-27,中央区,snowdepth,43.0,published; reference periods in source notes,https://www.city.sapporo.jp/kensetsu/yuki/documents/snowdepth_r08_0411.xls
2026-02-27,北区(太平),snowdepth,64.0,published; reference periods in source notes,https://www.city.sapporo.jp/kensetsu/yuki/documents/snowdepth_r08_0411.xls
2026-02-27,北区(あいの里),snowdepth,32.0,published; reference periods in source notes,https://www.city.sapporo.jp/kensetsu/yuki/documents/snowdepth_r08_0411.xls
2026-02-27,東区,snowdepth,72.0,published; reference periods in source notes,https://www.city.sapporo.jp/kensetsu/yuki/documents/snowdepth_r08_0411.xls
2026-02-27,白石区,snowdepth,61.0,published; reference periods in source notes,https://www.city.sapporo.jp/kensetsu/yuki/documents/snowdepth_r08_0411.xls
2026-02-27,厚別区,snowdepth,58.0,published; reference periods in source notes,https://www.city.sapporo.jp/kensetsu/yuki/documents/snowdepth_r08_0411.xls
2026-02-27,豊平区,snowdepth,71.0,published; reference periods in source notes,https://www.city.sapporo.jp/kensetsu/yuki/documents/snowdepth_r08_0411.xls
2026-02-27,清田区,snowdepth,66.0,published; reference periods in source notes,https://www.city.sapporo.jp/kensetsu/yuki/documents/snowdepth_r08_0411.xls
2026-02-27,南区(南31条西8丁目),snowdepth,57.0,published; reference periods in source notes,https://www.city.sapporo.jp/kensetsu/yuki/documents/snowdepth_r08_0411.xls
2026-02-27,南区(定山渓),snowdepth,73.0,published; reference periods in source notes,https://www.city.sapporo.jp/kensetsu/yuki/documents/snowdepth_r08_0411.xls
2026-02-27,西区(西野),snowdepth,77.0,published; reference periods in source notes,https://www.city.sapporo.jp/kensetsu/yuki/documents/snowdepth_r08_0411.xls
2026-02-27,西区(平和),snowdepth,104.0,published; reference periods in source notes,https://www.city.sapporo.jp/kensetsu/yuki/documents/snowdepth_r08_0411.xls
2026-02-27,手稲区,snowdepth,84.0,published; reference periods in source notes,https://www.city.sapporo.jp/kensetsu/yuki/documents/snowdepth_r08_0411.xls
2026-02-28,中央区,snowdepth,40.0,published; reference periods in source notes,https://www.city.sapporo.jp/kensetsu/yuki/documents/snowdepth_r08_0411.xls
2026-02-28,北区(太平),snowdepth,60.0,published; reference periods in source notes,https://www.city.sapporo.jp/kensetsu/yuki/documents/snowdepth_r08_0411.xls
2026-02-28,北区(あいの里),snowdepth,28.0,published; reference periods in source notes,https://www.city.sapporo.jp/kensetsu/yuki/documents/snowdepth_r08_0411.xls
2026-02-28,東区,snowdepth,67.0,published; reference periods in source notes,https://www.city.sapporo.jp/kensetsu/yuki/documents/snowdepth_r08_0411.xls
2026-02-28,白石区,snowdepth,55.0,published; reference periods in source notes,https://www.city.sapporo.jp/kensetsu/yuki/documents/snowdepth_r08_0411.xls
2026-02-28,厚別区,snowdepth,53.0,published; reference periods in source notes,https://www.city.sapporo.jp/kensetsu/yuki/documents/snowdepth_r08_0411.xls
2026-02-28,豊平区,snowdepth,66.0,published; reference periods in source notes,https://www.city.sapporo.jp/kensetsu/yuki/documents/snowdepth_r08_0411.xls
2026-02-28,清田区,snowdepth,63.0,published; reference periods in source notes,https://www.city.sapporo.jp/kensetsu/yuki/documents/snowdepth_r08_0411.xls
2026-02-28,南区(南31条西8丁目),snowdepth,53.0,published; reference periods in source notes,https://www.city.sapporo.jp/kensetsu/yuki/documents/snowdepth_r08_0411.xls
2026-02-28,南区(定山渓),snowdepth,69.0,published; reference periods in source notes,https://www.city.sapporo.jp/kensetsu/yuki/documents/snowdepth_r08_0411.xls
2026-02-28,西区(西野),snowdepth,71.0,published; reference periods in source notes,https://www.city.sapporo.jp/kensetsu/yuki/documents/snowdepth_r08_0411.xls
2026-02-28,西区(平和),snowdepth,101.0,published; reference periods in source notes,https://www.city.sapporo.jp/kensetsu/yuki/documents/snowdepth_r08_0411.xls
2026-02-28,手稲区,snowdepth,80.0,published; reference periods in source notes,https://www.city.sapporo.jp/kensetsu/yuki/documents/snowdepth_r08_0411.xls
2026-03-01,中央区,snowdepth,34.0,published; reference periods in source notes,https://www.city.sapporo.jp/kensetsu/yuki/documents/snowdepth_r08_0411.xls
2026-03-01,北区(太平),snowdepth,55.0,published; reference periods in source notes,https://www.city.sapporo.jp/kensetsu/yuki/documents/snowdepth_r08_0411.xls
2026-03-01,北区(あいの里),snowdepth,26.0,published; reference periods in source notes,https://www.city.sapporo.jp/kensetsu/yuki/documents/snowdepth_r08_0411.xls
2026-03-01,東区,snowdepth,62.0,published; reference periods in source notes,https://www.city.sapporo.jp/kensetsu/yuki/documents/snowdepth_r08_0411.xls
2026-03-01,白石区,snowdepth,53.0,published; reference periods in source notes,https://www.city.sapporo.jp/kensetsu/yuki/documents/snowdepth_r08_0411.xls
2026-03-01,厚別区,snowdepth,50.0,published; reference periods in source notes,https://www.city.sapporo.jp/kensetsu/yuki/documents/snowdepth_r08_0411.xls
2026-03-01,豊平区,snowdepth,61.0,published; reference periods in source notes,https://www.city.sapporo.jp/kensetsu/yuki/documents/snowdepth_r08_0411.xls
2026-03-01,清田区,snowdepth,58.0,published; reference periods in source notes,https://www.city.sapporo.jp/kensetsu/yuki/documents/snowdepth_r08_0411.xls
2026-03-01,南区(南31条西8丁目),snowdepth,48.0,published; reference periods in source notes,https://www.city.sapporo.jp/kensetsu/yuki/documents/snowdepth_r08_0411.xls
2026-03-01,南区(定山渓),snowdepth,65.0,published; reference periods in source notes,https://www.city.sapporo.jp/kensetsu/yuki/documents/snowdepth_r08_0411.xls
2026-03-01,西区(西野),snowdepth,66.0,published; reference periods in source notes,https://www.city.sapporo.jp/kensetsu/yuki/documents/snowdepth_r08_0411.xls
2026-03-01,西区(平和),snowdepth,95.0,published; reference periods in source notes,https://www.city.sapporo.jp/kensetsu/yuki/documents/snowdepth_r08_0411.xls
2026-03-01,手稲区,snowdepth,75.0,published; reference periods in source notes,https://www.city.sapporo.jp/kensetsu/yuki/documents/snowdepth_r08_0411.xls
2026-03-02,中央区,snowdepth,34.0,published; reference periods in source notes,https://www.city.sapporo.jp/kensetsu/yuki/documents/snowdepth_r08_0411.xls
2026-03-02,北区(太平),snowdepth,54.0,published; reference periods in source notes,https://www.city.sapporo.jp/kensetsu/yuki/documents/snowdepth_r08_0411.xls
2026-03-02,北区(あいの里),snowdepth,26.0,published; reference periods in source notes,https://www.city.sapporo.jp/kensetsu/yuki/documents/snowdepth_r08_0411.xls
2026-03-02,東区,snowdepth,62.0,published; reference periods in source notes,https://www.city.sapporo.jp/kensetsu/yuki/documents/snowdepth_r08_0411.xls
2026-03-02,白石区,snowdepth,52.0,published; reference periods in source notes,https://www.city.sapporo.jp/kensetsu/yuki/documents/snowdepth_r08_0411.xls
2026-03-02,厚別区,snowdepth,49.0,published; reference periods in source notes,https://www.city.sapporo.jp/kensetsu/yuki/documents/snowdepth_r08_0411.xls
2026-03-02,豊平区,snowdepth,60.0,published; reference periods in source notes,https://www.city.sapporo.jp/kensetsu/yuki/documents/snowdepth_r08_0411.xls
2026-03-02,清田区,snowdepth,58.0,published; reference periods in source notes,https://www.city.sapporo.jp/kensetsu/yuki/documents/snowdepth_r08_0411.xls
2026-03-02,南区(南31条西8丁目),snowdepth,47.0,published; reference periods in source notes,https://www.city.sapporo.jp/kensetsu/yuki/documents/snowdepth_r08_0411.xls
2026-03-02,南区(定山渓),snowdepth,64.0,published; reference periods in source notes,https://www.city.sapporo.jp/kensetsu/yuki/documents/snowdepth_r08_0411.xls
2026-03-02,西区(西野),snowdepth,66.0,published; reference periods in source notes,https://www.city.sapporo.jp/kensetsu/yuki/documents/snowdepth_r08_0411.xls
2026-03-02,西区(平和),snowdepth,94.0,published; reference periods in source notes,https://www.city.sapporo.jp/kensetsu/yuki/documents/snowdepth_r08_0411.xls
2026-03-02,手稲区,snowdepth,73.0,published; reference periods in source notes,https://www.city.sapporo.jp/kensetsu/yuki/documents/snowdepth_r08_0411.xls
2026-03-03,中央区,snowdepth,33.0,published; reference periods in source notes,https://www.city.sapporo.jp/kensetsu/yuki/documents/snowdepth_r08_0411.xls
2026-03-03,北区(太平),snowdepth,53.0,published; reference periods in source notes,https://www.city.sapporo.jp/kensetsu/yuki/documents/snowdepth_r08_0411.xls
2026-03-03,北区(あいの里),snowdepth,26.0,published; reference periods in source notes,https://www.city.sapporo.jp/kensetsu/yuki/documents/snowdepth_r08_0411.xls
2026-03-03,東区,snowdepth,60.0,published; reference periods in source notes,https://www.city.sapporo.jp/kensetsu/yuki/documents/snowdepth_r08_0411.xls
2026-03-03,白石区,snowdepth,50.0,published; reference periods in source notes,https://www.city.sapporo.jp/kensetsu/yuki/documents/snowdepth_r08_0411.xls
2026-03-03,厚別区,snowdepth,48.0,published; reference periods in source notes,https://www.city.sapporo.jp/kensetsu/yuki/documents/snowdepth_r08_0411.xls
2026-03-03,豊平区,snowdepth,59.0,published; reference periods in source notes,https://www.city.sapporo.jp/kensetsu/yuki/documents/snowdepth_r08_0411.xls
2026-03-03,清田区,snowdepth,56.0,published; reference periods in source notes,https://www.city.sapporo.jp/kensetsu/yuki/documents/snowdepth_r08_0411.xls
2026-03-03,南区(南31条西8丁目),snowdepth,45.0,published; reference periods in source notes,https://www.city.sapporo.jp/kensetsu/yuki/documents/snowdepth_r08_0411.xls
2026-03-03,南区(定山渓),snowdepth,63.0,published; reference periods in source notes,https://www.city.sapporo.jp/kensetsu/yuki/documents/snowdepth_r08_0411.xls
2026-03-03,西区(西野),snowdepth,65.0,published; reference periods in source notes,https://www.city.sapporo.jp/kensetsu/yuki/documents/snowdepth_r08_0411.xls
2026-03-03,西区(平和),snowdepth,93.0,published; reference periods in source notes,https://www.city.sapporo.jp/kensetsu/yuki/documents/snowdepth_r08_0411.xls
2026-03-03,手稲区,snowdepth,72.0,published; reference periods in source notes,https://www.city.sapporo.jp/kensetsu/yuki/documents/snowdepth_r08_0411.xls
2026-03-04,中央区,snowdepth,34.0,published; reference periods in source notes,https://www.city.sapporo.jp/kensetsu/yuki/documents/snowdepth_r08_0411.xls
2026-03-04,北区(太平),snowdepth,53.0,published; reference periods in source notes,https://www.city.sapporo.jp/kensetsu/yuki/documents/snowdepth_r08_0411.xls
2026-03-04,北区(あいの里),snowdepth,27.0,published; reference periods in source notes,https://www.city.sapporo.jp/kensetsu/yuki/documents/snowdepth_r08_0411.xls
2026-03-04,東区,snowdepth,62.0,published; reference periods in source notes,https://www.city.sapporo.jp/kensetsu/yuki/documents/snowdepth_r08_0411.xls
2026-03-04,白石区,snowdepth,52.0,published; reference periods in source notes,https://www.city.sapporo.jp/kensetsu/yuki/documents/snowdepth_r08_0411.xls
2026-03-04,厚別区,snowdepth,46.0,published; reference periods in source notes,https://www.city.sapporo.jp/kensetsu/yuki/documents/snowdepth_r08_0411.xls
2026-03-04,豊平区,snowdepth,65.0,published; reference periods in source notes,https://www.city.sapporo.jp/kensetsu/yuki/documents/snowdepth_r08_0411.xls
2026-03-04,清田区,snowdepth,59.0,published; reference periods in source notes,https://www.city.sapporo.jp/kensetsu/yuki/documents/snowdepth_r08_0411.xls
2026-03-04,南区(南31条西8丁目),snowdepth,51.0,published; reference periods in source notes,https://www.city.sapporo.jp/kensetsu/yuki/documents/snowdepth_r08_0411.xls
2026-03-04,南区(定山渓),snowdepth,72.0,published; reference periods in source notes,https://www.city.sapporo.jp/kensetsu/yuki/documents/snowdepth_r08_0411.xls
2026-03-04,西区(西野),snowdepth,71.0,published; reference periods in source notes,https://www.city.sapporo.jp/kensetsu/yuki/documents/snowdepth_r08_0411.xls
2026-03-04,西区(平和),snowdepth,102.0,published; reference periods in source notes,https://www.city.sapporo.jp/kensetsu/yuki/documents/snowdepth_r08_0411.xls
2026-03-04,手稲区,snowdepth,73.0,published; reference periods in source notes,https://www.city.sapporo.jp/kensetsu/yuki/documents/snowdepth_r08_0411.xls
2026-03-05,中央区,snowdepth,34.0,published; reference periods in source notes,https://www.city.sapporo.jp/kensetsu/yuki/documents/snowdepth_r08_0411.xls
2026-03-05,北区(太平),snowdepth,54.0,published; reference periods in source notes,https://www.city.sapporo.jp/kensetsu/yuki/documents/snowdepth_r08_0411.xls
2026-03-05,北区(あいの里),snowdepth,28.0,published; reference periods in source notes,https://www.city.sapporo.jp/kensetsu/yuki/documents/snowdepth_r08_0411.xls
2026-03-05,東区,snowdepth,62.0,published; reference periods in source notes,https://www.city.sapporo.jp/kensetsu/yuki/documents/snowdepth_r08_0411.xls
2026-03-05,白石区,snowdepth,50.0,published; reference periods in source notes,https://www.city.sapporo.jp/kensetsu/yuki/documents/snowdepth_r08_0411.xls
2026-03-05,厚別区,snowdepth,49.0,published; reference periods in source notes,https://www.city.sapporo.jp/kensetsu/yuki/documents/snowdepth_r08_0411.xls
2026-03-05,豊平区,snowdepth,67.0,published; reference periods in source notes,https://www.city.sapporo.jp/kensetsu/yuki/documents/snowdepth_r08_0411.xls
2026-03-05,清田区,snowdepth,59.0,published; reference periods in source notes,https://www.city.sapporo.jp/kensetsu/yuki/documents/snowdepth_r08_0411.xls
2026-03-05,南区(南31条西8丁目),snowdepth,50.0,published; reference periods in source notes,https://www.city.sapporo.jp/kensetsu/yuki/documents/snowdepth_r08_0411.xls
2026-03-05,南区(定山渓),snowdepth,99.0,published; reference periods in source notes,https://www.city.sapporo.jp/kensetsu/yuki/documents/snowdepth_r08_0411.xls
2026-03-05,西区(西野),snowdepth,72.0,published; reference periods in source notes,https://www.city.sapporo.jp/kensetsu/yuki/documents/snowdepth_r08_0411.xls
2026-03-05,西区(平和),snowdepth,121.0,published; reference periods in source notes,https://www.city.sapporo.jp/kensetsu/yuki/documents/snowdepth_r08_0411.xls
2026-03-05,手稲区,snowdepth,72.0,published; reference periods in source notes,https://www.city.sapporo.jp/kensetsu/yuki/documents/snowdepth_r08_0411.xls
2026-03-06,中央区,snowdepth,31.0,published; reference periods in source notes,https://www.city.sapporo.jp/kensetsu/yuki/documents/snowdepth_r08_0411.xls
2026-03-06,北区(太平),snowdepth,48.0,published; reference periods in source notes,https://www.city.sapporo.jp/kensetsu/yuki/documents/snowdepth_r08_0411.xls
2026-03-06,北区(あいの里),snowdepth,26.0,published; reference periods in source notes,https://www.city.sapporo.jp/kensetsu/yuki/documents/snowdepth_r08_0411.xls
2026-03-06,東区,snowdepth,58.0,published; reference periods in source notes,https://www.city.sapporo.jp/kensetsu/yuki/documents/snowdepth_r08_0411.xls
2026-03-06,白石区,snowdepth,46.0,published; reference periods in source notes,https://www.city.sapporo.jp/kensetsu/yuki/documents/snowdepth_r08_0411.xls
2026-03-06,厚別区,snowdepth,43.0,published; reference periods in source notes,https://www.city.sapporo.jp/kensetsu/yuki/documents/snowdepth_r08_0411.xls
2026-03-06,豊平区,snowdepth,60.0,published; reference periods in source notes,https://www.city.sapporo.jp/kensetsu/yuki/documents/snowdepth_r08_0411.xls
2026-03-06,清田区,snowdepth,54.0,published; reference periods in source notes,https://www.city.sapporo.jp/kensetsu/yuki/documents/snowdepth_r08_0411.xls
2026-03-06,南区(南31条西8丁目),snowdepth,47.0,published; reference periods in source notes,https://www.city.sapporo.jp/kensetsu/yuki/documents/snowdepth_r08_0411.xls
2026-03-06,南区(定山渓),snowdepth,79.0,published; reference periods in source notes,https://www.city.sapporo.jp/kensetsu/yuki/documents/snowdepth_r08_0411.xls
2026-03-06,西区(西野),snowdepth,66.0,published; reference periods in source notes,https://www.city.sapporo.jp/kensetsu/yuki/documents/snowdepth_r08_0411.xls
2026-03-06,西区(平和),snowdepth,107.0,published; reference periods in source notes,https://www.city.sapporo.jp/kensetsu/yuki/documents/snowdepth_r08_0411.xls
2026-03-06,手稲区,snowdepth,68.0,published; reference periods in source notes,https://www.city.sapporo.jp/kensetsu/yuki/documents/snowdepth_r08_0411.xls
2026-03-07,中央区,snowdepth,28.0,published; reference periods in source notes,https://www.city.sapporo.jp/kensetsu/yuki/documents/snowdepth_r08_0411.xls
2026-03-07,北区(太平),snowdepth,45.0,published; reference periods in source notes,https://www.city.sapporo.jp/kensetsu/yuki/documents/snowdepth_r08_0411.xls
2026-03-07,北区(あいの里),snowdepth,23.0,published; reference periods in source notes,https://www.city.sapporo.jp/kensetsu/yuki/documents/snowdepth_r08_0411.xls
2026-03-07,東区,snowdepth,53.0,published; reference periods in source notes,https://www.city.sapporo.jp/kensetsu/yuki/documents/snowdepth_r08_0411.xls
2026-03-07,白石区,snowdepth,45.0,published; reference periods in source notes,https://www.city.sapporo.jp/kensetsu/yuki/documents/snowdepth_r08_0411.xls
2026-03-07,厚別区,snowdepth,44.0,published; reference periods in source notes,https://www.city.sapporo.jp/kensetsu/yuki/documents/snowdepth_r08_0411.xls
2026-03-07,豊平区,snowdepth,61.0,published; reference periods in source notes,https://www.city.sapporo.jp/kensetsu/yuki/documents/snowdepth_r08_0411.xls
2026-03-07,清田区,snowdepth,57.0,published; reference periods in source notes,https://www.city.sapporo.jp/kensetsu/yuki/documents/snowdepth_r08_0411.xls
2026-03-07,南区(南31条西8丁目),snowdepth,45.0,published; reference periods in source notes,https://www.city.sapporo.jp/kensetsu/yuki/documents/snowdepth_r08_0411.xls
2026-03-07,南区(定山渓),snowdepth,77.0,published; reference periods in source notes,https://www.city.sapporo.jp/kensetsu/yuki/documents/snowdepth_r08_0411.xls
2026-03-07,西区(西野),snowdepth,64.0,published; reference periods in source notes,https://www.city.sapporo.jp/kensetsu/yuki/documents/snowdepth_r08_0411.xls
2026-03-07,西区(平和),snowdepth,107.0,published; reference periods in source notes,https://www.city.sapporo.jp/kensetsu/yuki/documents/snowdepth_r08_0411.xls
2026-03-07,手稲区,snowdepth,65.0,published; reference periods in source notes,https://www.city.sapporo.jp/kensetsu/yuki/documents/snowdepth_r08_0411.xls
2026-03-08,中央区,snowdepth,26.0,published; reference periods in source notes,https://www.city.sapporo.jp/kensetsu/yuki/documents/snowdepth_r08_0411.xls
2026-03-08,北区(太平),snowdepth,41.0,published; reference periods in source notes,https://www.city.sapporo.jp/kensetsu/yuki/documents/snowdepth_r08_0411.xls
2026-03-08,北区(あいの里),snowdepth,19.0,published; reference periods in source notes,https://www.city.sapporo.jp/kensetsu/yuki/documents/snowdepth_r08_0411.xls
2026-03-08,東区,snowdepth,49.0,published; reference periods in source notes,https://www.city.sapporo.jp/kensetsu/yuki/documents/snowdepth_r08_0411.xls
2026-03-08,白石区,snowdepth,43.0,published; reference periods in source notes,https://www.city.sapporo.jp/kensetsu/yuki/documents/snowdepth_r08_0411.xls
2026-03-08,厚別区,snowdepth,40.0,published; reference periods in source notes,https://www.city.sapporo.jp/kensetsu/yuki/documents/snowdepth_r08_0411.xls
2026-03-08,豊平区,snowdepth,62.0,published; reference periods in source notes,https://www.city.sapporo.jp/kensetsu/yuki/documents/snowdepth_r08_0411.xls
2026-03-08,清田区,snowdepth,55.0,published; reference periods in source notes,https://www.city.sapporo.jp/kensetsu/yuki/documents/snowdepth_r08_0411.xls
2026-03-08,南区(南31条西8丁目),snowdepth,46.0,published; reference periods in source notes,https://www.city.sapporo.jp/kensetsu/yuki/documents/snowdepth_r08_0411.xls
2026-03-08,南区(定山渓),snowdepth,91.0,published; reference periods in source notes,https://www.city.sapporo.jp/kensetsu/yuki/documents/snowdepth_r08_0411.xls
2026-03-08,西区(西野),snowdepth,64.0,published; reference periods in source notes,https://www.city.sapporo.jp/kensetsu/yuki/documents/snowdepth_r08_0411.xls
2026-03-08,西区(平和),snowdepth,117.0,published; reference periods in source notes,https://www.city.sapporo.jp/kensetsu/yuki/documents/snowdepth_r08_0411.xls
2026-03-08,手稲区,snowdepth,60.0,published; reference periods in source notes,https://www.city.sapporo.jp/kensetsu/yuki/documents/snowdepth_r08_0411.xls
2026-03-09,中央区,snowdepth,31.0,published; reference periods in source notes,https://www.city.sapporo.jp/kensetsu/yuki/documents/snowdepth_r08_0411.xls
2026-03-09,北区(太平),snowdepth,43.0,published; reference periods in source notes,https://www.city.sapporo.jp/kensetsu/yuki/documents/snowdepth_r08_0411.xls
2026-03-09,北区(あいの里),snowdepth,19.0,published; reference periods in source notes,https://www.city.sapporo.jp/kensetsu/yuki/documents/snowdepth_r08_0411.xls
2026-03-09,東区,snowdepth,53.0,published; reference periods in source notes,https://www.city.sapporo.jp/kensetsu/yuki/documents/snowdepth_r08_0411.xls
2026-03-09,白石区,snowdepth,49.0,published; reference periods in source notes,https://www.city.sapporo.jp/kensetsu/yuki/documents/snowdepth_r08_0411.xls
2026-03-09,厚別区,snowdepth,43.0,published; reference periods in source notes,https://www.city.sapporo.jp/kensetsu/yuki/documents/snowdepth_r08_0411.xls
2026-03-09,豊平区,snowdepth,64.0,published; reference periods in source notes,https://www.city.sapporo.jp/kensetsu/yuki/documents/snowdepth_r08_0411.xls
2026-03-09,清田区,snowdepth,61.0,published; reference periods in source notes,https://www.city.sapporo.jp/kensetsu/yuki/documents/snowdepth_r08_0411.xls
2026-03-09,南区(南31条西8丁目),snowdepth,52.0,published; reference periods in source notes,https://www.city.sapporo.jp/kensetsu/yuki/documents/snowdepth_r08_0411.xls
2026-03-09,南区(定山渓),snowdepth,86.0,published; reference periods in source notes,https://www.city.sapporo.jp/kensetsu/yuki/documents/snowdepth_r08_0411.xls
2026-03-09,西区(西野),snowdepth,68.0,published; reference periods in source notes,https://www.city.sapporo.jp/kensetsu/yuki/documents/snowdepth_r08_0411.xls
2026-03-09,西区(平和),snowdepth,121.0,published; reference periods in source notes,https://www.city.sapporo.jp/kensetsu/yuki/documents/snowdepth_r08_0411.xls
2026-03-09,手稲区,snowdepth,63.0,published; reference periods in source notes,https://www.city.sapporo.jp/kensetsu/yuki/documents/snowdepth_r08_0411.xls
2026-03-10,中央区,snowdepth,31.0,published; reference periods in source notes,https://www.city.sapporo.jp/kensetsu/yuki/documents/snowdepth_r08_0411.xls
2026-03-10,北区(太平),snowdepth,52.0,published; reference periods in source notes,https://www.city.sapporo.jp/kensetsu/yuki/documents/snowdepth_r08_0411.xls
2026-03-10,北区(あいの里),snowdepth,27.0,published; reference periods in source notes,https://www.city.sapporo.jp/kensetsu/yuki/documents/snowdepth_r08_0411.xls
2026-03-10,東区,snowdepth,56.0,published; reference periods in source notes,https://www.city.sapporo.jp/kensetsu/yuki/documents/snowdepth_r08_0411.xls
2026-03-10,白石区,snowdepth,46.0,published; reference periods in source notes,https://www.city.sapporo.jp/kensetsu/yuki/documents/snowdepth_r08_0411.xls
2026-03-10,厚別区,snowdepth,43.0,published; reference periods in source notes,https://www.city.sapporo.jp/kensetsu/yuki/documents/snowdepth_r08_0411.xls
2026-03-10,豊平区,snowdepth,68.0,published; reference periods in source notes,https://www.city.sapporo.jp/kensetsu/yuki/documents/snowdepth_r08_0411.xls
2026-03-10,清田区,snowdepth,62.0,published; reference periods in source notes,https://www.city.sapporo.jp/kensetsu/yuki/documents/snowdepth_r08_0411.xls
2026-03-10,南区(南31条西8丁目),snowdepth,60.0,published; reference periods in source notes,https://www.city.sapporo.jp/kensetsu/yuki/documents/snowdepth_r08_0411.xls
2026-03-10,南区(定山渓),snowdepth,82.0,published; reference periods in source notes,https://www.city.sapporo.jp/kensetsu/yuki/documents/snowdepth_r08_0411.xls
2026-03-10,西区(西野),snowdepth,70.0,published; reference periods in source notes,https://www.city.sapporo.jp/kensetsu/yuki/documents/snowdepth_r08_0411.xls
2026-03-10,西区(平和),snowdepth,119.0,published; reference periods in source notes,https://www.city.sapporo.jp/kensetsu/yuki/documents/snowdepth_r08_0411.xls
2026-03-10,手稲区,snowdepth,73.0,published; reference periods in source notes,https://www.city.sapporo.jp/kensetsu/yuki/documents/snowdepth_r08_0411.xls
2026-03-11,中央区,snowdepth,27.0,published; reference periods in source notes,https://www.city.sapporo.jp/kensetsu/yuki/documents/snowdepth_r08_0411.xls
2026-03-11,北区(太平),snowdepth,42.0,published; reference periods in source notes,https://www.city.sapporo.jp/kensetsu/yuki/documents/snowdepth_r08_0411.xls
2026-03-11,北区(あいの里),snowdepth,21.0,published; reference periods in source notes,https://www.city.sapporo.jp/kensetsu/yuki/documents/snowdepth_r08_0411.xls
2026-03-11,東区,snowdepth,53.0,published; reference periods in source notes,https://www.city.sapporo.jp/kensetsu/yuki/documents/snowdepth_r08_0411.xls
2026-03-11,白石区,snowdepth,44.0,published; reference periods in source notes,https://www.city.sapporo.jp/kensetsu/yuki/documents/snowdepth_r08_0411.xls
2026-03-11,厚別区,snowdepth,40.0,published; reference periods in source notes,https://www.city.sapporo.jp/kensetsu/yuki/documents/snowdepth_r08_0411.xls
2026-03-11,豊平区,snowdepth,61.0,published; reference periods in source notes,https://www.city.sapporo.jp/kensetsu/yuki/documents/snowdepth_r08_0411.xls
2026-03-11,清田区,snowdepth,57.0,published; reference periods in source notes,https://www.city.sapporo.jp/kensetsu/yuki/documents/snowdepth_r08_0411.xls
2026-03-11,南区(南31条西8丁目),snowdepth,48.0,published; reference periods in source notes,https://www.city.sapporo.jp/kensetsu/yuki/documents/snowdepth_r08_0411.xls
2026-03-11,南区(定山渓),snowdepth,84.0,published; reference periods in source notes,https://www.city.sapporo.jp/kensetsu/yuki/documents/snowdepth_r08_0411.xls
2026-03-11,西区(西野),snowdepth,68.0,published; reference periods in source notes,https://www.city.sapporo.jp/kensetsu/yuki/documents/snowdepth_r08_0411.xls
2026-03-11,西区(平和),snowdepth,121.0,published; reference periods in source notes,https://www.city.sapporo.jp/kensetsu/yuki/documents/snowdepth_r08_0411.xls
2026-03-11,手稲区,snowdepth,68.0,published; reference periods in source notes,https://www.city.sapporo.jp/kensetsu/yuki/documents/snowdepth_r08_0411.xls
2026-03-12,中央区,snowdepth,26.0,published; reference periods in source notes,https://www.city.sapporo.jp/kensetsu/yuki/documents/snowdepth_r08_0411.xls
2026-03-12,北区(太平),snowdepth,41.0,published; reference periods in source notes,https://www.city.sapporo.jp/kensetsu/yuki/documents/snowdepth_r08_0411.xls
2026-03-12,北区(あいの里),snowdepth,19.0,published; reference periods in source notes,https://www.city.sapporo.jp/kensetsu/yuki/documents/snowdepth_r08_0411.xls
2026-03-12,東区,snowdepth,50.0,published; reference periods in source notes,https://www.city.sapporo.jp/kensetsu/yuki/documents/snowdepth_r08_0411.xls
2026-03-12,白石区,snowdepth,43.0,published; reference periods in source notes,https://www.city.sapporo.jp/kensetsu/yuki/documents/snowdepth_r08_0411.xls
2026-03-12,厚別区,snowdepth,38.0,published; reference periods in source notes,https://www.city.sapporo.jp/kensetsu/yuki/documents/snowdepth_r08_0411.xls
2026-03-12,豊平区,snowdepth,58.0,published; reference periods in source notes,https://www.city.sapporo.jp/kensetsu/yuki/documents/snowdepth_r08_0411.xls
2026-03-12,清田区,snowdepth,55.0,published; reference periods in source notes,https://www.city.sapporo.jp/kensetsu/yuki/documents/snowdepth_r08_0411.xls
2026-03-12,南区(南31条西8丁目),snowdepth,47.0,published; reference periods in source notes,https://www.city.sapporo.jp/kensetsu/yuki/documents/snowdepth_r08_0411.xls
2026-03-12,南区(定山渓),snowdepth,80.0,published; reference periods in source notes,https://www.city.sapporo.jp/kensetsu/yuki/documents/snowdepth_r08_0411.xls
2026-03-12,西区(西野),snowdepth,65.0,published; reference periods in source notes,https://www.city.sapporo.jp/kensetsu/yuki/documents/snowdepth_r08_0411.xls
2026-03-12,西区(平和),snowdepth,115.0,published; reference periods in source notes,https://www.city.sapporo.jp/kensetsu/yuki/documents/snowdepth_r08_0411.xls
2026-03-12,手稲区,snowdepth,63.0,published; reference periods in source notes,https://www.city.sapporo.jp/kensetsu/yuki/documents/snowdepth_r08_0411.xls
2026-03-13,中央区,snowdepth,23.0,published; reference periods in source notes,https://www.city.sapporo.jp/kensetsu/yuki/documents/snowdepth_r08_0411.xls
2026-03-13,北区(太平),snowdepth,39.0,published; reference periods in source notes,https://www.city.sapporo.jp/kensetsu/yuki/documents/snowdepth_r08_0411.xls
2026-03-13,北区(あいの里),snowdepth,18.0,published; reference periods in source notes,https://www.city.sapporo.jp/kensetsu/yuki/documents/snowdepth_r08_0411.xls
2026-03-13,東区,snowdepth,50.0,published; reference periods in source notes,https://www.city.sapporo.jp/kensetsu/yuki/documents/snowdepth_r08_0411.xls
2026-03-13,白石区,snowdepth,41.0,published; reference periods in source notes,https://www.city.sapporo.jp/kensetsu/yuki/documents/snowdepth_r08_0411.xls
2026-03-13,厚別区,snowdepth,37.0,published; reference periods in source notes,https://www.city.sapporo.jp/kensetsu/yuki/documents/snowdepth_r08_0411.xls
2026-03-13,豊平区,snowdepth,57.0,published; reference periods in source notes,https://www.city.sapporo.jp/kensetsu/yuki/documents/snowdepth_r08_0411.xls
2026-03-13,清田区,snowdepth,54.0,published; reference periods in source notes,https://www.city.sapporo.jp/kensetsu/yuki/documents/snowdepth_r08_0411.xls
2026-03-13,南区(南31条西8丁目),snowdepth,46.0,published; reference periods in source notes,https://www.city.sapporo.jp/kensetsu/yuki/documents/snowdepth_r08_0411.xls
2026-03-13,南区(定山渓),snowdepth,77.0,published; reference periods in source notes,https://www.city.sapporo.jp/kensetsu/yuki/documents/snowdepth_r08_0411.xls
2026-03-13,西区(西野),snowdepth,63.0,published; reference periods in source notes,https://www.city.sapporo.jp/kensetsu/yuki/documents/snowdepth_r08_0411.xls
2026-03-13,西区(平和),snowdepth,114.0,published; reference periods in source notes,https://www.city.sapporo.jp/kensetsu/yuki/documents/snowdepth_r08_0411.xls
2026-03-13,手稲区,snowdepth,61.0,published; reference periods in source notes,https://www.city.sapporo.jp/kensetsu/yuki/documents/snowdepth_r08_0411.xls
2026-03-14,中央区,snowdepth,17.0,published; reference periods in source notes,https://www.city.sapporo.jp/kensetsu/yuki/documents/snowdepth_r08_0411.xls
2026-03-14,北区(太平),snowdepth,33.0,published; reference periods in source notes,https://www.city.sapporo.jp/kensetsu/yuki/documents/snowdepth_r08_0411.xls
2026-03-14,北区(あいの里),snowdepth,15.0,published; reference periods in source notes,https://www.city.sapporo.jp/kensetsu/yuki/documents/snowdepth_r08_0411.xls
2026-03-14,東区,snowdepth,46.0,published; reference periods in source notes,https://www.city.sapporo.jp/kensetsu/yuki/documents/snowdepth_r08_0411.xls
2026-03-14,白石区,snowdepth,36.0,published; reference periods in source notes,https://www.city.sapporo.jp/kensetsu/yuki/documents/snowdepth_r08_0411.xls
2026-03-14,厚別区,snowdepth,33.0,published; reference periods in source notes,https://www.city.sapporo.jp/kensetsu/yuki/documents/snowdepth_r08_0411.xls
2026-03-14,豊平区,snowdepth,51.0,published; reference periods in source notes,https://www.city.sapporo.jp/kensetsu/yuki/documents/snowdepth_r08_0411.xls
2026-03-14,清田区,snowdepth,50.0,published; reference periods in source notes,https://www.city.sapporo.jp/kensetsu/yuki/documents/snowdepth_r08_0411.xls
2026-03-14,南区(南31条西8丁目),snowdepth,42.0,published; reference periods in source notes,https://www.city.sapporo.jp/kensetsu/yuki/documents/snowdepth_r08_0411.xls
2026-03-14,南区(定山渓),snowdepth,76.0,published; reference periods in source notes,https://www.city.sapporo.jp/kensetsu/yuki/documents/snowdepth_r08_0411.xls
2026-03-14,西区(西野),snowdepth,61.0,published; reference periods in source notes,https://www.city.sapporo.jp/kensetsu/yuki/documents/snowdepth_r08_0411.xls
2026-03-14,西区(平和),snowdepth,109.0,published; reference periods in source notes,https://www.city.sapporo.jp/kensetsu/yuki/documents/snowdepth_r08_0411.xls
2026-03-14,手稲区,snowdepth,56.0,published; reference periods in source notes,https://www.city.sapporo.jp/kensetsu/yuki/documents/snowdepth_r08_0411.xls
2026-03-15,中央区,snowdepth,11.0,published; reference periods in source notes,https://www.city.sapporo.jp/kensetsu/yuki/documents/snowdepth_r08_0411.xls
2026-03-15,北区(太平),snowdepth,26.0,published; reference periods in source notes,https://www.city.sapporo.jp/kensetsu/yuki/documents/snowdepth_r08_0411.xls
2026-03-15,北区(あいの里),snowdepth,10.0,published; reference periods in source notes,https://www.city.sapporo.jp/kensetsu/yuki/documents/snowdepth_r08_0411.xls
2026-03-15,東区,snowdepth,41.0,published; reference periods in source notes,https://www.city.sapporo.jp/kensetsu/yuki/documents/snowdepth_r08_0411.xls
2026-03-15,白石区,snowdepth,30.0,published; reference periods in source notes,https://www.city.sapporo.jp/kensetsu/yuki/documents/snowdepth_r08_0411.xls
2026-03-15,厚別区,snowdepth,28.0,published; reference periods in source notes,https://www.city.sapporo.jp/kensetsu/yuki/documents/snowdepth_r08_0411.xls
2026-03-15,豊平区,snowdepth,46.0,published; reference periods in source notes,https://www.city.sapporo.jp/kensetsu/yuki/documents/snowdepth_r08_0411.xls
2026-03-15,清田区,snowdepth,44.0,published; reference periods in source notes,https://www.city.sapporo.jp/kensetsu/yuki/documents/snowdepth_r08_0411.xls
2026-03-15,南区(南31条西8丁目),snowdepth,35.0,published; reference periods in source notes,https://www.city.sapporo.jp/kensetsu/yuki/documents/snowdepth_r08_0411.xls
2026-03-15,南区(定山渓),snowdepth,70.0,published; reference periods in source notes,https://www.city.sapporo.jp/kensetsu/yuki/documents/snowdepth_r08_0411.xls
2026-03-15,西区(西野),snowdepth,57.0,published; reference periods in source notes,https://www.city.sapporo.jp/kensetsu/yuki/documents/snowdepth_r08_0411.xls
2026-03-15,西区(平和),snowdepth,103.0,published; reference periods in source notes,https://www.city.sapporo.jp/kensetsu/yuki/documents/snowdepth_r08_0411.xls
2026-03-15,手稲区,snowdepth,50.0,published; reference periods in source notes,https://www.city.sapporo.jp/kensetsu/yuki/documents/snowdepth_r08_0411.xls
2026-03-16,中央区,snowdepth,6.0,published; reference periods in source notes,https://www.city.sapporo.jp/kensetsu/yuki/documents/snowdepth_r08_0411.xls
2026-03-16,北区(太平),snowdepth,21.0,published; reference periods in source notes,https://www.city.sapporo.jp/kensetsu/yuki/documents/snowdepth_r08_0411.xls
2026-03-16,北区(あいの里),snowdepth,9.0,published; reference periods in source notes,https://www.city.sapporo.jp/kensetsu/yuki/documents/snowdepth_r08_0411.xls
2026-03-16,東区,snowdepth,38.0,published; reference periods in source notes,https://www.city.sapporo.jp/kensetsu/yuki/documents/snowdepth_r08_0411.xls
2026-03-16,白石区,snowdepth,26.0,published; reference periods in source notes,https://www.city.sapporo.jp/kensetsu/yuki/documents/snowdepth_r08_0411.xls
2026-03-16,厚別区,snowdepth,23.0,published; reference periods in source notes,https://www.city.sapporo.jp/kensetsu/yuki/documents/snowdepth_r08_0411.xls
2026-03-16,豊平区,snowdepth,41.0,published; reference periods in source notes,https://www.city.sapporo.jp/kensetsu/yuki/documents/snowdepth_r08_0411.xls
2026-03-16,清田区,snowdepth,39.0,published; reference periods in source notes,https://www.city.sapporo.jp/kensetsu/yuki/documents/snowdepth_r08_0411.xls
2026-03-16,南区(南31条西8丁目),snowdepth,30.0,published; reference periods in source notes,https://www.city.sapporo.jp/kensetsu/yuki/documents/snowdepth_r08_0411.xls
2026-03-16,南区(定山渓),snowdepth,67.0,published; reference periods in source notes,https://www.city.sapporo.jp/kensetsu/yuki/documents/snowdepth_r08_0411.xls
2026-03-16,西区(西野),snowdepth,52.0,published; reference periods in source notes,https://www.city.sapporo.jp/kensetsu/yuki/documents/snowdepth_r08_0411.xls
2026-03-16,西区(平和),snowdepth,99.0,published; reference periods in source notes,https://www.city.sapporo.jp/kensetsu/yuki/documents/snowdepth_r08_0411.xls
2026-03-16,手稲区,snowdepth,46.0,published; reference periods in source notes,https://www.city.sapporo.jp/kensetsu/yuki/documents/snowdepth_r08_0411.xls
2026-03-17,中央区,snowdepth,3.0,published; reference periods in source notes,https://www.city.sapporo.jp/kensetsu/yuki/documents/snowdepth_r08_0411.xls
2026-03-17,北区(太平),snowdepth,19.0,published; reference periods in source notes,https://www.city.sapporo.jp/kensetsu/yuki/documents/snowdepth_r08_0411.xls
2026-03-17,北区(あいの里),snowdepth,9.0,published; reference periods in source notes,https://www.city.sapporo.jp/kensetsu/yuki/documents/snowdepth_r08_0411.xls
2026-03-17,東区,snowdepth,36.0,published; reference periods in source notes,https://www.city.sapporo.jp/kensetsu/yuki/documents/snowdepth_r08_0411.xls
2026-03-17,白石区,snowdepth,24.0,published; reference periods in source notes,https://www.city.sapporo.jp/kensetsu/yuki/documents/snowdepth_r08_0411.xls
2026-03-17,厚別区,snowdepth,22.0,published; reference periods in source notes,https://www.city.sapporo.jp/kensetsu/yuki/documents/snowdepth_r08_0411.xls
2026-03-17,豊平区,snowdepth,38.0,published; reference periods in source notes,https://www.city.sapporo.jp/kensetsu/yuki/documents/snowdepth_r08_0411.xls
2026-03-17,清田区,snowdepth,36.0,published; reference periods in source notes,https://www.city.sapporo.jp/kensetsu/yuki/documents/snowdepth_r08_0411.xls
2026-03-17,南区(南31条西8丁目),snowdepth,28.0,published; reference periods in source notes,https://www.city.sapporo.jp/kensetsu/yuki/documents/snowdepth_r08_0411.xls
2026-03-17,南区(定山渓),snowdepth,65.0,published; reference periods in source notes,https://www.city.sapporo.jp/kensetsu/yuki/documents/snowdepth_r08_0411.xls
2026-03-17,西区(西野),snowdepth,51.0,published; reference periods in source notes,https://www.city.sapporo.jp/kensetsu/yuki/documents/snowdepth_r08_0411.xls
2026-03-17,西区(平和),snowdepth,98.0,published; reference periods in source notes,https://www.city.sapporo.jp/kensetsu/yuki/documents/snowdepth_r08_0411.xls
2026-03-17,手稲区,snowdepth,44.0,published; reference periods in source notes,https://www.city.sapporo.jp/kensetsu/yuki/documents/snowdepth_r08_0411.xls
2026-03-18,中央区,snowdepth,0.0,published; reference periods in source notes,https://www.city.sapporo.jp/kensetsu/yuki/documents/snowdepth_r08_0411.xls
2026-03-18,北区(太平),snowdepth,17.0,published; reference periods in source notes,https://www.city.sapporo.jp/kensetsu/yuki/documents/snowdepth_r08_0411.xls
2026-03-18,北区(あいの里),snowdepth,7.0,published; reference periods in source notes,https://www.city.sapporo.jp/kensetsu/yuki/documents/snowdepth_r08_0411.xls
2026-03-18,東区,snowdepth,34.0,published; reference periods in source notes,https://www.city.sapporo.jp/kensetsu/yuki/documents/snowdepth_r08_0411.xls
2026-03-18,白石区,snowdepth,21.0,published; reference periods in source notes,https://www.city.sapporo.jp/kensetsu/yuki/documents/snowdepth_r08_0411.xls
2026-03-18,厚別区,snowdepth,18.0,published; reference periods in source notes,https://www.city.sapporo.jp/kensetsu/yuki/documents/snowdepth_r08_0411.xls
2026-03-18,豊平区,snowdepth,34.0,published; reference periods in source notes,https://www.city.sapporo.jp/kensetsu/yuki/documents/snowdepth_r08_0411.xls
2026-03-18,清田区,snowdepth,34.0,published; reference periods in source notes,https://www.city.sapporo.jp/kensetsu/yuki/documents/snowdepth_r08_0411.xls
2026-03-18,南区(南31条西8丁目),snowdepth,24.0,published; reference periods in source notes,https://www.city.sapporo.jp/kensetsu/yuki/documents/snowdepth_r08_0411.xls
2026-03-18,南区(定山渓),snowdepth,64.0,published; reference periods in source notes,https://www.city.sapporo.jp/kensetsu/yuki/documents/snowdepth_r08_0411.xls
2026-03-18,西区(西野),snowdepth,49.0,published; reference periods in source notes,https://www.city.sapporo.jp/kensetsu/yuki/documents/snowdepth_r08_0411.xls
2026-03-18,西区(平和),snowdepth,96.0,published; reference periods in source notes,https://www.city.sapporo.jp/kensetsu/yuki/documents/snowdepth_r08_0411.xls
2026-03-18,手稲区,snowdepth,40.0,published; reference periods in source notes,https://www.city.sapporo.jp/kensetsu/yuki/documents/snowdepth_r08_0411.xls
2026-03-19,中央区,snowdepth,0.0,published; reference periods in source notes,https://www.city.sapporo.jp/kensetsu/yuki/documents/snowdepth_r08_0411.xls
2026-03-19,北区(太平),snowdepth,13.0,published; reference periods in source notes,https://www.city.sapporo.jp/kensetsu/yuki/documents/snowdepth_r08_0411.xls
2026-03-19,北区(あいの里),snowdepth,5.0,published; reference periods in source notes,https://www.city.sapporo.jp/kensetsu/yuki/documents/snowdepth_r08_0411.xls
2026-03-19,東区,snowdepth,31.0,published; reference periods in source notes,https://www.city.sapporo.jp/kensetsu/yuki/documents/snowdepth_r08_0411.xls
2026-03-19,白石区,snowdepth,19.0,published; reference periods in source notes,https://www.city.sapporo.jp/kensetsu/yuki/documents/snowdepth_r08_0411.xls
2026-03-19,厚別区,snowdepth,15.0,published; reference periods in source notes,https://www.city.sapporo.jp/kensetsu/yuki/documents/snowdepth_r08_0411.xls
2026-03-19,豊平区,snowdepth,29.0,published; reference periods in source notes,https://www.city.sapporo.jp/kensetsu/yuki/documents/snowdepth_r08_0411.xls
2026-03-19,清田区,snowdepth,30.0,published; reference periods in source notes,https://www.city.sapporo.jp/kensetsu/yuki/documents/snowdepth_r08_0411.xls
2026-03-19,南区(南31条西8丁目),snowdepth,22.0,published; reference periods in source notes,https://www.city.sapporo.jp/kensetsu/yuki/documents/snowdepth_r08_0411.xls
2026-03-19,南区(定山渓),snowdepth,63.0,published; reference periods in source notes,https://www.city.sapporo.jp/kensetsu/yuki/documents/snowdepth_r08_0411.xls
2026-03-19,西区(西野),snowdepth,46.0,published; reference periods in source notes,https://www.city.sapporo.jp/kensetsu/yuki/documents/snowdepth_r08_0411.xls
2026-03-19,西区(平和),snowdepth,95.0,published; reference periods in source notes,https://www.city.sapporo.jp/kensetsu/yuki/documents/snowdepth_r08_0411.xls
2026-03-19,手稲区,snowdepth,38.0,published; reference periods in source notes,https://www.city.sapporo.jp/kensetsu/yuki/documents/snowdepth_r08_0411.xls
2026-03-20,中央区,snowdepth,0.0,published; reference periods in source notes,https://www.city.sapporo.jp/kensetsu/yuki/documents/snowdepth_r08_0411.xls
2026-03-20,北区(太平),snowdepth,11.0,published; reference periods in source notes,https://www.city.sapporo.jp/kensetsu/yuki/documents/snowdepth_r08_0411.xls
2026-03-20,北区(あいの里),snowdepth,3.0,published; reference periods in source notes,https://www.city.sapporo.jp/kensetsu/yuki/documents/snowdepth_r08_0411.xls
2026-03-20,東区,snowdepth,29.0,published; reference periods in source notes,https://www.city.sapporo.jp/kensetsu/yuki/documents/snowdepth_r08_0411.xls
2026-03-20,白石区,snowdepth,16.0,published; reference periods in source notes,https://www.city.sapporo.jp/kensetsu/yuki/documents/snowdepth_r08_0411.xls
2026-03-20,厚別区,snowdepth,14.0,published; reference periods in source notes,https://www.city.sapporo.jp/kensetsu/yuki/documents/snowdepth_r08_0411.xls
2026-03-20,豊平区,snowdepth,28.0,published; reference periods in source notes,https://www.city.sapporo.jp/kensetsu/yuki/documents/snowdepth_r08_0411.xls
2026-03-20,清田区,snowdepth,28.0,published; reference periods in source notes,https://www.city.sapporo.jp/kensetsu/yuki/documents/snowdepth_r08_0411.xls
2026-03-20,南区(南31条西8丁目),snowdepth,20.0,published; reference periods in source notes,https://www.city.sapporo.jp/kensetsu/yuki/documents/snowdepth_r08_0411.xls
2026-03-20,南区(定山渓),snowdepth,61.0,published; reference periods in source notes,https://www.city.sapporo.jp/kensetsu/yuki/documents/snowdepth_r08_0411.xls
2026-03-20,西区(西野),snowdepth,45.0,published; reference periods in source notes,https://www.city.sapporo.jp/kensetsu/yuki/documents/snowdepth_r08_0411.xls
2026-03-20,西区(平和),snowdepth,93.0,published; reference periods in source notes,https://www.city.sapporo.jp/kensetsu/yuki/documents/snowdepth_r08_0411.xls
2026-03-20,手稲区,snowdepth,37.0,published; reference periods in source notes,https://www.city.sapporo.jp/kensetsu/yuki/documents/snowdepth_r08_0411.xls
2026-03-21,中央区,snowdepth,5.0,published; reference periods in source notes,https://www.city.sapporo.jp/kensetsu/yuki/documents/snowdepth_r08_0411.xls
2026-03-21,北区(太平),snowdepth,12.0,published; reference periods in source notes,https://www.city.sapporo.jp/kensetsu/yuki/documents/snowdepth_r08_0411.xls
2026-03-21,北区(あいの里),snowdepth,1.0,published; reference periods in source notes,https://www.city.sapporo.jp/kensetsu/yuki/documents/snowdepth_r08_0411.xls
2026-03-21,東区,snowdepth,32.0,published; reference periods in source notes,https://www.city.sapporo.jp/kensetsu/yuki/documents/snowdepth_r08_0411.xls
2026-03-21,白石区,snowdepth,20.0,published; reference periods in source notes,https://www.city.sapporo.jp/kensetsu/yuki/documents/snowdepth_r08_0411.xls
2026-03-21,厚別区,snowdepth,21.0,published; reference periods in source notes,https://www.city.sapporo.jp/kensetsu/yuki/documents/snowdepth_r08_0411.xls
2026-03-21,豊平区,snowdepth,36.0,published; reference periods in source notes,https://www.city.sapporo.jp/kensetsu/yuki/documents/snowdepth_r08_0411.xls
2026-03-21,清田区,snowdepth,35.0,published; reference periods in source notes,https://www.city.sapporo.jp/kensetsu/yuki/documents/snowdepth_r08_0411.xls
2026-03-21,南区(南31条西8丁目),snowdepth,29.0,published; reference periods in source notes,https://www.city.sapporo.jp/kensetsu/yuki/documents/snowdepth_r08_0411.xls
2026-03-21,南区(定山渓),snowdepth,70.0,published; reference periods in source notes,https://www.city.sapporo.jp/kensetsu/yuki/documents/snowdepth_r08_0411.xls
2026-03-21,西区(西野),snowdepth,52.0,published; reference periods in source notes,https://www.city.sapporo.jp/kensetsu/yuki/documents/snowdepth_r08_0411.xls
2026-03-21,西区(平和),snowdepth,107.0,published; reference periods in source notes,https://www.city.sapporo.jp/kensetsu/yuki/documents/snowdepth_r08_0411.xls
2026-03-21,手稲区,snowdepth,44.0,published; reference periods in source notes,https://www.city.sapporo.jp/kensetsu/yuki/documents/snowdepth_r08_0411.xls
2026-03-22,中央区,snowdepth,0.0,published; reference periods in source notes,https://www.city.sapporo.jp/kensetsu/yuki/documents/snowdepth_r08_0411.xls
2026-03-22,北区(太平),snowdepth,11.0,published; reference periods in source notes,https://www.city.sapporo.jp/kensetsu/yuki/documents/snowdepth_r08_0411.xls
2026-03-22,北区(あいの里),snowdepth,0.0,published; reference periods in source notes,https://www.city.sapporo.jp/kensetsu/yuki/documents/snowdepth_r08_0411.xls
2026-03-22,東区,snowdepth,29.0,published; reference periods in source notes,https://www.city.sapporo.jp/kensetsu/yuki/documents/snowdepth_r08_0411.xls
2026-03-22,白石区,snowdepth,16.0,published; reference periods in source notes,https://www.city.sapporo.jp/kensetsu/yuki/documents/snowdepth_r08_0411.xls
2026-03-22,厚別区,snowdepth,15.0,published; reference periods in source notes,https://www.city.sapporo.jp/kensetsu/yuki/documents/snowdepth_r08_0411.xls
2026-03-22,豊平区,snowdepth,27.0,published; reference periods in source notes,https://www.city.sapporo.jp/kensetsu/yuki/documents/snowdepth_r08_0411.xls
2026-03-22,清田区,snowdepth,26.0,published; reference periods in source notes,https://www.city.sapporo.jp/kensetsu/yuki/documents/snowdepth_r08_0411.xls
2026-03-22,南区(南31条西8丁目),snowdepth,21.0,published; reference periods in source notes,https://www.city.sapporo.jp/kensetsu/yuki/documents/snowdepth_r08_0411.xls
2026-03-22,南区(定山渓),snowdepth,62.0,published; reference periods in source notes,https://www.city.sapporo.jp/kensetsu/yuki/documents/snowdepth_r08_0411.xls
2026-03-22,西区(西野),snowdepth,44.0,published; reference periods in source notes,https://www.city.sapporo.jp/kensetsu/yuki/documents/snowdepth_r08_0411.xls
2026-03-22,西区(平和),snowdepth,96.0,published; reference periods in source notes,https://www.city.sapporo.jp/kensetsu/yuki/documents/snowdepth_r08_0411.xls
2026-03-22,手稲区,snowdepth,36.0,published; reference periods in source notes,https://www.city.sapporo.jp/kensetsu/yuki/documents/snowdepth_r08_0411.xls
2026-03-23,中央区,snowdepth,0.0,published; reference periods in source notes,https://www.city.sapporo.jp/kensetsu/yuki/documents/snowdepth_r08_0411.xls
2026-03-23,北区(太平),snowdepth,5.0,published; reference periods in source notes,https://www.city.sapporo.jp/kensetsu/yuki/documents/snowdepth_r08_0411.xls
2026-03-23,北区(あいの里),snowdepth,0.0,published; reference periods in source notes,https://www.city.sapporo.jp/kensetsu/yuki/documents/snowdepth_r08_0411.xls
2026-03-23,東区,snowdepth,26.0,published; reference periods in source notes,https://www.city.sapporo.jp/kensetsu/yuki/documents/snowdepth_r08_0411.xls
2026-03-23,白石区,snowdepth,12.0,published; reference periods in source notes,https://www.city.sapporo.jp/kensetsu/yuki/documents/snowdepth_r08_0411.xls
2026-03-23,厚別区,snowdepth,10.0,published; reference periods in source notes,https://www.city.sapporo.jp/kensetsu/yuki/documents/snowdepth_r08_0411.xls
2026-03-23,豊平区,snowdepth,21.0,published; reference periods in source notes,https://www.city.sapporo.jp/kensetsu/yuki/documents/snowdepth_r08_0411.xls
2026-03-23,清田区,snowdepth,21.0,published; reference periods in source notes,https://www.city.sapporo.jp/kensetsu/yuki/documents/snowdepth_r08_0411.xls
2026-03-23,南区(南31条西8丁目),snowdepth,15.0,published; reference periods in source notes,https://www.city.sapporo.jp/kensetsu/yuki/documents/snowdepth_r08_0411.xls
2026-03-23,南区(定山渓),snowdepth,58.0,published; reference periods in source notes,https://www.city.sapporo.jp/kensetsu/yuki/documents/snowdepth_r08_0411.xls
2026-03-23,西区(西野),snowdepth,42.0,published; reference periods in source notes,https://www.city.sapporo.jp/kensetsu/yuki/documents/snowdepth_r08_0411.xls
2026-03-23,西区(平和),snowdepth,91.0,published; reference periods in source notes,https://www.city.sapporo.jp/kensetsu/yuki/documents/snowdepth_r08_0411.xls
2026-03-23,手稲区,snowdepth,30.0,published; reference periods in source notes,https://www.city.sapporo.jp/kensetsu/yuki/documents/snowdepth_r08_0411.xls
2026-03-24,中央区,snowdepth,0.0,published; reference periods in source notes,https://www.city.sapporo.jp/kensetsu/yuki/documents/snowdepth_r08_0411.xls
2026-03-24,北区(太平),snowdepth,2.0,published; reference periods in source notes,https://www.city.sapporo.jp/kensetsu/yuki/documents/snowdepth_r08_0411.xls
2026-03-24,北区(あいの里),snowdepth,0.0,published; reference periods in source notes,https://www.city.sapporo.jp/kensetsu/yuki/documents/snowdepth_r08_0411.xls
2026-03-24,東区,snowdepth,24.0,published; reference periods in source notes,https://www.city.sapporo.jp/kensetsu/yuki/documents/snowdepth_r08_0411.xls
2026-03-24,白石区,snowdepth,9.0,published; reference periods in source notes,https://www.city.sapporo.jp/kensetsu/yuki/documents/snowdepth_r08_0411.xls
2026-03-24,厚別区,snowdepth,9.0,published; reference periods in source notes,https://www.city.sapporo.jp/kensetsu/yuki/documents/snowdepth_r08_0411.xls
2026-03-24,豊平区,snowdepth,19.0,published; reference periods in source notes,https://www.city.sapporo.jp/kensetsu/yuki/documents/snowdepth_r08_0411.xls
2026-03-24,清田区,snowdepth,19.0,published; reference periods in source notes,https://www.city.sapporo.jp/kensetsu/yuki/documents/snowdepth_r08_0411.xls
2026-03-24,南区(南31条西8丁目),snowdepth,13.0,published; reference periods in source notes,https://www.city.sapporo.jp/kensetsu/yuki/documents/snowdepth_r08_0411.xls
2026-03-24,南区(定山渓),snowdepth,54.0,published; reference periods in source notes,https://www.city.sapporo.jp/kensetsu/yuki/documents/snowdepth_r08_0411.xls
2026-03-24,西区(西野),snowdepth,38.0,published; reference periods in source notes,https://www.city.sapporo.jp/kensetsu/yuki/documents/snowdepth_r08_0411.xls
2026-03-24,西区(平和),snowdepth,89.0,published; reference periods in source notes,https://www.city.sapporo.jp/kensetsu/yuki/documents/snowdepth_r08_0411.xls
2026-03-24,手稲区,snowdepth,29.0,published; reference periods in source notes,https://www.city.sapporo.jp/kensetsu/yuki/documents/snowdepth_r08_0411.xls
2026-03-25,中央区,snowdepth,0.0,published; reference periods in source notes,https://www.city.sapporo.jp/kensetsu/yuki/documents/snowdepth_r08_0411.xls
2026-03-25,北区(太平),snowdepth,0.0,published; reference periods in source notes,https://www.city.sapporo.jp/kensetsu/yuki/documents/snowdepth_r08_0411.xls
2026-03-25,北区(あいの里),snowdepth,0.0,published; reference periods in source notes,https://www.city.sapporo.jp/kensetsu/yuki/documents/snowdepth_r08_0411.xls
2026-03-25,東区,snowdepth,20.0,published; reference periods in source notes,https://www.city.sapporo.jp/kensetsu/yuki/documents/snowdepth_r08_0411.xls
2026-03-25,白石区,snowdepth,0.0,published; reference periods in source notes,https://www.city.sapporo.jp/kensetsu/yuki/documents/snowdepth_r08_0411.xls
2026-03-25,厚別区,snowdepth,2.0,published; reference periods in source notes,https://www.city.sapporo.jp/kensetsu/yuki/documents/snowdepth_r08_0411.xls
2026-03-25,豊平区,snowdepth,13.0,published; reference periods in source notes,https://www.city.sapporo.jp/kensetsu/yuki/documents/snowdepth_r08_0411.xls
2026-03-25,清田区,snowdepth,13.0,published; reference periods in source notes,https://www.city.sapporo.jp/kensetsu/yuki/documents/snowdepth_r08_0411.xls
2026-03-25,南区(南31条西8丁目),snowdepth,8.0,published; reference periods in source notes,https://www.city.sapporo.jp/kensetsu/yuki/documents/snowdepth_r08_0411.xls
2026-03-25,南区(定山渓),snowdepth,52.0,published; reference periods in source notes,https://www.city.sapporo.jp/kensetsu/yuki/documents/snowdepth_r08_0411.xls
2026-03-25,西区(西野),snowdepth,35.0,published; reference periods in source notes,https://www.city.sapporo.jp/kensetsu/yuki/documents/snowdepth_r08_0411.xls
2026-03-25,西区(平和),snowdepth,87.0,published; reference periods in source notes,https://www.city.sapporo.jp/kensetsu/yuki/documents/snowdepth_r08_0411.xls
2026-03-25,手稲区,snowdepth,23.0,published; reference periods in source notes,https://www.city.sapporo.jp/kensetsu/yuki/documents/snowdepth_r08_0411.xls
2026-03-26,中央区,snowdepth,0.0,published; reference periods in source notes,https://www.city.sapporo.jp/kensetsu/yuki/documents/snowdepth_r08_0411.xls
2026-03-26,北区(太平),snowdepth,0.0,published; reference periods in source notes,https://www.city.sapporo.jp/kensetsu/yuki/documents/snowdepth_r08_0411.xls
2026-03-26,北区(あいの里),snowdepth,0.0,published; reference periods in source notes,https://www.city.sapporo.jp/kensetsu/yuki/documents/snowdepth_r08_0411.xls
2026-03-26,東区,snowdepth,17.0,published; reference periods in source notes,https://www.city.sapporo.jp/kensetsu/yuki/documents/snowdepth_r08_0411.xls
2026-03-26,白石区,snowdepth,0.0,published; reference periods in source notes,https://www.city.sapporo.jp/kensetsu/yuki/documents/snowdepth_r08_0411.xls
2026-03-26,厚別区,snowdepth,0.0,published; reference periods in source notes,https://www.city.sapporo.jp/kensetsu/yuki/documents/snowdepth_r08_0411.xls
2026-03-26,豊平区,snowdepth,6.0,published; reference periods in source notes,https://www.city.sapporo.jp/kensetsu/yuki/documents/snowdepth_r08_0411.xls
2026-03-26,清田区,snowdepth,7.0,published; reference periods in source notes,https://www.city.sapporo.jp/kensetsu/yuki/documents/snowdepth_r08_0411.xls
2026-03-26,南区(南31条西8丁目),snowdepth,0.0,published; reference periods in source notes,https://www.city.sapporo.jp/kensetsu/yuki/documents/snowdepth_r08_0411.xls
2026-03-26,南区(定山渓),snowdepth,48.0,published; reference periods in source notes,https://www.city.sapporo.jp/kensetsu/yuki/documents/snowdepth_r08_0411.xls
2026-03-26,西区(西野),snowdepth,31.0,published; reference periods in source notes,https://www.city.sapporo.jp/kensetsu/yuki/documents/snowdepth_r08_0411.xls
2026-03-26,西区(平和),snowdepth,83.0,published; reference periods in source notes,https://www.city.sapporo.jp/kensetsu/yuki/documents/snowdepth_r08_0411.xls
2026-03-26,手稲区,snowdepth,19.0,published; reference periods in source notes,https://www.city.sapporo.jp/kensetsu/yuki/documents/snowdepth_r08_0411.xls
2026-03-27,中央区,snowdepth,0.0,published; reference periods in source notes,https://www.city.sapporo.jp/kensetsu/yuki/documents/snowdepth_r08_0411.xls
2026-03-27,北区(太平),snowdepth,0.0,published; reference periods in source notes,https://www.city.sapporo.jp/kensetsu/yuki/documents/snowdepth_r08_0411.xls
2026-03-27,北区(あいの里),snowdepth,0.0,published; reference periods in source notes,https://www.city.sapporo.jp/kensetsu/yuki/documents/snowdepth_r08_0411.xls
2026-03-27,東区,snowdepth,14.0,published; reference periods in source notes,https://www.city.sapporo.jp/kensetsu/yuki/documents/snowdepth_r08_0411.xls
2026-03-27,白石区,snowdepth,0.0,published; reference periods in source notes,https://www.city.sapporo.jp/kensetsu/yuki/documents/snowdepth_r08_0411.xls
2026-03-27,厚別区,snowdepth,0.0,published; reference periods in source notes,https://www.city.sapporo.jp/kensetsu/yuki/documents/snowdepth_r08_0411.xls
2026-03-27,豊平区,snowdepth,0.0,published; reference periods in source notes,https://www.city.sapporo.jp/kensetsu/yuki/documents/snowdepth_r08_0411.xls
2026-03-27,清田区,snowdepth,0.0,published; reference periods in source notes,https://www.city.sapporo.jp/kensetsu/yuki/documents/snowdepth_r08_0411.xls
2026-03-27,南区(南31条西8丁目),snowdepth,0.0,published; reference periods in source notes,https://www.city.sapporo.jp/kensetsu/yuki/documents/snowdepth_r08_0411.xls
2026-03-27,南区(定山渓),snowdepth,42.0,published; reference periods in source notes,https://www.city.sapporo.jp/kensetsu/yuki/documents/snowdepth_r08_0411.xls
2026-03-27,西区(西野),snowdepth,28.0,published; reference periods in source notes,https://www.city.sapporo.jp/kensetsu/yuki/documents/snowdepth_r08_0411.xls
2026-03-27,西区(平和),snowdepth,79.0,published; reference periods in source notes,https://www.city.sapporo.jp/kensetsu/yuki/documents/snowdepth_r08_0411.xls
2026-03-27,手稲区,snowdepth,13.0,published; reference periods in source notes,https://www.city.sapporo.jp/kensetsu/yuki/documents/snowdepth_r08_0411.xls
2026-03-28,中央区,snowdepth,0.0,published; reference periods in source notes,https://www.city.sapporo.jp/kensetsu/yuki/documents/snowdepth_r08_0411.xls
2026-03-28,北区(太平),snowdepth,0.0,published; reference periods in source notes,https://www.city.sapporo.jp/kensetsu/yuki/documents/snowdepth_r08_0411.xls
2026-03-28,北区(あいの里),snowdepth,0.0,published; reference periods in source notes,https://www.city.sapporo.jp/kensetsu/yuki/documents/snowdepth_r08_0411.xls
2026-03-28,東区,snowdepth,8.0,published; reference periods in source notes,https://www.city.sapporo.jp/kensetsu/yuki/documents/snowdepth_r08_0411.xls
2026-03-28,白石区,snowdepth,0.0,published; reference periods in source notes,https://www.city.sapporo.jp/kensetsu/yuki/documents/snowdepth_r08_0411.xls
2026-03-28,厚別区,snowdepth,0.0,published; reference periods in source notes,https://www.city.sapporo.jp/kensetsu/yuki/documents/snowdepth_r08_0411.xls
2026-03-28,豊平区,snowdepth,0.0,published; reference periods in source notes,https://www.city.sapporo.jp/kensetsu/yuki/documents/snowdepth_r08_0411.xls
2026-03-28,清田区,snowdepth,0.0,published; reference periods in source notes,https://www.city.sapporo.jp/kensetsu/yuki/documents/snowdepth_r08_0411.xls
2026-03-28,南区(南31条西8丁目),snowdepth,0.0,published; reference periods in source notes,https://www.city.sapporo.jp/kensetsu/yuki/documents/snowdepth_r08_0411.xls
2026-03-28,南区(定山渓),snowdepth,37.0,published; reference periods in source notes,https://www.city.sapporo.jp/kensetsu/yuki/documents/snowdepth_r08_0411.xls
2026-03-28,西区(西野),snowdepth,22.0,published; reference periods in source notes,https://www.city.sapporo.jp/kensetsu/yuki/documents/snowdepth_r08_0411.xls
2026-03-28,西区(平和),snowdepth,74.0,published; reference periods in source notes,https://www.city.sapporo.jp/kensetsu/yuki/documents/snowdepth_r08_0411.xls
2026-03-28,手稲区,snowdepth,7.0,published; reference periods in source notes,https://www.city.sapporo.jp/kensetsu/yuki/documents/snowdepth_r08_0411.xls
2026-03-29,中央区,snowdepth,0.0,published; reference periods in source notes,https://www.city.sapporo.jp/kensetsu/yuki/documents/snowdepth_r08_0411.xls
2026-03-29,北区(太平),snowdepth,0.0,published; reference periods in source notes,https://www.city.sapporo.jp/kensetsu/yuki/documents/snowdepth_r08_0411.xls
2026-03-29,北区(あいの里),snowdepth,0.0,published; reference periods in source notes,https://www.city.sapporo.jp/kensetsu/yuki/documents/snowdepth_r08_0411.xls
2026-03-29,東区,snowdepth,2.0,published; reference periods in source notes,https://www.city.sapporo.jp/kensetsu/yuki/documents/snowdepth_r08_0411.xls
2026-03-29,白石区,snowdepth,0.0,published; reference periods in source notes,https://www.city.sapporo.jp/kensetsu/yuki/documents/snowdepth_r08_0411.xls
2026-03-29,厚別区,snowdepth,0.0,published; reference periods in source notes,https://www.city.sapporo.jp/kensetsu/yuki/documents/snowdepth_r08_0411.xls
2026-03-29,豊平区,snowdepth,0.0,published; reference periods in source notes,https://www.city.sapporo.jp/kensetsu/yuki/documents/snowdepth_r08_0411.xls
2026-03-29,清田区,snowdepth,0.0,published; reference periods in source notes,https://www.city.sapporo.jp/kensetsu/yuki/documents/snowdepth_r08_0411.xls
2026-03-29,南区(南31条西8丁目),snowdepth,0.0,published; reference periods in source notes,https://www.city.sapporo.jp/kensetsu/yuki/documents/snowdepth_r08_0411.xls
2026-03-29,南区(定山渓),snowdepth,32.0,published; reference periods in source notes,https://www.city.sapporo.jp/kensetsu/yuki/documents/snowdepth_r08_0411.xls
2026-03-29,西区(西野),snowdepth,18.0,published; reference periods in source notes,https://www.city.sapporo.jp/kensetsu/yuki/documents/snowdepth_r08_0411.xls
2026-03-29,西区(平和),snowdepth,71.0,published; reference periods in source notes,https://www.city.sapporo.jp/kensetsu/yuki/documents/snowdepth_r08_0411.xls
2026-03-29,手稲区,snowdepth,2.0,published; reference periods in source notes,https://www.city.sapporo.jp/kensetsu/yuki/documents/snowdepth_r08_0411.xls
2026-03-30,中央区,snowdepth,0.0,published; reference periods in source notes,https://www.city.sapporo.jp/kensetsu/yuki/documents/snowdepth_r08_0411.xls
2026-03-30,北区(太平),snowdepth,0.0,published; reference periods in source notes,https://www.city.sapporo.jp/kensetsu/yuki/documents/snowdepth_r08_0411.xls
2026-03-30,北区(あいの里),snowdepth,0.0,published; reference periods in source notes,https://www.city.sapporo.jp/kensetsu/yuki/documents/snowdepth_r08_0411.xls
2026-03-30,東区,snowdepth,0.0,published; reference periods in source notes,https://www.city.sapporo.jp/kensetsu/yuki/documents/snowdepth_r08_0411.xls
2026-03-30,白石区,snowdepth,0.0,published; reference periods in source notes,https://www.city.sapporo.jp/kensetsu/yuki/documents/snowdepth_r08_0411.xls
2026-03-30,厚別区,snowdepth,0.0,published; reference periods in source notes,https://www.city.sapporo.jp/kensetsu/yuki/documents/snowdepth_r08_0411.xls
2026-03-30,豊平区,snowdepth,0.0,published; reference periods in source notes,https://www.city.sapporo.jp/kensetsu/yuki/documents/snowdepth_r08_0411.xls
2026-03-30,清田区,snowdepth,0.0,published; reference periods in source notes,https://www.city.sapporo.jp/kensetsu/yuki/documents/snowdepth_r08_0411.xls
2026-03-30,南区(南31条西8丁目),snowdepth,0.0,published; reference periods in source notes,https://www.city.sapporo.jp/kensetsu/yuki/documents/snowdepth_r08_0411.xls
2026-03-30,南区(定山渓),snowdepth,29.0,published; reference periods in source notes,https://www.city.sapporo.jp/kensetsu/yuki/documents/snowdepth_r08_0411.xls
2026-03-30,西区(西野),snowdepth,12.0,published; reference periods in source notes,https://www.city.sapporo.jp/kensetsu/yuki/documents/snowdepth_r08_0411.xls
2026-03-30,西区(平和),snowdepth,66.0,published; reference periods in source notes,https://www.city.sapporo.jp/kensetsu/yuki/documents/snowdepth_r08_0411.xls
2026-03-30,手稲区,snowdepth,0.0,published; reference periods in source notes,https://www.city.sapporo.jp/kensetsu/yuki/documents/snowdepth_r08_0411.xls
2026-03-31,中央区,snowdepth,0.0,published; reference periods in source notes,https://www.city.sapporo.jp/kensetsu/yuki/documents/snowdepth_r08_0411.xls
2026-03-31,北区(太平),snowdepth,0.0,published; reference periods in source notes,https://www.city.sapporo.jp/kensetsu/yuki/documents/snowdepth_r08_0411.xls
2026-03-31,北区(あいの里),snowdepth,0.0,published; reference periods in source notes,https://www.city.sapporo.jp/kensetsu/yuki/documents/snowdepth_r08_0411.xls
2026-03-31,東区,snowdepth,0.0,published; reference periods in source notes,https://www.city.sapporo.jp/kensetsu/yuki/documents/snowdepth_r08_0411.xls
2026-03-31,白石区,snowdepth,0.0,published; reference periods in source notes,https://www.city.sapporo.jp/kensetsu/yuki/documents/snowdepth_r08_0411.xls
2026-03-31,厚別区,snowdepth,0.0,published; reference periods in source notes,https://www.city.sapporo.jp/kensetsu/yuki/documents/snowdepth_r08_0411.xls
2026-03-31,豊平区,snowdepth,0.0,published; reference periods in source notes,https://www.city.sapporo.jp/kensetsu/yuki/documents/snowdepth_r08_0411.xls
2026-03-31,清田区,snowdepth,0.0,published; reference periods in source notes,https://www.city.sapporo.jp/kensetsu/yuki/documents/snowdepth_r08_0411.xls
2026-03-31,南区(南31条西8丁目),snowdepth,0.0,published; reference periods in source notes,https://www.city.sapporo.jp/kensetsu/yuki/documents/snowdepth_r08_0411.xls
2026-03-31,南区(定山渓),snowdepth,23.0,published; reference periods in source notes,https://www.city.sapporo.jp/kensetsu/yuki/documents/snowdepth_r08_0411.xls
2026-03-31,西区(西野),snowdepth,6.0,published; reference periods in source notes,https://www.city.sapporo.jp/kensetsu/yuki/documents/snowdepth_r08_0411.xls
2026-03-31,西区(平和),snowdepth,61.0,published; reference periods in source notes,https://www.city.sapporo.jp/kensetsu/yuki/documents/snowdepth_r08_0411.xls
2026-03-31,手稲区,snowdepth,0.0,published; reference periods in source notes,https://www.city.sapporo.jp/kensetsu/yuki/documents/snowdepth_r08_0411.xls
2026-04-01,中央区,snowdepth,0.0,published; reference periods in source notes,https://www.city.sapporo.jp/kensetsu/yuki/documents/snowdepth_r08_0411.xls
2026-04-01,北区(太平),snowdepth,0.0,published; reference periods in source notes,https://www.city.sapporo.jp/kensetsu/yuki/documents/snowdepth_r08_0411.xls
2026-04-01,北区(あいの里),snowdepth,0.0,published; reference periods in source notes,https://www.city.sapporo.jp/kensetsu/yuki/documents/snowdepth_r08_0411.xls
2026-04-01,東区,snowdepth,0.0,published; reference periods in source notes,https://www.city.sapporo.jp/kensetsu/yuki/documents/snowdepth_r08_0411.xls
2026-04-01,白石区,snowdepth,0.0,published; reference periods in source notes,https://www.city.sapporo.jp/kensetsu/yuki/documents/snowdepth_r08_0411.xls
2026-04-01,厚別区,snowdepth,0.0,published; reference periods in source notes,https://www.city.sapporo.jp/kensetsu/yuki/documents/snowdepth_r08_0411.xls
2026-04-01,豊平区,snowdepth,0.0,published; reference periods in source notes,https://www.city.sapporo.jp/kensetsu/yuki/documents/snowdepth_r08_0411.xls
2026-04-01,清田区,snowdepth,0.0,published; reference periods in source notes,https://www.city.sapporo.jp/kensetsu/yuki/documents/snowdepth_r08_0411.xls
2026-04-01,南区(南31条西8丁目),snowdepth,0.0,published; reference periods in source notes,https://www.city.sapporo.jp/kensetsu/yuki/documents/snowdepth_r08_0411.xls
2026-04-01,南区(定山渓),snowdepth,19.0,published; reference periods in source notes,https://www.city.sapporo.jp/kensetsu/yuki/documents/snowdepth_r08_0411.xls
2026-04-01,西区(西野),snowdepth,0.0,published; reference periods in source notes,https://www.city.sapporo.jp/kensetsu/yuki/documents/snowdepth_r08_0411.xls
2026-04-01,西区(平和),snowdepth,56.0,published; reference periods in source notes,https://www.city.sapporo.jp/kensetsu/yuki/documents/snowdepth_r08_0411.xls
2026-04-01,手稲区,snowdepth,0.0,published; reference periods in source notes,https://www.city.sapporo.jp/kensetsu/yuki/documents/snowdepth_r08_0411.xls
2026-04-02,中央区,snowdepth,0.0,published; reference periods in source notes,https://www.city.sapporo.jp/kensetsu/yuki/documents/snowdepth_r08_0411.xls
2026-04-02,北区(太平),snowdepth,0.0,published; reference periods in source notes,https://www.city.sapporo.jp/kensetsu/yuki/documents/snowdepth_r08_0411.xls
2026-04-02,北区(あいの里),snowdepth,0.0,published; reference periods in source notes,https://www.city.sapporo.jp/kensetsu/yuki/documents/snowdepth_r08_0411.xls
2026-04-02,東区,snowdepth,0.0,published; reference periods in source notes,https://www.city.sapporo.jp/kensetsu/yuki/documents/snowdepth_r08_0411.xls
2026-04-02,白石区,snowdepth,0.0,published; reference periods in source notes,https://www.city.sapporo.jp/kensetsu/yuki/documents/snowdepth_r08_0411.xls
2026-04-02,厚別区,snowdepth,0.0,published; reference periods in source notes,https://www.city.sapporo.jp/kensetsu/yuki/documents/snowdepth_r08_0411.xls
2026-04-02,豊平区,snowdepth,0.0,published; reference periods in source notes,https://www.city.sapporo.jp/kensetsu/yuki/documents/snowdepth_r08_0411.xls
2026-04-02,清田区,snowdepth,0.0,published; reference periods in source notes,https://www.city.sapporo.jp/kensetsu/yuki/documents/snowdepth_r08_0411.xls
2026-04-02,南区(南31条西8丁目),snowdepth,0.0,published; reference periods in source notes,https://www.city.sapporo.jp/kensetsu/yuki/documents/snowdepth_r08_0411.xls
2026-04-02,南区(定山渓),snowdepth,14.0,published; reference periods in source notes,https://www.city.sapporo.jp/kensetsu/yuki/documents/snowdepth_r08_0411.xls
2026-04-02,西区(西野),snowdepth,0.0,published; reference periods in source notes,https://www.city.sapporo.jp/kensetsu/yuki/documents/snowdepth_r08_0411.xls
2026-04-02,西区(平和),snowdepth,49.0,published; reference periods in source notes,https://www.city.sapporo.jp/kensetsu/yuki/documents/snowdepth_r08_0411.xls
2026-04-02,手稲区,snowdepth,0.0,published; reference periods in source notes,https://www.city.sapporo.jp/kensetsu/yuki/documents/snowdepth_r08_0411.xls
2026-04-03,中央区,snowdepth,0.0,published; reference periods in source notes,https://www.city.sapporo.jp/kensetsu/yuki/documents/snowdepth_r08_0411.xls
2026-04-03,北区(太平),snowdepth,0.0,published; reference periods in source notes,https://www.city.sapporo.jp/kensetsu/yuki/documents/snowdepth_r08_0411.xls
2026-04-03,北区(あいの里),snowdepth,0.0,published; reference periods in source notes,https://www.city.sapporo.jp/kensetsu/yuki/documents/snowdepth_r08_0411.xls
2026-04-03,東区,snowdepth,0.0,published; reference periods in source notes,https://www.city.sapporo.jp/kensetsu/yuki/documents/snowdepth_r08_0411.xls
2026-04-03,白石区,snowdepth,0.0,published; reference periods in source notes,https://www.city.sapporo.jp/kensetsu/yuki/documents/snowdepth_r08_0411.xls
2026-04-03,厚別区,snowdepth,0.0,published; reference periods in source notes,https://www.city.sapporo.jp/kensetsu/yuki/documents/snowdepth_r08_0411.xls
2026-04-03,豊平区,snowdepth,0.0,published; reference periods in source notes,https://www.city.sapporo.jp/kensetsu/yuki/documents/snowdepth_r08_0411.xls
2026-04-03,清田区,snowdepth,0.0,published; reference periods in source notes,https://www.city.sapporo.jp/kensetsu/yuki/documents/snowdepth_r08_0411.xls
2026-04-03,南区(南31条西8丁目),snowdepth,0.0,published; reference periods in source notes,https://www.city.sapporo.jp/kensetsu/yuki/documents/snowdepth_r08_0411.xls
2026-04-03,南区(定山渓),snowdepth,10.0,published; reference periods in source notes,https://www.city.sapporo.jp/kensetsu/yuki/documents/snowdepth_r08_0411.xls
2026-04-03,西区(西野),snowdepth,0.0,published; reference periods in source notes,https://www.city.sapporo.jp/kensetsu/yuki/documents/snowdepth_r08_0411.xls
2026-04-03,西区(平和),snowdepth,47.0,published; reference periods in source notes,https://www.city.sapporo.jp/kensetsu/yuki/documents/snowdepth_r08_0411.xls
2026-04-03,手稲区,snowdepth,0.0,published; reference periods in source notes,https://www.city.sapporo.jp/kensetsu/yuki/documents/snowdepth_r08_0411.xls
2026-04-04,中央区,snowdepth,0.0,published; reference periods in source notes,https://www.city.sapporo.jp/kensetsu/yuki/documents/snowdepth_r08_0411.xls
2026-04-04,北区(太平),snowdepth,0.0,published; reference periods in source notes,https://www.city.sapporo.jp/kensetsu/yuki/documents/snowdepth_r08_0411.xls
2026-04-04,北区(あいの里),snowdepth,0.0,published; reference periods in source notes,https://www.city.sapporo.jp/kensetsu/yuki/documents/snowdepth_r08_0411.xls
2026-04-04,東区,snowdepth,0.0,published; reference periods in source notes,https://www.city.sapporo.jp/kensetsu/yuki/documents/snowdepth_r08_0411.xls
2026-04-04,白石区,snowdepth,0.0,published; reference periods in source notes,https://www.city.sapporo.jp/kensetsu/yuki/documents/snowdepth_r08_0411.xls
2026-04-04,厚別区,snowdepth,0.0,published; reference periods in source notes,https://www.city.sapporo.jp/kensetsu/yuki/documents/snowdepth_r08_0411.xls
2026-04-04,豊平区,snowdepth,0.0,published; reference periods in source notes,https://www.city.sapporo.jp/kensetsu/yuki/documents/snowdepth_r08_0411.xls
2026-04-04,清田区,snowdepth,0.0,published; reference periods in source notes,https://www.city.sapporo.jp/kensetsu/yuki/documents/snowdepth_r08_0411.xls
2026-04-04,南区(南31条西8丁目),snowdepth,0.0,published; reference periods in source notes,https://www.city.sapporo.jp/kensetsu/yuki/documents/snowdepth_r08_0411.xls
2026-04-04,南区(定山渓),snowdepth,5.0,published; reference periods in source notes,https://www.city.sapporo.jp/kensetsu/yuki/documents/snowdepth_r08_0411.xls
2026-04-04,西区(西野),snowdepth,0.0,published; reference periods in source notes,https://www.city.sapporo.jp/kensetsu/yuki/documents/snowdepth_r08_0411.xls
2026-04-04,西区(平和),snowdepth,40.0,published; reference periods in source notes,https://www.city.sapporo.jp/kensetsu/yuki/documents/snowdepth_r08_0411.xls
2026-04-04,手稲区,snowdepth,0.0,published; reference periods in source notes,https://www.city.sapporo.jp/kensetsu/yuki/documents/snowdepth_r08_0411.xls
2026-04-05,中央区,snowdepth,0.0,published; reference periods in source notes,https://www.city.sapporo.jp/kensetsu/yuki/documents/snowdepth_r08_0411.xls
2026-04-05,北区(太平),snowdepth,0.0,published; reference periods in source notes,https://www.city.sapporo.jp/kensetsu/yuki/documents/snowdepth_r08_0411.xls
2026-04-05,北区(あいの里),snowdepth,0.0,published; reference periods in source notes,https://www.city.sapporo.jp/kensetsu/yuki/documents/snowdepth_r08_0411.xls
2026-04-05,東区,snowdepth,0.0,published; reference periods in source notes,https://www.city.sapporo.jp/kensetsu/yuki/documents/snowdepth_r08_0411.xls
2026-04-05,白石区,snowdepth,0.0,published; reference periods in source notes,https://www.city.sapporo.jp/kensetsu/yuki/documents/snowdepth_r08_0411.xls
2026-04-05,厚別区,snowdepth,0.0,published; reference periods in source notes,https://www.city.sapporo.jp/kensetsu/yuki/documents/snowdepth_r08_0411.xls
2026-04-05,豊平区,snowdepth,0.0,published; reference periods in source notes,https://www.city.sapporo.jp/kensetsu/yuki/documents/snowdepth_r08_0411.xls
2026-04-05,清田区,snowdepth,0.0,published; reference periods in source notes,https://www.city.sapporo.jp/kensetsu/yuki/documents/snowdepth_r08_0411.xls
2026-04-05,南区(南31条西8丁目),snowdepth,0.0,published; reference periods in source notes,https://www.city.sapporo.jp/kensetsu/yuki/documents/snowdepth_r08_0411.xls
2026-04-05,南区(定山渓),snowdepth,0.0,published; reference periods in source notes,https://www.city.sapporo.jp/kensetsu/yuki/documents/snowdepth_r08_0411.xls
2026-04-05,西区(西野),snowdepth,0.0,published; reference periods in source notes,https://www.city.sapporo.jp/kensetsu/yuki/documents/snowdepth_r08_0411.xls
2026-04-05,西区(平和),snowdepth,36.0,published; reference periods in source notes,https://www.city.sapporo.jp/kensetsu/yuki/documents/snowdepth_r08_0411.xls
2026-04-05,手稲区,snowdepth,0.0,published; reference periods in source notes,https://www.city.sapporo.jp/kensetsu/yuki/documents/snowdepth_r08_0411.xls
2026-04-06,中央区,snowdepth,0.0,published; reference periods in source notes,https://www.city.sapporo.jp/kensetsu/yuki/documents/snowdepth_r08_0411.xls
2026-04-06,北区(太平),snowdepth,0.0,published; reference periods in source notes,https://www.city.sapporo.jp/kensetsu/yuki/documents/snowdepth_r08_0411.xls
2026-04-06,北区(あいの里),snowdepth,0.0,published; reference periods in source notes,https://www.city.sapporo.jp/kensetsu/yuki/documents/snowdepth_r08_0411.xls
2026-04-06,東区,snowdepth,0.0,published; reference periods in source notes,https://www.city.sapporo.jp/kensetsu/yuki/documents/snowdepth_r08_0411.xls
2026-04-06,白石区,snowdepth,0.0,published; reference periods in source notes,https://www.city.sapporo.jp/kensetsu/yuki/documents/snowdepth_r08_0411.xls
2026-04-06,厚別区,snowdepth,0.0,published; reference periods in source notes,https://www.city.sapporo.jp/kensetsu/yuki/documents/snowdepth_r08_0411.xls
2026-04-06,豊平区,snowdepth,0.0,published; reference periods in source notes,https://www.city.sapporo.jp/kensetsu/yuki/documents/snowdepth_r08_0411.xls
2026-04-06,清田区,snowdepth,0.0,published; reference periods in source notes,https://www.city.sapporo.jp/kensetsu/yuki/documents/snowdepth_r08_0411.xls
2026-04-06,南区(南31条西8丁目),snowdepth,0.0,published; reference periods in source notes,https://www.city.sapporo.jp/kensetsu/yuki/documents/snowdepth_r08_0411.xls
2026-04-06,南区(定山渓),snowdepth,0.0,published; reference periods in source notes,https://www.city.sapporo.jp/kensetsu/yuki/documents/snowdepth_r08_0411.xls
2026-04-06,西区(西野),snowdepth,0.0,published; reference periods in source notes,https://www.city.sapporo.jp/kensetsu/yuki/documents/snowdepth_r08_0411.xls
2026-04-06,西区(平和),snowdepth,31.0,published; reference periods in source notes,https://www.city.sapporo.jp/kensetsu/yuki/documents/snowdepth_r08_0411.xls
2026-04-06,手稲区,snowdepth,0.0,published; reference periods in source notes,https://www.city.sapporo.jp/kensetsu/yuki/documents/snowdepth_r08_0411.xls
2026-04-07,中央区,snowdepth,0.0,published; reference periods in source notes,https://www.city.sapporo.jp/kensetsu/yuki/documents/snowdepth_r08_0411.xls
2026-04-07,北区(太平),snowdepth,0.0,published; reference periods in source notes,https://www.city.sapporo.jp/kensetsu/yuki/documents/snowdepth_r08_0411.xls
2026-04-07,北区(あいの里),snowdepth,0.0,published; reference periods in source notes,https://www.city.sapporo.jp/kensetsu/yuki/documents/snowdepth_r08_0411.xls
2026-04-07,東区,snowdepth,0.0,published; reference periods in source notes,https://www.city.sapporo.jp/kensetsu/yuki/documents/snowdepth_r08_0411.xls
2026-04-07,白石区,snowdepth,0.0,published; reference periods in source notes,https://www.city.sapporo.jp/kensetsu/yuki/documents/snowdepth_r08_0411.xls
2026-04-07,厚別区,snowdepth,0.0,published; reference periods in source notes,https://www.city.sapporo.jp/kensetsu/yuki/documents/snowdepth_r08_0411.xls
2026-04-07,豊平区,snowdepth,0.0,published; reference periods in source notes,https://www.city.sapporo.jp/kensetsu/yuki/documents/snowdepth_r08_0411.xls
2026-04-07,清田区,snowdepth,0.0,published; reference periods in source notes,https://www.city.sapporo.jp/kensetsu/yuki/documents/snowdepth_r08_0411.xls
2026-04-07,南区(南31条西8丁目),snowdepth,0.0,published; reference periods in source notes,https://www.city.sapporo.jp/kensetsu/yuki/documents/snowdepth_r08_0411.xls
2026-04-07,南区(定山渓),snowdepth,0.0,published; reference periods in source notes,https://www.city.sapporo.jp/kensetsu/yuki/documents/snowdepth_r08_0411.xls
2026-04-07,西区(西野),snowdepth,0.0,published; reference periods in source notes,https://www.city.sapporo.jp/kensetsu/yuki/documents/snowdepth_r08_0411.xls
2026-04-07,西区(平和),snowdepth,24.0,published; reference periods in source notes,https://www.city.sapporo.jp/kensetsu/yuki/documents/snowdepth_r08_0411.xls
2026-04-07,手稲区,snowdepth,0.0,published; reference periods in source notes,https://www.city.sapporo.jp/kensetsu/yuki/documents/snowdepth_r08_0411.xls
2026-04-08,中央区,snowdepth,0.0,published; reference periods in source notes,https://www.city.sapporo.jp/kensetsu/yuki/documents/snowdepth_r08_0411.xls
2026-04-08,北区(太平),snowdepth,0.0,published; reference periods in source notes,https://www.city.sapporo.jp/kensetsu/yuki/documents/snowdepth_r08_0411.xls
2026-04-08,北区(あいの里),snowdepth,0.0,published; reference periods in source notes,https://www.city.sapporo.jp/kensetsu/yuki/documents/snowdepth_r08_0411.xls
2026-04-08,東区,snowdepth,0.0,published; reference periods in source notes,https://www.city.sapporo.jp/kensetsu/yuki/documents/snowdepth_r08_0411.xls
2026-04-08,白石区,snowdepth,0.0,published; reference periods in source notes,https://www.city.sapporo.jp/kensetsu/yuki/documents/snowdepth_r08_0411.xls
2026-04-08,厚別区,snowdepth,0.0,published; reference periods in source notes,https://www.city.sapporo.jp/kensetsu/yuki/documents/snowdepth_r08_0411.xls
2026-04-08,豊平区,snowdepth,0.0,published; reference periods in source notes,https://www.city.sapporo.jp/kensetsu/yuki/documents/snowdepth_r08_0411.xls
2026-04-08,清田区,snowdepth,0.0,published; reference periods in source notes,https://www.city.sapporo.jp/kensetsu/yuki/documents/snowdepth_r08_0411.xls
2026-04-08,南区(南31条西8丁目),snowdepth,0.0,published; reference periods in source notes,https://www.city.sapporo.jp/kensetsu/yuki/documents/snowdepth_r08_0411.xls
2026-04-08,南区(定山渓),snowdepth,0.0,published; reference periods in source notes,https://www.city.sapporo.jp/kensetsu/yuki/documents/snowdepth_r08_0411.xls
2026-04-08,西区(西野),snowdepth,0.0,published; reference periods in source notes,https://www.city.sapporo.jp/kensetsu/yuki/documents/snowdepth_r08_0411.xls
2026-04-08,西区(平和),snowdepth,20.0,published; reference periods in source notes,https://www.city.sapporo.jp/kensetsu/yuki/documents/snowdepth_r08_0411.xls
2026-04-08,手稲区,snowdepth,0.0,published; reference periods in source notes,https://www.city.sapporo.jp/kensetsu/yuki/documents/snowdepth_r08_0411.xls
2026-04-09,中央区,snowdepth,0.0,published; reference periods in source notes,https://www.city.sapporo.jp/kensetsu/yuki/documents/snowdepth_r08_0411.xls
2026-04-09,北区(太平),snowdepth,0.0,published; reference periods in source notes,https://www.city.sapporo.jp/kensetsu/yuki/documents/snowdepth_r08_0411.xls
2026-04-09,北区(あいの里),snowdepth,0.0,published; reference periods in source notes,https://www.city.sapporo.jp/kensetsu/yuki/documents/snowdepth_r08_0411.xls
2026-04-09,東区,snowdepth,0.0,published; reference periods in source notes,https://www.city.sapporo.jp/kensetsu/yuki/documents/snowdepth_r08_0411.xls
2026-04-09,白石区,snowdepth,0.0,published; reference periods in source notes,https://www.city.sapporo.jp/kensetsu/yuki/documents/snowdepth_r08_0411.xls
2026-04-09,厚別区,snowdepth,0.0,published; reference periods in source notes,https://www.city.sapporo.jp/kensetsu/yuki/documents/snowdepth_r08_0411.xls
2026-04-09,豊平区,snowdepth,0.0,published; reference periods in source notes,https://www.city.sapporo.jp/kensetsu/yuki/documents/snowdepth_r08_0411.xls
2026-04-09,清田区,snowdepth,0.0,published; reference periods in source notes,https://www.city.sapporo.jp/kensetsu/yuki/documents/snowdepth_r08_0411.xls
2026-04-09,南区(南31条西8丁目),snowdepth,0.0,published; reference periods in source notes,https://www.city.sapporo.jp/kensetsu/yuki/documents/snowdepth_r08_0411.xls
2026-04-09,南区(定山渓),snowdepth,0.0,published; reference periods in source notes,https://www.city.sapporo.jp/kensetsu/yuki/documents/snowdepth_r08_0411.xls
2026-04-09,西区(西野),snowdepth,0.0,published; reference periods in source notes,https://www.city.sapporo.jp/kensetsu/yuki/documents/snowdepth_r08_0411.xls
2026-04-09,西区(平和),snowdepth,13.0,published; reference periods in source notes,https://www.city.sapporo.jp/kensetsu/yuki/documents/snowdepth_r08_0411.xls
2026-04-09,手稲区,snowdepth,0.0,published; reference periods in source notes,https://www.city.sapporo.jp/kensetsu/yuki/documents/snowdepth_r08_0411.xls
2026-04-10,中央区,snowdepth,0.0,published; reference periods in source notes,https://www.city.sapporo.jp/kensetsu/yuki/documents/snowdepth_r08_0411.xls
2026-04-10,北区(太平),snowdepth,0.0,published; reference periods in source notes,https://www.city.sapporo.jp/kensetsu/yuki/documents/snowdepth_r08_0411.xls
2026-04-10,北区(あいの里),snowdepth,0.0,published; reference periods in source notes,https://www.city.sapporo.jp/kensetsu/yuki/documents/snowdepth_r08_0411.xls
2026-04-10,東区,snowdepth,0.0,published; reference periods in source notes,https://www.city.sapporo.jp/kensetsu/yuki/documents/snowdepth_r08_0411.xls
2026-04-10,白石区,snowdepth,0.0,published; reference periods in source notes,https://www.city.sapporo.jp/kensetsu/yuki/documents/snowdepth_r08_0411.xls
2026-04-10,厚別区,snowdepth,0.0,published; reference periods in source notes,https://www.city.sapporo.jp/kensetsu/yuki/documents/snowdepth_r08_0411.xls
2026-04-10,豊平区,snowdepth,0.0,published; reference periods in source notes,https://www.city.sapporo.jp/kensetsu/yuki/documents/snowdepth_r08_0411.xls
2026-04-10,清田区,snowdepth,0.0,published; reference periods in source notes,https://www.city.sapporo.jp/kensetsu/yuki/documents/snowdepth_r08_0411.xls
2026-04-10,南区(南31条西8丁目),snowdepth,0.0,published; reference periods in source notes,https://www.city.sapporo.jp/kensetsu/yuki/documents/snowdepth_r08_0411.xls
2026-04-10,南区(定山渓),snowdepth,0.0,published; reference periods in source notes,https://www.city.sapporo.jp/kensetsu/yuki/documents/snowdepth_r08_0411.xls
2026-04-10,西区(西野),snowdepth,0.0,published; reference periods in source notes,https://www.city.sapporo.jp/kensetsu/yuki/documents/snowdepth_r08_0411.xls
2026-04-10,西区(平和),snowdepth,1.0,published; reference periods in source notes,https://www.city.sapporo.jp/kensetsu/yuki/documents/snowdepth_r08_0411.xls
2026-04-10,手稲区,snowdepth,0.0,published; reference periods in source notes,https://www.city.sapporo.jp/kensetsu/yuki/documents/snowdepth_r08_0411.xls
