{
"type": "FeatureCollection",
"name": "SWSS_260407",
"crs": { "type": "name", "properties": { "name": "urn:ogc:def:crs:OGC:1.3:CRS84" } },
"features": [
{ "type": "Feature", "properties": { "変電所名": "西旭川", "空容量": 100, "一次側": 187, "二次側": 66.0, "Type": "SS", "Vsbl": null, "lon": 142.3236969, "lat": 43.80600819 }, "geometry": { "type": "Point", "coordinates": [ 142.323696899999987, 43.80600819 ] } },
{ "type": "Feature", "properties": { "変電所名": "旭川", "空容量": 0, "一次側": 187, "二次側": 66.0, "Type": "SS", "Vsbl": null, "lon": 142.3879772, "lat": 43.75330036 }, "geometry": { "type": "Point", "coordinates": [ 142.3879772, 43.75330036 ] } },
{ "type": "Feature", "properties": { "変電所名": "神居", "空容量": 0, "一次側": 66, "二次側": 6.6, "Type": "SS", "Vsbl": null, "lon": 142.3495154, "lat": 43.74083891 }, "geometry": { "type": "Point", "coordinates": [ 142.3495154, 43.74083891 ] } },
{ "type": "Feature", "properties": { "変電所名": "旭川中央", "空容量": 0, "一次側": 66, "二次側": 6.6, "Type": "SS", "Vsbl": null, "lon": 142.352089, "lat": 43.76922502 }, "geometry": { "type": "Point", "coordinates": [ 142.352089, 43.76922502 ] } },
{ "type": "Feature", "properties": { "変電所名": "三条", "空容量": 0, "一次側": 66, "二次側": 6.6, "Type": "SS", "Vsbl": true, "lon": 142.3649123, "lat": 43.76697772 }, "geometry": { "type": "Point", "coordinates": [ 142.364912299999986, 43.76697772 ] } },
{ "type": "Feature", "properties": { "変電所名": "栄町", "空容量": 0, "一次側": 66, "二次側": null, "Type": "SS", "Vsbl": true, "lon": 142.3438341, "lat": 43.77232031 }, "geometry": { "type": "Point", "coordinates": [ 142.3438341, 43.77232031 ] } },
{ "type": "Feature", "properties": { "変電所名": "新旭川", "空容量": 0, "一次側": 66, "二次側": 6.6, "Type": "SS", "Vsbl": null, "lon": 142.3914999, "lat": 43.77386321 }, "geometry": { "type": "Point", "coordinates": [ 142.391499900000014, 43.77386321 ] } },
{ "type": "Feature", "properties": { "変電所名": "永山", "空容量": 0, "一次側": 66, "二次側": 6.6, "Type": "SS", "Vsbl": null, "lon": 142.4376595, "lat": 43.80141995 }, "geometry": { "type": "Point", "coordinates": [ 142.4376595, 43.80141995 ] } },
{ "type": "Feature", "properties": { "変電所名": "東川", "空容量": 0, "一次側": 66, "二次側": 6.6, "Type": "SS", "Vsbl": null, "lon": 142.4874315, "lat": 43.70772513 }, "geometry": { "type": "Point", "coordinates": [ 142.487431500000014, 43.70772513 ] } },
{ "type": "Feature", "properties": { "変電所名": "深川", "空容量": 0, "一次側": 66, "二次側": 6.6, "Type": "SS", "Vsbl": null, "lon": 142.0224693, "lat": 43.71379088 }, "geometry": { "type": "Point", "coordinates": [ 142.022469300000012, 43.71379088 ] } },
{ "type": "Feature", "properties": { "変電所名": "沼田", "空容量": 0, "一次側": 66, "二次側": 22.0, "Type": "SS", "Vsbl": null, "lon": 141.9520492, "lat": 43.81275307 }, "geometry": { "type": "Point", "coordinates": [ 141.9520492, 43.81275307 ] } },
{ "type": "Feature", "properties": { "変電所名": "妹背牛", "空容量": 0, "一次側": 66, "二次側": 6.6, "Type": "SS", "Vsbl": null, "lon": 141.9685189, "lat": 43.69872759 }, "geometry": { "type": "Point", "coordinates": [ 141.9685189, 43.69872759 ] } },
{ "type": "Feature", "properties": { "変電所名": "美瑛", "空容量": 0, "一次側": 66, "二次側": 6.6, "Type": "SS", "Vsbl": null, "lon": 142.4751051, "lat": 43.58787919 }, "geometry": { "type": "Point", "coordinates": [ 142.4751051, 43.58787919 ] } },
{ "type": "Feature", "properties": { "変電所名": "多度志", "空容量": 0, "一次側": 22, "二次側": 6.6, "Type": "SS", "Vsbl": null, "lon": 142.0278805, "lat": 43.81578374 }, "geometry": { "type": "Point", "coordinates": [ 142.0278805, 43.81578374 ] } },
{ "type": "Feature", "properties": { "変電所名": "新星", "空容量": 0, "一次側": 66, "二次側": 6.6, "Type": "SS", "Vsbl": null, "lon": 142.3811559, "lat": 43.80928377 }, "geometry": { "type": "Point", "coordinates": [ 142.38115590000001, 43.80928377 ] } },
{ "type": "Feature", "properties": { "変電所名": "幌加内", "空容量": 0, "一次側": 66, "二次側": 6.6, "Type": "SS", "Vsbl": null, "lon": 142.1771397, "lat": 43.97105317 }, "geometry": { "type": "Point", "coordinates": [ 142.1771397, 43.97105317 ] } },
{ "type": "Feature", "properties": { "変電所名": "秋月", "空容量": 0, "一次側": 66, "二次側": 6.6, "Type": "SS", "Vsbl": null, "lon": 142.3994838, "lat": 43.7922728 }, "geometry": { "type": "Point", "coordinates": [ 142.399483800000013, 43.7922728 ] } },
{ "type": "Feature", "properties": { "変電所名": "忠和", "空容量": 0, "一次側": 66, "二次側": 6.6, "Type": "SS", "Vsbl": null, "lon": 142.3227233, "lat": 43.76898177 }, "geometry": { "type": "Point", "coordinates": [ 142.3227233, 43.76898177 ] } },
{ "type": "Feature", "properties": { "変電所名": "音江", "空容量": 0, "一次側": 66, "二次側": 6.6, "Type": "SS", "Vsbl": null, "lon": 142.0862387, "lat": 43.69601111 }, "geometry": { "type": "Point", "coordinates": [ 142.0862387, 43.69601111 ] } },
{ "type": "Feature", "properties": { "変電所名": "東光", "空容量": 0, "一次側": 110, "二次側": 6.6, "Type": "SS", "Vsbl": null, "lon": 142.4157568, "lat": 43.75366635 }, "geometry": { "type": "Point", "coordinates": [ 142.4157568, 43.75366635 ] } },
{ "type": "Feature", "properties": { "変電所名": "七条", "空容量": 0, "一次側": 66, "二次側": 6.6, "Type": "SS", "Vsbl": null, "lon": 142.3764679, "lat": 43.76770399 }, "geometry": { "type": "Point", "coordinates": [ 142.3764679, 43.76770399 ] } },
{ "type": "Feature", "properties": { "変電所名": "羽幌", "空容量": 0, "一次側": 66, "二次側": 6.6, "Type": "SS", "Vsbl": null, "lon": 141.7109881, "lat": 44.36099749 }, "geometry": { "type": "Point", "coordinates": [ 141.7109881, 44.36099749 ] } },
{ "type": "Feature", "properties": { "変電所名": "留萌", "空容量": 0, "一次側": 66, "二次側": 33.0, "Type": "SS", "Vsbl": null, "lon": 141.6502479, "lat": 43.93233444 }, "geometry": { "type": "Point", "coordinates": [ 141.650247900000011, 43.93233444 ] } },
{ "type": "Feature", "properties": { "変電所名": "増毛", "空容量": 0, "一次側": 33, "二次側": 6.6, "Type": "SS", "Vsbl": null, "lon": 141.5278172, "lat": 43.85134394 }, "geometry": { "type": "Point", "coordinates": [ 141.527817199999987, 43.85134394 ] } },
{ "type": "Feature", "properties": { "変電所名": "小平", "空容量": 0, "一次側": 66, "二次側": 6.6, "Type": "SS", "Vsbl": null, "lon": 141.6692195, "lat": 44.01620815 }, "geometry": { "type": "Point", "coordinates": [ 141.6692195, 44.01620815 ] } },
{ "type": "Feature", "properties": { "変電所名": "鬼鹿", "空容量": 0, "一次側": 66, "二次側": 6.6, "Type": "SS", "Vsbl": null, "lon": 141.6663312, "lat": 44.15447266 }, "geometry": { "type": "Point", "coordinates": [ 141.6663312, 44.15447266 ] } },
{ "type": "Feature", "properties": { "変電所名": "苫前", "空容量": 0, "一次側": 66, "二次側": 6.6, "Type": "SS", "Vsbl": null, "lon": 141.6540809, "lat": 44.3062776 }, "geometry": { "type": "Point", "coordinates": [ 141.6540809, 44.3062776 ] } },
{ "type": "Feature", "properties": { "変電所名": "富良野", "空容量": 0, "一次側": 66, "二次側": 6.6, "Type": "SS", "Vsbl": null, "lon": 142.3830393, "lat": 43.34947574 }, "geometry": { "type": "Point", "coordinates": [ 142.3830393, 43.34947574 ] } },
{ "type": "Feature", "properties": { "変電所名": "山部", "空容量": 0, "一次側": 66, "二次側": 6.6, "Type": "SS", "Vsbl": null, "lon": 142.3825825, "lat": 43.2564215 }, "geometry": { "type": "Point", "coordinates": [ 142.382582500000012, 43.2564215 ] } },
{ "type": "Feature", "properties": { "変電所名": "鹿越", "空容量": 0, "一次側": 66, "二次側": 6.6, "Type": "SS", "Vsbl": null, "lon": 142.5130111, "lat": 43.1555999 }, "geometry": { "type": "Point", "coordinates": [ 142.5130111, 43.1555999 ] } },
{ "type": "Feature", "properties": { "変電所名": "上富良野", "空容量": 0, "一次側": 66, "二次側": 6.6, "Type": "SS", "Vsbl": null, "lon": 142.4633908, "lat": 43.46596197 }, "geometry": { "type": "Point", "coordinates": [ 142.463390800000013, 43.46596197 ] } },
{ "type": "Feature", "properties": { "変電所名": "北の峰", "空容量": 0, "一次側": 66, "二次側": 6.6, "Type": "SS", "Vsbl": null, "lon": 142.3690858, "lat": 43.33314582 }, "geometry": { "type": "Point", "coordinates": [ 142.3690858, 43.33314582 ] } },
{ "type": "Feature", "properties": { "変電所名": "西名寄", "空容量": 100, "一次側": 187, "二次側": 100.0, "Type": "SS", "Vsbl": null, "lon": 142.4184876, "lat": 44.34519284 }, "geometry": { "type": "Point", "coordinates": [ 142.4184876, 44.34519284 ] } },
{ "type": "Feature", "properties": { "変電所名": "士別", "空容量": 0, "一次側": 66, "二次側": 6.6, "Type": "SS", "Vsbl": null, "lon": 142.3910756, "lat": 44.17020394 }, "geometry": { "type": "Point", "coordinates": [ 142.3910756, 44.17020394 ] } },
{ "type": "Feature", "properties": { "変電所名": "上士別", "空容量": 0, "一次側": 100, "二次側": 6.6, "Type": "SS", "Vsbl": null, "lon": 142.4846073, "lat": 44.12998578 }, "geometry": { "type": "Point", "coordinates": [ 142.4846073, 44.12998578 ] } },
{ "type": "Feature", "properties": { "変電所名": "名寄", "空容量": 0, "一次側": 100, "二次側": 22.0, "Type": "SS", "Vsbl": null, "lon": 142.4563144, "lat": 44.33932244 }, "geometry": { "type": "Point", "coordinates": [ 142.4563144, 44.33932244 ] } },
{ "type": "Feature", "properties": { "変電所名": "下川", "空容量": 0, "一次側": 100, "二次側": 22.0, "Type": "SS", "Vsbl": null, "lon": 142.6244262, "lat": 44.30148346 }, "geometry": { "type": "Point", "coordinates": [ 142.624426199999988, 44.30148346 ] } },
{ "type": "Feature", "properties": { "変電所名": "咲来", "空容量": 0, "一次側": 100, "二次側": 6.6, "Type": "SS", "Vsbl": null, "lon": 142.2771798, "lat": 44.69526554 }, "geometry": { "type": "Point", "coordinates": [ 142.2771798, 44.69526554 ] } },
{ "type": "Feature", "properties": { "変電所名": "剣淵", "空容量": 0, "一次側": 66, "二次側": 6.6, "Type": "SS", "Vsbl": null, "lon": 142.3708026, "lat": 44.0997208 }, "geometry": { "type": "Point", "coordinates": [ 142.3708026, 44.0997208 ] } },
{ "type": "Feature", "properties": { "変電所名": "智恵文", "空容量": 0, "一次側": 22, "二次側": 6.6, "Type": "SS", "Vsbl": null, "lon": 142.3944759, "lat": 44.43213892 }, "geometry": { "type": "Point", "coordinates": [ 142.3944759, 44.43213892 ] } },
{ "type": "Feature", "properties": { "変電所名": "美深", "空容量": 0, "一次側": 22, "二次側": 6.6, "Type": "SS", "Vsbl": null, "lon": 142.3547994, "lat": 44.48082577 }, "geometry": { "type": "Point", "coordinates": [ 142.3547994, 44.48082577 ] } },
{ "type": "Feature", "properties": { "変電所名": "上興部", "空容量": 0, "一次側": 22, "二次側": 6.6, "Type": "SS", "Vsbl": null, "lon": 142.8706595, "lat": 44.34198466 }, "geometry": { "type": "Point", "coordinates": [ 142.870659499999988, 44.34198466 ] } },
{ "type": "Feature", "properties": { "変電所名": "歌登", "空容量": 0, "一次側": 66, "二次側": 6.6, "Type": "SS", "Vsbl": null, "lon": 142.4701428, "lat": 44.84024622 }, "geometry": { "type": "Point", "coordinates": [ 142.4701428, 44.84024622 ] } },
{ "type": "Feature", "properties": { "変電所名": "枝幸", "空容量": 0, "一次側": 66, "二次側": 6.6, "Type": "SS", "Vsbl": null, "lon": 142.5721341, "lat": 44.92628624 }, "geometry": { "type": "Point", "coordinates": [ 142.5721341, 44.92628624 ] } },
{ "type": "Feature", "properties": { "変電所名": "朱鞠内", "空容量": 0, "一次側": 66, "二次側": 33.0, "Type": "SS", "Vsbl": null, "lon": 142.1805377, "lat": 44.30063486 }, "geometry": { "type": "Point", "coordinates": [ 142.1805377, 44.30063486 ] } },
{ "type": "Feature", "properties": { "変電所名": "小頓別", "空容量": 0, "一次側": 100, "二次側": 66.0, "Type": "SS", "Vsbl": null, "lon": 142.2984864, "lat": 44.82912851 }, "geometry": { "type": "Point", "coordinates": [ 142.2984864, 44.82912851 ] } },
{ "type": "Feature", "properties": { "変電所名": "中川", "空容量": 0, "一次側": 100, "二次側": 6.6, "Type": "SS", "Vsbl": null, "lon": 142.0817901, "lat": 44.84219371 }, "geometry": { "type": "Point", "coordinates": [ 142.0817901, 44.84219371 ] } },
{ "type": "Feature", "properties": { "変電所名": "蔭の沢", "空容量": 0, "一次側": 22, "二次側": 6.6, "Type": "TP", "Vsbl": null, "lon": 142.2533945, "lat": 44.30486082 }, "geometry": { "type": "Point", "coordinates": [ 142.253394500000013, 44.30486082 ] } },
{ "type": "Feature", "properties": { "変電所名": "幌延", "空容量": 0, "一次側": 100, "二次側": 33.0, "Type": "SS", "Vsbl": null, "lon": 141.8530963, "lat": 45.01743494 }, "geometry": { "type": "Point", "coordinates": [ 141.8530963, 45.01743494 ] } },
{ "type": "Feature", "properties": { "変電所名": "声問", "空容量": 0, "一次側": 100, "二次側": 6.6, "Type": "SS", "Vsbl": null, "lon": 141.7249026, "lat": 45.38704644 }, "geometry": { "type": "Point", "coordinates": [ 141.7249026, 45.38704644 ] } },
{ "type": "Feature", "properties": { "変電所名": "稚内", "空容量": 0, "一次側": 100, "二次側": 6.6, "Type": "SS", "Vsbl": null, "lon": 141.6804411, "lat": 45.39830849 }, "geometry": { "type": "Point", "coordinates": [ 141.6804411, 45.39830849 ] } },
{ "type": "Feature", "properties": { "変電所名": "豊富", "空容量": 0, "一次側": 33, "二次側": 6.6, "Type": "SS", "Vsbl": null, "lon": 141.7686477, "lat": 45.11470151 }, "geometry": { "type": "Point", "coordinates": [ 141.7686477, 45.11470151 ] } },
{ "type": "Feature", "properties": { "変電所名": "曲渕", "空容量": 0, "一次側": 33, "二次側": 6.6, "Type": "SS", "Vsbl": null, "lon": 141.9027294, "lat": 45.2599562 }, "geometry": { "type": "Point", "coordinates": [ 141.9027294, 45.2599562 ] } },
{ "type": "Feature", "properties": { "変電所名": "天塩", "空容量": 0, "一次側": 33, "二次側": 6.6, "Type": "SS", "Vsbl": null, "lon": 141.7527876, "lat": 44.88377481 }, "geometry": { "type": "Point", "coordinates": [ 141.7527876, 44.88377481 ] } },
{ "type": "Feature", "properties": { "変電所名": "遠別", "空容量": 0, "一次側": 33, "二次側": 6.6, "Type": "SS", "Vsbl": null, "lon": 141.8033672, "lat": 44.72478873 }, "geometry": { "type": "Point", "coordinates": [ 141.8033672, 44.72478873 ] } },
{ "type": "Feature", "properties": { "変電所名": "浜頓別", "空容量": 0, "一次側": 66, "二次側": 33.0, "Type": "SS", "Vsbl": null, "lon": 142.358805, "lat": 45.1213864 }, "geometry": { "type": "Point", "coordinates": [ 142.358805, 45.1213864 ] } },
{ "type": "Feature", "properties": { "変電所名": "猿払", "空容量": 0, "一次側": 33, "二次側": 6.6, "Type": "SS", "Vsbl": null, "lon": 142.1977338, "lat": 45.26406727 }, "geometry": { "type": "Point", "coordinates": [ 142.1977338, 45.26406727 ] } },
{ "type": "Feature", "properties": { "変電所名": "稚内西", "空容量": 0, "一次側": 100, "二次側": 33.0, "Type": "SS", "Vsbl": null, "lon": 141.6680605, "lat": 45.38416155 }, "geometry": { "type": "Point", "coordinates": [ 141.6680605, 45.38416155 ] } },
{ "type": "Feature", "properties": { "変電所名": "芦川", "空容量": 0, "一次側": 33, "二次側": 6.6, "Type": "SS", "Vsbl": null, "lon": 141.7373399, "lat": 45.20273217 }, "geometry": { "type": "Point", "coordinates": [ 141.7373399, 45.20273217 ] } },
{ "type": "Feature", "properties": { "変電所名": "西中川", "空容量": 100, "一次側": 187, "二次側": 100.0, "Type": "SS", "Vsbl": null, "lon": 142.0342006, "lat": 44.8312764 }, "geometry": { "type": "Point", "coordinates": [ 142.0342006, 44.8312764 ] } },
{ "type": "Feature", "properties": { "変電所名": "留辺蘂", "空容量": 0, "一次側": 187, "二次側": 66.0, "Type": "SS", "Vsbl": null, "lon": 143.6005987, "lat": 43.77540126 }, "geometry": { "type": "Point", "coordinates": [ 143.6005987, 43.77540126 ] } },
{ "type": "Feature", "properties": { "変電所名": "訓子府", "空容量": 0, "一次側": 66, "二次側": 6.6, "Type": "SS", "Vsbl": null, "lon": 143.7429212, "lat": 43.7323451 }, "geometry": { "type": "Point", "coordinates": [ 143.742921200000012, 43.7323451 ] } },
{ "type": "Feature", "properties": { "変電所名": "北見", "空容量": 0, "一次側": 66, "二次側": 6.6, "Type": "SS", "Vsbl": null, "lon": 143.8734488, "lat": 43.79843762 }, "geometry": { "type": "Point", "coordinates": [ 143.8734488, 43.79843762 ] } },
{ "type": "Feature", "properties": { "変電所名": "相内", "空容量": 0, "一次側": 66, "二次側": 6.6, "Type": "SS", "Vsbl": null, "lon": 143.7586457, "lat": 43.8012592 }, "geometry": { "type": "Point", "coordinates": [ 143.758645699999988, 43.8012592 ] } },
{ "type": "Feature", "properties": { "変電所名": "田端", "空容量": 0, "一次側": 66, "二次側": 6.6, "Type": "SS", "Vsbl": null, "lon": 143.9158892, "lat": 43.8153731 }, "geometry": { "type": "Point", "coordinates": [ 143.9158892, 43.8153731 ] } },
{ "type": "Feature", "properties": { "変電所名": "清見", "空容量": 0, "一次側": 66, "二次側": 6.6, "Type": "SS", "Vsbl": null, "lon": 143.8860149, "lat": 43.81545423 }, "geometry": { "type": "Point", "coordinates": [ 143.8860149, 43.81545423 ] } },
{ "type": "Feature", "properties": { "変電所名": "湖南", "空容量": 0, "一次側": 66, "二次側": 6.6, "Type": "SS", "Vsbl": null, "lon": 144.1818888, "lat": 43.90622906 }, "geometry": { "type": "Point", "coordinates": [ 144.1818888, 43.90622906 ] } },
{ "type": "Feature", "properties": { "変電所名": "美幌", "空容量": 0, "一次側": 66, "二次側": 6.6, "Type": "SS", "Vsbl": null, "lon": 144.1352084, "lat": 43.82803233 }, "geometry": { "type": "Point", "coordinates": [ 144.13520840000001, 43.82803233 ] } },
{ "type": "Feature", "properties": { "変電所名": "津別", "空容量": 0, "一次側": 66, "二次側": 6.6, "Type": "SS", "Vsbl": null, "lon": 144.0279544, "lat": 43.71012664 }, "geometry": { "type": "Point", "coordinates": [ 144.0279544, 43.71012664 ] } },
{ "type": "Feature", "properties": { "変電所名": "常呂", "空容量": 0, "一次側": 66, "二次側": 6.6, "Type": "SS", "Vsbl": null, "lon": 144.0625365, "lat": 44.10856588 }, "geometry": { "type": "Point", "coordinates": [ 144.0625365, 44.10856588 ] } },
{ "type": "Feature", "properties": { "変電所名": "置戸", "空容量": 0, "一次側": 22, "二次側": 6.6, "Type": "SS", "Vsbl": null, "lon": 143.6021277, "lat": 43.68134934 }, "geometry": { "type": "Point", "coordinates": [ 143.602127700000011, 43.68134934 ] } },
{ "type": "Feature", "properties": { "変電所名": "陸別", "空容量": 0, "一次側": 22, "二次側": 6.6, "Type": "SS", "Vsbl": null, "lon": 143.7382356, "lat": 43.47475405 }, "geometry": { "type": "Point", "coordinates": [ 143.7382356, 43.47475405 ] } },
{ "type": "Feature", "properties": { "変電所名": "小利別", "空容量": 0, "一次側": 22, "二次側": 6.6, "Type": "SS", "Vsbl": null, "lon": 143.6777127, "lat": 43.58533459 }, "geometry": { "type": "Point", "coordinates": [ 143.6777127, 43.58533459 ] } },
{ "type": "Feature", "properties": { "変電所名": "網走", "空容量": 0, "一次側": 66, "二次側": 6.6, "Type": "SS", "Vsbl": null, "lon": 144.2647836, "lat": 44.01308537 }, "geometry": { "type": "Point", "coordinates": [ 144.264783599999987, 44.01308537 ] } },
{ "type": "Feature", "properties": { "変電所名": "東藻琴", "空容量": 0, "一次側": 66, "二次側": 6.6, "Type": "SS", "Vsbl": null, "lon": 144.2865176, "lat": 43.84902365 }, "geometry": { "type": "Point", "coordinates": [ 144.2865176, 43.84902365 ] } },
{ "type": "Feature", "properties": { "変電所名": "小清水", "空容量": 0, "一次側": 66, "二次側": 6.6, "Type": "SS", "Vsbl": null, "lon": 144.4597891, "lat": 43.86110395 }, "geometry": { "type": "Point", "coordinates": [ 144.4597891, 43.86110395 ] } },
{ "type": "Feature", "properties": { "変電所名": "清里", "空容量": 0, "一次側": 66, "二次側": 6.6, "Type": "SS", "Vsbl": null, "lon": 144.5930672, "lat": 43.85216108 }, "geometry": { "type": "Point", "coordinates": [ 144.5930672, 43.85216108 ] } },
{ "type": "Feature", "properties": { "変電所名": "斜里", "空容量": 0, "一次側": 66, "二次側": 33.0, "Type": "SS", "Vsbl": null, "lon": 144.6857645, "lat": 43.90149583 }, "geometry": { "type": "Point", "coordinates": [ 144.6857645, 43.90149583 ] } },
{ "type": "Feature", "properties": { "変電所名": "宇登呂", "空容量": 0, "一次側": 33, "二次側": 6.6, "Type": "SS", "Vsbl": null, "lon": 144.9959665, "lat": 44.06388487 }, "geometry": { "type": "Point", "coordinates": [ 144.9959665, 44.06388487 ] } },
{ "type": "Feature", "properties": { "変電所名": "女満別", "空容量": 0, "一次側": 187, "二次側": 66.0, "Type": "SS", "Vsbl": null, "lon": 144.2168135, "lat": 43.83212414 }, "geometry": { "type": "Point", "coordinates": [ 144.2168135, 43.83212414 ] } },
{ "type": "Feature", "properties": { "変電所名": "北見西", "空容量": 0, "一次側": 66, "二次側": 6.6, "Type": "SS", "Vsbl": null, "lon": 143.8582206, "lat": 43.78400696 }, "geometry": { "type": "Point", "coordinates": [ 143.85822060000001, 43.78400696 ] } },
{ "type": "Feature", "properties": { "変電所名": "潮見", "空容量": 0, "一次側": 66, "二次側": 6.6, "Type": "SS", "Vsbl": null, "lon": 144.2791195, "lat": 43.99385484 }, "geometry": { "type": "Point", "coordinates": [ 144.2791195, 43.99385484 ] } },
{ "type": "Feature", "properties": { "変電所名": "稲美", "空容量": 0, "一次側": 66, "二次側": 6.6, "Type": "SS", "Vsbl": null, "lon": 144.1196814, "lat": 43.81233846 }, "geometry": { "type": "Point", "coordinates": [ 144.1196814, 43.81233846 ] } },
{ "type": "Feature", "properties": { "変電所名": "紋別", "空容量": 0, "一次側": 66, "二次側": 6.6, "Type": "SS", "Vsbl": null, "lon": 143.3485613, "lat": 44.34657888 }, "geometry": { "type": "Point", "coordinates": [ 143.3485613, 44.34657888 ] } },
{ "type": "Feature", "properties": { "変電所名": "興部", "空容量": 0, "一次側": 66, "二次側": 22.0, "Type": "SS", "Vsbl": null, "lon": 143.1115647, "lat": 44.46598168 }, "geometry": { "type": "Point", "coordinates": [ 143.1115647, 44.46598168 ] } },
{ "type": "Feature", "properties": { "変電所名": "上渚滑", "空容量": 0, "一次側": 66, "二次側": 6.6, "Type": "SS", "Vsbl": null, "lon": 143.2687751, "lat": 44.2442496 }, "geometry": { "type": "Point", "coordinates": [ 143.2687751, 44.2442496 ] } },
{ "type": "Feature", "properties": { "変電所名": "沢木", "空容量": 0, "一次側": 22, "二次側": 6.6, "Type": "SS", "Vsbl": null, "lon": 143.0564771, "lat": 44.51024828 }, "geometry": { "type": "Point", "coordinates": [ 143.0564771, 44.51024828 ] } },
{ "type": "Feature", "properties": { "変電所名": "雄武", "空容量": 0, "一次側": 22, "二次側": 6.6, "Type": "SS", "Vsbl": null, "lon": 142.9598845, "lat": 44.58011415 }, "geometry": { "type": "Point", "coordinates": [ 142.959884499999987, 44.58011415 ] } },
{ "type": "Feature", "properties": { "変電所名": "遠軽", "空容量": 0, "一次側": 66, "二次側": 6.6, "Type": "SS", "Vsbl": null, "lon": 143.5094588, "lat": 44.02316849 }, "geometry": { "type": "Point", "coordinates": [ 143.5094588, 44.02316849 ] } },
{ "type": "Feature", "properties": { "変電所名": "丸瀬布", "空容量": 0, "一次側": 66, "二次側": 6.6, "Type": "SS", "Vsbl": null, "lon": 143.3513047, "lat": 44.01615007 }, "geometry": { "type": "Point", "coordinates": [ 143.351304699999986, 44.01615007 ] } },
{ "type": "Feature", "properties": { "変電所名": "白滝", "空容量": 0, "一次側": 66, "二次側": 6.6, "Type": "SS", "Vsbl": null, "lon": 143.1750857, "lat": 43.87640868 }, "geometry": { "type": "Point", "coordinates": [ 143.175085700000011, 43.87640868 ] } },
{ "type": "Feature", "properties": { "変電所名": "中湧別", "空容量": 0, "一次側": 66, "二次側": 6.6, "Type": "SS", "Vsbl": null, "lon": 143.5987903, "lat": 44.19392009 }, "geometry": { "type": "Point", "coordinates": [ 143.5987903, 44.19392009 ] } },
{ "type": "Feature", "properties": { "変電所名": "生田原", "空容量": 0, "一次側": 66, "二次側": 6.6, "Type": "SS", "Vsbl": null, "lon": 143.5304687, "lat": 43.92237068 }, "geometry": { "type": "Point", "coordinates": [ 143.5304687, 43.92237068 ] } },
{ "type": "Feature", "properties": { "変電所名": "佐呂間", "空容量": 0, "一次側": 66, "二次側": 6.6, "Type": "SS", "Vsbl": null, "lon": 143.7659526, "lat": 44.01159037 }, "geometry": { "type": "Point", "coordinates": [ 143.7659526, 44.01159037 ] } },
{ "type": "Feature", "properties": { "変電所名": "学田", "空容量": 0, "一次側": 66, "二次側": 6.6, "Type": "SS", "Vsbl": null, "lon": 143.5252346, "lat": 44.073353 }, "geometry": { "type": "Point", "coordinates": [ 143.5252346, 44.073353 ] } },
{ "type": "Feature", "properties": { "変電所名": "滝の上", "空容量": 0, "一次側": 22, "二次側": 6.6, "Type": "SS", "Vsbl": null, "lon": 143.0799365, "lat": 44.19475793 }, "geometry": { "type": "Point", "coordinates": [ 143.0799365, 44.19475793 ] } },
{ "type": "Feature", "properties": { "変電所名": "雨竜", "空容量": 0, "一次側": 100, "二次側": 66.0, "Type": "SS", "Vsbl": null, "lon": 142.3369731, "lat": 44.27865663 }, "geometry": { "type": "Point", "coordinates": [ 142.3369731, 44.27865663 ] } },
{ "type": "Feature", "properties": { "変電所名": "大雪", "空容量": 0, "一次側": 110, "二次側": 6.6, "Type": "SS", "Vsbl": null, "lon": 143.0348563, "lat": 43.67842284 }, "geometry": { "type": "Point", "coordinates": [ 143.0348563, 43.67842284 ] } },
{ "type": "Feature", "properties": { "変電所名": "層雲峡", "空容量": 0, "一次側": 110, "二次側": 11.0, "Type": "SS", "Vsbl": null, "lon": 142.9319845, "lat": 43.75124214 }, "geometry": { "type": "Point", "coordinates": [ 142.9319845, 43.75124214 ] } },
{ "type": "Feature", "properties": { "変電所名": "上川", "空容量": 0, "一次側": 66, "二次側": 6.6, "Type": "SS", "Vsbl": null, "lon": 142.7922884, "lat": 43.84160189 }, "geometry": { "type": "Point", "coordinates": [ 142.7922884, 43.84160189 ] } },
{ "type": "Feature", "properties": { "変電所名": "安足間", "空容量": 0, "一次側": 110, "二次側": 66.0, "Type": "SS", "Vsbl": null, "lon": 142.7090975, "lat": 43.84074405 }, "geometry": { "type": "Point", "coordinates": [ 142.709097500000013, 43.84074405 ] } },
{ "type": "Feature", "properties": { "変電所名": "愛別", "空容量": 0, "一次側": 110, "二次側": 6.6, "Type": "SS", "Vsbl": null, "lon": 142.6592797, "lat": 43.88426744 }, "geometry": { "type": "Point", "coordinates": [ 142.659279700000013, 43.88426744 ] } },
{ "type": "Feature", "properties": { "変電所名": "江卸", "空容量": 0, "一次側": 66, "二次側": 6.6, "Type": "SS", "Vsbl": null, "lon": 142.6647362, "lat": 43.63156049 }, "geometry": { "type": "Point", "coordinates": [ 142.6647362, 43.63156049 ] } },
{ "type": "Feature", "properties": { "変電所名": "忠別川", "空容量": 0, "一次側": 66, "二次側": 6.6, "Type": "SS", "Vsbl": null, "lon": 142.5802663, "lat": 43.65223663 }, "geometry": { "type": "Point", "coordinates": [ 142.5802663, 43.65223663 ] } },
{ "type": "Feature", "properties": { "変電所名": "金山", "空容量": 0, "一次側": 66, "二次側": 6.6, "Type": "SS", "Vsbl": null, "lon": 142.4405233, "lat": 43.13147435 }, "geometry": { "type": "Point", "coordinates": [ 142.4405233, 43.13147435 ] } },
{ "type": "Feature", "properties": { "変電所名": "苗穂", "空容量": 100, "一次側": 187, "二次側": 66.0, "Type": "SS", "Vsbl": null, "lon": 141.4032305, "lat": 43.09261943 }, "geometry": { "type": "Point", "coordinates": [ 141.4032305, 43.09261943 ] } },
{ "type": "Feature", "properties": { "変電所名": "元村", "空容量": 0, "一次側": 66, "二次側": 6.6, "Type": "SS", "Vsbl": null, "lon": 141.3671557, "lat": 43.07643112 }, "geometry": { "type": "Point", "coordinates": [ 141.367155700000012, 43.07643112 ] } },
{ "type": "Feature", "properties": { "変電所名": "琴似", "空容量": 0, "一次側": 66, "二次側": 6.6, "Type": "SS", "Vsbl": null, "lon": 141.3009306, "lat": 43.0879706 }, "geometry": { "type": "Point", "coordinates": [ 141.300930599999987, 43.0879706 ] } },
{ "type": "Feature", "properties": { "変電所名": "豊平", "空容量": 0, "一次側": 66, "二次側": 6.6, "Type": "SS", "Vsbl": null, "lon": 141.3802901, "lat": 43.05056924 }, "geometry": { "type": "Point", "coordinates": [ 141.3802901, 43.05056924 ] } },
{ "type": "Feature", "properties": { "変電所名": "大麻", "空容量": 0, "一次側": 66, "二次側": 6.6, "Type": "SS", "Vsbl": null, "lon": 141.4797347, "lat": 43.0662704 }, "geometry": { "type": "Point", "coordinates": [ 141.4797347, 43.0662704 ] } },
{ "type": "Feature", "properties": { "変電所名": "千歳", "空容量": 0, "一次側": 66, "二次側": 6.6, "Type": "SS", "Vsbl": null, "lon": 141.6363882, "lat": 42.83323375 }, "geometry": { "type": "Point", "coordinates": [ 141.6363882, 42.83323375 ] } },
{ "type": "Feature", "properties": { "変電所名": "拓北", "空容量": 0, "一次側": 66, "二次側": 6.6, "Type": "SS", "Vsbl": null, "lon": 141.4113285, "lat": 43.1515071 }, "geometry": { "type": "Point", "coordinates": [ 141.4113285, 43.1515071 ] } },
{ "type": "Feature", "properties": { "変電所名": "幌北", "空容量": 0, "一次側": 66, "二次側": 6.6, "Type": "SS", "Vsbl": null, "lon": 141.3501792, "lat": 43.10284072 }, "geometry": { "type": "Point", "coordinates": [ 141.350179200000014, 43.10284072 ] } },
{ "type": "Feature", "properties": { "変電所名": "茨戸", "空容量": 0, "一次側": 66, "二次側": 6.6, "Type": "SS", "Vsbl": null, "lon": 141.3458644, "lat": 43.15632918 }, "geometry": { "type": "Point", "coordinates": [ 141.345864400000011, 43.15632918 ] } },
{ "type": "Feature", "properties": { "変電所名": "当別", "空容量": 0, "一次側": 66, "二次側": 6.6, "Type": "SS", "Vsbl": null, "lon": 141.5202642, "lat": 43.21209801 }, "geometry": { "type": "Point", "coordinates": [ 141.520264200000014, 43.21209801 ] } },
{ "type": "Feature", "properties": { "変電所名": "北郷", "空容量": 0, "一次側": 66, "二次側": 6.6, "Type": "SS", "Vsbl": null, "lon": 141.4324141, "lat": 43.05124206 }, "geometry": { "type": "Point", "coordinates": [ 141.432414099999988, 43.05124206 ] } },
{ "type": "Feature", "properties": { "変電所名": "白石", "空容量": 0, "一次側": 66, "二次側": 6.6, "Type": "SS", "Vsbl": null, "lon": 141.4058094, "lat": 43.05919882 }, "geometry": { "type": "Point", "coordinates": [ 141.40580940000001, 43.05919882 ] } },
{ "type": "Feature", "properties": { "変電所名": "江別", "空容量": 0, "一次側": 66, "二次側": 6.6, "Type": "SS", "Vsbl": null, "lon": 141.5383449, "lat": 43.12142208 }, "geometry": { "type": "Point", "coordinates": [ 141.5383449, 43.12142208 ] } },
{ "type": "Feature", "properties": { "変電所名": "野幌", "空容量": 0, "一次側": 66, "二次側": 6.6, "Type": "SS", "Vsbl": null, "lon": 141.5033421, "lat": 43.09477093 }, "geometry": { "type": "Point", "coordinates": [ 141.5033421, 43.09477093 ] } },
{ "type": "Feature", "properties": { "変電所名": "新琴似", "空容量": 0, "一次側": 66, "二次側": 6.6, "Type": "SS", "Vsbl": null, "lon": 141.3245737, "lat": 43.10549074 }, "geometry": { "type": "Point", "coordinates": [ 141.3245737, 43.10549074 ] } },
{ "type": "Feature", "properties": { "変電所名": "西当別", "空容量": 500, "一次側": 275, "二次側": 187.0, "Type": "SS", "Vsbl": null, "lon": 141.4509196, "lat": 43.23466115 }, "geometry": { "type": "Point", "coordinates": [ 141.4509196, 43.23466115 ] } },
{ "type": "Feature", "properties": { "変電所名": "厚別", "空容量": 0, "一次側": 66, "二次側": 6.6, "Type": "SS", "Vsbl": null, "lon": 141.4776407, "lat": 43.03740608 }, "geometry": { "type": "Point", "coordinates": [ 141.4776407, 43.03740608 ] } },
{ "type": "Feature", "properties": { "変電所名": "元町", "空容量": 0, "一次側": 66, "二次側": 6.6, "Type": "SS", "Vsbl": null, "lon": 141.3761478, "lat": 43.09684958 }, "geometry": { "type": "Point", "coordinates": [ 141.376147800000012, 43.09684958 ] } },
{ "type": "Feature", "properties": { "変電所名": "山の手", "空容量": 0, "一次側": 66, "二次側": 6.6, "Type": "SS", "Vsbl": null, "lon": 141.2897328, "lat": 43.07033649 }, "geometry": { "type": "Point", "coordinates": [ 141.2897328, 43.07033649 ] } },
{ "type": "Feature", "properties": { "変電所名": "北口", "空容量": 0, "一次側": 66, "二次側": 6.6, "Type": "SS", "Vsbl": null, "lon": 141.3494343, "lat": 43.07353732 }, "geometry": { "type": "Point", "coordinates": [ 141.349434300000013, 43.07353732 ] } },
{ "type": "Feature", "properties": { "変電所名": "望来", "空容量": 0, "一次側": 22, "二次側": 6.6, "Type": "SS", "Vsbl": null, "lon": 141.4173604, "lat": 43.31568378 }, "geometry": { "type": "Point", "coordinates": [ 141.4173604, 43.31568378 ] } },
{ "type": "Feature", "properties": { "変電所名": "厚田", "空容量": 0, "一次側": 22, "二次側": 6.6, "Type": "SS", "Vsbl": null, "lon": 141.4367823, "lat": 43.39487883 }, "geometry": { "type": "Point", "coordinates": [ 141.4367823, 43.39487883 ] } },
{ "type": "Feature", "properties": { "変電所名": "浜益", "空容量": 0, "一次側": 22, "二次側": 6.6, "Type": "SS", "Vsbl": null, "lon": 141.3898115, "lat": 43.57943755 }, "geometry": { "type": "Point", "coordinates": [ 141.3898115, 43.57943755 ] } },
{ "type": "Feature", "properties": { "変電所名": "濃昼", "空容量": 0, "一次側": 22, "二次側": 6.6, "Type": "TP", "Vsbl": null, "lon": 141.3925435, "lat": 43.4797489 }, "geometry": { "type": "Point", "coordinates": [ 141.392543499999988, 43.4797489 ] } },
{ "type": "Feature", "properties": { "変電所名": "北進", "空容量": 0, "一次側": 33, "二次側": 6.6, "Type": "DP", "Vsbl": null, "lon": 141.5615341, "lat": 42.97951186 }, "geometry": { "type": "Point", "coordinates": [ 141.561534099999989, 42.97951186 ] } },
{ "type": "Feature", "properties": { "変電所名": "泉沢", "空容量": 0, "一次側": 66, "二次側": 6.6, "Type": "SS", "Vsbl": null, "lon": 141.6137766, "lat": 42.79028112 }, "geometry": { "type": "Point", "coordinates": [ 141.6137766, 42.79028112 ] } },
{ "type": "Feature", "properties": { "変電所名": "大谷地", "空容量": 0, "一次側": 66, "二次側": 6.6, "Type": "SS", "Vsbl": null, "lon": 141.4548913, "lat": 43.02969229 }, "geometry": { "type": "Point", "coordinates": [ 141.454891300000014, 43.02969229 ] } },
{ "type": "Feature", "properties": { "変電所名": "二十四軒", "空容量": 0, "一次側": 66, "二次側": 6.6, "Type": "SS", "Vsbl": null, "lon": 141.3152589, "lat": 43.07740706 }, "geometry": { "type": "Point", "coordinates": [ 141.3152589, 43.07740706 ] } },
{ "type": "Feature", "properties": { "変電所名": "樽川", "空容量": 0, "一次側": 66, "二次側": 6.6, "Type": "SS", "Vsbl": null, "lon": 141.2726176, "lat": 43.16347408 }, "geometry": { "type": "Point", "coordinates": [ 141.2726176, 43.16347408 ] } },
{ "type": "Feature", "properties": { "変電所名": "北江別", "空容量": 100, "一次側": 187, "二次側": 66.0, "Type": "SS", "Vsbl": null, "lon": 141.5343675, "lat": 43.12060845 }, "geometry": { "type": "Point", "coordinates": [ 141.5343675, 43.12060845 ] } },
{ "type": "Feature", "properties": { "変電所名": "山鼻", "空容量": 0, "一次側": 66, "二次側": 6.6, "Type": "SS", "Vsbl": null, "lon": 141.3447561, "lat": 43.03574111 }, "geometry": { "type": "Point", "coordinates": [ 141.344756100000012, 43.03574111 ] } },
{ "type": "Feature", "properties": { "変電所名": "西岡", "空容量": 0, "一次側": 66, "二次側": 6.6, "Type": "SS", "Vsbl": null, "lon": 141.3898867, "lat": 43.01304616 }, "geometry": { "type": "Point", "coordinates": [ 141.3898867, 43.01304616 ] } },
{ "type": "Feature", "properties": { "変電所名": "美香保", "空容量": 0, "一次側": 66, "二次側": 6.6, "Type": "SS", "Vsbl": null, "lon": 141.3573322, "lat": 43.09431579 }, "geometry": { "type": "Point", "coordinates": [ 141.3573322, 43.09431579 ] } },
{ "type": "Feature", "properties": { "変電所名": "西札幌", "空容量": 100, "一次側": 187, "二次側": 66.0, "Type": "SS", "Vsbl": null, "lon": 141.2831133, "lat": 43.1214306 }, "geometry": { "type": "Point", "coordinates": [ 141.2831133, 43.1214306 ] } },
{ "type": "Feature", "properties": { "変電所名": "手稲", "空容量": 0, "一次側": 66, "二次側": 6.6, "Type": "SS", "Vsbl": null, "lon": 141.2045059, "lat": 43.13069271 }, "geometry": { "type": "Point", "coordinates": [ 141.204505899999987, 43.13069271 ] } },
{ "type": "Feature", "properties": { "変電所名": "宮の沢", "空容量": 0, "一次側": 66, "二次側": 6.6, "Type": "SS", "Vsbl": null, "lon": 141.2748144, "lat": 43.10064223 }, "geometry": { "type": "Point", "coordinates": [ 141.2748144, 43.10064223 ] } },
{ "type": "Feature", "properties": { "変電所名": "前田", "空容量": 0, "一次側": 66, "二次側": 6.6, "Type": "SS", "Vsbl": null, "lon": 141.2421713, "lat": 43.12524049 }, "geometry": { "type": "Point", "coordinates": [ 141.2421713, 43.12524049 ] } },
{ "type": "Feature", "properties": { "変電所名": "石狩", "空容量": 0, "一次側": 66, "二次側": 6.6, "Type": "SS", "Vsbl": null, "lon": 141.3006766, "lat": 43.18113752 }, "geometry": { "type": "Point", "coordinates": [ 141.3006766, 43.18113752 ] } },
{ "type": "Feature", "properties": { "変電所名": "屯田", "空容量": 0, "一次側": 66, "二次側": 6.6, "Type": "SS", "Vsbl": null, "lon": 141.3215317, "lat": 43.13857395 }, "geometry": { "type": "Point", "coordinates": [ 141.3215317, 43.13857395 ] } },
{ "type": "Feature", "properties": { "変電所名": "南九条", "空容量": 0, "一次側": 187, "二次側": 66.0, "Type": "SS", "Vsbl": null, "lon": 141.3473513, "lat": 43.04824964 }, "geometry": { "type": "Point", "coordinates": [ 141.347351300000014, 43.04824964 ] } },
{ "type": "Feature", "properties": { "変電所名": "円山", "空容量": 0, "一次側": 66, "二次側": 6.6, "Type": "SS", "Vsbl": null, "lon": 141.328835, "lat": 43.05120577 }, "geometry": { "type": "Point", "coordinates": [ 141.328835, 43.05120577 ] } },
{ "type": "Feature", "properties": { "変電所名": "薄野", "空容量": 0, "一次側": 66, "二次側": 6.6, "Type": "SS", "Vsbl": null, "lon": 141.3580246, "lat": 43.05407951 }, "geometry": { "type": "Point", "coordinates": [ 141.3580246, 43.05407951 ] } },
{ "type": "Feature", "properties": { "変電所名": "大通", "空容量": 0, "一次側": 66, "二次側": 6.6, "Type": "SS", "Vsbl": null, "lon": 141.344597, "lat": 43.06036229 }, "geometry": { "type": "Point", "coordinates": [ 141.344597, 43.06036229 ] } },
{ "type": "Feature", "properties": { "変電所名": "北三条", "空容量": 0, "一次側": 66, "二次側": 6.6, "Type": "SS", "Vsbl": null, "lon": 141.3537925, "lat": 43.06564015 }, "geometry": { "type": "Point", "coordinates": [ 141.3537925, 43.06564015 ] } },
{ "type": "Feature", "properties": { "変電所名": "南三条", "空容量": 0, "一次側": 66, "二次側": 6.6, "Type": "SS", "Vsbl": null, "lon": 141.3519368, "lat": 43.05633719 }, "geometry": { "type": "Point", "coordinates": [ 141.3519368, 43.05633719 ] } },
{ "type": "Feature", "properties": { "変電所名": "南札幌", "空容量": 100, "一次側": 187, "二次側": 66.0, "Type": "SS", "Vsbl": null, "lon": 141.4187908, "lat": 43.02247855 }, "geometry": { "type": "Point", "coordinates": [ 141.418790800000011, 43.02247855 ] } },
{ "type": "Feature", "properties": { "変電所名": "月寒", "空容量": 0, "一次側": 66, "二次側": 6.6, "Type": "SS", "Vsbl": null, "lon": 141.4128694, "lat": 43.03284785 }, "geometry": { "type": "Point", "coordinates": [ 141.4128694, 43.03284785 ] } },
{ "type": "Feature", "properties": { "変電所名": "大曲", "空容量": 0, "一次側": 66, "二次側": 6.6, "Type": "SS", "Vsbl": null, "lon": 141.4803932, "lat": 42.97712705 }, "geometry": { "type": "Point", "coordinates": [ 141.4803932, 42.97712705 ] } },
{ "type": "Feature", "properties": { "変電所名": "島松", "空容量": 0, "一次側": 66, "二次側": 6.6, "Type": "SS", "Vsbl": null, "lon": 141.5820199, "lat": 42.91545195 }, "geometry": { "type": "Point", "coordinates": [ 141.5820199, 42.91545195 ] } },
{ "type": "Feature", "properties": { "変電所名": "平岡", "空容量": 0, "一次側": 66, "二次側": 6.6, "Type": "SS", "Vsbl": null, "lon": 141.4483232, "lat": 43.00904859 }, "geometry": { "type": "Point", "coordinates": [ 141.4483232, 43.00904859 ] } },
{ "type": "Feature", "properties": { "変電所名": "恵南", "空容量": 0, "一次側": 66, "二次側": 6.6, "Type": "SS", "Vsbl": null, "lon": 141.6047519, "lat": 42.86671634 }, "geometry": { "type": "Point", "coordinates": [ 141.6047519, 42.86671634 ] } },
{ "type": "Feature", "properties": { "変電所名": "恵庭", "空容量": 100, "一次側": 187, "二次側": 66.0, "Type": "SS", "Vsbl": null, "lon": 141.6019336, "lat": 42.93154517 }, "geometry": { "type": "Point", "coordinates": [ 141.6019336, 42.93154517 ] } },
{ "type": "Feature", "properties": { "変電所名": "青葉", "空容量": 0, "一次側": 33, "二次側": 6.6, "Type": "DP", "Vsbl": null, "lon": 141.565323, "lat": 42.96782634 }, "geometry": { "type": "Point", "coordinates": [ 141.565323, 42.96782634 ] } },
{ "type": "Feature", "properties": { "変電所名": "上長都", "空容量": 0, "一次側": 66, "二次側": 6.6, "Type": "SS", "Vsbl": null, "lon": 141.6118057, "lat": 42.84339643 }, "geometry": { "type": "Point", "coordinates": [ 141.6118057, 42.84339643 ] } },
{ "type": "Feature", "properties": { "変電所名": "美園", "空容量": 0, "一次側": 66, "二次側": 6.6, "Type": "SS", "Vsbl": null, "lon": 141.382549, "lat": 43.03433685 }, "geometry": { "type": "Point", "coordinates": [ 141.382549, 43.03433685 ] } },
{ "type": "Feature", "properties": { "変電所名": "千歳空港", "空容量": 0, "一次側": 66, "二次側": 6.6, "Type": "SS", "Vsbl": true, "lon": 141.6805839, "lat": 42.78569222 }, "geometry": { "type": "Point", "coordinates": [ 141.680583899999988, 42.78569222 ] } },
{ "type": "Feature", "properties": { "変電所名": "北広島", "空容量": 0, "一次側": 66, "二次側": 6.6, "Type": "SS", "Vsbl": null, "lon": 141.5760162, "lat": 42.99368264 }, "geometry": { "type": "Point", "coordinates": [ 141.5760162, 42.99368264 ] } },
{ "type": "Feature", "properties": { "変電所名": "美しが丘", "空容量": 0, "一次側": 66, "二次側": 6.6, "Type": "SS", "Vsbl": null, "lon": 141.4469667, "lat": 42.98705971 }, "geometry": { "type": "Point", "coordinates": [ 141.4469667, 42.98705971 ] } },
{ "type": "Feature", "properties": { "変電所名": "澄川", "空容量": 0, "一次側": 66, "二次側": 6.6, "Type": "SS", "Vsbl": null, "lon": 141.3676511, "lat": 43.01901395 }, "geometry": { "type": "Point", "coordinates": [ 141.367651099999989, 43.01901395 ] } },
{ "type": "Feature", "properties": { "変電所名": "錦橋", "空容量": 0, "一次側": 66, "二次側": 6.6, "Type": "SS", "Vsbl": null, "lon": 141.1698169, "lat": 42.97243906 }, "geometry": { "type": "Point", "coordinates": [ 141.1698169, 42.97243906 ] } },
{ "type": "Feature", "properties": { "変電所名": "真駒内", "空容量": 0, "一次側": 66, "二次側": 6.6, "Type": "SS", "Vsbl": null, "lon": 141.3650728, "lat": 42.99828551 }, "geometry": { "type": "Point", "coordinates": [ 141.3650728, 42.99828551 ] } },
{ "type": "Feature", "properties": { "変電所名": "川沿", "空容量": 0, "一次側": 66, "二次側": 6.6, "Type": "SS", "Vsbl": null, "lon": 141.3326933, "lat": 42.98594862 }, "geometry": { "type": "Point", "coordinates": [ 141.332693299999988, 42.98594862 ] } },
{ "type": "Feature", "properties": { "変電所名": "藻岩", "空容量": 0, "一次側": 66, "二次側": 6.6, "Type": "SS", "Vsbl": null, "lon": 141.3453156, "lat": 43.01467051 }, "geometry": { "type": "Point", "coordinates": [ 141.3453156, 43.01467051 ] } },
{ "type": "Feature", "properties": { "変電所名": "藤野", "空容量": 0, "一次側": 66, "二次側": 6.6, "Type": "SS", "Vsbl": null, "lon": 141.2841443, "lat": 42.96221895 }, "geometry": { "type": "Point", "coordinates": [ 141.2841443, 42.96221895 ] } },
{ "type": "Feature", "properties": { "変電所名": "砂川", "空容量": 0, "一次側": 66, "二次側": 6.6, "Type": "SS", "Vsbl": null, "lon": 141.9252097, "lat": 43.4841971 }, "geometry": { "type": "Point", "coordinates": [ 141.925209700000011, 43.4841971 ] } },
{ "type": "Feature", "properties": { "変電所名": "滝川", "空容量": 0, "一次側": 66, "二次側": 6.6, "Type": "SS", "Vsbl": null, "lon": 141.9234381, "lat": 43.55470157 }, "geometry": { "type": "Point", "coordinates": [ 141.9234381, 43.55470157 ] } },
{ "type": "Feature", "properties": { "変電所名": "奈井江", "空容量": 0, "一次側": 66, "二次側": 6.6, "Type": "SS", "Vsbl": null, "lon": 141.8897077, "lat": 43.41667532 }, "geometry": { "type": "Point", "coordinates": [ 141.8897077, 43.41667532 ] } },
{ "type": "Feature", "properties": { "変電所名": "江部乙", "空容量": 0, "一次側": 66, "二次側": 6.6, "Type": "SS", "Vsbl": null, "lon": 141.947797, "lat": 43.61732137 }, "geometry": { "type": "Point", "coordinates": [ 141.947797, 43.61732137 ] } },
{ "type": "Feature", "properties": { "変電所名": "美唄", "空容量": 0, "一次側": 66, "二次側": 6.6, "Type": "SS", "Vsbl": null, "lon": 141.872527, "lat": 43.32753552 }, "geometry": { "type": "Point", "coordinates": [ 141.872527, 43.32753552 ] } },
{ "type": "Feature", "properties": { "変電所名": "二の坂", "空容量": 0, "一次側": 66, "二次側": 6.6, "Type": "SS", "Vsbl": null, "lon": 141.9189237, "lat": 43.58080367 }, "geometry": { "type": "Point", "coordinates": [ 141.9189237, 43.58080367 ] } },
{ "type": "Feature", "properties": { "変電所名": "文珠", "空容量": 0, "一次側": 66, "二次側": 6.6, "Type": "SS", "Vsbl": null, "lon": 141.9991142, "lat": 43.50101574 }, "geometry": { "type": "Point", "coordinates": [ 141.9991142, 43.50101574 ] } },
{ "type": "Feature", "properties": { "変電所名": "茂尻", "空容量": 0, "一次側": 66, "二次側": 6.6, "Type": "SS", "Vsbl": null, "lon": 142.0771881, "lat": 43.53968325 }, "geometry": { "type": "Point", "coordinates": [ 142.0771881, 43.53968325 ] } },
{ "type": "Feature", "properties": { "変電所名": "新十津川", "空容量": 0, "一次側": 66, "二次側": 6.6, "Type": "SS", "Vsbl": null, "lon": 141.8634297, "lat": 43.54861694 }, "geometry": { "type": "Point", "coordinates": [ 141.863429700000012, 43.54861694 ] } },
{ "type": "Feature", "properties": { "変電所名": "西滝川", "空容量": 100, "一次側": 187, "二次側": 66.0, "Type": "SS", "Vsbl": null, "lon": 141.8932241, "lat": 43.57598238 }, "geometry": { "type": "Point", "coordinates": [ 141.8932241, 43.57598238 ] } },
{ "type": "Feature", "properties": { "変電所名": "芦別", "空容量": 0, "一次側": 66, "二次側": 6.6, "Type": "SS", "Vsbl": null, "lon": 142.2002673, "lat": 43.51301113 }, "geometry": { "type": "Point", "coordinates": [ 142.2002673, 43.51301113 ] } },
{ "type": "Feature", "properties": { "変電所名": "岩見沢", "空容量": 0, "一次側": 66, "二次側": 6.6, "Type": "SS", "Vsbl": null, "lon": 141.7486466, "lat": 43.20703541 }, "geometry": { "type": "Point", "coordinates": [ 141.7486466, 43.20703541 ] } },
{ "type": "Feature", "properties": { "変電所名": "東岩見沢", "空容量": 0, "一次側": 66, "二次側": 6.6, "Type": "SS", "Vsbl": null, "lon": 141.7833134, "lat": 43.20536734 }, "geometry": { "type": "Point", "coordinates": [ 141.7833134, 43.20536734 ] } },
{ "type": "Feature", "properties": { "変電所名": "幌向", "空容量": 0, "一次側": 66, "二次側": 6.6, "Type": "SS", "Vsbl": null, "lon": 141.6453597, "lat": 43.15337512 }, "geometry": { "type": "Point", "coordinates": [ 141.6453597, 43.15337512 ] } },
{ "type": "Feature", "properties": { "変電所名": "北村", "空容量": 0, "一次側": 66, "二次側": 6.6, "Type": "SS", "Vsbl": null, "lon": 141.699685, "lat": 43.32931285 }, "geometry": { "type": "Point", "coordinates": [ 141.699685, 43.32931285 ] } },
{ "type": "Feature", "properties": { "変電所名": "栗山", "空容量": 0, "一次側": 66, "二次側": 6.6, "Type": "SS", "Vsbl": null, "lon": 141.7799125, "lat": 43.05255936 }, "geometry": { "type": "Point", "coordinates": [ 141.7799125, 43.05255936 ] } },
{ "type": "Feature", "properties": { "変電所名": "長沼", "空容量": 0, "一次側": 66, "二次側": 6.6, "Type": "SS", "Vsbl": null, "lon": 141.6960903, "lat": 43.01319307 }, "geometry": { "type": "Point", "coordinates": [ 141.6960903, 43.01319307 ] } },
{ "type": "Feature", "properties": { "変電所名": "晩翠", "空容量": 0, "一次側": 66, "二次側": 6.6, "Type": "SS", "Vsbl": null, "lon": 141.6249827, "lat": 43.06115047 }, "geometry": { "type": "Point", "coordinates": [ 141.6249827, 43.06115047 ] } },
{ "type": "Feature", "properties": { "変電所名": "夕張", "空容量": 0, "一次側": 66, "二次側": 6.6, "Type": "SS", "Vsbl": null, "lon": 141.9642686, "lat": 43.03082918 }, "geometry": { "type": "Point", "coordinates": [ 141.9642686, 43.03082918 ] } },
{ "type": "Feature", "properties": { "変電所名": "南大夕張", "空容量": 0, "一次側": 66, "二次側": 6.6, "Type": "SS", "Vsbl": true, "lon": 142.0647306, "lat": 43.01767356 }, "geometry": { "type": "Point", "coordinates": [ 142.0647306, 43.01767356 ] } },
{ "type": "Feature", "properties": { "変電所名": "幾春別", "空容量": 0, "一次側": 66, "二次側": 6.6, "Type": "SS", "Vsbl": null, "lon": 141.9292713, "lat": 43.2578805 }, "geometry": { "type": "Point", "coordinates": [ 141.929271300000011, 43.2578805 ] } },
{ "type": "Feature", "properties": { "変電所名": "南清水沢", "空容量": 0, "一次側": 66, "二次側": 6.6, "Type": "SS", "Vsbl": null, "lon": 142.0091499, "lat": 42.97879023 }, "geometry": { "type": "Point", "coordinates": [ 142.009149900000011, 42.97879023 ] } },
{ "type": "Feature", "properties": { "変電所名": "美流渡", "空容量": 0, "一次側": 22, "二次側": 6.6, "Type": "SS", "Vsbl": null, "lon": 141.9103662, "lat": 43.16655019 }, "geometry": { "type": "Point", "coordinates": [ 141.9103662, 43.16655019 ] } },
{ "type": "Feature", "properties": { "変電所名": "三川", "空容量": 0, "一次側": 66, "二次側": 6.6, "Type": "SS", "Vsbl": null, "lon": 141.8001927, "lat": 42.95096123 }, "geometry": { "type": "Point", "coordinates": [ 141.8001927, 42.95096123 ] } },
{ "type": "Feature", "properties": { "変電所名": "由仁", "空容量": 0, "一次側": 66, "二次側": 6.6, "Type": "SS", "Vsbl": null, "lon": 141.7775131, "lat": 43.01049375 }, "geometry": { "type": "Point", "coordinates": [ 141.7775131, 43.01049375 ] } },
{ "type": "Feature", "properties": { "変電所名": "新篠津", "空容量": 0, "一次側": 33, "二次側": 6.6, "Type": "DP", "Vsbl": null, "lon": 141.6218254, "lat": 43.24261915 }, "geometry": { "type": "Point", "coordinates": [ 141.6218254, 43.24261915 ] } },
{ "type": "Feature", "properties": { "変電所名": "南町", "空容量": 0, "一次側": 66, "二次側": 6.6, "Type": "SS", "Vsbl": null, "lon": 141.7566012, "lat": 43.17875941 }, "geometry": { "type": "Point", "coordinates": [ 141.7566012, 43.17875941 ] } },
{ "type": "Feature", "properties": { "変電所名": "西小樽", "空容量": 0, "一次側": 187, "二次側": 66.0, "Type": "SS", "Vsbl": null, "lon": 140.9570241, "lat": 43.20490734 }, "geometry": { "type": "Point", "coordinates": [ 140.957024100000012, 43.20490734 ] } },
{ "type": "Feature", "properties": { "変電所名": "小樽", "空容量": 0, "一次側": 66, "二次側": 6.6, "Type": "SS", "Vsbl": null, "lon": 141.0231618, "lat": 43.17816124 }, "geometry": { "type": "Point", "coordinates": [ 141.0231618, 43.17816124 ] } },
{ "type": "Feature", "properties": { "変電所名": "富岡", "空容量": 0, "一次側": 66, "二次側": 6.6, "Type": "SS", "Vsbl": null, "lon": 140.9867819, "lat": 43.19269413 }, "geometry": { "type": "Point", "coordinates": [ 140.986781900000011, 43.19269413 ] } },
{ "type": "Feature", "properties": { "変電所名": "長橋", "空容量": 0, "一次側": 66, "二次側": 6.6, "Type": "SS", "Vsbl": null, "lon": 140.9806324, "lat": 43.20659413 }, "geometry": { "type": "Point", "coordinates": [ 140.9806324, 43.20659413 ] } },
{ "type": "Feature", "properties": { "変電所名": "色内", "空容量": 0, "一次側": 66, "二次側": 6.6, "Type": "SS", "Vsbl": null, "lon": 140.9981384, "lat": 43.20273585 }, "geometry": { "type": "Point", "coordinates": [ 140.998138399999988, 43.20273585 ] } },
{ "type": "Feature", "properties": { "変電所名": "余市", "空容量": 0, "一次側": 66, "二次側": 6.6, "Type": "SS", "Vsbl": null, "lon": 140.8009728, "lat": 43.1909111 }, "geometry": { "type": "Point", "coordinates": [ 140.800972800000011, 43.1909111 ] } },
{ "type": "Feature", "properties": { "変電所名": "古平", "空容量": 0, "一次側": 33, "二次側": 6.6, "Type": "SS", "Vsbl": null, "lon": 140.6409702, "lat": 43.25899918 }, "geometry": { "type": "Point", "coordinates": [ 140.6409702, 43.25899918 ] } },
{ "type": "Feature", "properties": { "変電所名": "銭函", "空容量": 0, "一次側": 66, "二次側": 6.6, "Type": "SS", "Vsbl": null, "lon": 141.1518313, "lat": 43.1405458 }, "geometry": { "type": "Point", "coordinates": [ 141.1518313, 43.1405458 ] } },
{ "type": "Feature", "properties": { "変電所名": "赤井川", "空容量": 0, "一次側": 33, "二次側": 6.6, "Type": "DP", "Vsbl": null, "lon": 140.9381099, "lat": 43.08988548 }, "geometry": { "type": "Point", "coordinates": [ 140.9381099, 43.08988548 ] } },
{ "type": "Feature", "properties": { "変電所名": "新光", "空容量": 0, "一次側": 66, "二次側": 6.6, "Type": "SS", "Vsbl": null, "lon": 141.0523196, "lat": 43.16678451 }, "geometry": { "type": "Point", "coordinates": [ 141.0523196, 43.16678451 ] } },
{ "type": "Feature", "properties": { "変電所名": "岩内", "空容量": 0, "一次側": 66, "二次側": 6.6, "Type": "SS", "Vsbl": null, "lon": 140.5282948, "lat": 42.98903008 }, "geometry": { "type": "Point", "coordinates": [ 140.5282948, 42.98903008 ] } },
{ "type": "Feature", "properties": { "変電所名": "茅沼", "空容量": 0, "一次側": 66, "二次側": 6.6, "Type": "SS", "Vsbl": null, "lon": 140.5213001, "lat": 43.05880376 }, "geometry": { "type": "Point", "coordinates": [ 140.5213001, 43.05880376 ] } },
{ "type": "Feature", "properties": { "変電所名": "国富", "空容量": 0, "一次側": 66, "二次側": 6.6, "Type": "SS", "Vsbl": null, "lon": 140.6568799, "lat": 42.98510105 }, "geometry": { "type": "Point", "coordinates": [ 140.6568799, 42.98510105 ] } },
{ "type": "Feature", "properties": { "変電所名": "倶知安", "空容量": 0, "一次側": 66, "二次側": 6.6, "Type": "SS", "Vsbl": null, "lon": 140.74669, "lat": 42.89757974 }, "geometry": { "type": "Point", "coordinates": [ 140.74669, 42.89757974 ] } },
{ "type": "Feature", "properties": { "変電所名": "留産", "空容量": 0, "一次側": 66, "二次側": 6.6, "Type": "SS", "Vsbl": null, "lon": 140.8951088, "lat": 42.80627443 }, "geometry": { "type": "Point", "coordinates": [ 140.8951088, 42.80627443 ] } },
{ "type": "Feature", "properties": { "変電所名": "作開", "空容量": 0, "一次側": 66, "二次側": 33.0, "Type": "SS", "Vsbl": null, "lon": 140.296225, "lat": 42.75194547 }, "geometry": { "type": "Point", "coordinates": [ 140.296225, 42.75194547 ] } },
{ "type": "Feature", "properties": { "変電所名": "島牧", "空容量": 0, "一次側": 33, "二次側": 6.6, "Type": "DP", "Vsbl": null, "lon": 140.1604272, "lat": 42.74517268 }, "geometry": { "type": "Point", "coordinates": [ 140.160427199999987, 42.74517268 ] } },
{ "type": "Feature", "properties": { "変電所名": "ニセコ", "空容量": 0, "一次側": 66, "二次側": 6.6, "Type": "SS", "Vsbl": null, "lon": 140.6823725, "lat": 42.82259557 }, "geometry": { "type": "Point", "coordinates": [ 140.682372500000014, 42.82259557 ] } },
{ "type": "Feature", "properties": { "変電所名": "山田", "空容量": 0, "一次側": 66, "二次側": 6.6, "Type": "SS", "Vsbl": null, "lon": 140.7245569, "lat": 42.8699228 }, "geometry": { "type": "Point", "coordinates": [ 140.72455690000001, 42.8699228 ] } },
{ "type": "Feature", "properties": { "変電所名": "西野三条", "空容量": 0, "一次側": 66, "二次側": 6.6, "Type": "SS", "Vsbl": null, "lon": 141.2703072, "lat": 43.08084723 }, "geometry": { "type": "Point", "coordinates": [ 141.2703072, 43.08084723 ] } },
{ "type": "Feature", "properties": { "変電所名": "東美園", "空容量": 0, "一次側": 66, "二次側": 6.6, "Type": "SS", "Vsbl": null, "lon": 141.3914261, "lat": 43.04305213 }, "geometry": { "type": "Point", "coordinates": [ 141.3914261, 43.04305213 ] } },
{ "type": "Feature", "properties": { "変電所名": "上江別", "空容量": 0, "一次側": 66, "二次側": 6.6, "Type": "SS", "Vsbl": null, "lon": 141.5523396, "lat": 43.09010781 }, "geometry": { "type": "Point", "coordinates": [ 141.55233960000001, 43.09010781 ] } },
{ "type": "Feature", "properties": { "変電所名": "本町", "空容量": 0, "一次側": 66, "二次側": 6.6, "Type": "SS", "Vsbl": null, "lon": 141.3976394, "lat": 43.07240627 }, "geometry": { "type": "Point", "coordinates": [ 141.3976394, 43.07240627 ] } },
{ "type": "Feature", "properties": { "変電所名": "日の出", "空容量": 0, "一次側": 66, "二次側": 6.6, "Type": "SS", "Vsbl": null, "lon": 141.6788244, "lat": 42.8240039 }, "geometry": { "type": "Point", "coordinates": [ 141.6788244, 42.8240039 ] } },
{ "type": "Feature", "properties": { "変電所名": "篠路", "空容量": 100, "一次側": 187, "二次側": 66.0, "Type": "SS", "Vsbl": null, "lon": 141.3743931, "lat": 43.13858356 }, "geometry": { "type": "Point", "coordinates": [ 141.3743931, 43.13858356 ] } },
{ "type": "Feature", "properties": { "変電所名": "輪厚", "空容量": 0, "一次側": 66, "二次側": 6.6, "Type": "SS", "Vsbl": null, "lon": 141.4941377, "lat": 42.95293493 }, "geometry": { "type": "Point", "coordinates": [ 141.49413770000001, 42.95293493 ] } },
{ "type": "Feature", "properties": { "変電所名": "滝里", "空容量": 0, "一次側": 66, "二次側": 66.0, "Type": "SS", "Vsbl": null, "lon": 142.2711077, "lat": 43.4754705 }, "geometry": { "type": "Point", "coordinates": [ 142.271107699999988, 43.4754705 ] } },
{ "type": "Feature", "properties": { "変電所名": "野花南", "空容量": 0, "一次側": 66, "二次側": 6.6, "Type": "SS", "Vsbl": null, "lon": 142.2200175, "lat": 43.48975298 }, "geometry": { "type": "Point", "coordinates": [ 142.220017500000012, 43.48975298 ] } },
{ "type": "Feature", "properties": { "変電所名": "砥山", "空容量": 0, "一次側": 66, "二次側": 6.6, "Type": "SS", "Vsbl": null, "lon": 141.2568082, "lat": 42.96510349 }, "geometry": { "type": "Point", "coordinates": [ 141.2568082, 42.96510349 ] } },
{ "type": "Feature", "properties": { "変電所名": "寒別", "空容量": 0, "一次側": 66, "二次側": 6.6, "Type": "SS", "Vsbl": null, "lon": 140.8516719, "lat": 42.87884934 }, "geometry": { "type": "Point", "coordinates": [ 140.851671900000014, 42.87884934 ] } },
{ "type": "Feature", "properties": { "変電所名": "比羅夫", "空容量": 0, "一次側": 66, "二次側": 6.6, "Type": "SS", "Vsbl": null, "lon": 140.721344, "lat": 42.82503082 }, "geometry": { "type": "Point", "coordinates": [ 140.721344, 42.82503082 ] } },
{ "type": "Feature", "properties": { "変電所名": "昆布", "空容量": 0, "一次側": 66, "二次側": 6.6, "Type": "SS", "Vsbl": null, "lon": 140.5864607, "lat": 42.80745732 }, "geometry": { "type": "Point", "coordinates": [ 140.5864607, 42.80745732 ] } },
{ "type": "Feature", "properties": { "変電所名": "蘭越", "空容量": 0, "一次側": 66, "二次側": 6.6, "Type": "SS", "Vsbl": null, "lon": 140.5507145, "lat": 42.81863167 }, "geometry": { "type": "Point", "coordinates": [ 140.5507145, 42.81863167 ] } },
{ "type": "Feature", "properties": { "変電所名": "宇円別", "空容量": 0, "一次側": 187, "二次側": 66.0, "Type": "SS", "Vsbl": null, "lon": 144.1552359, "lat": 43.07771437 }, "geometry": { "type": "Point", "coordinates": [ 144.1552359, 43.07771437 ] } },
{ "type": "Feature", "properties": { "変電所名": "東釧路", "空容量": 0, "一次側": 187, "二次側": 66.0, "Type": "SS", "Vsbl": null, "lon": 144.4466231, "lat": 43.01084047 }, "geometry": { "type": "Point", "coordinates": [ 144.446623100000011, 43.01084047 ] } },
{ "type": "Feature", "properties": { "変電所名": "白糠", "空容量": 0, "一次側": 66, "二次側": 6.6, "Type": "SS", "Vsbl": null, "lon": 144.066186, "lat": 42.97567416 }, "geometry": { "type": "Point", "coordinates": [ 144.066186, 42.97567416 ] } },
{ "type": "Feature", "properties": { "変電所名": "釧白", "空容量": 0, "一次側": 66, "二次側": 6.6, "Type": "SS", "Vsbl": null, "lon": 144.2180585, "lat": 43.00371732 }, "geometry": { "type": "Point", "coordinates": [ 144.218058500000012, 43.00371732 ] } },
{ "type": "Feature", "properties": { "変電所名": "庶路", "空容量": 0, "一次側": 66, "二次側": 6.6, "Type": "SS", "Vsbl": null, "lon": 144.128509, "lat": 42.98650305 }, "geometry": { "type": "Point", "coordinates": [ 144.128509, 42.98650305 ] } },
{ "type": "Feature", "properties": { "変電所名": "鳥取", "空容量": 0, "一次側": 66, "二次側": 6.6, "Type": "SS", "Vsbl": null, "lon": 144.3519032, "lat": 43.01535641 }, "geometry": { "type": "Point", "coordinates": [ 144.35190320000001, 43.01535641 ] } },
{ "type": "Feature", "properties": { "変電所名": "橋北", "空容量": 0, "一次側": 66, "二次側": 6.6, "Type": "SS", "Vsbl": null, "lon": 144.3933667, "lat": 42.9964878 }, "geometry": { "type": "Point", "coordinates": [ 144.3933667, 42.9964878 ] } },
{ "type": "Feature", "properties": { "変電所名": "釧路", "空容量": 0, "一次側": 66, "二次側": 6.6, "Type": "SS", "Vsbl": null, "lon": 144.4132383, "lat": 42.9844764 }, "geometry": { "type": "Point", "coordinates": [ 144.413238299999989, 42.9844764 ] } },
{ "type": "Feature", "properties": { "変電所名": "愛国", "空容量": 0, "一次側": 66, "二次側": 6.6, "Type": "SS", "Vsbl": null, "lon": 144.3792722, "lat": 43.01400753 }, "geometry": { "type": "Point", "coordinates": [ 144.3792722, 43.01400753 ] } },
{ "type": "Feature", "properties": { "変電所名": "尾幌", "空容量": 0, "一次側": 66, "二次側": 6.6, "Type": "SS", "Vsbl": null, "lon": 144.6712331, "lat": 43.01618983 }, "geometry": { "type": "Point", "coordinates": [ 144.6712331, 43.01618983 ] } },
{ "type": "Feature", "properties": { "変電所名": "厚岸", "空容量": 0, "一次側": 66, "二次側": 6.6, "Type": "SS", "Vsbl": null, "lon": 144.8111109, "lat": 43.06128703 }, "geometry": { "type": "Point", "coordinates": [ 144.811110899999989, 43.06128703 ] } },
{ "type": "Feature", "properties": { "変電所名": "舌辛", "空容量": 0, "一次側": 66, "二次側": 6.6, "Type": "SS", "Vsbl": null, "lon": 144.1225556, "lat": 43.10275098 }, "geometry": { "type": "Point", "coordinates": [ 144.1225556, 43.10275098 ] } },
{ "type": "Feature", "properties": { "変電所名": "湖畔", "空容量": 0, "一次側": 66, "二次側": 6.6, "Type": "SS", "Vsbl": null, "lon": 144.0871361, "lat": 43.4326916 }, "geometry": { "type": "Point", "coordinates": [ 144.0871361, 43.4326916 ] } },
{ "type": "Feature", "properties": { "変電所名": "別保", "空容量": 0, "一次側": 66, "二次側": 6.6, "Type": "SS", "Vsbl": null, "lon": 144.42714, "lat": 43.0062864 }, "geometry": { "type": "Point", "coordinates": [ 144.42714, 43.0062864 ] } },
{ "type": "Feature", "properties": { "変電所名": "鶴居", "空容量": 0, "一次側": 66, "二次側": 6.6, "Type": "SS", "Vsbl": null, "lon": 144.3089275, "lat": 43.23713341 }, "geometry": { "type": "Point", "coordinates": [ 144.30892750000001, 43.23713341 ] } },
{ "type": "Feature", "properties": { "変電所名": "桜ヶ岡", "空容量": 0, "一次側": 66, "二次側": 6.6, "Type": "SS", "Vsbl": null, "lon": 144.437415, "lat": 42.96768208 }, "geometry": { "type": "Point", "coordinates": [ 144.437415, 42.96768208 ] } },
{ "type": "Feature", "properties": { "変電所名": "星が浦", "空容量": 0, "一次側": 66, "二次側": 6.6, "Type": "SS", "Vsbl": null, "lon": 144.3134247, "lat": 43.01163217 }, "geometry": { "type": "Point", "coordinates": [ 144.313424700000013, 43.01163217 ] } },
{ "type": "Feature", "properties": { "変電所名": "浜中", "空容量": 0, "一次側": 66, "二次側": 6.6, "Type": "SS", "Vsbl": null, "lon": 145.0985672, "lat": 43.15753605 }, "geometry": { "type": "Point", "coordinates": [ 145.0985672, 43.15753605 ] } },
{ "type": "Feature", "properties": { "変電所名": "別海", "空容量": 0, "一次側": 66, "二次側": 6.6, "Type": "SS", "Vsbl": null, "lon": 145.1309757, "lat": 43.38542695 }, "geometry": { "type": "Point", "coordinates": [ 145.1309757, 43.38542695 ] } },
{ "type": "Feature", "properties": { "変電所名": "東根室", "空容量": 0, "一次側": 66, "二次側": 6.6, "Type": "SS", "Vsbl": null, "lon": 145.5942252, "lat": 43.32767289 }, "geometry": { "type": "Point", "coordinates": [ 145.594225200000011, 43.32767289 ] } },
{ "type": "Feature", "properties": { "変電所名": "弟子屈", "空容量": 0, "一次側": 66, "二次側": 6.6, "Type": "SS", "Vsbl": null, "lon": 144.4659912, "lat": 43.47851235 }, "geometry": { "type": "Point", "coordinates": [ 144.4659912, 43.47851235 ] } },
{ "type": "Feature", "properties": { "変電所名": "磯分内", "空容量": 0, "一次側": 66, "二次側": 6.6, "Type": "SS", "Vsbl": null, "lon": 144.5573581, "lat": 43.37736085 }, "geometry": { "type": "Point", "coordinates": [ 144.557358099999988, 43.37736085 ] } },
{ "type": "Feature", "properties": { "変電所名": "計根別", "空容量": 0, "一次側": 66, "二次側": 6.6, "Type": "SS", "Vsbl": null, "lon": 144.7999994, "lat": 43.48625124 }, "geometry": { "type": "Point", "coordinates": [ 144.7999994, 43.48625124 ] } },
{ "type": "Feature", "properties": { "変電所名": "中標津", "空容量": 0, "一次側": 66, "二次側": 6.6, "Type": "SS", "Vsbl": null, "lon": 144.9577802, "lat": 43.54318748 }, "geometry": { "type": "Point", "coordinates": [ 144.9577802, 43.54318748 ] } },
{ "type": "Feature", "properties": { "変電所名": "厚床", "空容量": 0, "一次側": 66, "二次側": 6.6, "Type": "SS", "Vsbl": null, "lon": 145.2494074, "lat": 43.2331721 }, "geometry": { "type": "Point", "coordinates": [ 145.2494074, 43.2331721 ] } },
{ "type": "Feature", "properties": { "変電所名": "標津", "空容量": 0, "一次側": 66, "二次側": 6.6, "Type": "SS", "Vsbl": null, "lon": 145.1268716, "lat": 43.66063642 }, "geometry": { "type": "Point", "coordinates": [ 145.126871599999987, 43.66063642 ] } },
{ "type": "Feature", "properties": { "変電所名": "峰浜", "空容量": 0, "一次側": 66, "二次側": 6.6, "Type": "SS", "Vsbl": null, "lon": 145.0811461, "lat": 43.88186278 }, "geometry": { "type": "Point", "coordinates": [ 145.081146100000012, 43.88186278 ] } },
{ "type": "Feature", "properties": { "変電所名": "羅臼", "空容量": 0, "一次側": 66, "二次側": 6.6, "Type": "SS", "Vsbl": null, "lon": 145.177382, "lat": 44.00154215 }, "geometry": { "type": "Point", "coordinates": [ 145.177382, 44.00154215 ] } },
{ "type": "Feature", "properties": { "変電所名": "西春別", "空容量": 0, "一次側": 187, "二次側": 66.0, "Type": "SS", "Vsbl": null, "lon": 144.8066265, "lat": 43.39668107 }, "geometry": { "type": "Point", "coordinates": [ 144.8066265, 43.39668107 ] } },
{ "type": "Feature", "properties": { "変電所名": "サホロ", "空容量": 0, "一次側": 33, "二次側": 6.6, "Type": "DP", "Vsbl": null, "lon": 142.8187308, "lat": 43.16207132 }, "geometry": { "type": "Point", "coordinates": [ 142.8187308, 43.16207132 ] } },
{ "type": "Feature", "properties": { "変電所名": "北芽室", "空容量": 0, "一次側": 187, "二次側": 66.0, "Type": "SS", "Vsbl": null, "lon": 143.0337052, "lat": 42.9212567 }, "geometry": { "type": "Point", "coordinates": [ 143.033705200000014, 42.9212567 ] } },
{ "type": "Feature", "properties": { "変電所名": "木野", "空容量": 0, "一次側": 66, "二次側": 6.6, "Type": "SS", "Vsbl": null, "lon": 143.2079121, "lat": 42.96557318 }, "geometry": { "type": "Point", "coordinates": [ 143.207912099999987, 42.96557318 ] } },
{ "type": "Feature", "properties": { "変電所名": "帯広", "空容量": 0, "一次側": 66, "二次側": 6.6, "Type": "SS", "Vsbl": null, "lon": 143.2224154, "lat": 42.92653688 }, "geometry": { "type": "Point", "coordinates": [ 143.222415399999988, 42.92653688 ] } },
{ "type": "Feature", "properties": { "変電所名": "南郷", "空容量": 0, "一次側": 66, "二次側": 6.6, "Type": "SS", "Vsbl": null, "lon": 143.2076041, "lat": 42.89677751 }, "geometry": { "type": "Point", "coordinates": [ 143.2076041, 42.89677751 ] } },
{ "type": "Feature", "properties": { "変電所名": "西帯広", "空容量": 0, "一次側": 66, "二次側": 6.6, "Type": "SS", "Vsbl": null, "lon": 143.1458201, "lat": 42.9384561 }, "geometry": { "type": "Point", "coordinates": [ 143.1458201, 42.9384561 ] } },
{ "type": "Feature", "properties": { "変電所名": "帯広中央", "空容量": 0, "一次側": 66, "二次側": 6.6, "Type": "SS", "Vsbl": null, "lon": 143.1901079, "lat": 42.92680134 }, "geometry": { "type": "Point", "coordinates": [ 143.190107899999987, 42.92680134 ] } },
{ "type": "Feature", "properties": { "変電所名": "中札内", "空容量": 0, "一次側": 66, "二次側": 33.0, "Type": "SS", "Vsbl": null, "lon": 143.1290429, "lat": 42.70083366 }, "geometry": { "type": "Point", "coordinates": [ 143.1290429, 42.70083366 ] } },
{ "type": "Feature", "properties": { "変電所名": "士幌", "空容量": 0, "一次側": 66, "二次側": 6.6, "Type": "SS", "Vsbl": null, "lon": 143.2431072, "lat": 43.1702925 }, "geometry": { "type": "Point", "coordinates": [ 143.2431072, 43.1702925 ] } },
{ "type": "Feature", "properties": { "変電所名": "鹿追", "空容量": 0, "一次側": 66, "二次側": 6.6, "Type": "SS", "Vsbl": null, "lon": 142.991786, "lat": 43.09989289 }, "geometry": { "type": "Point", "coordinates": [ 142.991786, 43.09989289 ] } },
{ "type": "Feature", "properties": { "変電所名": "清水", "空容量": 0, "一次側": 66, "二次側": 22.0, "Type": "SS", "Vsbl": null, "lon": 142.894658, "lat": 43.02255001 }, "geometry": { "type": "Point", "coordinates": [ 142.894658, 43.02255001 ] } },
{ "type": "Feature", "properties": { "変電所名": "新得", "空容量": 0, "一次側": 22, "二次側": 6.6, "Type": "SS", "Vsbl": null, "lon": 142.8395173, "lat": 43.0784673 }, "geometry": { "type": "Point", "coordinates": [ 142.839517300000011, 43.0784673 ] } },
{ "type": "Feature", "properties": { "変電所名": "芽室", "空容量": 0, "一次側": 66, "二次側": 6.6, "Type": "SS", "Vsbl": null, "lon": 143.0338404, "lat": 42.91419418 }, "geometry": { "type": "Point", "coordinates": [ 143.0338404, 42.91419418 ] } },
{ "type": "Feature", "properties": { "変電所名": "池田", "空容量": 0, "一次側": 66, "二次側": 22.0, "Type": "SS", "Vsbl": null, "lon": 143.4474455, "lat": 42.9396949 }, "geometry": { "type": "Point", "coordinates": [ 143.447445499999986, 42.9396949 ] } },
{ "type": "Feature", "properties": { "変電所名": "豊頃", "空容量": 0, "一次側": 66, "二次側": 6.6, "Type": "SS", "Vsbl": null, "lon": 143.5480325, "lat": 42.82315383 }, "geometry": { "type": "Point", "coordinates": [ 143.5480325, 42.82315383 ] } },
{ "type": "Feature", "properties": { "変電所名": "浦幌", "空容量": 0, "一次側": 66, "二次側": 6.6, "Type": "SS", "Vsbl": null, "lon": 143.6610954, "lat": 42.8191218 }, "geometry": { "type": "Point", "coordinates": [ 143.6610954, 42.8191218 ] } },
{ "type": "Feature", "properties": { "変電所名": "大樹", "空容量": 0, "一次側": 66, "二次側": 6.6, "Type": "SS", "Vsbl": null, "lon": 143.2727548, "lat": 42.49940353 }, "geometry": { "type": "Point", "coordinates": [ 143.2727548, 42.49940353 ] } },
{ "type": "Feature", "properties": { "変電所名": "広尾", "空容量": 0, "一次側": 66, "二次側": 6.6, "Type": "SS", "Vsbl": null, "lon": 143.3050934, "lat": 42.29471828 }, "geometry": { "type": "Point", "coordinates": [ 143.3050934, 42.29471828 ] } },
{ "type": "Feature", "properties": { "変電所名": "音更", "空容量": 0, "一次側": 66, "二次側": 6.6, "Type": "SS", "Vsbl": null, "lon": 143.1955342, "lat": 42.9973877 }, "geometry": { "type": "Point", "coordinates": [ 143.1955342, 42.9973877 ] } },
{ "type": "Feature", "properties": { "変電所名": "中士幌", "空容量": 0, "一次側": 66, "二次側": 6.6, "Type": "SS", "Vsbl": null, "lon": 143.2239476, "lat": 43.09843918 }, "geometry": { "type": "Point", "coordinates": [ 143.2239476, 43.09843918 ] } },
{ "type": "Feature", "properties": { "変電所名": "御影", "空容量": 0, "一次側": 66, "二次側": 6.6, "Type": "SS", "Vsbl": null, "lon": 142.9496632, "lat": 42.94150398 }, "geometry": { "type": "Point", "coordinates": [ 142.9496632, 42.94150398 ] } },
{ "type": "Feature", "properties": { "変電所名": "幕別", "空容量": 0, "一次側": 66, "二次側": 6.6, "Type": "SS", "Vsbl": null, "lon": 143.3600227, "lat": 42.91112243 }, "geometry": { "type": "Point", "coordinates": [ 143.3600227, 42.91112243 ] } },
{ "type": "Feature", "properties": { "変電所名": "本別", "空容量": 0, "一次側": 33, "二次側": 6.6, "Type": "SS", "Vsbl": null, "lon": 143.6118187, "lat": 43.11607004 }, "geometry": { "type": "Point", "coordinates": [ 143.611818699999986, 43.11607004 ] } },
{ "type": "Feature", "properties": { "変電所名": "仙美里", "空容量": 0, "一次側": 33, "二次側": null, "Type": "SS", "Vsbl": true, "lon": 143.5920338, "lat": 43.18479837 }, "geometry": { "type": "Point", "coordinates": [ 143.5920338, 43.18479837 ] } },
{ "type": "Feature", "properties": { "変電所名": "足寄", "空容量": 0, "一次側": 33, "二次側": 6.6, "Type": "SS", "Vsbl": null, "lon": 143.5486617, "lat": 43.24091058 }, "geometry": { "type": "Point", "coordinates": [ 143.5486617, 43.24091058 ] } },
{ "type": "Feature", "properties": { "変電所名": "川西", "空容量": 0, "一次側": 66, "二次側": 6.6, "Type": "SS", "Vsbl": null, "lon": 143.1899823, "lat": 42.8529889 }, "geometry": { "type": "Point", "coordinates": [ 143.1899823, 42.8529889 ] } },
{ "type": "Feature", "properties": { "変電所名": "広陽", "空容量": 0, "一次側": 66, "二次側": 6.6, "Type": "SS", "Vsbl": null, "lon": 143.1470859, "lat": 42.91402622 }, "geometry": { "type": "Point", "coordinates": [ 143.1470859, 42.91402622 ] } },
{ "type": "Feature", "properties": { "変電所名": "西音更", "空容量": 0, "一次側": 187, "二次側": 66.0, "Type": "SS", "Vsbl": null, "lon": 143.1519004, "lat": 42.97603004 }, "geometry": { "type": "Point", "coordinates": [ 143.151900399999988, 42.97603004 ] } },
{ "type": "Feature", "properties": { "変電所名": "札内", "空容量": 0, "一次側": 66, "二次側": 6.6, "Type": "SS", "Vsbl": null, "lon": 143.2706878, "lat": 42.92355183 }, "geometry": { "type": "Point", "coordinates": [ 143.2706878, 42.92355183 ] } },
{ "type": "Feature", "properties": { "変電所名": "蘇牛", "空容量": 0, "一次側": 66, "二次側": 6.6, "Type": "SS", "Vsbl": null, "lon": 144.1257571, "lat": 43.24449451 }, "geometry": { "type": "Point", "coordinates": [ 144.125757099999987, 43.24449451 ] } },
{ "type": "Feature", "properties": { "変電所名": "北新得", "空容量": 0, "一次側": 275, "二次側": 187.0, "Type": "SS", "Vsbl": null, "lon": 142.9040534, "lat": 43.16345743 }, "geometry": { "type": "Point", "coordinates": [ 142.9040534, 43.16345743 ] } },
{ "type": "Feature", "properties": { "変電所名": "音別", "空容量": 0, "一次側": 66, "二次側": 6.6, "Type": "SS", "Vsbl": null, "lon": 143.9384455, "lat": 42.89913121 }, "geometry": { "type": "Point", "coordinates": [ 143.9384455, 42.89913121 ] } },
{ "type": "Feature", "properties": { "変電所名": "然別第一", "空容量": 0, "一次側": 66, "二次側": 6.6, "Type": "SS", "Vsbl": null, "lon": 143.0428844, "lat": 43.26357015 }, "geometry": { "type": "Point", "coordinates": [ 143.0428844, 43.26357015 ] } },
{ "type": "Feature", "properties": { "変電所名": "然別第二", "空容量": 0, "一次側": 66, "二次側": 6.6, "Type": "SS", "Vsbl": null, "lon": 142.9630868, "lat": 43.24294326 }, "geometry": { "type": "Point", "coordinates": [ 142.963086800000013, 43.24294326 ] } },
{ "type": "Feature", "properties": { "変電所名": "富村", "空容量": 0, "一次側": 187, "二次側": 11.0, "Type": "SS", "Vsbl": null, "lon": 142.9253914, "lat": 43.36155808 }, "geometry": { "type": "Point", "coordinates": [ 142.9253914, 43.36155808 ] } },
{ "type": "Feature", "properties": { "変電所名": "上岩松", "空容量": 0, "一次側": 66, "二次側": 6.6, "Type": "SS", "Vsbl": null, "lon": 142.9423517, "lat": 43.23327956 }, "geometry": { "type": "Point", "coordinates": [ 142.942351699999989, 43.23327956 ] } },
{ "type": "Feature", "properties": { "変電所名": "新岩松", "空容量": 0, "一次側": 66, "二次側": 6.6, "Type": "SS", "Vsbl": null, "lon": 142.9249159, "lat": 43.18210666 }, "geometry": { "type": "Point", "coordinates": [ 142.9249159, 43.18210666 ] } },
{ "type": "Feature", "properties": { "変電所名": "早来", "空容量": 0, "一次側": 66, "二次側": 6.6, "Type": "SS", "Vsbl": null, "lon": 141.8127377, "lat": 42.76128659 }, "geometry": { "type": "Point", "coordinates": [ 141.812737700000014, 42.76128659 ] } },
{ "type": "Feature", "properties": { "変電所名": "厚真", "空容量": 0, "一次側": 66, "二次側": 6.6, "Type": "SS", "Vsbl": null, "lon": 141.8833481, "lat": 42.70758858 }, "geometry": { "type": "Point", "coordinates": [ 141.8833481, 42.70758858 ] } },
{ "type": "Feature", "properties": { "変電所名": "鵡川", "空容量": 0, "一次側": 66, "二次側": 6.6, "Type": "SS", "Vsbl": null, "lon": 141.9307336, "lat": 42.58142207 }, "geometry": { "type": "Point", "coordinates": [ 141.9307336, 42.58142207 ] } },
{ "type": "Feature", "properties": { "変電所名": "富川", "空容量": 0, "一次側": 66, "二次側": 33.0, "Type": "SS", "Vsbl": null, "lon": 142.0339067, "lat": 42.5232687 }, "geometry": { "type": "Point", "coordinates": [ 142.033906699999989, 42.5232687 ] } },
{ "type": "Feature", "properties": { "変電所名": "平取", "空容量": 0, "一次側": 33, "二次側": 6.6, "Type": "SS", "Vsbl": null, "lon": 142.1210963, "lat": 42.58069932 }, "geometry": { "type": "Point", "coordinates": [ 142.1210963, 42.58069932 ] } },
{ "type": "Feature", "properties": { "変電所名": "南早来", "空容量": 500, "一次側": 275, "二次側": 187.0, "Type": "SS", "Vsbl": null, "lon": 141.7810429, "lat": 42.71495461 }, "geometry": { "type": "Point", "coordinates": [ 141.781042899999989, 42.71495461 ] } },
{ "type": "Feature", "properties": { "変電所名": "柏原", "空容量": 0, "一次側": 66, "二次側": 6.6, "Type": "SS", "Vsbl": null, "lon": 141.7579941, "lat": 42.68440246 }, "geometry": { "type": "Point", "coordinates": [ 141.7579941, 42.68440246 ] } },
{ "type": "Feature", "properties": { "変電所名": "振内", "空容量": 0, "一次側": 66, "二次側": 33.0, "Type": "SS", "Vsbl": null, "lon": 142.2913469, "lat": 42.72608563 }, "geometry": { "type": "Point", "coordinates": [ 142.2913469, 42.72608563 ] } },
{ "type": "Feature", "properties": { "変電所名": "荷負", "空容量": 0, "一次側": 33, "二次側": 6.6, "Type": "SS", "Vsbl": null, "lon": 142.1991656, "lat": 42.67765087 }, "geometry": { "type": "Point", "coordinates": [ 142.199165599999986, 42.67765087 ] } },
{ "type": "Feature", "properties": { "変電所名": "占冠", "空容量": 0, "一次側": 33, "二次側": 6.6, "Type": "SS", "Vsbl": null, "lon": null, "lat": null }, "geometry": null },
{ "type": "Feature", "properties": { "変電所名": "大岸", "空容量": 0, "一次側": 66, "二次側": 6.6, "Type": "SS", "Vsbl": null, "lon": 140.6307498, "lat": 42.60629178 }, "geometry": { "type": "Point", "coordinates": [ 140.6307498, 42.60629178 ] } },
{ "type": "Feature", "properties": { "変電所名": "白老", "空容量": 0, "一次側": 66, "二次側": 6.6, "Type": "SS", "Vsbl": null, "lon": 141.3447204, "lat": 42.55484331 }, "geometry": { "type": "Point", "coordinates": [ 141.3447204, 42.55484331 ] } },
{ "type": "Feature", "properties": { "変電所名": "緑町", "空容量": 0, "一次側": 66, "二次側": 6.6, "Type": "SS", "Vsbl": null, "lon": 141.6082705, "lat": 42.64525924 }, "geometry": { "type": "Point", "coordinates": [ 141.6082705, 42.64525924 ] } },
{ "type": "Feature", "properties": { "変電所名": "港南", "空容量": 0, "一次側": 66, "二次側": 6.6, "Type": "SS", "Vsbl": null, "lon": 141.6910585, "lat": 42.64115114 }, "geometry": { "type": "Point", "coordinates": [ 141.6910585, 42.64115114 ] } },
{ "type": "Feature", "properties": { "変電所名": "竹浦", "空容量": 0, "一次側": 66, "二次側": 6.6, "Type": "SS", "Vsbl": null, "lon": 141.2760454, "lat": 42.50781332 }, "geometry": { "type": "Point", "coordinates": [ 141.276045399999987, 42.50781332 ] } },
{ "type": "Feature", "properties": { "変電所名": "明野", "空容量": 0, "一次側": 66, "二次側": 6.6, "Type": "SS", "Vsbl": null, "lon": 141.6452888, "lat": 42.66618786 }, "geometry": { "type": "Point", "coordinates": [ 141.6452888, 42.66618786 ] } },
{ "type": "Feature", "properties": { "変電所名": "錦岡", "空容量": 0, "一次側": 66, "二次側": 6.6, "Type": "SS", "Vsbl": null, "lon": 141.5024568, "lat": 42.6141164 }, "geometry": { "type": "Point", "coordinates": [ 141.5024568, 42.6141164 ] } },
{ "type": "Feature", "properties": { "変電所名": "苫小牧中央", "空容量": 0, "一次側": 66, "二次側": 6.6, "Type": "SS", "Vsbl": null, "lon": 141.604735, "lat": 42.63584726 }, "geometry": { "type": "Point", "coordinates": [ 141.604735, 42.63584726 ] } },
{ "type": "Feature", "properties": { "変電所名": "室蘭", "空容量": 0, "一次側": 187, "二次側": 66.0, "Type": "SS", "Vsbl": null, "lon": 141.032853, "lat": 42.37256016 }, "geometry": { "type": "Point", "coordinates": [ 141.032853, 42.37256016 ] } },
{ "type": "Feature", "properties": { "変電所名": "室蘭中央", "空容量": 0, "一次側": 66, "二次側": 6.6, "Type": "SS", "Vsbl": null, "lon": 140.9688783, "lat": 42.31580962 }, "geometry": { "type": "Point", "coordinates": [ 140.9688783, 42.31580962 ] } },
{ "type": "Feature", "properties": { "変電所名": "御崎", "空容量": 0, "一次側": 66, "二次側": 6.6, "Type": "SS", "Vsbl": null, "lon": 141.0009572, "lat": 42.32735523 }, "geometry": { "type": "Point", "coordinates": [ 141.000957199999988, 42.32735523 ] } },
{ "type": "Feature", "properties": { "変電所名": "祝津", "空容量": 0, "一次側": 66, "二次側": 6.6, "Type": "SS", "Vsbl": null, "lon": 140.9496556, "lat": 42.33805619 }, "geometry": { "type": "Point", "coordinates": [ 140.9496556, 42.33805619 ] } },
{ "type": "Feature", "properties": { "変電所名": "本輪西", "空容量": 0, "一次側": 66, "二次側": 6.6, "Type": "SS", "Vsbl": null, "lon": 140.9947541, "lat": 42.3706756 }, "geometry": { "type": "Point", "coordinates": [ 140.9947541, 42.3706756 ] } },
{ "type": "Feature", "properties": { "変電所名": "伊達", "空容量": 0, "一次側": 66, "二次側": 6.6, "Type": "SS", "Vsbl": null, "lon": 140.8760981, "lat": 42.48493299 }, "geometry": { "type": "Point", "coordinates": [ 140.8760981, 42.48493299 ] } },
{ "type": "Feature", "properties": { "変電所名": "萩原", "空容量": 0, "一次側": 66, "二次側": 6.6, "Type": "SS", "Vsbl": null, "lon": 140.9032227, "lat": 42.45859031 }, "geometry": { "type": "Point", "coordinates": [ 140.903222699999986, 42.45859031 ] } },
{ "type": "Feature", "properties": { "変電所名": "鷲別", "空容量": 0, "一次側": 66, "二次側": 6.6, "Type": "SS", "Vsbl": null, "lon": 141.042485, "lat": 42.36265265 }, "geometry": { "type": "Point", "coordinates": [ 141.042485, 42.36265265 ] } },
{ "type": "Feature", "properties": { "変電所名": "幌別", "空容量": 0, "一次側": 66, "二次側": 6.6, "Type": "SS", "Vsbl": false, "lon": 141.1131516, "lat": 42.4210949 }, "geometry": { "type": "Point", "coordinates": [ 141.1131516, 42.4210949 ] } },
{ "type": "Feature", "properties": { "変電所名": "登別", "空容量": 0, "一次側": 66, "二次側": 6.6, "Type": "SS", "Vsbl": null, "lon": 141.1470883, "lat": 42.47208267 }, "geometry": { "type": "Point", "coordinates": [ 141.1470883, 42.47208267 ] } },
{ "type": "Feature", "properties": { "変電所名": "東町", "空容量": 0, "一次側": 66, "二次側": 6.6, "Type": "SS", "Vsbl": null, "lon": 141.0265444, "lat": 42.3420531 }, "geometry": { "type": "Point", "coordinates": [ 141.0265444, 42.3420531 ] } },
{ "type": "Feature", "properties": { "変電所名": "静内", "空容量": 0, "一次側": 66, "二次側": 33.0, "Type": "SS", "Vsbl": null, "lon": 142.3727524, "lat": 42.34756066 }, "geometry": { "type": "Point", "coordinates": [ 142.3727524, 42.34756066 ] } },
{ "type": "Feature", "properties": { "変電所名": "浦河", "空容量": 0, "一次側": 66, "二次側": 33.0, "Type": "SS", "Vsbl": false, "lon": 142.769227, "lat": 42.18085065 }, "geometry": { "type": "Point", "coordinates": [ 142.769227, 42.18085065 ] } },
{ "type": "Feature", "properties": { "変電所名": "厚賀", "空容量": 0, "一次側": 66, "二次側": 6.6, "Type": "SS", "Vsbl": null, "lon": 142.2377915, "lat": 42.42859365 }, "geometry": { "type": "Point", "coordinates": [ 142.237791499999986, 42.42859365 ] } },
{ "type": "Feature", "properties": { "変電所名": "東静内", "空容量": 0, "一次側": 33, "二次側": 6.6, "Type": "SS", "Vsbl": null, "lon": 142.4568442, "lat": 42.30123327 }, "geometry": { "type": "Point", "coordinates": [ 142.4568442, 42.30123327 ] } },
{ "type": "Feature", "properties": { "変電所名": "三石", "空容量": 0, "一次側": 33, "二次側": 6.6, "Type": "SS", "Vsbl": false, "lon": 142.5521407, "lat": 42.25347343 }, "geometry": { "type": "Point", "coordinates": [ 142.5521407, 42.25347343 ] } },
{ "type": "Feature", "properties": { "変電所名": "本桐", "空容量": 0, "一次側": 33, "二次側": 6.6, "Type": "SS", "Vsbl": null, "lon": 142.630294, "lat": 42.24490461 }, "geometry": { "type": "Point", "coordinates": [ 142.630294, 42.24490461 ] } },
{ "type": "Feature", "properties": { "変電所名": "様似", "空容量": 0, "一次側": 33, "二次側": 6.6, "Type": "SS", "Vsbl": false, "lon": 142.9116037, "lat": 42.1370263 }, "geometry": { "type": "Point", "coordinates": [ 142.9116037, 42.1370263 ] } },
{ "type": "Feature", "properties": { "変電所名": "えりも", "空容量": 0, "一次側": 33, "二次側": 6.6, "Type": "SS", "Vsbl": null, "lon": 143.1491497, "lat": 42.02615299 }, "geometry": { "type": "Point", "coordinates": [ 143.1491497, 42.02615299 ] } },
{ "type": "Feature", "properties": { "変電所名": "登別青葉", "空容量": 0, "一次側": 66, "二次側": 6.6, "Type": "SS", "Vsbl": false, "lon": 141.0799008, "lat": 42.39421277 }, "geometry": { "type": "Point", "coordinates": [ 141.0799008, 42.39421277 ] } },
{ "type": "Feature", "properties": { "変電所名": "久保内", "空容量": 0, "一次側": 66, "二次側": 6.6, "Type": "SS", "Vsbl": null, "lon": 140.9745211, "lat": 42.57932132 }, "geometry": { "type": "Point", "coordinates": [ 140.9745211, 42.57932132 ] } },
{ "type": "Feature", "properties": { "変電所名": "洞爺", "空容量": 0, "一次側": 66, "二次側": 6.6, "Type": "SS", "Vsbl": null, "lon": 140.9149024, "lat": 42.58743499 }, "geometry": { "type": "Point", "coordinates": [ 140.914902399999988, 42.58743499 ] } },
{ "type": "Feature", "properties": { "変電所名": "壮瞥", "空容量": 0, "一次側": 66, "二次側": 6.6, "Type": "SS", "Vsbl": null, "lon": 140.8876038, "lat": 42.56027505 }, "geometry": { "type": "Point", "coordinates": [ 140.8876038, 42.56027505 ] } },
{ "type": "Feature", "properties": { "変電所名": "虻田", "空容量": 0, "一次側": 66, "二次側": 6.6, "Type": "SS", "Vsbl": null, "lon": 140.7589147, "lat": 42.55409309 }, "geometry": { "type": "Point", "coordinates": [ 140.7589147, 42.55409309 ] } },
{ "type": "Feature", "properties": { "変電所名": "豊浦", "空容量": 0, "一次側": 66, "二次側": 6.6, "Type": "SS", "Vsbl": null, "lon": 140.7325457, "lat": 42.58266683 }, "geometry": { "type": "Point", "coordinates": [ 140.7325457, 42.58266683 ] } },
{ "type": "Feature", "properties": { "変電所名": "沼ノ端", "空容量": 0, "一次側": 66, "二次側": 6.6, "Type": "SS", "Vsbl": null, "lon": 141.6615897, "lat": 42.67056012 }, "geometry": { "type": "Point", "coordinates": [ 141.6615897, 42.67056012 ] } },
{ "type": "Feature", "properties": { "変電所名": "幌満", "空容量": 0, "一次側": 66, "二次側": 33.0, "Type": "SS", "Vsbl": null, "lon": 143.0355961, "lat": 42.07875216 }, "geometry": { "type": "Point", "coordinates": [ 143.0355961, 42.07875216 ] } },
{ "type": "Feature", "properties": { "変電所名": "穂別", "空容量": 0, "一次側": 66, "二次側": 6.6, "Type": "SS", "Vsbl": null, "lon": 142.1302268, "lat": 42.71878292 }, "geometry": { "type": "Point", "coordinates": [ 142.1302268, 42.71878292 ] } },
{ "type": "Feature", "properties": { "変電所名": "右左府", "空容量": 0, "一次側": 66, "二次側": 33.0, "Type": "SS", "Vsbl": null, "lon": 142.467156, "lat": 42.89279936 }, "geometry": { "type": "Point", "coordinates": [ 142.467156, 42.89279936 ] } },
{ "type": "Feature", "properties": { "変電所名": "岩知志", "空容量": 0, "一次側": 66, "二次側": 6.6, "Type": "SS", "Vsbl": null, "lon": 142.3715628, "lat": 42.76052847 }, "geometry": { "type": "Point", "coordinates": [ 142.3715628, 42.76052847 ] } },
{ "type": "Feature", "properties": { "変電所名": "高見", "空容量": 0, "一次側": 187, "二次側": 187.0, "Type": "SW", "Vsbl": null, "lon": 142.6341381, "lat": 42.45601401 }, "geometry": { "type": "Point", "coordinates": [ 142.6341381, 42.45601401 ] } },
{ "type": "Feature", "properties": { "変電所名": "東苫小枚", "空容量": 300, "一次側": 187, "二次側": 66.0, "Type": "SS", "Vsbl": null, "lon": 141.662595, "lat": 42.63758528 }, "geometry": { "type": "Point", "coordinates": [ 141.662595, 42.63758528 ] } },
{ "type": "Feature", "properties": { "変電所名": "西伊達", "空容量": 0, "一次側": 187, "二次側": 66.0, "Type": "SS", "Vsbl": true, "lon": null, "lat": null }, "geometry": null },
{ "type": "Feature", "properties": { "変電所名": "大野", "空容量": 500, "一次側": 275, "二次側": 187.0, "Type": "SS", "Vsbl": null, "lon": 140.6079055, "lat": 41.88838664 }, "geometry": { "type": "Point", "coordinates": [ 140.607905499999987, 41.88838664 ] } },
{ "type": "Feature", "properties": { "変電所名": "函館", "空容量": 0, "一次側": 66, "二次側": 6.6, "Type": "SS", "Vsbl": null, "lon": 140.7467101, "lat": 41.8011513 }, "geometry": { "type": "Point", "coordinates": [ 140.7467101, 41.8011513 ] } },
{ "type": "Feature", "properties": { "変電所名": "中の橋", "空容量": 0, "一次側": 66, "二次側": 6.6, "Type": "SS", "Vsbl": null, "lon": 140.7415855, "lat": 41.7866733 }, "geometry": { "type": "Point", "coordinates": [ 140.741585500000014, 41.7866733 ] } },
{ "type": "Feature", "properties": { "変電所名": "東雲", "空容量": 0, "一次側": 66, "二次側": 6.6, "Type": "SS", "Vsbl": null, "lon": 140.7296238, "lat": 41.77061781 }, "geometry": { "type": "Point", "coordinates": [ 140.729623800000013, 41.77061781 ] } },
{ "type": "Feature", "properties": { "変電所名": "湯川", "空容量": 0, "一次側": 66, "二次側": 6.6, "Type": "SS", "Vsbl": null, "lon": 140.7983074, "lat": 41.79391143 }, "geometry": { "type": "Point", "coordinates": [ 140.7983074, 41.79391143 ] } },
{ "type": "Feature", "properties": { "変電所名": "東山", "空容量": 0, "一次側": 66, "二次側": 6.6, "Type": "SS", "Vsbl": null, "lon": 140.7729777, "lat": 41.80990468 }, "geometry": { "type": "Point", "coordinates": [ 140.772977700000013, 41.80990468 ] } },
{ "type": "Feature", "properties": { "変電所名": "柏木", "空容量": 0, "一次側": 66, "二次側": 6.6, "Type": "SS", "Vsbl": null, "lon": 140.7695267, "lat": 41.78643975 }, "geometry": { "type": "Point", "coordinates": [ 140.7695267, 41.78643975 ] } },
{ "type": "Feature", "properties": { "変電所名": "七重浜", "空容量": 0, "一次側": 66, "二次側": 6.6, "Type": "SS", "Vsbl": null, "lon": 140.7031113, "lat": 41.82974784 }, "geometry": { "type": "Point", "coordinates": [ 140.703111299999989, 41.82974784 ] } },
{ "type": "Feature", "properties": { "変電所名": "上磯", "空容量": 0, "一次側": 66, "二次側": 33.0, "Type": "SS", "Vsbl": null, "lon": 140.6134855, "lat": 41.81918202 }, "geometry": { "type": "Point", "coordinates": [ 140.6134855, 41.81918202 ] } },
{ "type": "Feature", "properties": { "変電所名": "福島", "空容量": 0, "一次側": 66, "二次側": 6.6, "Type": "SS", "Vsbl": null, "lon": 140.2513549, "lat": 41.49858833 }, "geometry": { "type": "Point", "coordinates": [ 140.2513549, 41.49858833 ] } },
{ "type": "Feature", "properties": { "変電所名": "銭亀沢", "空容量": 0, "一次側": 66, "二次側": 33.0, "Type": "SS", "Vsbl": null, "lon": 140.861088, "lat": 41.77344804 }, "geometry": { "type": "Point", "coordinates": [ 140.861088, 41.77344804 ] } },
{ "type": "Feature", "properties": { "変電所名": "戸井", "空容量": 0, "一次側": 33, "二次側": 6.6, "Type": "SS", "Vsbl": null, "lon": 141.0085227, "lat": 41.72557462 }, "geometry": { "type": "Point", "coordinates": [ 141.008522699999986, 41.72557462 ] } },
{ "type": "Feature", "properties": { "変電所名": "木古内", "空容量": 0, "一次側": 66, "二次側": 6.6, "Type": "SS", "Vsbl": null, "lon": 140.4244528, "lat": 41.67562565 }, "geometry": { "type": "Point", "coordinates": [ 140.424452800000012, 41.67562565 ] } },
{ "type": "Feature", "properties": { "変電所名": "渡島当別", "空容量": 0, "一次側": 66, "二次側": 6.6, "Type": "SS", "Vsbl": null, "lon": 140.5778826, "lat": 41.7394319 }, "geometry": { "type": "Point", "coordinates": [ 140.5778826, 41.7394319 ] } },
{ "type": "Feature", "properties": { "変電所名": "松前", "空容量": 0, "一次側": 66, "二次側": 6.6, "Type": "SS", "Vsbl": null, "lon": 140.0749684, "lat": 41.43012728 }, "geometry": { "type": "Point", "coordinates": [ 140.074968399999989, 41.43012728 ] } },
{ "type": "Feature", "properties": { "変電所名": "湯の里", "空容量": 0, "一次側": 66, "二次側": 6.6, "Type": "SS", "Vsbl": null, "lon": 140.3454055, "lat": 41.60075046 }, "geometry": { "type": "Point", "coordinates": [ 140.3454055, 41.60075046 ] } },
{ "type": "Feature", "properties": { "変電所名": "末広", "空容量": 0, "一次側": 66, "二次側": 6.6, "Type": "SS", "Vsbl": null, "lon": 140.7175932, "lat": 41.76234162 }, "geometry": { "type": "Point", "coordinates": [ 140.71759320000001, 41.76234162 ] } },
{ "type": "Feature", "properties": { "変電所名": "石川", "空容量": 0, "一次側": 66, "二次側": 6.6, "Type": "SS", "Vsbl": null, "lon": 140.7419506, "lat": 41.82375021 }, "geometry": { "type": "Point", "coordinates": [ 140.7419506, 41.82375021 ] } },
{ "type": "Feature", "properties": { "変電所名": "恵山", "空容量": 0, "一次側": 33, "二次側": 6.6, "Type": "SS", "Vsbl": null, "lon": 141.1024427, "lat": 41.80133313 }, "geometry": { "type": "Point", "coordinates": [ 141.102442700000012, 41.80133313 ] } },
{ "type": "Feature", "properties": { "変電所名": "清水川", "空容量": 0, "一次側": 66, "二次側": 6.6, "Type": "SS", "Vsbl": null, "lon": 140.6540695, "lat": 41.86153024 }, "geometry": { "type": "Point", "coordinates": [ 140.6540695, 41.86153024 ] } },
{ "type": "Feature", "properties": { "変電所名": "八雲", "空容量": 0, "一次側": 66, "二次側": 33.0, "Type": "SS", "Vsbl": null, "lon": 140.2732048, "lat": 42.2601202 }, "geometry": { "type": "Point", "coordinates": [ 140.2732048, 42.2601202 ] } },
{ "type": "Feature", "properties": { "変電所名": "森", "空容量": 0, "一次側": 66, "二次側": 6.6, "Type": "SS", "Vsbl": null, "lon": 140.5834229, "lat": 42.10482563 }, "geometry": { "type": "Point", "coordinates": [ 140.583422899999988, 42.10482563 ] } },
{ "type": "Feature", "properties": { "変電所名": "長万部", "空容量": 0, "一次側": 66, "二次側": 6.6, "Type": "SS", "Vsbl": null, "lon": 140.3737954, "lat": 42.5242861 }, "geometry": { "type": "Point", "coordinates": [ 140.3737954, 42.5242861 ] } },
{ "type": "Feature", "properties": { "変電所名": "落部", "空容量": 0, "一次側": 66, "二次側": 6.6, "Type": "SS", "Vsbl": null, "lon": 140.4144272, "lat": 42.18455921 }, "geometry": { "type": "Point", "coordinates": [ 140.4144272, 42.18455921 ] } },
{ "type": "Feature", "properties": { "変電所名": "今金", "空容量": 0, "一次側": 33, "二次側": 6.6, "Type": "SS", "Vsbl": null, "lon": 140.0101313, "lat": 42.42493173 }, "geometry": { "type": "Point", "coordinates": [ 140.010131300000012, 42.42493173 ] } },
{ "type": "Feature", "properties": { "変電所名": "北桧山", "空容量": 0, "一次側": 33, "二次側": 6.6, "Type": "SS", "Vsbl": null, "lon": 139.8842367, "lat": 42.40561513 }, "geometry": { "type": "Point", "coordinates": [ 139.8842367, 42.40561513 ] } },
{ "type": "Feature", "properties": { "変電所名": "川汲", "空容量": 0, "一次側": 33, "二次側": 6.6, "Type": "DP", "Vsbl": null, "lon": 140.9700391, "lat": 41.90479876 }, "geometry": { "type": "Point", "coordinates": [ 140.9700391, 41.90479876 ] } },
{ "type": "Feature", "properties": { "変電所名": "七飯", "空容量": 0, "一次側": 66, "二次側": 6.6, "Type": "SS", "Vsbl": null, "lon": 140.6981761, "lat": 41.89949632 }, "geometry": { "type": "Point", "coordinates": [ 140.698176100000012, 41.89949632 ] } },
{ "type": "Feature", "properties": { "変電所名": "軍川", "空容量": 0, "一次側": 66, "二次側": 22.0, "Type": "SS", "Vsbl": null, "lon": 140.7070593, "lat": 41.97230653 }, "geometry": { "type": "Point", "coordinates": [ 140.7070593, 41.97230653 ] } },
{ "type": "Feature", "properties": { "変電所名": "鹿部", "空容量": 0, "一次側": 22, "二次側": 6.6, "Type": "SS", "Vsbl": null, "lon": 140.8169802, "lat": 42.03269937 }, "geometry": { "type": "Point", "coordinates": [ 140.816980199999989, 42.03269937 ] } },
{ "type": "Feature", "properties": { "変電所名": "北七飯", "空容量": 300, "一次側": 187, "二次側": 66.0, "Type": "SS", "Vsbl": null, "lon": 140.6574761, "lat": 41.93253573 }, "geometry": { "type": "Point", "coordinates": [ 140.6574761, 41.93253573 ] } },
{ "type": "Feature", "properties": { "変電所名": "江差", "空容量": 0, "一次側": 66, "二次側": 33.0, "Type": "SS", "Vsbl": null, "lon": 140.1432021, "lat": 41.8697494 }, "geometry": { "type": "Point", "coordinates": [ 140.1432021, 41.8697494 ] } },
{ "type": "Feature", "properties": { "変電所名": "相沼内", "空容量": 0, "一次側": 33, "二次側": 6.6, "Type": "SS", "Vsbl": null, "lon": 140.0715596, "lat": 42.06957467 }, "geometry": { "type": "Point", "coordinates": [ 140.0715596, 42.06957467 ] } },
{ "type": "Feature", "properties": { "変電所名": "鰔川", "空容量": 0, "一次側": 66, "二次側": 33.0, "Type": "SS", "Vsbl": null, "lon": 140.1512041, "lat": 41.9336907 }, "geometry": { "type": "Point", "coordinates": [ 140.1512041, 41.9336907 ] } },
{ "type": "Feature", "properties": { "変電所名": "厚沢部", "空容量": 0, "一次側": 66, "二次側": 6.6, "Type": "SS", "Vsbl": null, "lon": 140.3226278, "lat": 41.93856106 }, "geometry": { "type": "Point", "coordinates": [ 140.3226278, 41.93856106 ] } },
{ "type": "Feature", "properties": { "変電所名": "熊石", "空容量": 0, "一次側": 33, "二次側": 6.6, "Type": "SS", "Vsbl": null, "lon": 139.932931, "lat": 42.13669419 }, "geometry": { "type": "Point", "coordinates": [ 139.932931, 42.13669419 ] } },
{ "type": "Feature", "properties": { "変電所名": "上ノ国", "空容量": 0, "一次側": 33, "二次側": 6.6, "Type": "SS", "Vsbl": null, "lon": 140.1264546, "lat": 41.81430029 }, "geometry": { "type": "Point", "coordinates": [ 140.126454599999988, 41.81430029 ] } },
{ "type": "Feature", "properties": { "変電所名": "磯谷川第二", "空容量": 0, "一次側": 22, "二次側": 6.6, "Type": "SS", "Vsbl": null, "lon": 140.8941708, "lat": 41.99207029 }, "geometry": { "type": "Point", "coordinates": [ 140.894170800000012, 41.99207029 ] } },
{ "type": "Feature", "properties": { "変電所名": "ピリカ", "空容量": 0, "一次側": 66, "二次側": 6.6, "Type": "SS", "Vsbl": null, "lon": 140.1954033, "lat": 42.47073887 }, "geometry": { "type": "Point", "coordinates": [ 140.1954033, 42.47073887 ] } },
{ "type": "Feature", "properties": { "変電所名": "北斗", "空容量": 500, "一次側": 275, "二次側": 250.0, "Type": "CS", "Vsbl": null, "lon": 140.5851058, "lat": 41.91631895 }, "geometry": { "type": "Point", "coordinates": [ 140.5851058, 41.91631895 ] } },
{ "type": "Feature", "properties": { "変電所名": "今別", "空容量": 0, "一次側": 275, "二次側": 250.0, "Type": "CS", "Vsbl": true, "lon": null, "lat": null }, "geometry": null },
{ "type": "Feature", "properties": { "変電所名": "送毛", "空容量": 0, "一次側": 22, "二次側": 6.6, "Type": "TP", "Vsbl": null, "lon": 141.3724716, "lat": 43.51204524 }, "geometry": { "type": "Point", "coordinates": [ 141.372471600000011, 43.51204524 ] } },
{ "type": "Feature", "properties": { "変電所名": "西野", "空容量": 500, "一次側": 275, "二次側": 187.0, "Type": "SS", "Vsbl": null, "lon": 141.2229784, "lat": 43.05708191 }, "geometry": { "type": "Point", "coordinates": [ 141.222978399999988, 43.05708191 ] } },
{ "type": "Feature", "properties": { "変電所名": "標茶", "空容量": 0, "一次側": 22, "二次側": 6.6, "Type": "DP", "Vsbl": null, "lon": 144.6039923, "lat": 43.309627 }, "geometry": { "type": "Point", "coordinates": [ 144.603992299999987, 43.309627 ] } },
{ "type": "Feature", "properties": { "変電所名": "旭川嵐山", "空容量": 100, "一次側": 187, "二次側": 187.0, "Type": "SW", "Vsbl": null, "lon": 142.280493, "lat": 43.81566012 }, "geometry": { "type": "Point", "coordinates": [ 142.280493, 43.81566012 ] } },
{ "type": "Feature", "properties": { "変電所名": "声問", "空容量": 0, "一次側": 33, "二次側": 33.0, "Type": "SW", "Vsbl": null, "lon": 141.7211181, "lat": 45.36956789 }, "geometry": { "type": "Point", "coordinates": [ 141.721118100000012, 45.36956789 ] } },
{ "type": "Feature", "properties": { "変電所名": "北星", "空容量": 0, "一次側": 66, "二次側": 66.0, "Type": "SW", "Vsbl": null, "lon": 142.0031554, "lat": 43.74156635 }, "geometry": { "type": "Point", "coordinates": [ 142.0031554, 43.74156635 ] } },
{ "type": "Feature", "properties": { "変電所名": "峰延", "空容量": 0, "一次側": 66, "二次側": 66.0, "Type": "SW", "Vsbl": null, "lon": 141.8257435, "lat": 43.26041215 }, "geometry": { "type": "Point", "coordinates": [ 141.825743499999987, 43.26041215 ] } },
{ "type": "Feature", "properties": { "変電所名": "西双葉", "空容量": 500, "一次側": 275, "二次側": 275.0, "Type": "SW", "Vsbl": null, "lon": 141.0355538, "lat": 42.74899291 }, "geometry": { "type": "Point", "coordinates": [ 141.0355538, 42.74899291 ] } },
{ "type": "Feature", "properties": { "変電所名": "双葉", "空容量": 100, "一次側": 187, "二次側": 187.0, "Type": "SW", "Vsbl": null, "lon": 141.0337685, "lat": 42.74336599 }, "geometry": { "type": "Point", "coordinates": [ 141.0337685, 42.74336599 ] } },
{ "type": "Feature", "properties": { "変電所名": "十勝豊頃", "空容量": 0, "一次側": 187, "二次側": 187.0, "Type": "SW", "Vsbl": null, "lon": 143.547941, "lat": 42.82313426 }, "geometry": { "type": "Point", "coordinates": [ 143.547941, 42.82313426 ] } },
{ "type": "Feature", "properties": { "変電所名": "飽別", "空容量": 0, "一次側": 66, "二次側": 66.0, "Type": "SW", "Vsbl": null, "lon": 144.0928527, "lat": 43.29116445 }, "geometry": { "type": "Point", "coordinates": [ 144.0928527, 43.29116445 ] } },
{ "type": "Feature", "properties": { "変電所名": "川北", "空容量": 0, "一次側": 66, "二次側": 66.0, "Type": "SW", "Vsbl": null, "lon": 145.0366161, "lat": 43.71177918 }, "geometry": { "type": "Point", "coordinates": [ 145.0366161, 43.71177918 ] } },
{ "type": "Feature", "properties": { "変電所名": "追分", "空容量": 100, "一次側": 187, "二次側": 187.0, "Type": "SW", "Vsbl": null, "lon": 141.7991421, "lat": 42.88194307 }, "geometry": { "type": "Point", "coordinates": [ 141.799142100000012, 42.88194307 ] } },
{ "type": "Feature", "properties": { "変電所名": "西室蘭", "空容量": 0, "一次側": 187, "二次側": 187.0, "Type": "SW", "Vsbl": null, "lon": 140.9945373, "lat": 42.40185569 }, "geometry": { "type": "Point", "coordinates": [ 140.9945373, 42.40185569 ] } },
{ "type": "Feature", "properties": { "変電所名": "有珠", "空容量": 0, "一次側": 66, "二次側": 66.0, "Type": "SW", "Vsbl": null, "lon": 140.9931781, "lat": 42.40135927 }, "geometry": { "type": "Point", "coordinates": [ 140.9931781, 42.40135927 ] } },
{ "type": "Feature", "properties": { "変電所名": "新冠", "空容量": 0, "一次側": 187, "二次側": 187.0, "Type": "SW", "Vsbl": null, "lon": 142.5477958, "lat": 42.59989314 }, "geometry": { "type": "Point", "coordinates": [ 142.547795799999989, 42.59989314 ] } },
{ "type": "Feature", "properties": { "変電所名": "岩清水", "空容量": 0, "一次側": 187, "二次側": 187.0, "Type": "SW", "Vsbl": null, "lon": 142.5179421, "lat": 42.51051026 }, "geometry": { "type": "Point", "coordinates": [ 142.5179421, 42.51051026 ] } },
{ "type": "Feature", "properties": { "変電所名": "五稜郭", "空容量": 0, "一次側": 66, "二次側": 66.0, "Type": "SW", "Vsbl": null, "lon": 140.729995, "lat": 41.82271147 }, "geometry": { "type": "Point", "coordinates": [ 140.729995, 41.82271147 ] } },
{ "type": "Feature", "properties": { "変電所名": "上八雲", "空容量": 0, "一次側": 187, "二次側": 187.0, "Type": "SW", "Vsbl": null, "lon": 140.2092993, "lat": 42.24043833 }, "geometry": { "type": "Point", "coordinates": [ 140.2092993, 42.24043833 ] } },
{ "type": "Feature", "properties": { "変電所名": "根室", "空容量": 0, "一次側": 66, "二次側": 6.6, "Type": "SS", "Vsbl": null, "lon": 145.5777589, "lat": 43.32106935 }, "geometry": { "type": "Point", "coordinates": [ 145.5777589, 43.32106935 ] } },
{ "type": "Feature", "properties": { "変電所名": "釧路中央", "空容量": 0, "一次側": 66, "二次側": 6.6, "Type": "SS", "Vsbl": null, "lon": 144.3752189, "lat": 42.98379899 }, "geometry": { "type": "Point", "coordinates": [ 144.3752189, 42.98379899 ] } },
{ "type": "Feature", "properties": { "変電所名": "苫小牧", "空容量": 300, "一次側": 187, "二次側": 66.0, "Type": "SS", "Vsbl": null, "lon": 141.5569241, "lat": 42.6348906 }, "geometry": { "type": "Point", "coordinates": [ 141.5569241, 42.6348906 ] } },
{ "type": "Feature", "properties": { "変電所名": "近文", "空容量": 0, "一次側": 66, "二次側": 6.6, "Type": "SS", "Vsbl": null, "lon": 142.3466155, "lat": 43.79882078 }, "geometry": { "type": "Point", "coordinates": [ 142.346615500000013, 43.79882078 ] } },
{ "type": "Feature", "properties": { "変電所名": "当麻", "空容量": 0, "一次側": 110, "二次側": 6.6, "Type": "SS", "Vsbl": null, "lon": 142.5215312, "lat": 43.84091933 }, "geometry": { "type": "Point", "coordinates": [ 142.5215312, 43.84091933 ] } },
{ "type": "Feature", "properties": { "変電所名": "桑園", "空容量": 0, "一次側": 66, "二次側": 6.6, "Type": "SS", "Vsbl": null, "lon": 141.3306725, "lat": 43.06364092 }, "geometry": { "type": "Point", "coordinates": [ 141.3306725, 43.06364092 ] } },
{ "type": "Feature", "properties": { "変電所名": "札幌中央", "空容量": 0, "一次側": 66, "二次側": 6.6, "Type": "SS", "Vsbl": null, "lon": 141.3628555, "lat": 43.06236772 }, "geometry": { "type": "Point", "coordinates": [ 141.3628555, 43.06236772 ] } },
{ "type": "Feature", "properties": { "変電所名": "瀬戸瀬", "空容量": 0, "一次側": 66, "二次側": 66.0, "Type": "SW", "Vsbl": null, "lon": 143.4086281, "lat": 44.0055301 }, "geometry": { "type": "Point", "coordinates": [ 143.408628099999987, 44.0055301 ] } },
{ "type": "Feature", "properties": { "変電所名": "尻苗", "空容量": 0, "一次側": 22, "二次側": 6.6, "Type": "SS", "Vsbl": null, "lon": 141.3786585, "lat": 43.49295292 }, "geometry": { "type": "Point", "coordinates": [ 141.3786585, 43.49295292 ] } },
{ "type": "Feature", "properties": { "変電所名": "北静内", "空容量": 0, "一次側": 187, "二次側": 66.0, "Type": "SS", "Vsbl": null, "lon": 142.5653793, "lat": 42.41119645 }, "geometry": { "type": "Point", "coordinates": [ 142.565379299999989, 42.41119645 ] } },
{ "type": "Feature", "properties": { "変電所名": "双川", "空容量": 0, "一次側": 66, "二次側": 66.0, "Type": "SW", "Vsbl": null, "lon": 142.5458137, "lat": 42.41890187 }, "geometry": { "type": "Point", "coordinates": [ 142.5458137, 42.41890187 ] } },
{ "type": "Feature", "properties": { "変電所名": "農屋", "空容量": 0, "一次側": 66, "二次側": 66.0, "Type": "SW", "Vsbl": null, "lon": 142.4566967, "lat": 42.502215 }, "geometry": { "type": "Point", "coordinates": [ 142.4566967, 42.502215 ] } },
{ "type": "Feature", "properties": { "変電所名": "春別", "空容量": 0, "一次側": 187, "二次側": 187.0, "Type": "SW", "Vsbl": null, "lon": 142.5777123, "lat": 42.47621768 }, "geometry": { "type": "Point", "coordinates": [ 142.5777123, 42.47621768 ] } },
{ "type": "Feature", "properties": { "変電所名": "西伊達", "空容量": 0, "一次側": 187, "二次側": 66.0, "Type": "SS", "Vsbl": null, "lon": 140.8303098, "lat": 42.48350656 }, "geometry": { "type": "Point", "coordinates": [ 140.8303098, 42.48350656 ] } },
{ "type": "Feature", "properties": { "変電所名": "相沼内", "空容量": 0, "一次側": 33, "二次側": 33.0, "Type": "SW", "Vsbl": null, "lon": 140.1261624, "lat": 42.09067007 }, "geometry": { "type": "Point", "coordinates": [ 140.1261624, 42.09067007 ] } },
{ "type": "Feature", "properties": { "変電所名": "浜頓別", "空容量": 0, "一次側": 66, "二次側": 66.0, "Type": "SW", "Vsbl": null, "lon": 142.3895666, "lat": 45.0993214 }, "geometry": { "type": "Point", "coordinates": [ 142.3895666, 45.0993214 ] } },
{ "type": "Feature", "properties": { "変電所名": "勇払", "空容量": 0, "一次側": 66, "二次側": 6.6, "Type": "SS", "Vsbl": null, "lon": 141.6664969, "lat": 42.6595854 }, "geometry": { "type": "Point", "coordinates": [ 141.6664969, 42.6595854 ] } },
{ "type": "Feature", "properties": { "変電所名": "占冠", "空容量": 0, "一次側": 33, "二次側": 6.6, "Type": "SS", "Vsbl": null, "lon": 142.4133373, "lat": 42.97471672 }, "geometry": { "type": "Point", "coordinates": [ 142.4133373, 42.97471672 ] } },
{ "type": "Feature", "properties": { "変電所名": "作開", "空容量": 0, "一次側": 66, "二次側": 66.0, "Type": "SP", "Vsbl": null, "lon": 140.4498755, "lat": 42.63393585 }, "geometry": { "type": "Point", "coordinates": [ 140.4498755, 42.63393585 ] } },
{ "type": "Feature", "properties": { "変電所名": "島牧", "空容量": 0, "一次側": 66, "二次側": 33.0, "Type": "DP", "Vsbl": null, "lon": 140.1604261, "lat": 42.74516787 }, "geometry": { "type": "Point", "coordinates": [ 140.1604261, 42.74516787 ] } },
{ "type": "Feature", "properties": { "変電所名": "南千歳", "空容量": 0, "一次側": 187, "二次側": 66.0, "Type": "SS", "Vsbl": true, "lon": 141.7141451, "lat": 42.78678842 }, "geometry": { "type": "Point", "coordinates": [ 141.7141451, 42.78678842 ] } },
{ "type": "Feature", "properties": { "変電所名": "臨空苫東", "空容量": 500, "一次側": 275, "二次側": 66.0, "Type": "SS", "Vsbl": true, "lon": 141.7573676, "lat": 42.70227762 }, "geometry": { "type": "Point", "coordinates": [ 141.7573676, 42.70227762 ] } },
{ "type": "Feature", "properties": { "変電所名": "東石狩", "空容量": 500, "一次側": 275, "二次側": 66.0, "Type": "SS", "Vsbl": true, "lon": 141.3169096, "lat": 43.18213576 }, "geometry": { "type": "Point", "coordinates": [ 141.3169096, 43.18213576 ] } }
]
}
