{
"type": "FeatureCollection",
"name": "qgis_kogyo_danchi1",
"features": [
{ "type": "Feature", "properties": { "L05_001": "0155700", "L05_002": "函館臨空", "L05_003": "01202", "L05_004": "函館市", "L05_005": "2", "L05_006": "空港から車で約15分の小高い丘にあり、首都圏とのアクセスに優れているほか、函館市街地を見下ろす景観と自然環境にも恵まれています。工業立地法で定める「工業団地の特例」が適用され、緑地や環境施設の確保が免除されます。", "L05_007": null, "L05_008": "函館市", "L05_009": "2003", "L05_010": "56.9", "L05_011": "27.3", "L05_012": "6", "L05_013": "2", "L05_014": "999", "L05_015": "函館エヌ・デー・ケー㈱,㈱函館セコニック,㈱函館カール・レイモン,江戸製版印刷㈱,タカノ㈱,㈱メデック,㈱浅井ゲルマニウム研究所,㈱CAC,日新電子工業㈱,㈱インテリジェントウェイブ" }, "geometry": { "type": "MultiPolygon", "coordinates": [ [ [ [ 140.81540628, 41.8072466 ], [ 140.81386375, 41.80823932 ], [ 140.81106123, 41.81013312 ], [ 140.810855049999986, 41.81017894 ], [ 140.80903761, 41.81125566 ], [ 140.807601979999987, 41.81214911 ], [ 140.8072278, 41.81237819 ], [ 140.80740344, 41.8128211 ], [ 140.80738817, 41.81321055 ], [ 140.80734999, 41.81357709 ], [ 140.80725759, 41.81380107 ], [ 140.80697601, 41.81430151 ], [ 140.80683523, 41.81467026 ], [ 140.80681544, 41.81492872 ], [ 140.80696817, 41.81524944 ], [ 140.80722239, 41.81559213 ], [ 140.80760956, 41.81553945 ], [ 140.80813751, 41.81524972 ], [ 140.80818234, 41.8155778 ], [ 140.80860234, 41.81595198 ], [ 140.807922710000014, 41.81650943 ], [ 140.808487789999987, 41.81718906 ], [ 140.80883906, 41.81757088 ], [ 140.809480509999986, 41.81801378 ], [ 140.8119394, 41.81624216 ], [ 140.812458670000012, 41.81670034 ], [ 140.81294739, 41.81705925 ], [ 140.81354302, 41.81750215 ], [ 140.81414629, 41.81784578 ], [ 140.81514665, 41.81834978 ], [ 140.81597137, 41.81870869 ], [ 140.818216439999986, 41.81700579 ], [ 140.818170619999989, 41.81660107 ], [ 140.81799498, 41.81637962 ], [ 140.81759026, 41.81602835 ], [ 140.81760553, 41.81562362 ], [ 140.81728481, 41.81541744 ], [ 140.81662809, 41.81527235 ], [ 140.816206, 41.814418 ], [ 140.81591028, 41.81377564 ], [ 140.816834269999987, 41.81314183 ], [ 140.81613936, 41.81257674 ], [ 140.815897, 41.812487 ], [ 140.81542919, 41.81227129 ], [ 140.81507792, 41.81162984 ], [ 140.81544446, 41.81104948 ], [ 140.81546737, 41.81074403 ], [ 140.81529174, 41.81040039 ], [ 140.81535283, 41.80970549 ], [ 140.815979, 41.80904113 ], [ 140.81599427, 41.80876623 ], [ 140.815398640000012, 41.80835387 ], [ 140.81542919, 41.80818587 ], [ 140.81576519, 41.8077506 ], [ 140.81570409, 41.80747569 ], [ 140.81540628, 41.8072466 ] ] ] ] } },
{ "type": "Feature", "properties": { "L05_001": "0110800", "L05_002": "港地区臨海", "L05_003": "01202", "L05_004": "函館市", "L05_005": "1", "L05_006": "分譲中分譲予定ではない", "L05_007": null, "L05_008": "市", "L05_009": null, "L05_010": "30.8", "L05_011": "24", "L05_012": "0", "L05_013": null, "L05_014": "999", "L05_015": null }, "geometry": { "type": "MultiPolygon", "coordinates": [ [ [ [ 140.71569029, 41.79924875 ], [ 140.715487239999987, 41.79958716 ], [ 140.714640440000011, 41.80077606 ], [ 140.716052569999988, 41.8013493 ], [ 140.716520949999989, 41.80167786 ], [ 140.71813581, 41.80297814 ], [ 140.715744980000011, 41.80511731 ], [ 140.71673091, 41.80604238 ], [ 140.714751189999987, 41.80744679 ], [ 140.712940690000011, 41.80865661 ], [ 140.711917809999989, 41.80754231 ], [ 140.71164626, 41.80732834 ], [ 140.71118095, 41.8073368 ], [ 140.71092714, 41.80705761 ], [ 140.709852680000012, 41.80759907 ], [ 140.70998997, 41.80782234 ], [ 140.70975961, 41.80793749 ], [ 140.70990344, 41.80820822 ], [ 140.71011495, 41.80851279 ], [ 140.711195909999986, 41.80986836 ], [ 140.711654720000013, 41.81037405 ], [ 140.71148552, 41.81054326 ], [ 140.711085, 41.810119 ], [ 140.71058872, 41.80944342 ], [ 140.70977654, 41.80847048 ], [ 140.70951426, 41.80866507 ], [ 140.7082556, 41.80928572 ], [ 140.70815216, 41.80920653 ], [ 140.70662962, 41.80986836 ], [ 140.70643471, 41.80971415 ], [ 140.706282429999987, 41.80976491 ], [ 140.70638395, 41.80998488 ], [ 140.70538564, 41.81039943 ], [ 140.70537718, 41.81162618 ], [ 140.70389662, 41.81223532 ], [ 140.70462421, 41.81301367 ], [ 140.70339746, 41.81423195 ], [ 140.70273756, 41.814968 ], [ 140.702213019999988, 41.81532333 ], [ 140.70094398, 41.81623705 ], [ 140.69975953, 41.81689695 ], [ 140.697026849999986, 41.81791219 ], [ 140.69409959, 41.81902049 ], [ 140.69285592, 41.81925738 ], [ 140.68903187, 41.82012879 ], [ 140.687568230000011, 41.82036568 ], [ 140.68600308, 41.82061948 ], [ 140.68502168, 41.82075485 ], [ 140.68289814, 41.82119478 ], [ 140.682686639999986, 41.82141475 ], [ 140.6827374, 41.82188007 ], [ 140.682881220000013, 41.82252305 ], [ 140.683693, 41.822324 ], [ 140.685461620000012, 41.82187161 ], [ 140.687635910000012, 41.82149936 ], [ 140.69058856, 41.82082253 ], [ 140.694461, 41.819942 ], [ 140.69717068, 41.81910509 ], [ 140.699452, 41.818266 ], [ 140.7014939, 41.81726074 ], [ 140.705165670000014, 41.81548408 ], [ 140.70832335, 41.8139062 ], [ 140.710605640000011, 41.81267526 ], [ 140.71209466, 41.81182923 ], [ 140.71417589, 41.81060248 ], [ 140.715800269999988, 41.80958725 ], [ 140.71668014, 41.80896964 ], [ 140.718159, 41.807531 ], [ 140.71922, 41.806531 ], [ 140.720673409999989, 41.80506098 ], [ 140.722018600000013, 41.80378348 ], [ 140.722771560000012, 41.80302205 ], [ 140.72335533, 41.80227754 ], [ 140.72415059, 41.80110156 ], [ 140.725233, 41.799444 ], [ 140.72602032, 41.7983435 ], [ 140.72675637, 41.79730288 ], [ 140.72773776, 41.7957208 ], [ 140.72878684, 41.7938257 ], [ 140.72895605, 41.79355497 ], [ 140.729281, 41.792473 ], [ 140.729988209999988, 41.7900524 ], [ 140.73021663, 41.78977321 ], [ 140.72995436, 41.78873259 ], [ 140.72725553, 41.78852955 ], [ 140.72669715, 41.79080537 ], [ 140.72624875, 41.79146527 ], [ 140.72562602, 41.7924739 ], [ 140.7268066, 41.79284181 ], [ 140.726830260000014, 41.79296931 ], [ 140.72670069, 41.79296931 ], [ 140.72554980000001, 41.79261109 ], [ 140.72534402, 41.79290072 ], [ 140.7250239, 41.79283212 ], [ 140.72458946, 41.79356381 ], [ 140.72573273, 41.79395252 ], [ 140.7256184, 41.7940516 ], [ 140.724551350000013, 41.79372387 ], [ 140.72444671, 41.7938257 ], [ 140.72459053, 41.7939103 ], [ 140.723761419999988, 41.79518781 ], [ 140.72236547, 41.79464635 ], [ 140.72212012, 41.79495092 ], [ 140.71963279, 41.793868 ], [ 140.71849911000001, 41.79549238 ], [ 140.71992198, 41.79612133 ], [ 140.7193959, 41.79898648 ], [ 140.71854141, 41.79965485 ], [ 140.71795726, 41.79906164 ], [ 140.71742881, 41.79930554 ], [ 140.718296, 41.80044372 ], [ 140.71749656, 41.80089086 ], [ 140.71669706, 41.80010324 ], [ 140.71673091, 41.80001864 ], [ 140.71626559, 41.79961255 ], [ 140.71613022, 41.79966331 ], [ 140.71569029, 41.79924875 ] ] ] ] } },
{ "type": "Feature", "properties": { "L05_001": "0152700", "L05_002": "香川工業用地", "L05_003": "01205", "L05_004": "室蘭市", "L05_005": "2", "L05_006": null, "L05_007": null, "L05_008": "㈱室蘭振興公社、室蘭市", "L05_009": null, "L05_010": "13.3", "L05_011": "9.8", "L05_012": "2.9", "L05_013": null, "L05_014": "999", "L05_015": "㈱キメラ,北海道マイヒックス㈱,㈱ホクト,㈱大脇,マトラスターテクノクラシー㈱,室蘭ヒート㈱" }, "geometry": { "type": "MultiPolygon", "coordinates": [ [ [ [ 140.97852122, 42.39185973 ], [ 140.979925580000014, 42.39212761 ], [ 140.9800717, 42.39144166 ], [ 140.98016912, 42.3909546 ], [ 140.9807333, 42.39100737 ], [ 140.98117571, 42.39105607 ], [ 140.981577539999989, 42.39103172 ], [ 140.981829190000013, 42.39100737 ], [ 140.98165948, 42.39038907 ], [ 140.98148448, 42.39015207 ], [ 140.98113107, 42.3900373 ], [ 140.9811676, 42.38982218 ], [ 140.98148013, 42.38995206 ], [ 140.98172772, 42.3901063 ], [ 140.98237248, 42.38921307 ], [ 140.98227161, 42.38853958 ], [ 140.98210519, 42.38746804 ], [ 140.98191848, 42.38726104 ], [ 140.981463889999986, 42.3870378 ], [ 140.98069271, 42.38746398 ], [ 140.98012853, 42.38735033 ], [ 140.97960088, 42.38722857 ], [ 140.97933705, 42.38727727 ], [ 140.97907322, 42.38804034 ], [ 140.97876389000001, 42.38931008 ], [ 140.97862269, 42.3905203 ], [ 140.97852122, 42.39185973 ] ] ] ] } },
{ "type": "Feature", "properties": { "L05_001": "0110400", "L05_002": "祝津臨海", "L05_003": "01205", "L05_004": "室蘭市", "L05_005": "1", "L05_006": null, "L05_007": null, "L05_008": "苫小牧港開発㈱、市", "L05_009": "1981", "L05_010": "80.4", "L05_011": "69.5", "L05_012": "69.5", "L05_013": null, "L05_014": "999", "L05_015": null }, "geometry": { "type": "MultiPolygon", "coordinates": [ [ [ [ 140.95928803000001, 42.3374421 ], [ 140.95755537, 42.33642795 ], [ 140.95673338, 42.33703612 ], [ 140.956051339999988, 42.33756613 ], [ 140.95519166, 42.33823975 ], [ 140.95397451, 42.33861166 ], [ 140.95364317, 42.33877394 ], [ 140.95287575, 42.33929809 ], [ 140.95225697, 42.33971385 ], [ 140.952710020000012, 42.34013986 ], [ 140.95341456, 42.34227599 ], [ 140.95287606, 42.34240549 ], [ 140.953163069999988, 42.34329769 ], [ 140.95336593, 42.34339912 ], [ 140.954231459999988, 42.34304749 ], [ 140.95463042, 42.34422407 ], [ 140.95644938, 42.34388598 ], [ 140.95588874, 42.34219 ], [ 140.955662819999986, 42.34213768 ], [ 140.95529932, 42.34160058 ], [ 140.95587462, 42.34104596 ], [ 140.95404213, 42.33964623 ], [ 140.95429908, 42.33942309 ], [ 140.95513195, 42.34002907 ], [ 140.95605043, 42.34077548 ], [ 140.95688891, 42.33994376 ], [ 140.957592150000011, 42.3408431 ], [ 140.958449879999989, 42.34153321 ], [ 140.959762289999986, 42.34258633 ], [ 140.959902949999986, 42.34245369 ], [ 140.96006703, 42.34245921 ], [ 140.96144755, 42.34107214 ], [ 140.96136532, 42.34101215 ], [ 140.961549170000012, 42.34080792 ], [ 140.960790550000013, 42.34037653 ], [ 140.960770270000012, 42.34026833 ], [ 140.95922178, 42.33980852 ], [ 140.95910004000001, 42.33986282 ], [ 140.958032769999988, 42.33953707 ], [ 140.95828705, 42.33900918 ], [ 140.9581143, 42.33894821 ], [ 140.95830892, 42.3387469 ], [ 140.958449879999989, 42.3388342 ], [ 140.958734920000012, 42.33856432 ], [ 140.95833597, 42.33829384 ], [ 140.95853882, 42.33808422 ], [ 140.959086539999987, 42.33836146 ], [ 140.9591474, 42.3382668 ], [ 140.95887647, 42.33809619 ], [ 140.9590054, 42.33791518 ], [ 140.95944556, 42.3381962 ], [ 140.95965897, 42.33802344 ], [ 140.95952351, 42.33791343 ], [ 140.95971995, 42.33768808 ], [ 140.95928803000001, 42.3374421 ] ] ] ] } },
{ "type": "Feature", "properties": { "L05_001": "0110500", "L05_002": "崎守埠頭関連", "L05_003": "01205", "L05_004": "室蘭市", "L05_005": "2", "L05_006": null, "L05_007": null, "L05_008": "苫小牧港開発㈱、市", "L05_009": "1976", "L05_010": "49.6", "L05_011": "32.3", "L05_012": "12.2", "L05_013": null, "L05_014": "4", "L05_015": "日本製紙,楢崎製作所" }, "geometry": { "type": "MultiPolygon", "coordinates": [ [ [ [ 140.92402844, 42.36932522 ], [ 140.921867889999987, 42.37015733 ], [ 140.9209409, 42.37015003 ], [ 140.91941538, 42.37012083 ], [ 140.9192986, 42.37309158 ], [ 140.92157081, 42.37336985 ], [ 140.92325981, 42.37354285 ], [ 140.92442381, 42.37356385 ], [ 140.924802809999989, 42.37343485 ], [ 140.925597759999988, 42.37298209 ], [ 140.92637876, 42.37249305 ], [ 140.92402844, 42.36932522 ] ] ] ] } },
{ "type": "Feature", "properties": { "L05_001": "0110600", "L05_002": "陣屋", "L05_003": "01205", "L05_004": "室蘭市", "L05_005": "1", "L05_006": null, "L05_007": null, "L05_008": "苫小牧港開発㈱、市", "L05_009": "1971", "L05_010": "61.1", "L05_011": "52.7", "L05_012": "0", "L05_013": null, "L05_014": "1", "L05_015": null }, "geometry": { "type": "MultiPolygon", "coordinates": [ [ [ [ 140.95385522, 42.3600824 ], [ 140.952470369999986, 42.36025848 ], [ 140.9515757, 42.36052974 ], [ 140.9507524, 42.36070582 ], [ 140.95010994, 42.36087562 ], [ 140.94900789, 42.36112855 ], [ 140.94686912, 42.36263794 ], [ 140.946693040000014, 42.36255228 ], [ 140.946507450000013, 42.36268553 ], [ 140.946617589999988, 42.36280781 ], [ 140.944765679999989, 42.36410369 ], [ 140.94178659, 42.36436067 ], [ 140.941710449999988, 42.3661072 ], [ 140.94122504, 42.36621189 ], [ 140.94063018, 42.36723982 ], [ 140.94090144, 42.36849617 ], [ 140.94225735, 42.36840417 ], [ 140.942272, 42.36879257 ], [ 140.942709830000013, 42.36851045 ], [ 140.94320475, 42.36831534 ], [ 140.943723479999989, 42.36819636 ], [ 140.94420413, 42.36813925 ], [ 140.94465623, 42.36813925 ], [ 140.94505597, 42.36817733 ], [ 140.94558421, 42.36817733 ], [ 140.94613149, 42.36812974 ], [ 140.94659311, 42.36805359 ], [ 140.94744971, 42.36791083 ], [ 140.94791609, 42.36776806 ], [ 140.94831584, 42.36754915 ], [ 140.948953530000011, 42.36715416 ], [ 140.94947701000001, 42.36679724 ], [ 140.950128979999988, 42.36634038 ], [ 140.950352650000013, 42.36614051 ], [ 140.95042404, 42.36600726 ], [ 140.9504859, 42.36565986 ], [ 140.95045735, 42.36506975 ], [ 140.9504288, 42.36452723 ], [ 140.95044783, 42.36407989 ], [ 140.95051922, 42.36369442 ], [ 140.95060964000001, 42.3634422 ], [ 140.950852340000012, 42.36302341 ], [ 140.951071250000012, 42.3627474 ], [ 140.951347270000014, 42.36250469 ], [ 140.95176605, 42.36223819 ], [ 140.952227670000013, 42.36201452 ], [ 140.95254176, 42.36188127 ], [ 140.95292723, 42.36158622 ], [ 140.95325084000001, 42.36144345 ], [ 140.95353687, 42.36134811 ], [ 140.95373149, 42.36129593 ], [ 140.953902809999988, 42.36121978 ], [ 140.95453099, 42.36109129 ], [ 140.95503543, 42.36102467 ], [ 140.95577307, 42.36097708 ], [ 140.95607288, 42.36101515 ], [ 140.956329860000011, 42.3611246 ], [ 140.9565517, 42.36111906 ], [ 140.95678672, 42.36111985 ], [ 140.95723406, 42.3611246 ], [ 140.95824771, 42.36121502 ], [ 140.958942510000014, 42.36131496 ], [ 140.95939937, 42.36142442 ], [ 140.96014176, 42.36166236 ], [ 140.96079849, 42.36197645 ], [ 140.96119348, 42.36217157 ], [ 140.96164558000001, 42.36233813 ], [ 140.96213099, 42.36244283 ], [ 140.9625926, 42.36252849 ], [ 140.96303518, 42.36256656 ], [ 140.96344921, 42.36256656 ], [ 140.96402028, 42.36251897 ], [ 140.964539, 42.36236668 ], [ 140.96566687, 42.36206211 ], [ 140.967204, 42.36162429 ], [ 140.967860730000012, 42.36145297 ], [ 140.96834614, 42.3613102 ], [ 140.9685936, 42.36119599 ], [ 140.968408, 42.36046311 ], [ 140.96767989, 42.35845485 ], [ 140.96713261, 42.35849768 ], [ 140.96421539, 42.35886412 ], [ 140.9617931, 42.35913062 ], [ 140.96176931, 42.35897833 ], [ 140.961555159999989, 42.35899737 ], [ 140.961559920000013, 42.35915441 ], [ 140.95980863, 42.35938284 ], [ 140.95719598, 42.35967789 ], [ 140.95630863, 42.35978207 ], [ 140.95385522, 42.3600824 ] ] ] ] } },
{ "type": "Feature", "properties": { "L05_001": "0156000", "L05_002": "野田生", "L05_003": "01346", "L05_004": "八雲町", "L05_005": "2", "L05_006": null, "L05_007": null, "L05_008": "八雲町", "L05_009": "1984", "L05_010": "31.1", "L05_011": "29.3", "L05_012": "2.7", "L05_013": null, "L05_014": "999", "L05_015": "リサイクルセンターうかい,㈲北栄,ヤマキ船舶化工㈱" }, "geometry": { "type": "MultiPolygon", "coordinates": [ [ [ [ 140.37222398, 42.22172986 ], [ 140.37238168, 42.22196641 ], [ 140.37268991, 42.22226748 ], [ 140.37295513, 42.22311332 ], [ 140.37360744, 42.22329969 ], [ 140.37417688, 42.22349497 ], [ 140.37540665, 42.22383731 ], [ 140.376190939999987, 42.22397721 ], [ 140.37717719, 42.22386598 ], [ 140.37885454, 42.22353624 ], [ 140.37970038, 42.22332837 ], [ 140.38020215, 42.22329252 ], [ 140.380044450000014, 42.22276208 ], [ 140.37971472000001, 42.22245385 ], [ 140.381986070000011, 42.22183174 ], [ 140.38176482, 42.22136429 ], [ 140.381119680000012, 42.22152916 ], [ 140.38064658, 42.22070481 ], [ 140.381256830000012, 42.22050224 ], [ 140.380625079999987, 42.21942888 ], [ 140.38009463, 42.21854003 ], [ 140.37790834, 42.21938587 ], [ 140.37820223, 42.21989481 ], [ 140.37739223, 42.22024605 ], [ 140.37703009, 42.21971751 ], [ 140.37455363, 42.22069765 ], [ 140.37274009, 42.22137146 ], [ 140.37219531, 42.22150048 ], [ 140.37222398, 42.22172986 ] ] ] ] } },
{ "type": "Feature", "properties": { "L05_001": "0152500", "L05_002": "石山", "L05_003": "01578", "L05_004": "白老町", "L05_005": "2", "L05_006": null, "L05_007": null, "L05_008": "白老町", "L05_009": null, "L05_010": "62", "L05_011": "42", "L05_012": "11.9", "L05_013": "1", "L05_014": "999", "L05_015": "大島工業㈱,㈱田湯建具製作所,㈲塚原鉄工所,ライラックフーズ㈱,㈱ダイエットクック白老,日光精密工業㈱,エンヂンメンテナンス㈱,㈱東日本ウッドワークス北海道,㈱デリカランド,㈱エフビーエス" }, "geometry": { "type": "MultiPolygon", "coordinates": [ [ [ [ 141.33419242, 42.53895784 ], [ 141.333102270000012, 42.53996925 ], [ 141.33275706, 42.54048404 ], [ 141.33229072, 42.54112602 ], [ 141.33170931, 42.5407263 ], [ 141.33153367, 42.54088376 ], [ 141.330104369999987, 42.54217377 ], [ 141.3296138, 42.54305195 ], [ 141.32914746, 42.54404519 ], [ 141.33027395, 42.54445097 ], [ 141.32979549, 42.54532914 ], [ 141.3348344, 42.54714606 ], [ 141.335960879999988, 42.54620732 ], [ 141.33715399, 42.54681901 ], [ 141.33852273, 42.54730958 ], [ 141.33921921000001, 42.54644352 ], [ 141.33979457, 42.54579548 ], [ 141.34084232, 42.54640112 ], [ 141.34170735, 42.545309 ], [ 141.34288937, 42.54437224 ], [ 141.33419242, 42.53895784 ] ] ] ] } },
{ "type": "Feature", "properties": { "L05_001": "0152600", "L05_002": "石山特別工業地区", "L05_003": "01578", "L05_004": "白老町", "L05_005": "2", "L05_006": null, "L05_007": null, "L05_008": "白老町", "L05_009": null, "L05_010": "11.2", "L05_011": "8.1", "L05_012": "1.9", "L05_013": "2", "L05_014": "999", "L05_015": "㈱テクノス,北海道産業㈱,セイコーグロッサリー㈱,㈱置戸製箸工場,北海工機㈱,㈱山珍,トヨタカローラ室蘭,㈲太陽設備,㈱ファンケルタイヤショップタケウラ" }, "geometry": { "type": "MultiPolygon", "coordinates": [ [ [ [ 141.3261973, 42.53223092 ], [ 141.32576606, 42.53249899 ], [ 141.32415763, 42.53126353 ], [ 141.323353419999989, 42.53181133 ], [ 141.333231250000011, 42.53801193 ], [ 141.33367415, 42.53767393 ], [ 141.33324291, 42.53742917 ], [ 141.33338914, 42.53719048 ], [ 141.33376157, 42.53669489 ], [ 141.33407043, 42.53629278 ], [ 141.33393057, 42.53584988 ], [ 141.33336219, 42.5353174 ], [ 141.33232797, 42.53532539 ], [ 141.33140119, 42.53473556 ], [ 141.330346569999989, 42.53400835 ], [ 141.32966474, 42.53367035 ], [ 141.3285167, 42.53270296 ], [ 141.32778339, 42.53208331 ], [ 141.32713657, 42.53163863 ], [ 141.3261973, 42.53223092 ] ] ] ] } },
{ "type": "Feature", "properties": { "L05_001": "0152400", "L05_002": "沼ノ端南", "L05_003": "01213", "L05_004": "苫小牧市", "L05_005": "2", "L05_006": null, "L05_007": null, "L05_008": "苫小牧市", "L05_009": "1992", "L05_010": "30.1", "L05_011": "21.4", "L05_012": "0.8", "L05_013": "2", "L05_014": "999", "L05_015": "大同舗道㈱,北海道エアウォーターエンジニアリング㈱,越智建設㈱" }, "geometry": { "type": "MultiPolygon", "coordinates": [ [ [ [ 141.712820240000013, 42.6564977 ], [ 141.70902204, 42.66013765 ], [ 141.71300223, 42.66244031 ], [ 141.71380144, 42.66270934 ], [ 141.71615157, 42.66350064 ], [ 141.71699826, 42.66264604 ], [ 141.71756799, 42.66205257 ], [ 141.71814563, 42.66149075 ], [ 141.714489859999986, 42.65683796 ], [ 141.712820240000013, 42.6564977 ] ] ] ] } },
{ "type": "Feature", "properties": { "L05_001": "0151800", "L05_002": "苫小牧東部地域", "L05_003": "01213", "L05_004": "苫小牧市", "L05_005": "1", "L05_006": "北海道における交通の要衝に位置する、日本最大の複合開発地域です。緑豊かなインダストリアルパークを開発理念とした臨空・臨海型工業用地は製造業をはじめ、研究開発、住宅、レジャー機能など、多様なニーズに対応が可能です。", "L05_007": null, "L05_008": "㈱苫東（第三セクター）", "L05_009": null, "L05_010": "10700", "L05_011": "5500", "L05_012": "4471.8", "L05_013": "1,2,4", "L05_014": "999", "L05_015": "アイシン北海道㈱,いすゞエンジン製造北海道㈱,光生アルミ北海道㈱,㈱サニックスエナジー,明和工業㈱,㈱ダイナックス,西田鉄工㈱,㈱日邦バルブ,日北酸素㈱,明円工業㈱" }, "geometry": { "type": "MultiPolygon", "coordinates": [ [ [ [ 141.802980600000012, 42.60395599 ], [ 141.80091084, 42.60166087 ], [ 141.78157735, 42.60672806 ], [ 141.78287416, 42.60997602 ], [ 141.782588620000013, 42.6100593 ], [ 141.78377835, 42.61296225 ], [ 141.78515844, 42.61268861 ], [ 141.78546777, 42.61336676 ], [ 141.78662861, 42.61311673 ], [ 141.78716664, 42.61463004 ], [ 141.78727616, 42.6149253 ], [ 141.78690734, 42.61503238 ], [ 141.78631621, 42.61545579 ], [ 141.78581279, 42.61559155 ], [ 141.785027570000011, 42.61550827 ], [ 141.78441691, 42.615789 ], [ 141.78392112, 42.61601985 ], [ 141.78300503, 42.6162459 ], [ 141.78211273, 42.61629349 ], [ 141.78131561, 42.61635298 ], [ 141.78038762, 42.61655523 ], [ 141.77945207, 42.61675531 ], [ 141.77857923, 42.61680508 ], [ 141.77809144, 42.61673369 ], [ 141.77753227, 42.61525843 ], [ 141.77630685, 42.61584139 ], [ 141.773082679999987, 42.61717389 ], [ 141.77142895, 42.61782824 ], [ 141.76875206, 42.61878003 ], [ 141.76232751, 42.61989838 ], [ 141.75842229, 42.62062139 ], [ 141.756390759999988, 42.62099293 ], [ 141.75351161, 42.62152831 ], [ 141.75153666, 42.62186143 ], [ 141.74645651, 42.62238491 ], [ 141.744698199999988, 42.62235325 ], [ 141.7442912, 42.62248009 ], [ 141.74326539, 42.62248653 ], [ 141.74239953, 42.62261096 ], [ 141.74140015, 42.62281321 ], [ 141.74049975, 42.62291971 ], [ 141.73863064, 42.62309048 ], [ 141.73878059, 42.62355906 ], [ 141.739311289999989, 42.62388263 ], [ 141.73954322, 42.62395395 ], [ 141.74024255, 42.62554582 ], [ 141.74046747, 42.62633303 ], [ 141.74039249, 42.62693281 ], [ 141.74005512, 42.62772002 ], [ 141.7398302, 42.62822609 ], [ 141.739773969999987, 42.62873215 ], [ 141.74037375, 42.62974428 ], [ 141.740411239999986, 42.63088761 ], [ 141.74089856, 42.63212465 ], [ 141.74050495, 42.63285563 ], [ 141.73992392, 42.63416765 ], [ 141.73767822, 42.63431233 ], [ 141.735578550000014, 42.64299918 ], [ 141.7357844, 42.64374024 ], [ 141.73568834, 42.64439895 ], [ 141.73533153, 42.64523607 ], [ 141.73494728, 42.64551054 ], [ 141.73314953, 42.65090379 ], [ 141.73136550000001, 42.65533642 ], [ 141.72963637, 42.65884958 ], [ 141.72838755, 42.66105903 ], [ 141.726493729999987, 42.66420166 ], [ 141.723515780000014, 42.66819514 ], [ 141.72000262, 42.67262777 ], [ 141.717779439999987, 42.67545476 ], [ 141.71588563, 42.67780145 ], [ 141.71458191, 42.67955803 ], [ 141.716213900000014, 42.68074425 ], [ 141.727084889999986, 42.68859761 ], [ 141.73782469, 42.69639474 ], [ 141.74146085000001, 42.69900003 ], [ 141.74272919, 42.70219626 ], [ 141.744594760000012, 42.70708695 ], [ 141.74525347, 42.70821226 ], [ 141.74942535, 42.71165681 ], [ 141.757590709999988, 42.71814793 ], [ 141.76130973, 42.7216062 ], [ 141.764150449999988, 42.72398033 ], [ 141.76568746, 42.7252017 ], [ 141.77253538, 42.72435085 ], [ 141.77338622, 42.7241999 ], [ 141.77417857, 42.72469135 ], [ 141.776624919999989, 42.72282757 ], [ 141.77835405, 42.72447436 ], [ 141.779520530000013, 42.72528404 ], [ 141.78215541, 42.72764445 ], [ 141.782841569999988, 42.72816593 ], [ 141.78661548, 42.72518798 ], [ 141.78826227, 42.72171598 ], [ 141.79139118, 42.7220179 ], [ 141.79161076, 42.72241587 ], [ 141.79253022, 42.72245704 ], [ 141.792722340000012, 42.722608 ], [ 141.79508275, 42.72292363 ], [ 141.79556306, 42.72293736 ], [ 141.79545328, 42.72233353 ], [ 141.796084549999989, 42.72216885 ], [ 141.79626295, 42.72251193 ], [ 141.79863708, 42.72286874 ], [ 141.7986508, 42.72269034 ], [ 141.800228980000014, 42.72208651 ], [ 141.801903220000014, 42.72185322 ], [ 141.8071318, 42.72262172 ], [ 141.80752977, 42.72212768 ], [ 141.80774935, 42.72141407 ], [ 141.80794147, 42.72041227 ], [ 141.80873742, 42.72083769 ], [ 141.809341249999989, 42.72185322 ], [ 141.81006858, 42.72211396 ], [ 141.81064496, 42.72270406 ], [ 141.810974320000014, 42.72289619 ], [ 141.81230548, 42.72307459 ], [ 141.81275835, 42.7227864 ], [ 141.813019090000012, 42.72183949 ], [ 141.81435025, 42.72192183 ], [ 141.81565396, 42.72011036 ], [ 141.816724380000011, 42.72015153 ], [ 141.81771246, 42.72027504 ], [ 141.81817905, 42.72057695 ], [ 141.818796600000013, 42.72070046 ], [ 141.81919457, 42.72093375 ], [ 141.819674889999987, 42.72098865 ], [ 141.82025127, 42.72148269 ], [ 141.82117073, 42.72159247 ], [ 141.82154126, 42.72151013 ], [ 141.82204902, 42.72152386 ], [ 141.82258423, 42.72149641 ], [ 141.82366837, 42.72134545 ], [ 141.82535633, 42.72131801 ], [ 141.826769829999989, 42.72122194 ], [ 141.82744227, 42.72163364 ], [ 141.82941842, 42.71823027 ], [ 141.82812844, 42.71823027 ], [ 141.82700313, 42.71787346 ], [ 141.82615228, 42.71761272 ], [ 141.82537005, 42.71746176 ], [ 141.8248074, 42.71725591 ], [ 141.82408006, 42.71720102 ], [ 141.823407620000012, 42.71688538 ], [ 141.82324294, 42.71687166 ], [ 141.82277635, 42.716954 ], [ 141.822131359999986, 42.71688538 ], [ 141.821705939999987, 42.71700889 ], [ 141.82118445, 42.71709123 ], [ 141.82067669, 42.71700889 ], [ 141.82018265, 42.716954 ], [ 141.82000226, 42.71688051 ], [ 141.81952393, 42.71676187 ], [ 141.81930436, 42.71676187 ], [ 141.818906379999987, 42.71678932 ], [ 141.818494679999986, 42.71674815 ], [ 141.81813788, 42.71650113 ], [ 141.8177948, 42.71619922 ], [ 141.817190970000013, 42.71559539 ], [ 141.816710660000012, 42.71523859 ], [ 141.81506386, 42.71603454 ], [ 141.81326611, 42.71497785 ], [ 141.81118017, 42.71591103 ], [ 141.80761211, 42.7153621 ], [ 141.806857330000014, 42.71496412 ], [ 141.80482629, 42.71375647 ], [ 141.80556734000001, 42.71191755 ], [ 141.8057183, 42.71183521 ], [ 141.80634957, 42.71202734 ], [ 141.808092429999988, 42.71282329 ], [ 141.81054121, 42.70928736 ], [ 141.810919430000013, 42.70866513 ], [ 141.81145464, 42.70792407 ], [ 141.812593670000012, 42.70914545 ], [ 141.813952269999987, 42.71079224 ], [ 141.81474823, 42.71179404 ], [ 141.81653225, 42.7109432 ], [ 141.81846724, 42.71006491 ], [ 141.82007286000001, 42.70928268 ], [ 141.82210391000001, 42.70799269 ], [ 141.82346252, 42.70707323 ], [ 141.82435124, 42.70641186 ], [ 141.82479919, 42.7061004 ], [ 141.82517793, 42.70626356 ], [ 141.82534261, 42.70659291 ], [ 141.82537005, 42.70726536 ], [ 141.82550729, 42.70874747 ], [ 141.82683845, 42.70880236 ], [ 141.8284578, 42.71014725 ], [ 141.829281189999989, 42.71079224 ], [ 141.8299948, 42.71142351 ], [ 141.830118309999989, 42.71161564 ], [ 141.83014576, 42.7121234 ], [ 141.8299948, 42.71285074 ], [ 141.83020065, 42.71328988 ], [ 141.830420229999987, 42.71400349 ], [ 141.83057118, 42.71441519 ], [ 141.83092799, 42.71479944 ], [ 141.83139458, 42.71500529 ], [ 141.831641600000012, 42.71523859 ], [ 141.83182, 42.71549933 ], [ 141.84591798, 42.71210249 ], [ 141.84460927, 42.70846191 ], [ 141.84347903, 42.70903298 ], [ 141.84243207, 42.70931852 ], [ 141.84143269, 42.70931852 ], [ 141.84046901, 42.70877124 ], [ 141.84002881, 42.70814068 ], [ 141.83979086, 42.70696285 ], [ 141.838850979999989, 42.70664162 ], [ 141.8378873, 42.70627281 ], [ 141.83706638000001, 42.7058564 ], [ 141.83623357, 42.70554707 ], [ 141.835686290000012, 42.70536861 ], [ 141.83571009, 42.70503549 ], [ 141.83593614, 42.70473806 ], [ 141.836578589999988, 42.70420268 ], [ 141.83703069, 42.70377437 ], [ 141.83716156, 42.70325089 ], [ 141.83736381, 42.70227531 ], [ 141.83731623, 42.70153768 ], [ 141.83709018, 42.70066918 ], [ 141.83678085, 42.69977688 ], [ 141.836554799999988, 42.69888458 ], [ 141.83547214, 42.69894407 ], [ 141.835305580000011, 42.6983492 ], [ 141.83515092, 42.69817074 ], [ 141.83454415, 42.69767106 ], [ 141.83236695, 42.6992296 ], [ 141.83246212, 42.69952704 ], [ 141.83242643, 42.69984826 ], [ 141.83223608, 42.69994344 ], [ 141.831986230000012, 42.69988396 ], [ 141.831462749999986, 42.69933668 ], [ 141.831105830000013, 42.69899166 ], [ 141.830760809999987, 42.69858715 ], [ 141.83121291, 42.69830161 ], [ 141.831998129999988, 42.697909 ], [ 141.83084409, 42.69727845 ], [ 141.831082040000013, 42.6961482 ], [ 141.83166501, 42.69619579 ], [ 141.83187916, 42.69543436 ], [ 141.83201003, 42.69464914 ], [ 141.83208141, 42.6943755 ], [ 141.83254541, 42.69430412 ], [ 141.83430621, 42.69419704 ], [ 141.834258620000014, 42.69364977 ], [ 141.83422293000001, 42.69267419 ], [ 141.834092059999989, 42.6921983 ], [ 141.834092059999989, 42.69176999 ], [ 141.83397308, 42.69142497 ], [ 141.83406826, 42.69104426 ], [ 141.83416344, 42.6904256 ], [ 141.83510333000001, 42.69038991 ], [ 141.83591234, 42.69056837 ], [ 141.83616419, 42.69052265 ], [ 141.836531, 42.69049698 ], [ 141.83699443, 42.69017203 ], [ 141.83725683, 42.69017203 ], [ 141.836936830000013, 42.68882063 ], [ 141.83631685, 42.68874808 ], [ 141.835139020000014, 42.68868859 ], [ 141.835139020000014, 42.68835547 ], [ 141.83468692, 42.68817701 ], [ 141.83456795, 42.68797475 ], [ 141.834603640000012, 42.68747507 ], [ 141.8343538, 42.68657087 ], [ 141.834139639999989, 42.68619016 ], [ 141.83405636, 42.68591652 ], [ 141.834258620000014, 42.68525027 ], [ 141.834092059999989, 42.68498853 ], [ 141.83424672000001, 42.68456023 ], [ 141.83438949, 42.68339429 ], [ 141.834448970000011, 42.6828946 ], [ 141.83449656, 42.68266856 ], [ 141.83505574, 42.68268045 ], [ 141.83519851, 42.68189523 ], [ 141.834794, 42.68185954 ], [ 141.83454415, 42.68133606 ], [ 141.83449656, 42.68103863 ], [ 141.83473451, 42.68077688 ], [ 141.83497602, 42.68054001 ], [ 141.83535317, 42.68017012 ], [ 141.83556732, 42.67957526 ], [ 141.835460250000011, 42.67926593 ], [ 141.83542455, 42.67889711 ], [ 141.83535317, 42.67843312 ], [ 141.83502005, 42.67462598 ], [ 141.83482969, 42.67400732 ], [ 141.83457159, 42.6735063 ], [ 141.834448970000011, 42.6731864 ], [ 141.83380652, 42.67311502 ], [ 141.833735139999987, 42.67240118 ], [ 141.83384221, 42.67198478 ], [ 141.83378273, 42.66971239 ], [ 141.83353288, 42.6692365 ], [ 141.833235449999989, 42.66876061 ], [ 141.83404447, 42.66864163 ], [ 141.83466313, 42.66852266 ], [ 141.83418723, 42.66777313 ], [ 141.83412775, 42.66738052 ], [ 141.83449656, 42.6661194 ], [ 141.83415154, 42.66608371 ], [ 141.83427051000001, 42.66542936 ], [ 141.8334734, 42.665703 ], [ 141.833021300000013, 42.66544126 ], [ 141.833056989999989, 42.66485829 ], [ 141.832688170000011, 42.66475121 ], [ 141.83209331, 42.66464414 ], [ 141.831783980000012, 42.66433481 ], [ 141.831629310000011, 42.66422773 ], [ 141.831141519999989, 42.66412066 ], [ 141.830760809999987, 42.66434671 ], [ 141.83052286, 42.66447758 ], [ 141.83045148, 42.66398979 ], [ 141.8303682, 42.66389461 ], [ 141.829928, 42.66376374 ], [ 141.8299161, 42.66345441 ], [ 141.83003507, 42.66272867 ], [ 141.83010646, 42.66243124 ], [ 141.83045148, 42.66240745 ], [ 141.83045148, 42.66206242 ], [ 141.830582349999986, 42.66175309 ], [ 141.83084409, 42.66158653 ], [ 141.8312248, 42.66114633 ], [ 141.83127239, 42.6608489 ], [ 141.83046338, 42.66072993 ], [ 141.83046338, 42.66051577 ], [ 141.83066563, 42.66046819 ], [ 141.830760809999987, 42.66014696 ], [ 141.83115342, 42.66017075 ], [ 141.831319979999989, 42.66012316 ], [ 141.83130809, 42.65987332 ], [ 141.831641209999987, 42.65976624 ], [ 141.83174829, 42.6599566 ], [ 141.831986230000012, 42.65980194 ], [ 141.83215279, 42.65942122 ], [ 141.83235505, 42.65917138 ], [ 141.832521609999986, 42.6590762 ], [ 141.83246212, 42.65890964 ], [ 141.83262869, 42.65879066 ], [ 141.83280715, 42.65883825 ], [ 141.833223550000014, 42.6586479 ], [ 141.832902319999988, 42.65837426 ], [ 141.83281904, 42.658172 ], [ 141.83294991, 42.65805303 ], [ 141.833235449999989, 42.65802924 ], [ 141.83369955, 42.65783516 ], [ 141.83405636, 42.65787457 ], [ 141.83433, 42.65808872 ], [ 141.834579850000011, 42.65811252 ], [ 141.83474641, 42.65795785 ], [ 141.83456795, 42.65751765 ], [ 141.834448970000011, 42.65722022 ], [ 141.83421103, 42.65639931 ], [ 141.83487728, 42.655971 ], [ 141.834603640000012, 42.65578065 ], [ 141.833925490000013, 42.65516199 ], [ 141.83352098, 42.65461471 ], [ 141.83321165000001, 42.65413882 ], [ 141.83361616, 42.65390087 ], [ 141.83417534, 42.65359154 ], [ 141.83281904, 42.65217576 ], [ 141.83330683, 42.65186643 ], [ 141.83317596, 42.65153331 ], [ 141.83280715, 42.65152141 ], [ 141.83229556, 42.65152141 ], [ 141.83219483, 42.65156124 ], [ 141.831783980000012, 42.65172367 ], [ 141.83151034, 42.65167608 ], [ 141.83149844, 42.65143813 ], [ 141.83151034, 42.65118829 ], [ 141.83208141, 42.65084327 ], [ 141.83237884, 42.65062911 ], [ 141.831795879999987, 42.64996286 ], [ 141.83243922, 42.64966756 ], [ 141.83324735, 42.64929662 ], [ 141.83450846, 42.64872555 ], [ 141.83394929, 42.64753581 ], [ 141.83456795, 42.6471551 ], [ 141.83403257, 42.64575122 ], [ 141.83423482, 42.64566794 ], [ 141.834805890000013, 42.64541809 ], [ 141.834782100000012, 42.6449422 ], [ 141.83448467, 42.64446631 ], [ 141.83417534, 42.64377627 ], [ 141.83490107, 42.64358591 ], [ 141.83572199, 42.64337176 ], [ 141.83468692, 42.64197977 ], [ 141.83450846, 42.64170614 ], [ 141.83438949, 42.64133732 ], [ 141.834460869999987, 42.64106368 ], [ 141.83509143, 42.63881509 ], [ 141.83561491, 42.63730413 ], [ 141.83607891, 42.63645942 ], [ 141.83684033, 42.63531728 ], [ 141.837435199999987, 42.63450827 ], [ 141.83749468, 42.63417514 ], [ 141.83737571, 42.63380633 ], [ 141.837078279999986, 42.63308059 ], [ 141.8370069, 42.63272367 ], [ 141.83712587, 42.63236675 ], [ 141.83730433, 42.63211691 ], [ 141.83789919, 42.63174809 ], [ 141.83823232, 42.63151015 ], [ 141.83837509, 42.63122461 ], [ 141.83838698, 42.62947571 ], [ 141.83838698, 42.62842874 ], [ 141.83857734, 42.62757214 ], [ 141.838660620000013, 42.62712004 ], [ 141.838839080000014, 42.62669174 ], [ 141.8392079, 42.62643 ], [ 141.841480280000013, 42.62545442 ], [ 141.84293175, 42.62504991 ], [ 141.8440501, 42.62476437 ], [ 141.84503758, 42.62416951 ], [ 141.84350282, 42.62314634 ], [ 141.84224171, 42.62226594 ], [ 141.841099570000011, 42.62180194 ], [ 141.84161115, 42.62140933 ], [ 141.844835319999987, 42.61914885 ], [ 141.84510896, 42.61824465 ], [ 141.84548967, 42.61725717 ], [ 141.84469255, 42.616698 ], [ 141.84415718, 42.61646005 ], [ 141.84294365, 42.61606744 ], [ 141.842158430000012, 42.61566293 ], [ 141.841813050000013, 42.61541054 ], [ 141.841301820000012, 42.61506807 ], [ 141.8405166, 42.6145089 ], [ 141.83986225000001, 42.61414008 ], [ 141.83930307, 42.61400921 ], [ 141.83880339000001, 42.61397352 ], [ 141.83949343, 42.61084453 ], [ 141.8400526, 42.61099919 ], [ 141.84071885, 42.61129662 ], [ 141.84118285, 42.61134421 ], [ 141.84178961, 42.61128473 ], [ 141.842194119999988, 42.61109437 ], [ 141.842372579999989, 42.61090401 ], [ 141.84246776, 42.61060658 ], [ 141.84387164, 42.6100831 ], [ 141.854507829999989, 42.60641873 ], [ 141.85139074, 42.60135048 ], [ 141.859052600000012, 42.59873307 ], [ 141.85581653, 42.59342687 ], [ 141.85381779, 42.59405743 ], [ 141.851652480000013, 42.59480696 ], [ 141.84766688, 42.59617515 ], [ 141.84454979, 42.5972697 ], [ 141.84019537, 42.59866169 ], [ 141.83629306, 42.59987521 ], [ 141.833735139999987, 42.60070802 ], [ 141.83103445, 42.60140996 ], [ 141.82788166, 42.60219519 ], [ 141.8250739, 42.60283764 ], [ 141.82400314, 42.60312318 ], [ 141.8233012, 42.60338492 ], [ 141.82324171, 42.60324215 ], [ 141.82308705, 42.60333733 ], [ 141.823562939999988, 42.6039203 ], [ 141.82437196, 42.60486018 ], [ 141.82483595, 42.60541936 ], [ 141.82474077, 42.60590715 ], [ 141.825490300000013, 42.60664478 ], [ 141.82648968, 42.6074419 ], [ 141.82733439, 42.60802487 ], [ 141.82821479, 42.60847696 ], [ 141.82876206, 42.60864352 ], [ 141.8279085, 42.60915407 ], [ 141.82748905, 42.60940495 ], [ 141.82732384, 42.60933486 ], [ 141.82622794, 42.60884578 ], [ 141.825989990000011, 42.60863163 ], [ 141.8250501, 42.60683513 ], [ 141.82409832, 42.60514572 ], [ 141.82377709, 42.60475311 ], [ 141.823527250000012, 42.60463413 ], [ 141.8233131, 42.60461034 ], [ 141.82289669, 42.604765 ], [ 141.82236131, 42.60507433 ], [ 141.8219925, 42.60535987 ], [ 141.82224234, 42.60557402 ], [ 141.8224208, 42.60545505 ], [ 141.82252788, 42.60550264 ], [ 141.822646850000012, 42.60577627 ], [ 141.82258736, 42.60600232 ], [ 141.822147159999986, 42.60584766 ], [ 141.82190922, 42.60577627 ], [ 141.82016031, 42.60374184 ], [ 141.8175786, 42.60083889 ], [ 141.81303383, 42.60311128 ], [ 141.81321229, 42.60327784 ], [ 141.816650610000011, 42.60160032 ], [ 141.81938699, 42.60457465 ], [ 141.817209780000013, 42.6056692 ], [ 141.81762619, 42.60607371 ], [ 141.8171384, 42.60634735 ], [ 141.81717409, 42.60640683 ], [ 141.816864759999987, 42.6065615 ], [ 141.81469945, 42.60418204 ], [ 141.814592370000014, 42.60426532 ], [ 141.81701942, 42.60694221 ], [ 141.817911720000012, 42.6069779 ], [ 141.81795931, 42.6074181 ], [ 141.81793552, 42.6078702 ], [ 141.818292430000014, 42.60806056 ], [ 141.818447099999986, 42.60838178 ], [ 141.8184233, 42.60879819 ], [ 141.81839951, 42.60902424 ], [ 141.81818536, 42.60915511 ], [ 141.820541029999987, 42.61177252 ], [ 141.81929005, 42.61246203 ], [ 141.81822105, 42.61303363 ], [ 141.81730496, 42.6131645 ], [ 141.8153419, 42.61342624 ], [ 141.814224669999987, 42.61214389 ], [ 141.81292675, 42.61065417 ], [ 141.8127245, 42.61039243 ], [ 141.812486549999988, 42.61019017 ], [ 141.81234378, 42.6100712 ], [ 141.812109209999988, 42.610061 ], [ 141.81207014, 42.6100593 ], [ 141.81158235, 42.61029725 ], [ 141.81129682, 42.61035674 ], [ 141.81067816, 42.61047571 ], [ 141.8100476, 42.61070176 ], [ 141.81042832, 42.61098729 ], [ 141.8104878, 42.61121334 ], [ 141.8104878, 42.6114156 ], [ 141.81032124, 42.61170113 ], [ 141.809809660000013, 42.61113006 ], [ 141.80989294, 42.61088022 ], [ 141.80972638, 42.61065417 ], [ 141.8096074, 42.61076125 ], [ 141.80947379, 42.61061774 ], [ 141.80713276, 42.60802487 ], [ 141.80835819, 42.60707308 ], [ 141.80819162, 42.60693031 ], [ 141.807870400000013, 42.60704929 ], [ 141.80691861, 42.60776312 ], [ 141.80357652, 42.60402666 ], [ 141.802980600000012, 42.60395599 ] ] ] ] } },
{ "type": "Feature", "properties": { "L05_001": "0107100", "L05_002": "イタンキ", "L05_003": "01205", "L05_004": "室蘭市", "L05_005": "2", "L05_006": null, "L05_007": null, "L05_008": "市", "L05_009": "1968", "L05_010": "19.6", "L05_011": "13.2", "L05_012": "0", "L05_013": "3", "L05_014": "29", "L05_015": "特殊電極㈱,㈱永沢機械,㈱第一金属,㈱ムロテツ,㈱富岡鉄工所" }, "geometry": { "type": "MultiPolygon", "coordinates": [ [ [ [ 141.02592178, 42.33572412 ], [ 141.0250749, 42.33486238 ], [ 141.02429239, 42.33407492 ], [ 141.02326721, 42.3330646 ], [ 141.02261843, 42.33240591 ], [ 141.02111285, 42.33322308 ], [ 141.021717059999986, 42.33465932 ], [ 141.02182602, 42.33484752 ], [ 141.02223213, 42.33515458 ], [ 141.02230642, 42.3353923 ], [ 141.02257881, 42.3371455 ], [ 141.023599030000014, 42.33732875 ], [ 141.02395067, 42.33746247 ], [ 141.02467869, 42.33786362 ], [ 141.02608522, 42.33866099 ], [ 141.027491739999988, 42.33731884 ], [ 141.02592178, 42.33572412 ] ] ] ] } },
{ "type": "Feature", "properties": { "L05_001": "0107000", "L05_002": "川上", "L05_003": "01230", "L05_004": "登別市", "L05_005": "1", "L05_006": null, "L05_007": null, "L05_008": "市土地開発公社", "L05_009": "1979", "L05_010": "16.7", "L05_011": "11.8", "L05_012": "0", "L05_013": "1", "L05_014": "10", "L05_015": "富士建設㈱登別支店,大成ロテック㈱室蘭営業所,日産ディーゼル北海道販売㈱室蘭支店,北海道西濃運輸㈱,昭和生コン㈱,㈱ケイホク大和生コンクリート工場,日鋼トラック㈱,㈱佐原工業所,㈱四ノ宮金属工業　登別工場,岩谷産業㈱室蘭工場" }, "geometry": { "type": "MultiPolygon", "coordinates": [ [ [ [ 141.099734610000013, 42.4020958 ], [ 141.09839868, 42.4011902 ], [ 141.09781422, 42.40066996 ], [ 141.09622138, 42.39942395 ], [ 141.094024819999987, 42.39773478 ], [ 141.09410809, 42.39762584 ], [ 141.0937936, 42.39734941 ], [ 141.093639450000012, 42.39746502 ], [ 141.0928045, 42.39675853 ], [ 141.09202735, 42.39609056 ], [ 141.08918209, 42.39362424 ], [ 141.08735162, 42.39210848 ], [ 141.087274549999989, 42.39192223 ], [ 141.08631756, 42.39117077 ], [ 141.08491741, 42.38974493 ], [ 141.08462839, 42.38991192 ], [ 141.08619553, 42.39158182 ], [ 141.08605423, 42.39191838 ], [ 141.08665154, 42.39233328 ], [ 141.087833319999987, 42.39327099 ], [ 141.08795536, 42.39373985 ], [ 141.08846275, 42.3941766 ], [ 141.089451849999989, 42.39501797 ], [ 141.09224573, 42.39726592 ], [ 141.095946559999987, 42.40021389 ], [ 141.098963880000014, 42.40265457 ], [ 141.099734610000013, 42.4020958 ] ] ] ] } },
{ "type": "Feature", "properties": { "L05_001": "0109100", "L05_002": "中広尾", "L05_003": "01642", "L05_004": "広尾町", "L05_005": "2", "L05_006": null, "L05_007": null, "L05_008": "町", "L05_009": "1977", "L05_010": "18.8", "L05_011": "11", "L05_012": "5.8", "L05_013": "2", "L05_014": "10", "L05_015": null }, "geometry": { "type": "MultiPolygon", "coordinates": [ [ [ [ 143.30331616, 42.28416276 ], [ 143.30348325, 42.28435073 ], [ 143.30559693, 42.28432149 ], [ 143.30662034, 42.28412516 ], [ 143.30782088, 42.28369141 ], [ 143.3083163, 42.28341503 ], [ 143.308916900000014, 42.28313628 ], [ 143.30964284, 42.28292277 ], [ 143.31069731, 42.28281769 ], [ 143.31206327000001, 42.2827425 ], [ 143.31286529, 42.28257959 ], [ 143.31367354, 42.28231003 ], [ 143.31438162, 42.28203237 ], [ 143.31471163, 42.28187364 ], [ 143.31466985, 42.28116769 ], [ 143.314431750000011, 42.28062047 ], [ 143.31425213, 42.28066224 ], [ 143.31383023, 42.28066224 ], [ 143.31357542, 42.28056617 ], [ 143.31344175000001, 42.280303 ], [ 143.313253769999989, 42.2801025 ], [ 143.3129391, 42.27995177 ], [ 143.312602129999988, 42.279973 ], [ 143.312255420000014, 42.28003566 ], [ 143.3116163, 42.27992288 ], [ 143.31124453000001, 42.28009414 ], [ 143.31070985, 42.28016933 ], [ 143.309740729999987, 42.28034895 ], [ 143.30918516, 42.28062465 ], [ 143.3086087, 42.28103402 ], [ 143.3080845, 42.28126492 ], [ 143.307689360000012, 42.28148844 ], [ 143.30733465, 42.28145592 ], [ 143.30700465000001, 42.28135984 ], [ 143.30478654, 42.28133896 ], [ 143.30450249, 42.28140161 ], [ 143.30404718, 42.28162301 ], [ 143.30389262, 42.2816982 ], [ 143.30367123, 42.28207415 ], [ 143.30326603, 42.28284275 ], [ 143.303048819999987, 42.2831101 ], [ 143.30283996, 42.28339833 ], [ 143.30276477000001, 42.28360301 ], [ 143.30331616, 42.28416276 ] ] ] ] } },
{ "type": "Feature", "properties": { "L05_001": "0181000", "L05_002": "十勝港", "L05_003": "01642", "L05_004": "広尾町", "L05_005": "1", "L05_006": "町全体が企業立地促進法に基づく産業集積区域に指定されており、製造業、倉庫業などの進出企業に対して固定資産税の3年間免除などの優遇措置がある。団地は企業立地促進法に基づく重点促進区域に指定されており、立地する工場の緑地面積率が緩和（1％以上）されている。", "L05_007": null, "L05_008": "広尾町", "L05_009": null, "L05_010": "26", "L05_011": "25", "L05_012": "11.6", "L05_013": "2", "L05_014": "999", "L05_015": "十勝グレーンセンター㈱,とかち飼料㈱" }, "geometry": { "type": "MultiPolygon", "coordinates": [ [ [ [ 143.33016508, 42.30153459 ], [ 143.32622367, 42.30240517 ], [ 143.325258639999987, 42.30274982 ], [ 143.32388004, 42.30072434 ], [ 143.32099028, 42.30176359 ], [ 143.32169018, 42.30390043 ], [ 143.32220981, 42.30628117 ], [ 143.32763408, 42.30446777 ], [ 143.33127148, 42.30307326 ], [ 143.33016508, 42.30153459 ] ] ] ] } },
{ "type": "Feature", "properties": { "L05_001": "0150400", "L05_002": "岩内港", "L05_003": "01402", "L05_004": "岩内町", "L05_005": "1", "L05_006": null, "L05_007": null, "L05_008": "岩内町", "L05_009": null, "L05_010": "22.3", "L05_011": "12.5", "L05_012": "8.7", "L05_013": "2", "L05_014": "999", "L05_015": "日本アスパラガス㈱,三菱重工業㈱,㈱ワイエムテクノス,明和工業㈱,片桐機械㈱,㈲マルイゲタ阿部水産" }, "geometry": { "type": "MultiPolygon", "coordinates": [ [ [ [ 140.519180510000012, 42.98862421 ], [ 140.51954143, 42.98911145 ], [ 140.52023437, 42.99009284 ], [ 140.52065371, 42.99069407 ], [ 140.51969883000001, 42.99109825 ], [ 140.52160601, 42.9938803 ], [ 140.52230075, 42.9948622 ], [ 140.52437219, 42.99406394 ], [ 140.52401853, 42.99358902 ], [ 140.5249633, 42.99315453 ], [ 140.522755460000013, 42.9900019 ], [ 140.521507539999988, 42.98842054 ], [ 140.52050214, 42.98773343 ], [ 140.5199666, 42.98738987 ], [ 140.51932488, 42.98690985 ], [ 140.518829829999987, 42.98648046 ], [ 140.51835997, 42.98604091 ], [ 140.516450209999988, 42.9881073 ], [ 140.51807199000001, 42.98903187 ], [ 140.519180510000012, 42.98862421 ] ] ] ] } },
{ "type": "Feature", "properties": { "L05_001": "0150900", "L05_002": "恵庭テクノパーク", "L05_003": "01231", "L05_004": "恵庭市", "L05_005": "2", "L05_006": null, "L05_007": null, "L05_008": "恵庭市", "L05_009": null, "L05_010": "38.1", "L05_011": "0", "L05_012": "2.3", "L05_013": "1", "L05_014": "999", "L05_015": "北海道和光純薬㈱,レンゴー㈱,日本舗道㈱,シャディ㈱,サンウェーブ工業㈱,㈱紀文,日本エアリキード㈱" }, "geometry": { "type": "MultiPolygon", "coordinates": [ [ [ [ 141.59449615, 42.8763087 ], [ 141.59761386, 42.88099236 ], [ 141.60165272, 42.88696562 ], [ 141.602325869999987, 42.88673179 ], [ 141.603282439999987, 42.8882198 ], [ 141.606371810000013, 42.88705774 ], [ 141.60883764, 42.88622871 ], [ 141.60987924, 42.8877734 ], [ 141.61191993, 42.88700814 ], [ 141.6088093, 42.88245911 ], [ 141.605167239999986, 42.87697476 ], [ 141.602694320000012, 42.87334687 ], [ 141.602417980000013, 42.87339647 ], [ 141.60209204, 42.87336813 ], [ 141.601206319999989, 42.8733327 ], [ 141.600410110000013, 42.87323671 ], [ 141.60003009, 42.87327602 ], [ 141.59962621, 42.87312722 ], [ 141.59852149, 42.87326874 ], [ 141.598060260000011, 42.8732831 ], [ 141.59449615, 42.8763087 ] ] ] ] } },
{ "type": "Feature", "properties": { "L05_001": "0150800", "L05_002": "恵庭テクノパークエルム", "L05_003": "01231", "L05_004": "恵庭市", "L05_005": "2", "L05_006": "残念ですが、Ｈ21年5月22より競売になります。但し、任売での売却は相談です。", "L05_007": null, "L05_008": "㈱戸田", "L05_009": "1992", "L05_010": "13.4", "L05_011": "10.6", "L05_012": "3.3", "L05_013": "1", "L05_014": "999", "L05_015": "エンパイヤー自動車㈱,日立テクノエンジニアリング,網走バス㈱,島田工業㈱,小松フォークリフト,日建片桐リース㈱" }, "geometry": { "type": "MultiPolygon", "coordinates": [ [ [ [ 141.60023745, 42.87008774 ], [ 141.59800076, 42.86678029 ], [ 141.59747252, 42.86597128 ], [ 141.59663495, 42.86482438 ], [ 141.59618285, 42.86448173 ], [ 141.59487415000001, 42.86548587 ], [ 141.59664923, 42.86812231 ], [ 141.598367200000013, 42.87076351 ], [ 141.60023745, 42.87008774 ] ] ] ] } },
{ "type": "Feature", "properties": { "L05_001": "0106500", "L05_002": "千歳第2", "L05_003": "01224", "L05_004": "千歳市", "L05_005": "2", "L05_006": "戦後混乱期の駐留米軍撤退に伴い、離職者対策と生産都市への脱却を図るため、昭和42年に第2市営工業団地が造成・着手された。", "L05_007": null, "L05_008": "市", "L05_009": "1972", "L05_010": "83", "L05_011": "69.2", "L05_012": "0", "L05_013": "1", "L05_014": "15", "L05_015": "キリンビール㈱,パナソニックエレクトロニックデバイスジャパン㈱,東洋製罐㈱,東洋インキ北海道㈱,㈱トヨネックス,北海道森紙業㈱,㈱共伸機工,苫小牧埠頭㈱,㈱キョーワナスタ,JA千歳市" }, "geometry": { "type": "MultiPolygon", "coordinates": [ [ [ [ 141.61450743, 42.85477565 ], [ 141.6154601, 42.85612644 ], [ 141.6156461, 42.85641873 ], [ 141.616507860000013, 42.85622381 ], [ 141.61680461, 42.85628056 ], [ 141.617305570000013, 42.85621154 ], [ 141.61769741, 42.85633902 ], [ 141.61942987, 42.85485633 ], [ 141.62012073, 42.85426113 ], [ 141.620375810000013, 42.85427176 ], [ 141.626226839999987, 42.84934541 ], [ 141.62618484, 42.84928312 ], [ 141.6247673, 42.84706847 ], [ 141.6242939, 42.84639059 ], [ 141.62405214, 42.8459675 ], [ 141.62254173, 42.8437468 ], [ 141.61432334, 42.84667575 ], [ 141.61278701, 42.84789461 ], [ 141.61527941, 42.85173684 ], [ 141.616421980000013, 42.85344804 ], [ 141.61509872, 42.85388913 ], [ 141.614269689999986, 42.8542877 ], [ 141.61206518, 42.85500883 ], [ 141.61217055, 42.85520176 ], [ 141.61220244, 42.85560033 ], [ 141.61450743, 42.85477565 ] ] ] ] } },
{ "type": "Feature", "properties": { "L05_001": "0151100", "L05_002": "千歳市第4", "L05_003": "01224", "L05_004": "千歳市", "L05_005": "2", "L05_006": "国道36号に面した千歳市第4工業団地は、大消費地・札幌をはじめ、全道各地へ走る抜群の交通アクセスを誇る。その特長から物流面における優位性は高い評価を得ており、職住近接の工業団地という立地環境にある。", "L05_007": null, "L05_008": "千歳市", "L05_009": "1994", "L05_010": "38.4", "L05_011": "31.5", "L05_012": "18.1", "L05_013": "2", "L05_014": "23", "L05_015": "堺商事㈱,北海道サガミハム㈱,札幌バルナバフーズ㈱,北海道電力㈱,㈱ダイナックス,地崎商事㈱,チザキ機工㈱,㈱フジプラ,㈱フクダソファ,北興自動車工業㈱" }, "geometry": { "type": "MultiPolygon", "coordinates": [ [ [ [ 141.613189080000012, 42.84692237 ], [ 141.61796081, 42.84300746 ], [ 141.617549810000014, 42.84232479 ], [ 141.61822552000001, 42.84174661 ], [ 141.61836484, 42.84137741 ], [ 141.61741049, 42.84083406 ], [ 141.61642093, 42.84031954 ], [ 141.61399806, 42.84123787 ], [ 141.61491023, 42.84268922 ], [ 141.613408349999986, 42.84324547 ], [ 141.61245765000001, 42.84179537 ], [ 141.610806700000012, 42.84237355 ], [ 141.61098085, 42.84270792 ], [ 141.610242449999987, 42.84296567 ], [ 141.608480039999989, 42.84035341 ], [ 141.60554038, 42.84144011 ], [ 141.60861936, 42.84593319 ], [ 141.61174014, 42.84479077 ], [ 141.613189080000012, 42.84692237 ] ] ] ] } },
{ "type": "Feature", "properties": { "L05_001": "0106600", "L05_002": "千歳第3", "L05_003": "01224", "L05_004": "千歳市", "L05_005": "2", "L05_006": "北海道初の民間デベロッパー方式による第３工業団地は、昭和46年に造成・着手されました。空港とともに鉄道、高速道路網が整備された千歳市は、空陸交通の要衛として原料・製品を輸送できる「北海道における最良の工業適地」として発展し、現在に至っています。", "L05_007": null, "L05_008": "伊藤忠商事㈱", "L05_009": null, "L05_010": "94.2", "L05_011": "78", "L05_012": "0", "L05_013": "1", "L05_014": "44", "L05_015": "㈱ダイナックス,札幌日清㈱,岩田醸造㈱,IHIスター㈱,㈱マテック,㈱エンパイアー,オリオン機械㈱,㈱上田商会,ブリヂストンBRM㈱,ケイ・マック㈱" }, "geometry": { "type": "MultiPolygon", "coordinates": [ [ [ [ 141.600889130000013, 42.84604845 ], [ 141.60235881, 42.84821037 ], [ 141.60413202, 42.84753943 ], [ 141.605644289999987, 42.84987175 ], [ 141.60628329, 42.84964278 ], [ 141.60761452, 42.85158105 ], [ 141.60794999, 42.85147988 ], [ 141.60841326, 42.85121363 ], [ 141.60873808, 42.8515278 ], [ 141.6092759, 42.85187392 ], [ 141.61010126, 42.85229992 ], [ 141.61039413, 42.8513148 ], [ 141.610601800000012, 42.85050009 ], [ 141.61022906, 42.84982915 ], [ 141.61033556000001, 42.84969603 ], [ 141.61044206, 42.84934458 ], [ 141.61068168, 42.84907833 ], [ 141.609962810000013, 42.84812517 ], [ 141.60935391000001, 42.84835796 ], [ 141.60865288, 42.84739566 ], [ 141.609297199999986, 42.84716136 ], [ 141.60850911, 42.84600053 ], [ 141.606938250000013, 42.84370548 ], [ 141.60394564, 42.83930709 ], [ 141.600931730000013, 42.84040403 ], [ 141.5978486, 42.84153291 ], [ 141.594941189999986, 42.84258192 ], [ 141.59463234, 42.84261387 ], [ 141.59165038, 42.84371613 ], [ 141.59162376, 42.84395043 ], [ 141.5919539, 42.84426992 ], [ 141.593034859999989, 42.84513789 ], [ 141.59392413, 42.84505801 ], [ 141.59516484, 42.84521776 ], [ 141.59552693, 42.84543608 ], [ 141.5965281, 42.84624621 ], [ 141.59699129, 42.84653834 ], [ 141.59728755, 42.84653821 ], [ 141.597806, 42.84666082 ], [ 141.59844499, 42.84680459 ], [ 141.59893489000001, 42.84678862 ], [ 141.59957388, 42.84652769 ], [ 141.600889130000013, 42.84604845 ] ] ] ] } },
{ "type": "Feature", "properties": { "L05_001": "0106400", "L05_002": "千歳第1", "L05_003": "01224", "L05_004": "千歳市", "L05_005": "2", "L05_006": "戦後混乱期の駐留米軍撤退に伴い、離職者対策と生産都市への脱却を図るため、昭和39年に北海道初の市営による第1市営工業団地が造成・着手された。", "L05_007": null, "L05_008": "市", "L05_009": "1972", "L05_010": "55.7", "L05_011": "48.2", "L05_012": "0", "L05_013": "1", "L05_014": "24", "L05_015": "カルビー㈱,凸版印刷㈱,フランスベッド㈱,文化シャッター㈱,サントリー㈱,㈱ダイヘン,日本高圧コンクリート㈱,北海道ガス㈱,新栄工業㈱,㈱エヌ・ケー・エンジニアリング" }, "geometry": { "type": "MultiPolygon", "coordinates": [ [ [ [ 141.621189820000012, 42.84103723 ], [ 141.618431109999989, 42.8432865 ], [ 141.61936795, 42.84464211 ], [ 141.62239001, 42.8435369 ], [ 141.62254173, 42.8437468 ], [ 141.62405214, 42.8459675 ], [ 141.6242939, 42.84639059 ], [ 141.6247673, 42.84706847 ], [ 141.62618484, 42.84928312 ], [ 141.62665848, 42.84877961 ], [ 141.62828733, 42.84740082 ], [ 141.62877518, 42.84718495 ], [ 141.631007180000012, 42.84531128 ], [ 141.629181, 42.84264755 ], [ 141.62788583, 42.84060983 ], [ 141.626914449999987, 42.83920241 ], [ 141.62385354, 42.84023854 ], [ 141.62325345, 42.83934488 ], [ 141.621189820000012, 42.84103723 ] ] ] ] } },
{ "type": "Feature", "properties": { "L05_001": "0150700", "L05_002": "大曲第3", "L05_003": "01234", "L05_004": "北広島市", "L05_005": "2", "L05_006": "道々羊ヶ丘通が中央を走り、国道36号や道央自動車道北広島インターチェンジが約1㎞という工業団地で、北広島市土地開発公社が、平成3年度から緑あふれる環境をテーマに開発した工業団地。現在、新聞印刷業、食品製造業、卸売業といった企業が立地。", "L05_007": null, "L05_008": "北広島市土地開発公社", "L05_009": "1994", "L05_010": "50.3", "L05_011": "29", "L05_012": "0", "L05_013": "2", "L05_014": "999", "L05_015": "㈱道新札幌印刷,㈱トッパンメディアプリンティング北海道,㈱北海道日刊スポーツ印刷社,㈱毎日新聞社,北海道熊さん㈱,㈱興発スパイラル製作所,北海道エア・ウォーター・エンジニアリング㈱,㈱伊藤園　札幌南支部,味の素物流㈱（北海道エース㈱）,日立建機㈱札幌南支店" }, "geometry": { "type": "MultiPolygon", "coordinates": [ [ [ [ 141.47614502, 42.95630506 ], [ 141.47531164, 42.95694119 ], [ 141.4747692, 42.9574787 ], [ 141.47428593, 42.95814935 ], [ 141.47395554, 42.95881508 ], [ 141.473138799999987, 42.95862878 ], [ 141.47250656, 42.95936319 ], [ 141.47149754, 42.96051909 ], [ 141.472468240000012, 42.96161113 ], [ 141.469275149999987, 42.96341842 ], [ 141.47055641, 42.9644005 ], [ 141.47197651, 42.96543646 ], [ 141.47310048, 42.9665285 ], [ 141.47423722, 42.96781212 ], [ 141.47540589, 42.96655404 ], [ 141.47666397, 42.96536621 ], [ 141.47757081, 42.9644466 ], [ 141.47815834, 42.96385907 ], [ 141.47822378, 42.95760178 ], [ 141.47614502, 42.95630506 ] ] ] ] } },
{ "type": "Feature", "properties": { "L05_001": "0170200", "L05_002": "大曲新", "L05_003": "01234", "L05_004": "北広島市", "L05_005": "2", "L05_006": "大曲工業団地の後背地に広がり、北広島市が昭和61年度から進出企業の希望する面積や区画で造成する道内初の「オーダーメイド方式」の分譲を行った工業団地で、物流センター、卸売業等が立地しています。", "L05_007": null, "L05_008": "北広島市", "L05_009": "1989", "L05_010": "33.4", "L05_011": "23.8", "L05_012": "0", "L05_013": "2", "L05_014": "999", "L05_015": "日本新聞インキ㈱札幌営業所,㈱北基サービス,丸善薬品㈱本社,北海道キリンビバレッジ㈱,石油輸送㈱,北海三井倉庫㈱,㈱アーキテクノ,㈱土屋ホーム北広島工場,㈱鉄建,ホーマック㈱" }, "geometry": { "type": "MultiPolygon", "coordinates": [ [ [ [ 141.481293279999988, 42.95636916 ], [ 141.48032182, 42.95578234 ], [ 141.48020347, 42.95582672 ], [ 141.47940953, 42.95559002 ], [ 141.47813233, 42.95525469 ], [ 141.47767865, 42.95512155 ], [ 141.47614502, 42.95630506 ], [ 141.47822378, 42.95760178 ], [ 141.47815834, 42.96385907 ], [ 141.4784709, 42.96354984 ], [ 141.479181079999989, 42.96245127 ], [ 141.479513989999987, 42.96190198 ], [ 141.480063269999988, 42.96103089 ], [ 141.48001115, 42.96096018 ], [ 141.480627559999988, 42.96015638 ], [ 141.48184558, 42.9596386 ], [ 141.48294526, 42.95913068 ], [ 141.48381809, 42.95894822 ], [ 141.484710650000011, 42.95850934 ], [ 141.4853172, 42.95816415 ], [ 141.483906850000011, 42.95716803 ], [ 141.484547920000011, 42.95615712 ], [ 141.4846712, 42.95574782 ], [ 141.484395049999989, 42.95564427 ], [ 141.48306854, 42.95544208 ], [ 141.48234857, 42.95542729 ], [ 141.481293279999988, 42.95636916 ] ] ] ] } },
{ "type": "Feature", "properties": { "L05_001": "0170100", "L05_002": "大曲", "L05_003": "01234", "L05_004": "北広島市", "L05_005": "2", "L05_006": "国道36号に接し、道央自動車道北広島インターチェンジが約1㎞という立地条件に恵まれた工業団地で、昭和44年に民間が開発し、立地条件を活かした大規模な物流センターや食料品、金属製品の製造業、自動車修理工場等様々な企業が立地。", "L05_007": null, "L05_008": "民間", "L05_009": null, "L05_010": "72.8", "L05_011": "67", "L05_012": "0", "L05_013": "1", "L05_014": "999", "L05_015": "コマツ北海道㈱,北海道中央バス㈱,㈱見方,㈱滝川自工,㈱パルタックＫＳ,北海道車体㈱,㈱クボタ建機北海道,日本板硝子北海道㈱,㈱ワールド山内,㈱アール・アンド・イー北広島リサイクル工場" }, "geometry": { "type": "MultiPolygon", "coordinates": [ [ [ [ 141.4784709, 42.96354984 ], [ 141.478631799999988, 42.96402145 ], [ 141.479192180000013, 42.9645208 ], [ 141.47979695, 42.9650368 ], [ 141.48061256, 42.96534196 ], [ 141.481106360000013, 42.96575254 ], [ 141.481550230000011, 42.96612428 ], [ 141.48225487, 42.96651266 ], [ 141.48263216, 42.9670564 ], [ 141.4830039, 42.96772775 ], [ 141.48480157, 42.96624079 ], [ 141.488002959999989, 42.96374403 ], [ 141.48984502, 42.96242907 ], [ 141.491437389999987, 42.96127502 ], [ 141.493046420000013, 42.96008212 ], [ 141.493873119999989, 42.95939967 ], [ 141.49438357, 42.95882819 ], [ 141.493756600000012, 42.9584842 ], [ 141.493390409999989, 42.95812355 ], [ 141.492003329999989, 42.95697505 ], [ 141.49184797, 42.95676421 ], [ 141.49137636, 42.95628705 ], [ 141.49101572, 42.9559375 ], [ 141.490255600000012, 42.95532164 ], [ 141.49046643, 42.95478345 ], [ 141.48951766, 42.95433958 ], [ 141.489123729999989, 42.95434513 ], [ 141.488169410000012, 42.95501648 ], [ 141.487853159999986, 42.95513299 ], [ 141.487564639999988, 42.9552828 ], [ 141.48730387, 42.95520512 ], [ 141.487009809999989, 42.95552138 ], [ 141.48675459, 42.95585983 ], [ 141.48600001, 42.95749104 ], [ 141.48543963, 42.95820678 ], [ 141.48479047, 42.95861181 ], [ 141.48407473, 42.95906122 ], [ 141.48307048, 42.95928871 ], [ 141.48172223, 42.95982135 ], [ 141.48077901, 42.96027631 ], [ 141.48029075, 42.96089773 ], [ 141.480063269999988, 42.96103089 ], [ 141.479513989999987, 42.96190198 ], [ 141.479181079999989, 42.96245127 ], [ 141.4784709, 42.96354984 ] ] ] ] } },
{ "type": "Feature", "properties": { "L05_001": "0180700", "L05_002": "札幌ハイテクヒル真栄", "L05_003": "01110", "L05_004": "札幌市清田区", "L05_005": "2", "L05_006": "札幌テクノパークに集積させたソフトウェア技術・システム技術や、市内に集積された技術分野を生かし、更なる付加価値を高めた電子応用機器の製造、開発を行う拠点として研究開発事業所向けに分譲が行われている。", "L05_007": null, "L05_008": "札幌市", "L05_009": null, "L05_010": "42.7", "L05_011": "13.5", "L05_012": "0", "L05_013": null, "L05_014": "999", "L05_015": "㈱アミノアップ化学,㈱アモウ,㈱化合物安全性研究所,三洋電機ロジスティクス㈱" }, "geometry": { "type": "MultiPolygon", "coordinates": [ [ [ [ 141.435412570000011, 42.98151209 ], [ 141.43592274, 42.98141557 ], [ 141.436336399999988, 42.98116048 ], [ 141.436837739999987, 42.98106466 ], [ 141.437198169999988, 42.98016082 ], [ 141.43630882, 42.97865099 ], [ 141.435867589999987, 42.9779271 ], [ 141.43579865000001, 42.97732041 ], [ 141.435364310000011, 42.97672061 ], [ 141.43511612, 42.97660341 ], [ 141.43373728, 42.97555549 ], [ 141.4335925, 42.97536245 ], [ 141.433096119999988, 42.97519009 ], [ 141.43224813, 42.9750591 ], [ 141.43286171, 42.97463166 ], [ 141.43340636, 42.97423869 ], [ 141.43391653, 42.97345965 ], [ 141.434537010000014, 42.97310115 ], [ 141.434199189999987, 42.97281159 ], [ 141.43386138, 42.97277023 ], [ 141.43163454, 42.97377678 ], [ 141.430910649999987, 42.97402497 ], [ 141.43023502, 42.97416975 ], [ 141.4300144, 42.97436968 ], [ 141.42904232, 42.97426627 ], [ 141.42881481, 42.97443863 ], [ 141.42866314, 42.97481091 ], [ 141.428249490000013, 42.97534177 ], [ 141.427780680000012, 42.97581747 ], [ 141.42780826, 42.97609324 ], [ 141.42868382, 42.97646552 ], [ 141.429952359999987, 42.97656204 ], [ 141.43124157, 42.97678266 ], [ 141.432220550000011, 42.97712737 ], [ 141.43376486, 42.97741693 ], [ 141.43417161, 42.97830628 ], [ 141.4345439, 42.97897502 ], [ 141.43506786, 42.97950587 ], [ 141.4352609, 42.97990574 ], [ 141.43532984, 42.98022287 ], [ 141.43533176, 42.98087395 ], [ 141.435412570000011, 42.98151209 ] ] ] ] } },
{ "type": "Feature", "properties": { "L05_001": "0106100", "L05_002": "広島第2", "L05_003": "01234", "L05_004": "北広島市", "L05_005": "2", "L05_006": "国道274号と道道江別・恵庭線に囲まれた位置に北広島市土地開発公社が昭和48年から開発造成した工業団地で、主に農業用薬剤、医薬品、電器機械、食品の製造業等様々な企業が立地。北広島市街から車で5分、隣接する札幌市まで20分。（民間所有の分譲中産業用地21千m2）", "L05_007": null, "L05_008": "北広島市土地開発公社", "L05_009": "1981", "L05_010": "52.6", "L05_011": "42.7", "L05_012": "0", "L05_013": "1", "L05_014": "10", "L05_015": "札通自動車工業㈱北広島支店,旭イノベックス㈱北広島工場,北海道シャーリング㈱,セイコー㈱イオン北海道ＲＤＣ,河村電器産業㈱札幌工場,ヤクハン製薬㈱,北海道はまなす食品㈱能力開発センター,北海三共㈱,トヨタカローラ札幌㈱北広島ボディサービスセンター,㈱ミツウロコ　札" }, "geometry": { "type": "MultiPolygon", "coordinates": [ [ [ [ 141.55816547, 43.00026581 ], [ 141.55798091, 43.00017968 ], [ 141.55799937, 42.99976134 ], [ 141.55811626, 42.99932454 ], [ 141.55763639, 42.99923226 ], [ 141.557642539999989, 42.99872163 ], [ 141.55760901, 42.99841452 ], [ 141.55380825, 42.99911466 ], [ 141.551754960000011, 42.9992138 ], [ 141.549970839999986, 42.99923841 ], [ 141.547528449999987, 42.99931223 ], [ 141.54738695, 43.00029658 ], [ 141.54759612, 43.00102868 ], [ 141.54792833, 43.00181 ], [ 141.54816211, 43.0021053 ], [ 141.54851894, 43.00227141 ], [ 141.54912185, 43.00252365 ], [ 141.54974936, 43.00305273 ], [ 141.55021077, 43.00320653 ], [ 141.55091212, 43.00331727 ], [ 141.55163807, 43.00357566 ], [ 141.55212408, 43.00405553 ], [ 141.55255473, 43.00459691 ], [ 141.553342210000011, 43.00503987 ], [ 141.55441883, 43.00574121 ], [ 141.555569279999986, 43.00652253 ], [ 141.55662129000001, 43.00734076 ], [ 141.55677509, 43.00764222 ], [ 141.55681816, 43.00811593 ], [ 141.55857151, 43.00880497 ], [ 141.560029570000012, 43.00940788 ], [ 141.56210284, 43.01020765 ], [ 141.56293337, 43.00905105 ], [ 141.56248427, 43.00765452 ], [ 141.56207207, 43.00653483 ], [ 141.56124974, 43.00445573 ], [ 141.56076167, 43.00327421 ], [ 141.56074321, 43.00274512 ], [ 141.56046637, 43.00267745 ], [ 141.56050943, 43.00215452 ], [ 141.560091089999986, 43.0021053 ], [ 141.56007263, 43.00145318 ], [ 141.559771180000013, 43.00119479 ], [ 141.559537400000011, 43.00096716 ], [ 141.55914981, 43.00074568 ], [ 141.558211590000013, 43.00056519 ], [ 141.55816547, 43.00026581 ] ] ] ] } },
{ "type": "Feature", "properties": { "L05_001": "0106000", "L05_002": "広島", "L05_003": "01234", "L05_004": "北広島市", "L05_005": "2", "L05_006": "札幌～夕張・帯広方面の国道274号の南側に昭和44年から北広島市が開発造成した工業団地で、昭和48年には分譲を完了し、主に鉄工業、金属加工業、機械器具製造業等の企業が立地操業している。「広島工業団地公園」が配置されている。（民間所有の分譲中産業用地43千㎡）", "L05_007": null, "L05_008": "北広島市", "L05_009": "1973", "L05_010": "54.6", "L05_011": "45.8", "L05_012": "0", "L05_013": "1", "L05_014": "17", "L05_015": "丸一鋼管(株),中山機械㈱,㈱巴コーポレーション札幌工場,ワイディープラスチックス㈱,ピーエス工業㈱,㈱ゴードー札幌工場,㈱シオン北広島工場,今井金商㈱鋼材センター,㈱ワテックス北海道札幌支店,片桐機械㈱" }, "geometry": { "type": "MultiPolygon", "coordinates": [ [ [ [ 141.54839003, 42.9990639 ], [ 141.55272668, 42.99894995 ], [ 141.55437555, 42.99880249 ], [ 141.55642658, 42.99842714 ], [ 141.559925389999989, 42.99779709 ], [ 141.56178204, 42.99746195 ], [ 141.56196301, 42.99676487 ], [ 141.56170831, 42.99665763 ], [ 141.56145361, 42.99649006 ], [ 141.5609375, 42.99642303 ], [ 141.560662689999987, 42.99620855 ], [ 141.56047501, 42.99592703 ], [ 141.560012519999987, 42.99568574 ], [ 141.55960366, 42.9955986 ], [ 141.55928193, 42.99542433 ], [ 141.55885966, 42.99521655 ], [ 141.5587189, 42.99499536 ], [ 141.55864517, 42.99474736 ], [ 141.55802182, 42.99446584 ], [ 141.55737836, 42.99421114 ], [ 141.556165170000014, 42.99367492 ], [ 141.555749600000013, 42.99345373 ], [ 141.55543458, 42.99297784 ], [ 141.55487155, 42.99209979 ], [ 141.55388625, 42.9928639 ], [ 141.552827189999988, 42.99358943 ], [ 141.55237814, 42.99382238 ], [ 141.55187544, 42.99401676 ], [ 141.55082311000001, 42.99431838 ], [ 141.55023327, 42.9943653 ], [ 141.54961663, 42.99440552 ], [ 141.54871176, 42.99447255 ], [ 141.54693554, 42.99464011 ], [ 141.547398030000011, 42.9955986 ], [ 141.546591690000014, 42.9957417 ], [ 141.54708971, 42.99667774 ], [ 141.547558900000013, 42.99748876 ], [ 141.54839003, 42.9990639 ] ] ] ] } },
{ "type": "Feature", "properties": { "L05_001": "0104400", "L05_002": "晩翠", "L05_003": "01423", "L05_004": "南幌町", "L05_005": "2", "L05_006": "札幌市まで約25㎞、新千歳空港まで約35㎞、苫小牧港まで約65㎞、国道12号線まで約6㎞と理想的な立地条件と、昭和49年から開発着手した「みどり野住宅団地」への住民雇用創出を背景に造成され、全て分譲している状態。", "L05_007": null, "L05_008": "南幌町土地開発公社", "L05_009": "1993", "L05_010": "42.7", "L05_011": "33.7", "L05_012": "0", "L05_013": "2", "L05_014": "999", "L05_015": "だいりつ産商㈱,メディカルクリーンアトリ㈱,岡三リビック㈱,札幌豊総合物流㈱,妻神工業㈱,トダテック㈱,㈱北洋食産,㈱東海林工業,㈱サッポロ麺匠,㈲札幌パイプ工業" }, "geometry": { "type": "MultiPolygon", "coordinates": [ [ [ [ 141.60679861, 43.06132784 ], [ 141.600942479999986, 43.0675215 ], [ 141.60642171, 43.07033986 ], [ 141.61282351, 43.06363429 ], [ 141.61247473, 43.06361178 ], [ 141.61203032, 43.06367929 ], [ 141.61171529, 43.06380305 ], [ 141.60679861, 43.06132784 ] ] ] ] } },
{ "type": "Feature", "properties": { "L05_001": "0153100", "L05_002": "南幌", "L05_003": "01423", "L05_004": "南幌町", "L05_005": "2", "L05_006": "札幌市まで25㎞、新千歳空港まで約30㎞、苫小牧まで約60㎞、国道274号線まで約3.3㎞と、理想的なアクセスと区画を大きく整備し、分譲・賃貸ともに希望面積（500坪以上）に対応する事が可能。現在、分譲済みが11社159861m2、賃貸が2社8087m2。", "L05_007": null, "L05_008": "南幌町土地開発公社", "L05_009": "1997", "L05_010": "44.3", "L05_011": "36.9", "L05_012": "20.1", "L05_013": "2", "L05_014": "10", "L05_015": "北海道電気技術サービス㈱,北海道永井三谷セキサン㈱,三基開発㈱,いずみ産業㈱,㈲ハイダリー貿易,㈱輝建,越浦パイプ㈱,㈱シリックス,明治商工㈱,大富工業㈱" }, "geometry": { "type": "MultiPolygon", "coordinates": [ [ [ [ 141.57207845, 43.02184528 ], [ 141.57511456, 43.02333544 ], [ 141.57532971, 43.02339122 ], [ 141.580868009999989, 43.02614842 ], [ 141.58670912, 43.02005231 ], [ 141.581473640000013, 43.01742261 ], [ 141.58102739, 43.01786886 ], [ 141.58068282, 43.01818887 ], [ 141.58036282, 43.01839487 ], [ 141.58000182, 43.01857087 ], [ 141.57888379, 43.01922356 ], [ 141.57818254, 43.01985309 ], [ 141.57775222, 43.02017184 ], [ 141.57737769, 43.02048262 ], [ 141.57677206, 43.02087309 ], [ 141.57621425, 43.02118387 ], [ 141.57519424, 43.02149466 ], [ 141.57207845, 43.02184528 ] ] ] ] } },
{ "type": "Feature", "properties": { "L05_001": "0180600", "L05_002": "札幌テクノパーク", "L05_003": "01108", "L05_004": "札幌市厚別区", "L05_005": "2", "L05_006": "豊かな自然の中に通信インフラなどを整備した研究開発環境を設け、研究開発型の情報関連企業のための集積工業団地として札幌市が全国に先駆けて開発・分譲。札幌市エレクトロニクスセンターを中心に、産学官による研究開発支援、人材養成、情報提供などを展開している。", "L05_007": null, "L05_008": "札幌市", "L05_009": "1997", "L05_010": "28.2", "L05_011": "12.6", "L05_012": "0", "L05_013": "3", "L05_014": "999", "L05_015": "ウェルネット㈱,セイコーエプソン㈱札幌ソフトセンター,㈱つうけんアドバンスシステムズ,日本アイビーエム・ソリューション・サービス㈱,日本ユニシスソリューション㈱,パナソニックＭＳＥ㈱,東日本電信電話㈱,㈱富士通,㈱ブレインソフト,㈱朋栄" }, "geometry": { "type": "MultiPolygon", "coordinates": [ [ [ [ 141.50310219, 43.0367359 ], [ 141.504049189999989, 43.0299062 ], [ 141.5032463, 43.02971577 ], [ 141.50296323, 43.02972091 ], [ 141.50280883, 43.02988046 ], [ 141.502458850000011, 43.02984444 ], [ 141.50220151, 43.0300503 ], [ 141.501717719999988, 43.03065247 ], [ 141.50090454, 43.03224281 ], [ 141.500564849999989, 43.03246412 ], [ 141.500050179999988, 43.03355008 ], [ 141.49997298, 43.03402357 ], [ 141.49982373, 43.03454854 ], [ 141.49944287, 43.03520217 ], [ 141.49928847000001, 43.03607197 ], [ 141.49918553, 43.03647341 ], [ 141.49935538, 43.03682854 ], [ 141.49890761, 43.03694691 ], [ 141.49877894, 43.03724542 ], [ 141.498814970000012, 43.03760569 ], [ 141.49922156, 43.03770863 ], [ 141.50060603, 43.03720939 ], [ 141.5012854, 43.03718366 ], [ 141.50310219, 43.0367359 ] ] ] ] } },
{ "type": "Feature", "properties": { "L05_001": "0153200", "L05_002": "中央長沼", "L05_003": "01428", "L05_004": "長沼町", "L05_005": "2", "L05_006": null, "L05_007": null, "L05_008": "長沼町", "L05_009": "1980", "L05_010": "31.4", "L05_011": "28", "L05_012": "5.1", "L05_013": "2", "L05_014": "999", "L05_015": "㈱エヌエムビー長沼加工センター,東陽村上アドバンス㈱,北海羽田コンクリート㈱,太平洋商事㈱" }, "geometry": { "type": "MultiPolygon", "coordinates": [ [ [ [ 141.70102481, 43.0123706 ], [ 141.695562200000012, 43.01423692 ], [ 141.69601003, 43.0149158 ], [ 141.69899403, 43.0192918 ], [ 141.70492789, 43.01708327 ], [ 141.7018344, 43.01254956 ], [ 141.70102481, 43.0123706 ] ] ] ] } },
{ "type": "Feature", "properties": { "L05_001": "0104600", "L05_002": "栗山", "L05_003": "01429", "L05_004": "栗山町", "L05_005": "2", "L05_006": null, "L05_007": null, "L05_008": "地域振興整備公団", "L05_009": "1973", "L05_010": "62.5", "L05_011": "57.3", "L05_012": "9.1", "L05_013": "2", "L05_014": "6", "L05_015": "北海道内田鍛工㈱,日本エイブルスティック㈱北海道工場,㈱エクセルシャノン" }, "geometry": { "type": "MultiPolygon", "coordinates": [ [ [ [ 141.80659506, 43.03570375 ], [ 141.806389200000012, 43.03588553 ], [ 141.80309724, 43.04601357 ], [ 141.80698075, 43.0466867 ], [ 141.80747051, 43.04510109 ], [ 141.80862758, 43.04527863 ], [ 141.81000504, 43.04458072 ], [ 141.8113052, 43.04066553 ], [ 141.81300484, 43.04098095 ], [ 141.81290077, 43.04020958 ], [ 141.81315177, 43.03934637 ], [ 141.8137222, 43.0387607 ], [ 141.81419864, 43.03826277 ], [ 141.81410069, 43.03768729 ], [ 141.8140211, 43.03711182 ], [ 141.81417416, 43.03649349 ], [ 141.81368439, 43.03638942 ], [ 141.81314565, 43.03626698 ], [ 141.81277221, 43.03619351 ], [ 141.812484469999987, 43.03584456 ], [ 141.8122177, 43.03570753 ], [ 141.8117152, 43.03561253 ], [ 141.81081927, 43.03553233 ], [ 141.81033563, 43.03540377 ], [ 141.80925815, 43.03525072 ], [ 141.80913571, 43.03568538 ], [ 141.8081957, 43.03548903 ], [ 141.80811333, 43.03536704 ], [ 141.80815618, 43.03511603 ], [ 141.80772764, 43.03499359 ], [ 141.80742766, 43.03514664 ], [ 141.807256239999987, 43.03545887 ], [ 141.80659506, 43.03570375 ] ] ] ] } },
{ "type": "Feature", "properties": { "L05_001": "0181100", "L05_002": "栗山工業団地鳩山地区", "L05_003": "01429", "L05_004": "栗山町", "L05_005": "2", "L05_006": null, "L05_007": null, "L05_008": "栗山町", "L05_009": null, "L05_010": "11.7", "L05_011": "11.7", "L05_012": "0", "L05_013": null, "L05_014": "999", "L05_015": "㈱北海道きのこ生産総合研究所" }, "geometry": { "type": "MultiPolygon", "coordinates": [ [ [ [ 141.80396276, 43.06822865 ], [ 141.80339233, 43.06844974 ], [ 141.80240182, 43.06877697 ], [ 141.80295014, 43.06914399 ], [ 141.80258754, 43.06951985 ], [ 141.80314028, 43.06985592 ], [ 141.80230896, 43.07067839 ], [ 141.80321988, 43.07120018 ], [ 141.80426345, 43.07037328 ], [ 141.80480735, 43.07053247 ], [ 141.805302610000012, 43.07062533 ], [ 141.806018959999989, 43.07064744 ], [ 141.805881879999987, 43.07160258 ], [ 141.80604549, 43.07187231 ], [ 141.80537336, 43.07231008 ], [ 141.80574922, 43.07284514 ], [ 141.806164560000013, 43.07345723 ], [ 141.80741181, 43.07248057 ], [ 141.807771190000011, 43.07235796 ], [ 141.80744986, 43.07152505 ], [ 141.80722578000001, 43.07076825 ], [ 141.80706512, 43.07032431 ], [ 141.8065324, 43.06985924 ], [ 141.80567412, 43.06922504 ], [ 141.805063819999987, 43.06875928 ], [ 141.80497096, 43.06843648 ], [ 141.80481619, 43.06795449 ], [ 141.80396276, 43.06822865 ] ] ] ] } },
{ "type": "Feature", "properties": { "L05_001": "0105300", "L05_002": "手稲", "L05_003": "01109", "L05_004": "札幌市手稲区", "L05_005": "2", "L05_006": "札幌を代表する山・手稲山の雄大な景色を望む立地にあって、印刷関連、一般機械器具、金属製品関連などの業種が集まる産業団地。", "L05_007": null, "L05_008": "市", "L05_009": "1974", "L05_010": "32.4", "L05_011": "27.9", "L05_012": "0", "L05_013": "1,3", "L05_014": "36", "L05_015": "旭運輸㈱,㈱ｱｽﾊﾟｯｸ,㈲阿部建具,㈲ｴﾄﾞ農産商店,北見木材㈱,㈱北山光社手稲工場,ＧＬＥＥ㈱,協同組合高速印刷センター,国際農機㈱,小島工業㈱" }, "geometry": { "type": "MultiPolygon", "coordinates": [ [ [ [ 141.23586351, 43.12482936 ], [ 141.235621040000012, 43.12482936 ], [ 141.230396500000012, 43.12717629 ], [ 141.228630579999987, 43.12793115 ], [ 141.227067620000014, 43.12864047 ], [ 141.225835319999987, 43.1291801 ], [ 141.22454212, 43.12963943 ], [ 141.22200612, 43.13048394 ], [ 141.22221657, 43.13085909 ], [ 141.22268778, 43.13166884 ], [ 141.223081220000012, 43.13229103 ], [ 141.22417463, 43.13206686 ], [ 141.224751059999988, 43.13196164 ], [ 141.22565232, 43.13189302 ], [ 141.23064292, 43.13197671 ], [ 141.229682810000014, 43.1288324 ], [ 141.23115593, 43.12855791 ], [ 141.23326953, 43.12822394 ], [ 141.23577658, 43.12831087 ], [ 141.23586351, 43.12482936 ] ] ] ] } },
{ "type": "Feature", "properties": { "L05_001": "0180500", "L05_002": "手稲山口軽工業", "L05_003": "01109", "L05_004": "札幌市手稲区", "L05_005": "2", "L05_006": "市民生活と精算の調和の取れた年環境づくりを目指す工場再配置計画に基づき工場適地の計画的かつ安定的供給を目的として造成（民間造成）。", "L05_007": null, "L05_008": "岩倉土地開発㈱", "L05_009": "1988", "L05_010": "20", "L05_011": "13.4", "L05_012": "0", "L05_013": "1", "L05_014": "999", "L05_015": null }, "geometry": { "type": "MultiPolygon", "coordinates": [ [ [ [ 141.22549756, 43.13208499 ], [ 141.22486319, 43.13213574 ], [ 141.22353737, 43.1323768 ], [ 141.22264292, 43.13259248 ], [ 141.221843619999987, 43.13283989 ], [ 141.21994053, 43.13355037 ], [ 141.22043534, 43.13388024 ], [ 141.22075252, 43.13418474 ], [ 141.22304257, 43.13733752 ], [ 141.22374671, 43.13731849 ], [ 141.223873590000011, 43.13698862 ], [ 141.22408293, 43.13662069 ], [ 141.22429861, 43.13649382 ], [ 141.226855089999987, 43.13613857 ], [ 141.22754021, 43.13597998 ], [ 141.22549756, 43.13208499 ] ] ] ] } },
{ "type": "Feature", "properties": { "L05_001": "0180900", "L05_002": "銭函", "L05_003": "01203", "L05_004": "小樽市", "L05_005": "2", "L05_006": "札幌市に隣接する道央圏の工業集積地帯のひとつで、食料品、機械金属、プラスチック、流通などの企業が操業。工業団地を縦貫する国道337号は石狩湾新港地域や札幌圏への中枢の路線として、また、南側にはJR函館本線、国道5号、札樽自動車道が並行している。", "L05_007": null, "L05_008": "小樽市", "L05_009": "1988", "L05_010": "128.6", "L05_011": "103.8", "L05_012": "5.6", "L05_013": "1,3", "L05_014": "999", "L05_015": "井原水産㈱,オーエスマシナリー㈱,北一化学㈱,極東高分子㈱,北海バネ㈱" }, "geometry": { "type": "MultiPolygon", "coordinates": [ [ [ [ 141.18932308, 43.13232009 ], [ 141.18699233000001, 43.13282994 ], [ 141.18564486, 43.13320869 ], [ 141.18247649, 43.13470911 ], [ 141.1815806, 43.13506601 ], [ 141.18193022, 43.13587449 ], [ 141.17699922, 43.13707628 ], [ 141.17292039, 43.13811055 ], [ 141.16979391000001, 43.13884074 ], [ 141.17024731, 43.13975665 ], [ 141.17120875, 43.13956728 ], [ 141.171966239999989, 43.13947259 ], [ 141.17326272, 43.13910112 ], [ 141.17338655, 43.14094388 ], [ 141.17584112, 43.14084191 ], [ 141.17586297, 43.14181791 ], [ 141.17784411, 43.14157755 ], [ 141.17859321, 43.14408981 ], [ 141.1825643, 43.14439528 ], [ 141.182345379999987, 43.14531404 ], [ 141.18453047, 43.145955 ], [ 141.1845596, 43.14584575 ], [ 141.18797561, 43.1463119 ], [ 141.188041160000012, 43.14446914 ], [ 141.18877681, 43.14449828 ], [ 141.18879866, 43.14470222 ], [ 141.18978923, 43.14474592 ], [ 141.18965813, 43.1451101 ], [ 141.19134064, 43.145467 ], [ 141.19133109, 43.14562303 ], [ 141.19511355, 43.14573649 ], [ 141.195825, 43.1459799 ], [ 141.196261170000014, 43.14447312 ], [ 141.195149969999989, 43.14385732 ], [ 141.194749370000011, 43.14368251 ], [ 141.19407199, 43.14359511 ], [ 141.19382435, 43.14326007 ], [ 141.19354757, 43.14309983 ], [ 141.19335335, 43.14283416 ], [ 141.19279008, 43.14276478 ], [ 141.19257352, 43.14251694 ], [ 141.192203439999986, 43.14247729 ], [ 141.192032579999989, 43.14226221 ], [ 141.19139162, 43.14198543 ], [ 141.19085992, 43.14200728 ], [ 141.19042291, 43.14192716 ], [ 141.190299079999988, 43.14167224 ], [ 141.18990577, 43.14158484 ], [ 141.189825649999989, 43.14147558 ], [ 141.18998589, 43.14117695 ], [ 141.18951245, 43.14103128 ], [ 141.18858015, 43.14076907 ], [ 141.18834708, 43.14071809 ], [ 141.18823054, 43.14025922 ], [ 141.18748761, 43.14027379 ], [ 141.1872691, 43.14000429 ], [ 141.18698257, 43.13793051 ], [ 141.18802675, 43.13729608 ], [ 141.188041160000012, 43.13547389 ], [ 141.18796833, 43.13520439 ], [ 141.189599859999987, 43.13477466 ], [ 141.19026267000001, 43.13471639 ], [ 141.18932308, 43.13232009 ] ] ] ] } },
{ "type": "Feature", "properties": { "L05_001": "0170300", "L05_002": "新川地区", "L05_003": "01102", "L05_004": "札幌市北区", "L05_005": "2", "L05_006": "団地内を南北に幅員50mの道路が縦断し、輸送トラックの乗り入れがスムーズ、しかも都心や道内拠点都市と結ぶ道央自動車新川ＩＣにも近接。", "L05_007": null, "L05_008": "札幌市", "L05_009": null, "L05_010": "14.3", "L05_011": "11.1", "L05_012": "0", "L05_013": "3", "L05_014": "999", "L05_015": "㈱丸加水産,㈱江戸屋,旭運輸㈱,㈱朝日サービス,栄和産業㈱,岡本印刷㈱,奥村食品工業㈱,㈱活里,川越製袋㈱,㈱環商事　札幌支社" }, "geometry": { "type": "MultiPolygon", "coordinates": [ [ [ [ 141.28634636000001, 43.12092484 ], [ 141.28936138, 43.12343303 ], [ 141.293435570000014, 43.12118475 ], [ 141.29066746, 43.1185596 ], [ 141.28634636000001, 43.12092484 ] ] ] ] } },
{ "type": "Feature", "properties": { "L05_001": "0105700", "L05_002": "発寒鉄工", "L05_003": "01107", "L05_004": "札幌市西区", "L05_005": "2", "L05_006": "昭和36年、国の工場等集団化制度による、北海道での機械金属製造業の第1号の工業団地として開設。市内中心部7㎞圏。", "L05_007": null, "L05_008": "市", "L05_009": "1967", "L05_010": "54.7", "L05_011": "50", "L05_012": "0", "L05_013": "1,2", "L05_014": "139", "L05_015": "㈱アイチコーポレーション,愛知時計電機㈱,㈱池田歯車製作所,伊藤製缶工業㈱,㈱伊藤塗装工部,片山鉄建㈱,カヤノ鉄工㈱,㈱北日本製作所,㈱協和機械製作所,㈱協和プラント" }, "geometry": { "type": "MultiPolygon", "coordinates": [ [ [ [ 141.28167912, 43.09755027 ], [ 141.27532026, 43.10141159 ], [ 141.27799854, 43.10378864 ], [ 141.2802989, 43.1056344 ], [ 141.283021, 43.10794024 ], [ 141.285956700000014, 43.10613829 ], [ 141.289100530000013, 43.10422132 ], [ 141.28759434, 43.10282467 ], [ 141.2833058, 43.0989743 ], [ 141.28167912, 43.09755027 ] ] ] ] } },
{ "type": "Feature", "properties": { "L05_001": "0105500", "L05_002": "発寒木工", "L05_003": "01107", "L05_004": "札幌市西区", "L05_005": "2", "L05_006": "昭和30年代後半からの中小企業高度化事業に基づく工場集団化の受け皿として、道内の豊かな森林資源などを生かした家具・建具業の振興を図るため、国・道・市の支援を受けて造成。", "L05_007": null, "L05_008": "市", "L05_009": "1973", "L05_010": "17.8", "L05_011": "13.4", "L05_012": "0", "L05_013": "2", "L05_014": "32", "L05_015": "㈱一貫堂,㈲永三ﾌｧﾆﾁｬ,ｴｽｹｰ産業㈱,㈱大沢建具製作所,㈱川原木椅子店,佐藤建具工業㈱,㈱関野木工品製作所,㈱双木社,㈱高松建具製作所,㈱豊福建具製作所" }, "geometry": { "type": "MultiPolygon", "coordinates": [ [ [ [ 141.28057811, 43.0973789 ], [ 141.27776252000001, 43.0948058 ], [ 141.27847103, 43.09435388 ], [ 141.2771289, 43.09315083 ], [ 141.27580067, 43.0939575 ], [ 141.27482711, 43.09457641 ], [ 141.273867450000012, 43.09517446 ], [ 141.2751609, 43.09630102 ], [ 141.27660039, 43.09753884 ], [ 141.278088559999986, 43.09885316 ], [ 141.28057811, 43.0973789 ] ] ] ] } },
{ "type": "Feature", "properties": { "L05_001": "0180300", "L05_002": "発寒鉄工関連", "L05_003": "01107", "L05_004": "札幌市西区", "L05_005": "2", "L05_006": "札樽自動車道の札幌新川ＩＣへわずか2分という好立地", "L05_007": null, "L05_008": "札幌市", "L05_009": "1967", "L05_010": "39.1", "L05_011": "33.9", "L05_012": "0", "L05_013": "1", "L05_014": "999", "L05_015": "朝日通商㈱,阿部鋼材㈱,㈲アベ商事,犬飼金属工業㈱,㈲岩野鉄工所,潮物産㈱,㈱エーアンドエーマテリアル,エア・ウォーターテクノサプライ㈱,㈱エスラインギフ,㈱エフケー・ツタイ" }, "geometry": { "type": "MultiPolygon", "coordinates": [ [ [ [ 141.28933238, 43.10421008 ], [ 141.286791459999989, 43.10573463 ], [ 141.28451536, 43.10710888 ], [ 141.28308385, 43.10801073 ], [ 141.28966878, 43.11360792 ], [ 141.290191279999988, 43.11316415 ], [ 141.29024139, 43.10780316 ], [ 141.290354549999989, 43.10395237 ], [ 141.290391699999986, 43.10195546 ], [ 141.288258750000011, 43.10322234 ], [ 141.28933238, 43.10421008 ] ] ] ] } },
{ "type": "Feature", "properties": { "L05_001": "0180400", "L05_002": "発寒地区第2工業", "L05_003": "01107", "L05_004": "札幌市西区", "L05_005": "2", "L05_006": "JR発寒駅に近く、札幌西ＩＣも1㎞以内という恵まれたロケーション。", "L05_007": null, "L05_008": "札幌市", "L05_009": "1988", "L05_010": "11.4", "L05_011": "7.4", "L05_012": "0", "L05_013": "1,2", "L05_014": "999", "L05_015": "㈱石川金属製作所,石田製本㈱,㈱インテリアスチール工芸,㈱ウエス,ウエハラ産業㈱,㈱エスピー工研,エヌ・エス・メタル㈱,関光電設㈱,共立プレス工業㈱,協業組合公清企業" }, "geometry": { "type": "MultiPolygon", "coordinates": [ [ [ [ 141.28697882, 43.11149475 ], [ 141.28340226, 43.11374552 ], [ 141.286192590000013, 43.1162969 ], [ 141.28960729, 43.11378406 ], [ 141.28697882, 43.11149475 ] ] ] ] } },
{ "type": "Feature", "properties": { "L05_001": "0105600", "L05_002": "丘珠鉄工", "L05_003": "01103", "L05_004": "札幌市東区", "L05_005": "2", "L05_006": "地元の一般機械器具、金属製品関連企業等により自主造成鉄工団地として開設された産業団地。協同組合は、中小企業等協同組合法施行間もない昭和25年に設立されており、固い結束を誇っている。", "L05_007": null, "L05_008": "札幌丘珠鉄工団地（協）", "L05_009": "1972", "L05_010": "33.9", "L05_011": "23.7", "L05_012": "0", "L05_013": "2", "L05_014": "39", "L05_015": "アートテックス㈱,三愛綜合設備㈱,㈱カナモト札幌営業所,㈱木戸口木型製作所,小柳工業㈱,㈱貞伊,㈱札幌北門工業,㈲佐藤栄製作所,㈱鈴木商会,㈱誠和" }, "geometry": { "type": "MultiPolygon", "coordinates": [ [ [ [ 141.40705723, 43.12936495 ], [ 141.40751615, 43.12850161 ], [ 141.40842274, 43.12870407 ], [ 141.40775699, 43.13006472 ], [ 141.40738767, 43.13086167 ], [ 141.40815061, 43.13117753 ], [ 141.408675429999988, 43.13010845 ], [ 141.40937033, 43.12876724 ], [ 141.41044666, 43.1290808 ], [ 141.41115376, 43.12756695 ], [ 141.41041026, 43.12735799 ], [ 141.41007496, 43.12722193 ], [ 141.41067267, 43.12613341 ], [ 141.41111002, 43.12514694 ], [ 141.41051717, 43.12434027 ], [ 141.40896214, 43.12332464 ], [ 141.40698434, 43.12550654 ], [ 141.406250559999989, 43.12611397 ], [ 141.405565380000013, 43.12696438 ], [ 141.40451087, 43.12810149 ], [ 141.40538616, 43.12860777 ], [ 141.40705723, 43.12936495 ] ] ] ] } },
{ "type": "Feature", "properties": { "L05_001": "0105800", "L05_002": "江別第1", "L05_003": "01217", "L05_004": "江別市", "L05_005": "2", "L05_006": "江別市が開発主体となって整備し、土地は既に完売しているが、工業用地協同組合や民間の不動産会社の協力で仲介を行っている。国道275号、高速道路江別西インターチェンジが近く、物流アクセスは良い。", "L05_007": null, "L05_008": "市", "L05_009": "1978", "L05_010": "197.7", "L05_011": "139.3", "L05_012": "0", "L05_013": "1,2", "L05_014": "95", "L05_015": "ニットーボ東岩㈱,㈱市村製作所,㈱菊水,㈱日江金属,バピルス化成㈱,ヤマガミアイザワ㈱,オシキリ食品㈱おとうふファクトリー,㈱マルナカ,東日本フード㈱,ヤンマー農機㈱" }, "geometry": { "type": "MultiPolygon", "coordinates": [ [ [ [ 141.51030655, 43.11859526 ], [ 141.50167428, 43.12829891 ], [ 141.5045211, 43.12936264 ], [ 141.50626592, 43.13012791 ], [ 141.50674039, 43.13043402 ], [ 141.508630610000012, 43.13071717 ], [ 141.50926578, 43.13065595 ], [ 141.512472269999989, 43.12965345 ], [ 141.51506826, 43.12884429 ], [ 141.5304179, 43.12420471 ], [ 141.528382279999988, 43.12204664 ], [ 141.52788485, 43.12159513 ], [ 141.52545894, 43.12132729 ], [ 141.5237991, 43.12111831 ], [ 141.5226786, 43.12062819 ], [ 141.52102036, 43.12000336 ], [ 141.517293489999986, 43.11733257 ], [ 141.51590834000001, 43.11861057 ], [ 141.514240050000012, 43.12042426 ], [ 141.51030655, 43.11859526 ] ] ] ] } },
{ "type": "Feature", "properties": { "L05_001": "0105900", "L05_002": "江別第2", "L05_003": "01217", "L05_004": "江別市", "L05_005": "2", "L05_006": "民間の手による造成・売買の工業団地。国道275号に隣接、高速道路江別西インターチェンジそばで流通アクセスが良い。大手中古車販売会社及び大型物流センターが立地している。市で直接扱う物件はないが、仲介等は行っている。", "L05_007": null, "L05_008": "民間", "L05_009": null, "L05_010": "94.3", "L05_011": "86.4", "L05_012": "20.6", "L05_013": "1", "L05_014": "999", "L05_015": "昭和窯業㈱,㈱ユー・エス・エス札幌,㈱日江金属,ラサールインベストメントマネジメント㈱,東札幌日通輸送㈱,マルイ食品㈱,角山開発㈱,日本梱包運輸倉庫㈱,㈱マクシスコーポレーション,㈲豊栄" }, "geometry": { "type": "MultiPolygon", "coordinates": [ [ [ [ 141.501486199999988, 43.12825625 ], [ 141.51117403, 43.11727775 ], [ 141.51079305, 43.1172933 ], [ 141.51027989, 43.11746435 ], [ 141.50933909, 43.11777536 ], [ 141.508305, 43.11800084 ], [ 141.506749969999987, 43.11816412 ], [ 141.50494052, 43.11852644 ], [ 141.50341856, 43.11879821 ], [ 141.50220152, 43.11900383 ], [ 141.50070869000001, 43.11947034 ], [ 141.50000893, 43.11965694 ], [ 141.498469449999988, 43.11963362 ], [ 141.49762973, 43.11938481 ], [ 141.4969533, 43.11912046 ], [ 141.49637016, 43.11877058 ], [ 141.49545269, 43.12013123 ], [ 141.494232, 43.12190396 ], [ 141.495444920000011, 43.12231604 ], [ 141.49621466, 43.12257262 ], [ 141.49467518, 43.12569823 ], [ 141.496735589999986, 43.12646019 ], [ 141.501486199999988, 43.12825625 ] ] ] ] } },
{ "type": "Feature", "properties": { "L05_001": "0153600", "L05_002": "道央栗沢", "L05_003": "01210", "L05_004": "岩見沢市", "L05_005": "2", "L05_006": null, "L05_007": null, "L05_008": "独立行政法人中小企業基盤整備機構", "L05_009": "1998", "L05_010": "36.8", "L05_011": "28.4", "L05_012": "26.9", "L05_013": "2", "L05_014": "999", "L05_015": "社会福祉法人クピド・フェア,シンレキ工業㈱" }, "geometry": { "type": "MultiPolygon", "coordinates": [ [ [ [ 141.76096102, 43.14779427 ], [ 141.76096951, 43.14743327 ], [ 141.76090552, 43.14711333 ], [ 141.76063535, 43.14680762 ], [ 141.76035808, 43.14606111 ], [ 141.75976087, 43.1415678 ], [ 141.75889349, 43.14158913 ], [ 141.758921930000014, 43.14214368 ], [ 141.75631268, 43.14229299 ], [ 141.75622737, 43.14152514 ], [ 141.75143546000001, 43.14195172 ], [ 141.752153529999987, 43.14531459 ], [ 141.755623039999989, 43.14503021 ], [ 141.755685989999989, 43.14561352 ], [ 141.75674637, 43.14552788 ], [ 141.756817469999987, 43.14609665 ], [ 141.75505171, 43.14622224 ], [ 141.755076339999988, 43.14640844 ], [ 141.75527, 43.14787261 ], [ 141.75699344, 43.14772976 ], [ 141.75706256, 43.14797859 ], [ 141.75908091, 43.14777584 ], [ 141.759117769999989, 43.14794173 ], [ 141.76096102, 43.14779427 ] ] ] ] } },
{ "type": "Feature", "properties": { "L05_001": "0103900", "L05_002": "栗沢", "L05_003": "01210", "L05_004": "岩見沢市", "L05_005": "2", "L05_006": null, "L05_007": null, "L05_008": "中小企業基盤整備機構", "L05_009": "1975", "L05_010": "35.7", "L05_011": "29.7", "L05_012": "28", "L05_013": "2", "L05_014": "10", "L05_015": "トステム北海道㈱,アイシン工業㈱,㈱トッキュウ,京浜精密工業㈱,丸大食品㈱,円山運輸㈱,シンレキ工業㈱,東洋クッション㈱,松山㈱,タニコー㈱" }, "geometry": { "type": "MultiPolygon", "coordinates": [ [ [ [ 141.75527, 43.14787261 ], [ 141.755076339999988, 43.14640844 ], [ 141.75244984, 43.1466192 ], [ 141.75270328, 43.14778505 ], [ 141.752970549999986, 43.14925043 ], [ 141.75342676, 43.15098308 ], [ 141.75482695, 43.15183307 ], [ 141.75800353, 43.15158322 ], [ 141.75825606, 43.15279407 ], [ 141.758444989999987, 43.1529231 ], [ 141.75880903, 43.1530936 ], [ 141.75920072, 43.15323645 ], [ 141.76106701, 43.15280789 ], [ 141.76102545, 43.15264208 ], [ 141.76101632000001, 43.15231022 ], [ 141.76137114, 43.15195078 ], [ 141.76166199, 43.15174445 ], [ 141.76194154, 43.15158322 ], [ 141.762159129999986, 43.15154066 ], [ 141.76215452, 43.15128722 ], [ 141.76197941, 43.15074346 ], [ 141.76176283, 43.1507665 ], [ 141.76137395, 43.1493486 ], [ 141.76096102, 43.14779427 ], [ 141.759117769999989, 43.14794173 ], [ 141.75908091, 43.14777584 ], [ 141.75706256, 43.14797859 ], [ 141.75699344, 43.14772976 ], [ 141.75527, 43.14787261 ] ] ] ] } },
{ "type": "Feature", "properties": { "L05_001": "0150300", "L05_002": "勝納ふ頭", "L05_003": "01203", "L05_004": "小樽市", "L05_005": "1", "L05_006": "重要港湾小樽港内南部に位置し、国道5号及び高速自動車道まで約1㎞、札幌都心まで約30分と交通の利便性が高く、更にフェリーターミナルに隣接しているため道外へのアクセスも充実しています。", "L05_007": null, "L05_008": "小樽市", "L05_009": "1980", "L05_010": "41.3", "L05_011": "8.3", "L05_012": "2.4", "L05_013": "2", "L05_014": "999", "L05_015": "小樽倉庫事業協同組合,小野田北立レミコン㈱,西條産業㈱,北海道いすゞ自動車㈱" }, "geometry": { "type": "MultiPolygon", "coordinates": [ [ [ [ 141.012387280000013, 43.18856452 ], [ 141.01274471, 43.18911483 ], [ 141.01117886, 43.19074309 ], [ 141.01231353, 43.19125369 ], [ 141.01281902, 43.1907211 ], [ 141.01425949, 43.18971621 ], [ 141.01892867, 43.19142956 ], [ 141.022741169999989, 43.18923397 ], [ 141.024606549999987, 43.18815453 ], [ 141.02615086, 43.18727666 ], [ 141.02452261, 43.18677173 ], [ 141.023030510000012, 43.18475202 ], [ 141.019782529999986, 43.18619616 ], [ 141.018082529999987, 43.18700416 ], [ 141.017391190000012, 43.18718021 ], [ 141.016908949999987, 43.1872483 ], [ 141.01639268, 43.18746956 ], [ 141.01495732, 43.18838297 ], [ 141.01414035, 43.18742984 ], [ 141.012387280000013, 43.18856452 ] ] ] ] } },
{ "type": "Feature", "properties": { "L05_001": "0150100", "L05_002": "石狩湾新港地域", "L05_003": "01235", "L05_004": "石狩市", "L05_005": "1", "L05_006": "「石狩湾新港地域」は、札幌駅から15㎞・車で30分の位置にあり、国際貿易港・石狩湾新港を核とする大規模産業拠点。企業進出は700社を超え、就業者数約13,000人という全国有数の企業集積でありながら、全体面積の約3分の1が緑地・公園となっている。", "L05_007": null, "L05_008": "石狩開発㈱", "L05_009": null, "L05_010": "3022", "L05_011": "1296", "L05_012": "476", "L05_013": "1,2,3", "L05_014": "77", "L05_015": "㈱トーモク,㈱YKKAP,花王㈱,東洋水産㈱,コマツ北海道㈱,㈱コロナ,関西ペイント㈱,日立建機㈱,伊藤ハム㈱,横浜冷凍㈱" }, "geometry": { "type": "MultiPolygon", "coordinates": [ [ [ [ 141.25491596, 43.15740433 ], [ 141.25245103, 43.15557964 ], [ 141.24726507, 43.1592717 ], [ 141.2378642, 43.15222904 ], [ 141.23315843, 43.15552629 ], [ 141.23126972, 43.15665738 ], [ 141.22709748, 43.15897292 ], [ 141.22643589, 43.15929304 ], [ 141.225603580000012, 43.15995462 ], [ 141.22525145, 43.16045614 ], [ 141.22501669, 43.16081895 ], [ 141.22485416, 43.1613374 ], [ 141.224698280000013, 43.1617427 ], [ 141.22449563, 43.16180505 ], [ 141.22455799, 43.16250652 ], [ 141.22437093, 43.16261564 ], [ 141.22465152, 43.16260005 ], [ 141.224698280000013, 43.16270917 ], [ 141.22446446, 43.16274035 ], [ 141.2244021, 43.16325476 ], [ 141.22437093, 43.16341064 ], [ 141.22446446, 43.16356652 ], [ 141.22429299, 43.16376917 ], [ 141.224152690000011, 43.16479799 ], [ 141.22529413, 43.16525795 ], [ 141.226595949999989, 43.16594088 ], [ 141.2271924, 43.16606064 ], [ 141.2274574, 43.16629446 ], [ 141.22775357, 43.16635682 ], [ 141.22810052, 43.1666238 ], [ 141.23046593, 43.16755711 ], [ 141.23076819, 43.16772288 ], [ 141.23174416, 43.16805593 ], [ 141.232112699999988, 43.16833111 ], [ 141.23384857, 43.16905358 ], [ 141.23537793, 43.16972897 ], [ 141.23618681, 43.17020711 ], [ 141.23671681, 43.17047211 ], [ 141.23735593, 43.17069035 ], [ 141.23836916, 43.17117358 ], [ 141.238867989999989, 43.17131388 ], [ 141.23932005, 43.1715477 ], [ 141.23970975, 43.17175035 ], [ 141.24062946, 43.17210888 ], [ 141.24111269, 43.17237388 ], [ 141.24192973000001, 43.17264207 ], [ 141.24293652, 43.17320005 ], [ 141.24321021, 43.17332499 ], [ 141.243372990000012, 43.17349623 ], [ 141.24398093, 43.17362094 ], [ 141.24456539, 43.17403993 ], [ 141.24483828000001, 43.1741977 ], [ 141.24530593, 43.17438476 ], [ 141.245383870000012, 43.17452505 ], [ 141.245586519999989, 43.17454064 ], [ 141.24599181, 43.17471211 ], [ 141.24803387, 43.17564741 ], [ 141.24932769, 43.17625535 ], [ 141.249748579999988, 43.17638005 ], [ 141.249890060000013, 43.17654754 ], [ 141.250138279999987, 43.17662946 ], [ 141.25122946, 43.17723741 ], [ 141.25237633, 43.17778534 ], [ 141.25347416, 43.17837535 ], [ 141.25560975, 43.17943535 ], [ 141.25704387, 43.18023035 ], [ 141.257690340000011, 43.18061307 ], [ 141.25885211, 43.18125917 ], [ 141.25930161, 43.18155209 ], [ 141.25977181, 43.18177358 ], [ 141.26014593, 43.18199182 ], [ 141.26081685, 43.18249111 ], [ 141.26109681, 43.18263093 ], [ 141.26324799, 43.18398711 ], [ 141.26367331, 43.18429091 ], [ 141.264993870000012, 43.18523417 ], [ 141.26566416, 43.18546799 ], [ 141.26794487, 43.18670603 ], [ 141.26807291, 43.18687676 ], [ 141.268095929999987, 43.18719829 ], [ 141.26863846, 43.18678073 ], [ 141.26958815, 43.18755969 ], [ 141.270249729999989, 43.18790115 ], [ 141.27239828, 43.18925594 ], [ 141.27282137, 43.18955511 ], [ 141.273380339999989, 43.18997299 ], [ 141.274097399999988, 43.19042505 ], [ 141.274827460000012, 43.19092096 ], [ 141.27042047, 43.19445295 ], [ 141.27727105, 43.19907336 ], [ 141.27611146000001, 43.20004992 ], [ 141.276319300000011, 43.20023698 ], [ 141.27590362, 43.20059031 ], [ 141.27601191, 43.20068463 ], [ 141.27779499, 43.19930169 ], [ 141.279582440000013, 43.20048639 ], [ 141.28211554, 43.19844379 ], [ 141.280386889999988, 43.197238 ], [ 141.282211569999987, 43.19579746 ], [ 141.28241416, 43.19587954 ], [ 141.28312925, 43.19588282 ], [ 141.28364505, 43.19581082 ], [ 141.28477852, 43.19583071 ], [ 141.28527734, 43.19603855 ], [ 141.28545773, 43.19612874 ], [ 141.28581827, 43.19635234 ], [ 141.28600479, 43.19655816 ], [ 141.28610871, 43.19649581 ], [ 141.28729342, 43.19265071 ], [ 141.28714143, 43.1923615 ], [ 141.289382280000012, 43.18513744 ], [ 141.28955301, 43.18491336 ], [ 141.28970240000001, 43.18465726 ], [ 141.290011850000013, 43.1845719 ], [ 141.29041107, 43.18469031 ], [ 141.29417303, 43.18539698 ], [ 141.294056039999987, 43.18574567 ], [ 141.2941414, 43.18590573 ], [ 141.2921033, 43.19304442 ], [ 141.29386126, 43.19329502 ], [ 141.2936742, 43.19416796 ], [ 141.2928844, 43.19454208 ], [ 141.29163734, 43.19433424 ], [ 141.29153342, 43.19474992 ], [ 141.291367150000013, 43.19477071 ], [ 141.29005773, 43.19905228 ], [ 141.29000118, 43.19936147 ], [ 141.29026558000001, 43.19973816 ], [ 141.290348709999989, 43.20042404 ], [ 141.2909402, 43.20100475 ], [ 141.291516410000014, 43.20145292 ], [ 141.289488979999987, 43.20834619 ], [ 141.295325850000012, 43.21226233 ], [ 141.29660479, 43.21123188 ], [ 141.29391732, 43.20746052 ], [ 141.29548591, 43.20619071 ], [ 141.297342609999987, 43.20742851 ], [ 141.29949381, 43.20892482 ], [ 141.300063630000011, 43.20846356 ], [ 141.301077350000014, 43.20768461 ], [ 141.30257125, 43.20849558 ], [ 141.30290204, 43.20880503 ], [ 141.303246589999986, 43.20886247 ], [ 141.30325577, 43.20886247 ], [ 141.30344283, 43.20880012 ], [ 141.303920870000013, 43.20913267 ], [ 141.303713030000011, 43.20915345 ], [ 141.303734350000013, 43.20928521 ], [ 141.303915749999987, 43.2094346 ], [ 141.3045444, 43.20979777 ], [ 141.304835379999986, 43.21060835 ], [ 141.30555904, 43.21153672 ], [ 141.30492947, 43.21200623 ], [ 141.305633730000011, 43.21246507 ], [ 141.30572977, 43.21240105 ], [ 141.305495009999987, 43.21223032 ], [ 141.30641499, 43.21154365 ], [ 141.307725190000014, 43.21246507 ], [ 141.306839520000011, 43.21313733 ], [ 141.30616727, 43.21274251 ], [ 141.30606056, 43.21280653 ], [ 141.30627397, 43.21295592 ], [ 141.303380479999987, 43.21513934 ], [ 141.30028772, 43.21304129 ], [ 141.29859108, 43.21436445 ], [ 141.30466911, 43.21840247 ], [ 141.30527093, 43.21785377 ], [ 141.30491852, 43.21732169 ], [ 141.30876024, 43.21420439 ], [ 141.30938715, 43.21464051 ], [ 141.308618130000013, 43.21528483 ], [ 141.30836871, 43.2151809 ], [ 141.30781055, 43.21561292 ], [ 141.30918707, 43.21656262 ], [ 141.30634867, 43.21878212 ], [ 141.306967570000012, 43.21873944 ], [ 141.30868048, 43.21840247 ], [ 141.30978205, 43.2183609 ], [ 141.31053028, 43.21821541 ], [ 141.31319068, 43.21850639 ], [ 141.313564789999987, 43.21867267 ], [ 141.31416754, 43.21879737 ], [ 141.316266750000011, 43.21987816 ], [ 141.31657852, 43.22010679 ], [ 141.318282829999987, 43.22116679 ], [ 141.31855303, 43.2214162 ], [ 141.32046519, 43.22276718 ], [ 141.32079773000001, 43.2231413 ], [ 141.32144205, 43.22386875 ], [ 141.322065579999986, 43.22424286 ], [ 141.32241891000001, 43.22478326 ], [ 141.32314636000001, 43.22530286 ], [ 141.323520480000013, 43.22559385 ], [ 141.325702830000012, 43.22773463 ], [ 141.32730322, 43.22904404 ], [ 141.32760468, 43.2295275 ], [ 141.32820224, 43.22993299 ], [ 141.32925695, 43.23118483 ], [ 141.33056636, 43.2321409 ], [ 141.33117936, 43.23250462 ], [ 141.33212519, 43.23326326 ], [ 141.33283185, 43.233866 ], [ 141.333270809999988, 43.23421193 ], [ 141.333665630000013, 43.23453205 ], [ 141.337186949999989, 43.23192841 ], [ 141.326644320000014, 43.22258088 ], [ 141.329045220000012, 43.22008394 ], [ 141.32356049, 43.21567695 ], [ 141.32398731, 43.21548488 ], [ 141.32573731, 43.21506872 ], [ 141.3349141, 43.213148 ], [ 141.33081655, 43.20286145 ], [ 141.32761535, 43.19486911 ], [ 141.3253745, 43.189267 ], [ 141.32285622, 43.18292861 ], [ 141.32244007, 43.18208563 ], [ 141.321639760000011, 43.18102923 ], [ 141.32040196, 43.17935393 ], [ 141.31506662000001, 43.18046368 ], [ 141.307095620000013, 43.182203 ], [ 141.30520691000001, 43.17748656 ], [ 141.303478250000012, 43.17781735 ], [ 141.30235783, 43.17490425 ], [ 141.30186698, 43.1750323 ], [ 141.30153619, 43.17410395 ], [ 141.29985022, 43.1701558 ], [ 141.2977481, 43.17058263 ], [ 141.296584990000014, 43.1674988 ], [ 141.29510176, 43.16400948 ], [ 141.29480299, 43.16573813 ], [ 141.293535639999988, 43.16562417 ], [ 141.2901478, 43.16325476 ], [ 141.28686399, 43.16080828 ], [ 141.28419632, 43.15873816 ], [ 141.281155180000013, 43.15646531 ], [ 141.278072110000011, 43.15868221 ], [ 141.27759117, 43.15897292 ], [ 141.27525429, 43.15905828 ], [ 141.26282294, 43.1598159 ], [ 141.25843728000001, 43.16009334 ], [ 141.25491596, 43.15740433 ] ] ] ] } },
{ "type": "Feature", "properties": { "L05_001": "0153300", "L05_002": "岡山", "L05_003": "01210", "L05_004": "岩見沢市", "L05_005": "2", "L05_006": null, "L05_007": null, "L05_008": "岩見沢市", "L05_009": "1979", "L05_010": "50.8", "L05_011": "35", "L05_012": "9", "L05_013": "2", "L05_014": "999", "L05_015": "クリエートメディック㈱,日産ディーゼル北海道販売㈱,ヤマト運輸㈱,道央通商㈱,北海道ニューホランド㈱,ダイカ㈱,㈱ポリマー技研,淡路農産食品㈱,㈱つうけん,㈱石北" }, "geometry": { "type": "MultiPolygon", "coordinates": [ [ [ [ 141.800636559999987, 43.23363487 ], [ 141.79939443, 43.23381725 ], [ 141.79906641, 43.23335457 ], [ 141.79964278, 43.2330153 ], [ 141.797998439999986, 43.23064946 ], [ 141.797217030000013, 43.23119044 ], [ 141.79664933, 43.23201193 ], [ 141.795567369999986, 43.23365491 ], [ 141.79524679, 43.23416249 ], [ 141.79494315, 43.23489778 ], [ 141.79472243, 43.23588525 ], [ 141.79530022, 43.23619952 ], [ 141.79564751, 43.23587226 ], [ 141.795954740000013, 43.23547821 ], [ 141.79664933, 43.23601251 ], [ 141.797350599999987, 43.23521774 ], [ 141.79828563, 43.2358923 ], [ 141.79741071, 43.236834 ], [ 141.7969098, 43.23726144 ], [ 141.79635546, 43.23767553 ], [ 141.79482159, 43.23635109 ], [ 141.79435343, 43.23664925 ], [ 141.79328991, 43.23690079 ], [ 141.79288918, 43.23635313 ], [ 141.792034300000012, 43.23579879 ], [ 141.791146020000014, 43.23551161 ], [ 141.79048483, 43.235545 ], [ 141.789863700000012, 43.23559175 ], [ 141.790317859999988, 43.23742173 ], [ 141.789476330000014, 43.23754863 ], [ 141.78883517, 43.2376221 ], [ 141.79003735, 43.240327 ], [ 141.79594806, 43.23929847 ], [ 141.79791943, 43.23799825 ], [ 141.80118421, 43.23581883 ], [ 141.800636559999987, 43.23363487 ] ] ] ] } },
{ "type": "Feature", "properties": { "L05_001": "0153900", "L05_002": "三笠", "L05_003": "01222", "L05_004": "三笠市", "L05_005": "2", "L05_006": null, "L05_007": null, "L05_008": "独立行政法人中小企業基盤整備機構", "L05_009": "1973", "L05_010": "77.6", "L05_011": "69.5", "L05_012": "45", "L05_013": "1,2", "L05_014": "13", "L05_015": "三有キャン,北海道オリシン,クリナップ,クラレインテリア,レンタルのニッケン" }, "geometry": { "type": "MultiPolygon", "coordinates": [ [ [ [ 141.80182893, 43.23779475 ], [ 141.803361599999988, 43.23760595 ], [ 141.804598919999989, 43.23596412 ], [ 141.80741805, 43.23773627 ], [ 141.81284009, 43.24116995 ], [ 141.8130406, 43.24101957 ], [ 141.813307939999987, 43.24067703 ], [ 141.81384262, 43.23995855 ], [ 141.814135029999989, 43.23905627 ], [ 141.81430212, 43.23856336 ], [ 141.814494270000012, 43.23822918 ], [ 141.81497883, 43.237895 ], [ 141.8154049, 43.23643298 ], [ 141.80963198, 43.2326317 ], [ 141.80530438, 43.2298998 ], [ 141.80493678, 43.22982461 ], [ 141.80452742, 43.22984967 ], [ 141.80276885, 43.23043315 ], [ 141.800467160000011, 43.23116968 ], [ 141.800792980000011, 43.23255651 ], [ 141.80076792, 43.23301601 ], [ 141.80090994, 43.2333669 ], [ 141.80182893, 43.23779475 ] ] ] ] } },
{ "type": "Feature", "properties": { "L05_001": "0153500", "L05_002": "南空知流通", "L05_003": "01210", "L05_004": "岩見沢市", "L05_005": "2", "L05_006": null, "L05_007": null, "L05_008": "北海道土地開発公社", "L05_009": "1980", "L05_010": "31.9", "L05_011": "24.3", "L05_012": "17.2", "L05_013": "2", "L05_014": "10", "L05_015": "北海道中央バス㈱,西武運輸㈱,㈱ほくやく,北海道赤十字血液センター,岩見沢小型ハイヤー㈱,北海電気工業㈱,ブリジストンタイヤ北海道販売㈱,㈱東栄,北燃商事㈱,ダスキン岩見沢㈲" }, "geometry": { "type": "MultiPolygon", "coordinates": [ [ [ [ 141.768463270000012, 43.1691324 ], [ 141.769553699999989, 43.16728006 ], [ 141.76848424, 43.16674183 ], [ 141.767344869999988, 43.16795809 ], [ 141.762619660000013, 43.1655815 ], [ 141.76054364, 43.16779732 ], [ 141.761361459999989, 43.16821672 ], [ 141.76018016, 43.1694819 ], [ 141.76031297, 43.17011799 ], [ 141.76174591, 43.17078203 ], [ 141.76117273, 43.17141113 ], [ 141.762850320000013, 43.17237575 ], [ 141.76345845, 43.17273922 ], [ 141.76402464, 43.17276019 ], [ 141.76448133, 43.17272009 ], [ 141.76515733, 43.17254109 ], [ 141.76594688, 43.17252953 ], [ 141.76635929, 43.17238274 ], [ 141.76701634, 43.17127133 ], [ 141.768463270000012, 43.1691324 ] ] ] ] } },
{ "type": "Feature", "properties": { "L05_001": "0151000", "L05_002": "千歳臨空", "L05_003": "01224", "L05_004": "千歳市", "L05_005": "2", "L05_006": "新千歳空港、高速道路や空港との直結道道が隣接する千歳臨空工業団地。緑あふれる自然に囲まれ、工業団地に隣接して住宅地が整備されている。環境の良さは市内でも定評があり、立地条件の評価とともに、道内・外から既に多くの企業が進出している。", "L05_007": null, "L05_008": "千歳市土地開発公社", "L05_009": "1996", "L05_010": "401.8", "L05_011": "214.4", "L05_012": "47.6", "L05_013": "1", "L05_014": "85", "L05_015": "ミツミ電機㈱,北海道キッコーマン㈱,理工協産㈱,㈱SUMCO,㈱デンソーエレクトロニクス,㈱ケイシイシイ,日本赤十字社,㈱トヨタユービック,㈱アーキビジョン21,㈱ホンダユーテック" }, "geometry": { "type": "MultiPolygon", "coordinates": [ [ [ [ 141.60996591, 42.78001803 ], [ 141.60922652, 42.78005747 ], [ 141.608674439999987, 42.78018563 ], [ 141.60792519, 42.78057011 ], [ 141.60713651, 42.78091516 ], [ 141.605638, 42.7810729 ], [ 141.60576617000001, 42.78269956 ], [ 141.60634782, 42.78290659 ], [ 141.606978770000012, 42.78324178 ], [ 141.60736325, 42.78347839 ], [ 141.6079942, 42.78361641 ], [ 141.60797209, 42.7841613 ], [ 141.60780689, 42.78936395 ], [ 141.60748156, 42.79195675 ], [ 141.60766887, 42.79201591 ], [ 141.60760972, 42.79280459 ], [ 141.60774774, 42.79298205 ], [ 141.6085167, 42.79316936 ], [ 141.60834911, 42.793682 ], [ 141.608090229999988, 42.79407979 ], [ 141.60862515, 42.79460871 ], [ 141.60912794, 42.79519036 ], [ 141.60965044, 42.79582131 ], [ 141.61135597, 42.79624523 ], [ 141.61195734, 42.79643254 ], [ 141.61205593, 42.79660014 ], [ 141.61180947, 42.79751698 ], [ 141.61141512, 42.79835496 ], [ 141.611516239999986, 42.79882153 ], [ 141.61212494, 42.79942955 ], [ 141.6126573, 42.79990276 ], [ 141.61713309000001, 42.80104635 ], [ 141.62120468, 42.79170043 ], [ 141.623136960000011, 42.78726408 ], [ 141.62061316, 42.78666271 ], [ 141.62168775, 42.78427693 ], [ 141.622140159999987, 42.78296501 ], [ 141.62216096, 42.78213762 ], [ 141.62145114, 42.77904203 ], [ 141.62064274, 42.77546338 ], [ 141.62217082, 42.77530564 ], [ 141.62323554, 42.77592673 ], [ 141.62413267, 42.78018563 ], [ 141.62635085, 42.78014619 ], [ 141.62709024, 42.77768155 ], [ 141.627652180000013, 42.77634079 ], [ 141.62833242, 42.77513804 ], [ 141.62614382000001, 42.77446766 ], [ 141.624458, 42.77362968 ], [ 141.62130326, 42.77261425 ], [ 141.61908509, 42.77223963 ], [ 141.61595992, 42.77201288 ], [ 141.612943199999989, 42.7716974 ], [ 141.6112771, 42.77144108 ], [ 141.60941383, 42.77144108 ], [ 141.60996591, 42.78001803 ] ] ] ] } },
{ "type": "Feature", "properties": { "L05_001": "0151200", "L05_002": "千歳サイエンスパーク", "L05_003": "01224", "L05_004": "千歳市", "L05_005": "2", "L05_006": "泉沢向陽台住宅地に近接した職住機能と、高速輸送が可能な充実の交通アクセスが完備された立地環境にある未来型研究開発拠点。メカトロニクス、バイオテクノロジーなどハイテク産業に適合する試験研究の専用ゾーンとして重要な役割を担うエリアと期待を集めている。", "L05_007": null, "L05_008": "千歳市土地開発公社", "L05_009": "1989", "L05_010": "12.4", "L05_011": "9", "L05_012": "3.3", "L05_013": "3", "L05_014": "4", "L05_015": "㈱奈良機械製作所,（財）日本食品分析センター,オーヤマ・データサービス㈱" }, "geometry": { "type": "MultiPolygon", "coordinates": [ [ [ [ 141.60558717, 42.78093968 ], [ 141.606447550000013, 42.78087634 ], [ 141.60717596, 42.78074438 ], [ 141.608243140000013, 42.78022797 ], [ 141.60906035, 42.77991567 ], [ 141.60975181, 42.77986289 ], [ 141.60960402, 42.7776882 ], [ 141.60522296, 42.77786238 ], [ 141.60558717, 42.78093968 ] ] ] ] } },
{ "type": "Feature", "properties": { "L05_001": "0151500", "L05_002": "千歳オフィス・アルカディア", "L05_003": "01224", "L05_004": "千歳市", "L05_005": "2", "L05_006": null, "L05_007": null, "L05_008": "独立行政法人中小企業基盤整備機構", "L05_009": null, "L05_010": "39.4", "L05_011": "29.8", "L05_012": "1.4", "L05_013": "3", "L05_014": "999", "L05_015": "日産フィナンシャルサービス,北海道空港,佐川航空" }, "geometry": { "type": "MultiPolygon", "coordinates": [ [ [ [ 141.675453190000013, 42.80817166 ], [ 141.67156562, 42.81134204 ], [ 141.6720214, 42.81133533 ], [ 141.67382443, 42.81227371 ], [ 141.6765576, 42.81379566 ], [ 141.67701492, 42.81413036 ], [ 141.677209299999987, 42.81442528 ], [ 141.67714227, 42.81481404 ], [ 141.67844259, 42.81853404 ], [ 141.67891178, 42.81911047 ], [ 141.6797771, 42.81887081 ], [ 141.68183416, 42.81815199 ], [ 141.682303350000012, 42.81790399 ], [ 141.68134487, 42.8164495 ], [ 141.680205410000013, 42.81467999 ], [ 141.67987697, 42.81360085 ], [ 141.67966919, 42.8127362 ], [ 141.67958205, 42.81142247 ], [ 141.679481509999988, 42.80994787 ], [ 141.679548540000013, 42.80919717 ], [ 141.67801362, 42.80860063 ], [ 141.67698811, 42.80840625 ], [ 141.676049729999988, 42.80835263 ], [ 141.675453190000013, 42.80817166 ] ] ] ] } },
{ "type": "Feature", "properties": { "L05_001": "0151300", "L05_002": "千歳流通業務団地", "L05_003": "01224", "L05_004": "千歳市", "L05_005": "2", "L05_006": "市街中心部より北東約3㎞に位置し、道央圏連絡道路「日の出IC」を介して、新千歳空港に直結する広域物流拠点の千歳流通業務団地。空港までわずか5分という好立地、24時間稼働の運輸・保管・流通加工など「流通」に欠かせない機能を集約している。", "L05_007": null, "L05_008": "千歳市土地開発公社", "L05_009": "1998", "L05_010": "52.7", "L05_011": "30.3", "L05_012": "24.7", "L05_013": "2", "L05_014": "18", "L05_015": "石油資源開発㈱,㈲肉の山本,㈲東洋コンクリート,国際空輸㈱,大志技研㈱,㈱ＨＡＬサーブ,田辺商事㈱,㈱クリーン開発,㈱札幌ビケ足場,KDDI㈱" }, "geometry": { "type": "MultiPolygon", "coordinates": [ [ [ [ 141.67683204, 42.82603893 ], [ 141.67743342, 42.82470386 ], [ 141.68193176, 42.82569614 ], [ 141.6821242, 42.82522105 ], [ 141.683982469999989, 42.825636 ], [ 141.68369381, 42.82647192 ], [ 141.684926639999986, 42.82677261 ], [ 141.684643990000012, 42.82751833 ], [ 141.68523335, 42.82765063 ], [ 141.68501084, 42.82825201 ], [ 141.685991089999987, 42.82849256 ], [ 141.68570945, 42.82919322 ], [ 141.68503489, 42.82905786 ], [ 141.68474021, 42.82990581 ], [ 141.68539572, 42.83009224 ], [ 141.68698337, 42.83042901 ], [ 141.68716204, 42.82988412 ], [ 141.68883562, 42.83031475 ], [ 141.688276339999987, 42.83091012 ], [ 141.68893786000001, 42.83121682 ], [ 141.68932274, 42.83084998 ], [ 141.68974972, 42.83086201 ], [ 141.689779789999989, 42.83105445 ], [ 141.6897377, 42.83152353 ], [ 141.69167112, 42.83188995 ], [ 141.691701380000012, 42.83015156 ], [ 141.69168016, 42.82891353 ], [ 141.68925058, 42.82838432 ], [ 141.68904009, 42.82795132 ], [ 141.688757439999989, 42.8274642 ], [ 141.68821019, 42.82671247 ], [ 141.68747049000001, 42.82554579 ], [ 141.68657443, 42.82448736 ], [ 141.68602116, 42.82440317 ], [ 141.67873241, 42.82354319 ], [ 141.67865423, 42.82327858 ], [ 141.67840766, 42.8232846 ], [ 141.67679596, 42.82386192 ], [ 141.67658548, 42.82373563 ], [ 141.67601104, 42.82201234 ], [ 141.67837759, 42.82155262 ], [ 141.67844976, 42.82095725 ], [ 141.67849283000001, 42.82057842 ], [ 141.67806488, 42.82047013 ], [ 141.67775909, 42.82034822 ], [ 141.67757205, 42.82023313 ], [ 141.6769884, 42.8198026 ], [ 141.67666366, 42.81999504 ], [ 141.676603519999986, 42.8201514 ], [ 141.67592396, 42.82041601 ], [ 141.675208309999988, 42.82068062 ], [ 141.674557670000013, 42.82086724 ], [ 141.674029600000011, 42.82108354 ], [ 141.67327788, 42.82139626 ], [ 141.67259832, 42.8217631 ], [ 141.67214127, 42.82217204 ], [ 141.67304334, 42.82257497 ], [ 141.673181660000012, 42.82397619 ], [ 141.674035620000012, 42.82394612 ], [ 141.67564131, 42.82397017 ], [ 141.67503391, 42.82545559 ], [ 141.67683204, 42.82603893 ] ] ] ] } },
{ "type": "Feature", "properties": { "L05_001": "0106700", "L05_002": "安平", "L05_003": "01585", "L05_004": "安平町", "L05_005": "2", "L05_006": "分譲が終了している団地です。", "L05_007": null, "L05_008": "町", "L05_009": "1977", "L05_010": "23.4", "L05_011": "14.4", "L05_012": "0", "L05_013": "2", "L05_014": "999", "L05_015": "三井住建道路㈱北海道支店道南営業所,三井住友建設㈱北海道支店早来出張所,郡リース㈱北海道工場,三友プラントサービス㈱安平環境総合研究所" }, "geometry": { "type": "MultiPolygon", "coordinates": [ [ [ [ 141.832713680000012, 42.82470781 ], [ 141.832038180000012, 42.82543564 ], [ 141.831971579999987, 42.82563543 ], [ 141.832123810000013, 42.8260493 ], [ 141.83220468, 42.82641083 ], [ 141.83260427, 42.82726235 ], [ 141.8326899, 42.82825657 ], [ 141.83259476, 42.82875131 ], [ 141.83254243, 42.82960758 ], [ 141.83240447, 42.83004998 ], [ 141.83236166, 42.8306351 ], [ 141.83264233, 42.83077306 ], [ 141.833750720000012, 42.83083966 ], [ 141.834930469999989, 42.83085868 ], [ 141.835039880000011, 42.8305019 ], [ 141.835551579999986, 42.82944118 ], [ 141.83591518, 42.82851345 ], [ 141.83617682, 42.8273004 ], [ 141.83621488, 42.82579717 ], [ 141.836186340000012, 42.82543564 ], [ 141.83586286, 42.82515497 ], [ 141.83556316, 42.82516448 ], [ 141.83517784, 42.82519778 ], [ 141.83476398, 42.82513594 ], [ 141.83452612, 42.82500274 ], [ 141.83371742, 42.82489809 ], [ 141.832713680000012, 42.82470781 ] ] ] ] } },
{ "type": "Feature", "properties": { "L05_001": "0170400", "L05_002": "早来臨空", "L05_003": "01585", "L05_004": "安平町", "L05_005": "2", "L05_006": "分譲が終了している団地です。", "L05_007": null, "L05_008": "町", "L05_009": "1994", "L05_010": "34.1", "L05_011": "21.3", "L05_012": "0", "L05_013": "2", "L05_014": "999", "L05_015": "アイリスオーヤマ㈱北海道工場,㈱北海道コクボ,東海物産㈱北海道工場,ホクダイ㈱" }, "geometry": { "type": "MultiPolygon", "coordinates": [ [ [ [ 141.77412917, 42.76574768 ], [ 141.77012488, 42.76589725 ], [ 141.76983934, 42.7660944 ], [ 141.769390640000012, 42.76650911 ], [ 141.76902353, 42.76702579 ], [ 141.76857483, 42.76779402 ], [ 141.76792898, 42.76867782 ], [ 141.77157975, 42.76984036 ], [ 141.779459159999988, 42.77250535 ], [ 141.77920762, 42.77192068 ], [ 141.77894928, 42.77116605 ], [ 141.77890849, 42.77067657 ], [ 141.77849378, 42.77020067 ], [ 141.77831022, 42.76945284 ], [ 141.77767117, 42.76900414 ], [ 141.77705251, 42.7687526 ], [ 141.77669713, 42.76865663 ], [ 141.77618231, 42.76859624 ], [ 141.7757676, 42.7683175 ], [ 141.7753121, 42.76782121 ], [ 141.774978979999986, 42.76733172 ], [ 141.77476823, 42.76674026 ], [ 141.774346720000011, 42.76617599 ], [ 141.77412917, 42.76574768 ] ] ] ] } },
{ "type": "Feature", "properties": { "L05_001": "0151700", "L05_002": "豊沢", "L05_003": "01581", "L05_004": "厚真町", "L05_005": "2", "L05_006": "昭和59年から工業団地として分譲を開始。最初の立地企業が立地した平成元年に一部造成。道道千歳鵡川線に面し、国道234号線及び日高自動車道厚真ICまで約10㎞、苫小牧港東港まで約13㎞、新千歳空港まで約29㎞と、陸・海・空すべての交通アクセスに恵まれている。", "L05_007": null, "L05_008": "厚真町", "L05_009": null, "L05_010": "32.6", "L05_011": "27.1", "L05_012": "23.7", "L05_013": "2", "L05_014": "999", "L05_015": "㈱林物産,内田工業㈱,㈱美装いがらし" }, "geometry": { "type": "MultiPolygon", "coordinates": [ [ [ [ 141.88940535, 42.69897087 ], [ 141.88989147, 42.6971631 ], [ 141.89023996, 42.69662329 ], [ 141.88977531, 42.6962543 ], [ 141.88825154, 42.69471687 ], [ 141.887752729999988, 42.69454604 ], [ 141.88742475, 42.69468954 ], [ 141.88704893, 42.69491503 ], [ 141.88670044, 42.69456654 ], [ 141.88721976, 42.69425222 ], [ 141.88580532, 42.69302228 ], [ 141.88479403, 42.69335026 ], [ 141.88401506, 42.69375341 ], [ 141.881644, 42.695653 ], [ 141.88216331000001, 42.69619964 ], [ 141.88344792, 42.69665062 ], [ 141.884896520000012, 42.6971836 ], [ 141.885286009999987, 42.69750475 ], [ 141.885941980000013, 42.69820172 ], [ 141.886208470000014, 42.69835888 ], [ 141.88684394, 42.69848187 ], [ 141.88625212, 42.70050831 ], [ 141.888531699999987, 42.7009691 ], [ 141.88905101, 42.70006031 ], [ 141.88940535, 42.69897087 ] ] ] ] } },
{ "type": "Feature", "properties": { "L05_001": "0152200", "L05_002": "ウトナイ", "L05_003": "01213", "L05_004": "苫小牧市", "L05_005": "2", "L05_006": null, "L05_007": null, "L05_008": "苫小牧市", "L05_009": "1997", "L05_010": "52.2", "L05_011": "48.3", "L05_012": "5.9", "L05_013": "3", "L05_014": "999", "L05_015": "栄光運輸㈱" }, "geometry": { "type": "MultiPolygon", "coordinates": [ [ [ [ 141.70878993, 42.68095427 ], [ 141.70590349, 42.67866072 ], [ 141.69851574, 42.68389533 ], [ 141.70318867, 42.68788954 ], [ 141.70669548, 42.68671591 ], [ 141.70835306, 42.68613427 ], [ 141.71176219, 42.68341165 ], [ 141.70878993, 42.68095427 ] ] ] ] } },
{ "type": "Feature", "properties": { "L05_001": "0152000", "L05_002": "明野北", "L05_003": "01213", "L05_004": "苫小牧市", "L05_005": "2", "L05_006": null, "L05_007": null, "L05_008": "苫小牧港開発㈱", "L05_009": null, "L05_010": "203", "L05_011": "131.1", "L05_012": "65.5", "L05_013": "3", "L05_014": "999", "L05_015": "ホクト,ニヤクコーポレーション,鈴与,ハウジング山地,シオヤ,北海道福山通運,大同運輸" }, "geometry": { "type": "MultiPolygon", "coordinates": [ [ [ [ 141.656129490000012, 42.67631738 ], [ 141.6524923, 42.67559021 ], [ 141.65062226, 42.67533528 ], [ 141.64504869000001, 42.67408807 ], [ 141.64247842, 42.67360155 ], [ 141.636435260000013, 42.67233057 ], [ 141.63946883, 42.67357757 ], [ 141.64164509, 42.67469867 ], [ 141.643203840000012, 42.67569387 ], [ 141.64258034, 42.67647325 ], [ 141.64180696, 42.6782778 ], [ 141.64145324, 42.6797826 ], [ 141.640470029999989, 42.68075982 ], [ 141.64012231000001, 42.68155718 ], [ 141.64002638, 42.68183895 ], [ 141.638977219999987, 42.68267229 ], [ 141.63817986, 42.68296605 ], [ 141.63734653, 42.68320586 ], [ 141.63702279, 42.68345166 ], [ 141.63687891, 42.68406917 ], [ 141.63683694, 42.6845308 ], [ 141.63653718, 42.68535214 ], [ 141.63594365, 42.68562192 ], [ 141.63514629, 42.68582576 ], [ 141.63471464, 42.68622744 ], [ 141.63424701, 42.68668907 ], [ 141.633899289999988, 42.68746245 ], [ 141.63473262, 42.6877802 ], [ 141.63574581, 42.68801401 ], [ 141.63768226, 42.68820586 ], [ 141.63946284, 42.6882778 ], [ 141.64088969, 42.68812192 ], [ 141.64209473, 42.68779219 ], [ 141.64317986, 42.68730658 ], [ 141.64478657, 42.68623943 ], [ 141.64569784, 42.68558595 ], [ 141.64661511, 42.68505838 ], [ 141.648713429999987, 42.68395526 ], [ 141.650428049999988, 42.683026 ], [ 141.65109952, 42.68261233 ], [ 141.65151918, 42.68213272 ], [ 141.65191486, 42.68155718 ], [ 141.65204676, 42.68122145 ], [ 141.65213669, 42.67948884 ], [ 141.65234652, 42.67805598 ], [ 141.65278417, 42.6775404 ], [ 141.65356954, 42.67706678 ], [ 141.65500839, 42.67645526 ], [ 141.656129490000012, 42.67631738 ] ] ] ] } },
{ "type": "Feature", "properties": { "L05_001": "0157200", "L05_002": "桜ヶ丘", "L05_003": "01636", "L05_004": "清水町", "L05_005": "2", "L05_006": null, "L05_007": null, "L05_008": "清水町", "L05_009": "1981", "L05_010": "18.4", "L05_011": "15.5", "L05_012": "1.3", "L05_013": null, "L05_014": "999", "L05_015": "丹羽鉄筋興業㈱,㈲酒井鉄工,㈲柴田自動車工業" }, "geometry": { "type": "MultiPolygon", "coordinates": [ [ [ [ 142.95244484, 42.93634643 ], [ 142.945478540000011, 42.93802699 ], [ 142.9490539, 42.94118045 ], [ 142.95050838, 42.94116858 ], [ 142.95238437, 42.93913229 ], [ 142.952912739999988, 42.93888889 ], [ 142.95351234, 42.93846145 ], [ 142.953862609999987, 42.93787372 ], [ 142.95244484, 42.93634643 ] ] ] ] } },
{ "type": "Feature", "properties": { "L05_001": "0153800", "L05_002": "清水沢団地", "L05_003": "01209", "L05_004": "夕張市", "L05_005": "2", "L05_006": null, "L05_007": null, "L05_008": "独立行政法人中小企業基盤整備機構", "L05_009": "1974", "L05_010": "17.2", "L05_011": "13.3", "L05_012": "3.3", "L05_013": "2", "L05_014": "999", "L05_015": "元旦ビューティ,㈱横山製作所,石田鉄工㈱" }, "geometry": { "type": "MultiPolygon", "coordinates": [ [ [ [ 142.00880842, 42.97141969 ], [ 142.00828705, 42.9718354 ], [ 142.00787627, 42.97221879 ], [ 142.00745864000001, 42.9727528 ], [ 142.007301180000013, 42.97341005 ], [ 142.00719164, 42.97407415 ], [ 142.007629799999989, 42.97418369 ], [ 142.007855729999989, 42.97443016 ], [ 142.00810131, 42.97477404 ], [ 142.00851298, 42.97523802 ], [ 142.00851298, 42.9755735 ], [ 142.01004347, 42.97506777 ], [ 142.01177868, 42.9769633 ], [ 142.01205253, 42.97720292 ], [ 142.01210046, 42.97814087 ], [ 142.01271159, 42.97837846 ], [ 142.01286725, 42.97827095 ], [ 142.013983200000013, 42.97871596 ], [ 142.013846269999988, 42.97611436 ], [ 142.011224129999988, 42.97339636 ], [ 142.010532649999988, 42.97302666 ], [ 142.00880842, 42.97141969 ] ] ] ] } },
{ "type": "Feature", "properties": { "L05_001": "0153700", "L05_002": "夕張緑陽", "L05_003": "01209", "L05_004": "夕張市", "L05_005": "2", "L05_006": null, "L05_007": null, "L05_008": "独立行政法人中小企業基盤整備機構", "L05_009": "1996", "L05_010": "11.1", "L05_011": "8", "L05_012": "4.2", "L05_013": "2", "L05_014": "999", "L05_015": "㈱アクリフーズ" }, "geometry": { "type": "MultiPolygon", "coordinates": [ [ [ [ 142.032347390000012, 42.95661363 ], [ 142.03127182, 42.95756652 ], [ 142.03063985, 42.95799741 ], [ 142.03011117, 42.95833869 ], [ 142.02951475, 42.95855756 ], [ 142.02835135, 42.95900282 ], [ 142.0270156, 42.95953903 ], [ 142.02698208000001, 42.95991726 ], [ 142.02603413, 42.96032899 ], [ 142.02721189, 42.96104235 ], [ 142.02743691, 42.96116204 ], [ 142.02720695, 42.9617031 ], [ 142.0270922, 42.96235417 ], [ 142.02713529, 42.96301486 ], [ 142.028078459999989, 42.96233502 ], [ 142.02914131, 42.96143015 ], [ 142.02987382, 42.96084127 ], [ 142.03120958, 42.95976405 ], [ 142.03170749, 42.95929486 ], [ 142.03166919, 42.95908421 ], [ 142.03166919, 42.958931 ], [ 142.03193730000001, 42.95871556 ], [ 142.03218626, 42.95837563 ], [ 142.03250703, 42.95794953 ], [ 142.032851740000012, 42.95768142 ], [ 142.03304325, 42.9575761 ], [ 142.032981009999986, 42.95719308 ], [ 142.033019309999986, 42.95684837 ], [ 142.03308155, 42.95635046 ], [ 142.03281823, 42.95620683 ], [ 142.032347390000012, 42.95661363 ] ] ] ] } },
{ "type": "Feature", "properties": { "L05_001": "0108400", "L05_002": "芽室東第一～第四", "L05_003": "01637", "L05_004": "芽室町", "L05_005": "2", "L05_006": null, "L05_007": null, "L05_008": "芽室町", "L05_009": "1989", "L05_010": "0", "L05_011": "238.7", "L05_012": "159.1", "L05_013": "1", "L05_014": "14", "L05_015": "日本道路㈱,ヤマト運輸㈱,西濃運輸㈱,㈱菱食,エア・ウォーター物流" }, "geometry": { "type": "MultiPolygon", "coordinates": [ [ [ [ 143.0827736, 42.92088003 ], [ 143.08176039, 42.92818387 ], [ 143.08620485, 42.92847602 ], [ 143.09987389, 42.92947059 ], [ 143.10634478, 42.92993057 ], [ 143.106661800000012, 42.92732606 ], [ 143.10816607000001, 42.92748767 ], [ 143.108831189999989, 42.922807 ], [ 143.10235409, 42.9223781 ], [ 143.09365165, 42.92176893 ], [ 143.0827736, 42.92088003 ] ] ] ] } },
{ "type": "Feature", "properties": { "L05_001": "0180100", "L05_002": "新帯広", "L05_003": "01207", "L05_004": "帯広市", "L05_005": "2", "L05_006": null, "L05_007": null, "L05_008": null, "L05_009": null, "L05_010": "0", "L05_011": "0", "L05_012": "0", "L05_013": null, "L05_014": "999", "L05_015": null }, "geometry": { "type": "MultiPolygon", "coordinates": [ [ [ [ 143.11917008, 42.93106936 ], [ 143.11658921, 42.93085971 ], [ 143.11593133, 42.93076573 ], [ 143.11567831, 42.93059222 ], [ 143.11535795, 42.93024048 ], [ 143.11484771, 42.9299387 ], [ 143.11366855, 42.92963072 ], [ 143.11170217, 42.92931986 ], [ 143.11142745, 42.9293054 ], [ 143.10928033, 42.92968132 ], [ 143.109555050000012, 42.93023798 ], [ 143.11064668, 42.93027413 ], [ 143.11116719, 42.93048378 ], [ 143.111362390000011, 42.9306862 ], [ 143.111384070000014, 42.93144528 ], [ 143.11131178, 42.93213207 ], [ 143.11110213, 42.93373699 ], [ 143.113155260000013, 42.93380205 ], [ 143.11372638, 42.93200194 ], [ 143.11515057, 42.93211761 ], [ 143.11598917, 42.93221882 ], [ 143.11615544, 42.93232727 ], [ 143.11626388, 42.93300682 ], [ 143.11635787, 42.93331769 ], [ 143.11747119, 42.93494429 ], [ 143.118114600000013, 42.93610098 ], [ 143.12239437, 42.93659981 ], [ 143.128076639999989, 42.93727937 ], [ 143.12884295, 42.93176338 ], [ 143.124505340000013, 42.93145251 ], [ 143.12154854, 42.93123563 ], [ 143.11917008, 42.93106936 ] ] ] ] } },
{ "type": "Feature", "properties": { "L05_001": "0157400", "L05_002": "音更町IC（インターチェンジ）", "L05_003": "01631", "L05_004": "音更町", "L05_005": "2", "L05_006": null, "L05_007": null, "L05_008": "音更町土地開発公社", "L05_009": null, "L05_010": "36.3", "L05_011": "28.9", "L05_012": "7.8", "L05_013": "2", "L05_014": "999", "L05_015": "ダイレックス㈱,㈲スガワラ測量設計,㈲ヤマトおしぼり,㈲田中板金工業,㈱ナガワ,日農機㈱,長谷部商事㈱,㈱島内工務店,㈲明光運輸,京北運輸㈱" }, "geometry": { "type": "MultiPolygon", "coordinates": [ [ [ [ 143.18367496, 42.9822491 ], [ 143.180417440000014, 42.98217537 ], [ 143.179412039999988, 42.98204131 ], [ 143.17911712, 42.98184023 ], [ 143.178580899999986, 42.9812571 ], [ 143.178098299999988, 42.98112975 ], [ 143.177066090000011, 42.98095548 ], [ 143.17681138, 42.98306683 ], [ 143.17646955, 42.98549991 ], [ 143.17581268, 42.99019181 ], [ 143.182602519999989, 42.99070791 ], [ 143.18367496, 42.9822491 ] ] ] ] } },
{ "type": "Feature", "properties": { "L05_001": "0157100", "L05_002": "帯広市西20条北", "L05_003": "01207", "L05_004": "帯広市", "L05_005": "2", "L05_006": null, "L05_007": null, "L05_008": "帯広市西20条北土地区画整理組合", "L05_009": null, "L05_010": "48.9", "L05_011": "36.8", "L05_012": "19", "L05_013": "2", "L05_014": "999", "L05_015": "北海道酒類販売㈱,㈱札幌山水,㈱マキタ,㈱建材社,杉野雪印アクセス,鎌田商事㈱北海道支店,ヂーゼル精機サービス,㈱小畑商会,㈲鈴蘭ボデー,㈱金太郎部品" }, "geometry": { "type": "MultiPolygon", "coordinates": [ [ [ [ 143.141166489999989, 42.93265943 ], [ 143.140841599999987, 42.93487049 ], [ 143.14057086, 42.9375779 ], [ 143.141486859999986, 42.93786669 ], [ 143.14220433, 42.93810133 ], [ 143.14369792, 42.93858416 ], [ 143.145621979999987, 42.93904843 ], [ 143.14747476, 42.93936931 ], [ 143.1485487, 42.93955883 ], [ 143.14994302, 42.93968066 ], [ 143.14995205, 42.93829537 ], [ 143.14977155, 42.93809231 ], [ 143.15044841, 42.93328214 ], [ 143.1490225, 42.93317384 ], [ 143.14414464, 42.93281736 ], [ 143.141166489999989, 42.93265943 ] ] ] ] } },
{ "type": "Feature", "properties": { "L05_001": "0108700", "L05_002": "帯広", "L05_003": "01207", "L05_004": "帯広市", "L05_005": "2", "L05_006": null, "L05_007": null, "L05_008": "市産業公社", "L05_009": "1974", "L05_010": "630.4", "L05_011": "221.4", "L05_012": "0", "L05_013": null, "L05_014": "203", "L05_015": null }, "geometry": { "type": "MultiPolygon", "coordinates": [ [ [ [ 143.12552543000001, 42.93134957 ], [ 143.139948980000014, 42.93239922 ], [ 143.1422202, 42.93256209 ], [ 143.15582032, 42.9335122 ], [ 143.15648087, 42.92874356 ], [ 143.143007430000011, 42.92779345 ], [ 143.14330603, 42.92529602 ], [ 143.13004071, 42.92433687 ], [ 143.129742099999987, 42.9268162 ], [ 143.122363940000014, 42.92628323 ], [ 143.10959075, 42.92534127 ], [ 143.10921975, 42.92812825 ], [ 143.10912022, 42.92897883 ], [ 143.10918356, 42.92945841 ], [ 143.1115098, 42.92908423 ], [ 143.11461275, 42.92963938 ], [ 143.11534569, 42.92996513 ], [ 143.11592481, 42.9305352 ], [ 143.11640438, 42.93067997 ], [ 143.121426390000011, 42.93105097 ], [ 143.12552543000001, 42.93134957 ] ] ] ] } },
{ "type": "Feature", "properties": { "L05_001": "0157600", "L05_002": "札内東", "L05_003": "01643", "L05_004": "幕別町", "L05_005": "2", "L05_006": "町内に点在する工場を集約するため造成を行い昭和61年から分譲を開始している。帯広市に隣接する内陸型の工業団地である。", "L05_007": null, "L05_008": "幕別町土地開発公社", "L05_009": "1993", "L05_010": "23.8", "L05_011": "17.7", "L05_012": "2", "L05_013": "4", "L05_014": "999", "L05_015": "北海カーピット,堀川建設,北洋道路,勝山自動車" }, "geometry": { "type": "MultiPolygon", "coordinates": [ [ [ [ 143.271404249999989, 42.9056638 ], [ 143.271184119999987, 42.90577966 ], [ 143.27099874000001, 42.90679345 ], [ 143.27109722, 42.90761027 ], [ 143.27505967, 42.907002 ], [ 143.27879619, 42.90644007 ], [ 143.281188719999989, 42.90608669 ], [ 143.28442149, 42.90558902 ], [ 143.28500634, 42.90363044 ], [ 143.282932429999988, 42.90379844 ], [ 143.28204609, 42.90398961 ], [ 143.28120494, 42.90423452 ], [ 143.280273419999986, 42.90447623 ], [ 143.27859343, 42.90468478 ], [ 143.27780558, 42.90489333 ], [ 143.27705827, 42.90514822 ], [ 143.27679179, 42.90536836 ], [ 143.2750365, 42.90564063 ], [ 143.27435072, 42.90569085 ], [ 143.27337968, 42.90577966 ], [ 143.273287, 42.90552477 ], [ 143.27266714000001, 42.90561166 ], [ 143.27211101, 42.90576808 ], [ 143.2718677, 42.9055827 ], [ 143.271404249999989, 42.9056638 ] ] ] ] } },
{ "type": "Feature", "properties": { "L05_001": "0157500", "L05_002": "リバーサイド幕別", "L05_003": "01643", "L05_004": "幕別町", "L05_005": "2", "L05_006": "北海道内陸部における農業と工業の均衡ある発展で図る農工団地として計画され平成5年度から分譲を開始している。帯広市に隣接する内陸型の工業団地である。", "L05_007": null, "L05_008": "幕別町土地開発公社", "L05_009": "2001", "L05_010": "41.5", "L05_011": "28.3", "L05_012": "7.5", "L05_013": "4", "L05_014": "999", "L05_015": "㈲林屋,明治飼糧㈱,楢崎リース㈱,㈱西川工務店,長谷川産業㈱,㈱銘林" }, "geometry": { "type": "MultiPolygon", "coordinates": [ [ [ [ 143.24250357, 42.89909423 ], [ 143.2423321, 42.9006138 ], [ 143.24361517, 42.90201512 ], [ 143.243733420000012, 42.90250588 ], [ 143.24415323, 42.90304394 ], [ 143.24459668, 42.90374756 ], [ 143.2449751, 42.9039072 ], [ 143.24514657, 42.90425014 ], [ 143.245424469999989, 42.90480594 ], [ 143.246181299999989, 42.90486507 ], [ 143.246346859999989, 42.90352878 ], [ 143.24964896, 42.90379996 ], [ 143.25240151, 42.90399589 ], [ 143.252159080000013, 42.90303211 ], [ 143.25143773, 42.90182591 ], [ 143.25087011, 42.90113412 ], [ 143.25023744, 42.90041277 ], [ 143.249687560000012, 42.89966776 ], [ 143.248954379999986, 42.8983374 ], [ 143.24848136, 42.89762195 ], [ 143.24735202, 42.89758056 ], [ 143.24706230000001, 42.89772247 ], [ 143.24272234, 42.89740318 ], [ 143.24250357, 42.89909423 ] ] ] ] } },
{ "type": "Feature", "properties": { "L05_001": "0108300", "L05_002": "芽室西", "L05_003": "01637", "L05_004": "芽室町", "L05_005": "2", "L05_006": null, "L05_007": null, "L05_008": "町振興公社", "L05_009": "1973", "L05_010": "34.7", "L05_011": "27", "L05_012": "0", "L05_013": "2", "L05_014": "44", "L05_015": null }, "geometry": { "type": "MultiPolygon", "coordinates": [ [ [ [ 143.03400733, 42.90983389 ], [ 143.03381925, 42.91007073 ], [ 143.03322017, 42.91461258 ], [ 143.02989041, 42.9143618 ], [ 143.02980682, 42.91441753 ], [ 143.02883854000001, 42.91434091 ], [ 143.02869922, 42.91565749 ], [ 143.02864349, 42.91684868 ], [ 143.02872012, 42.91725271 ], [ 143.02914504, 42.9176846 ], [ 143.02977199, 42.91833244 ], [ 143.03051176, 42.91905731 ], [ 143.0307333, 42.91921016 ], [ 143.03102587, 42.91936341 ], [ 143.03242604, 42.919447 ], [ 143.03485719, 42.91963509 ], [ 143.03520549000001, 42.91739203 ], [ 143.03556076000001, 42.91471707 ], [ 143.03619466, 42.90997321 ], [ 143.03400733, 42.90983389 ] ] ] ] } },
{ "type": "Feature", "properties": { "L05_001": "0158200", "L05_002": "釧路益浦軽工業団地", "L05_003": "01206", "L05_004": "釧路市", "L05_005": "2", "L05_006": null, "L05_007": null, "L05_008": "太平洋興発㈱釧路支店", "L05_009": null, "L05_010": "10.4", "L05_011": "9.2", "L05_012": "6.1", "L05_013": "3", "L05_014": "999", "L05_015": "東光薬品工業㈱,らんふあん㈱" }, "geometry": { "type": "MultiPolygon", "coordinates": [ [ [ [ 144.43336338, 42.95328384 ], [ 144.43326671, 42.95322476 ], [ 144.431862380000013, 42.95321903 ], [ 144.43018938, 42.95353626 ], [ 144.42844932, 42.95381015 ], [ 144.42698852, 42.95410017 ], [ 144.42642462, 42.9541485 ], [ 144.425355880000012, 42.95428813 ], [ 144.425987600000013, 42.95596588 ], [ 144.42612387, 42.95634506 ], [ 144.42701738, 42.95616912 ], [ 144.428094859999987, 42.95594227 ], [ 144.4293999, 42.95568985 ], [ 144.43064587, 42.95540521 ], [ 144.43168239, 42.95520113 ], [ 144.43194555, 42.95504001 ], [ 144.43241816, 42.95485204 ], [ 144.432595389999989, 42.95486278 ], [ 144.43336338, 42.95328384 ] ] ] ] } },
{ "type": "Feature", "properties": { "L05_001": "0108000", "L05_002": "大楽毛水産加工", "L05_003": "01206", "L05_004": "釧路市", "L05_005": "2", "L05_006": null, "L05_007": null, "L05_008": "釧路市水産物（協）", "L05_009": null, "L05_010": "38", "L05_011": "36.4", "L05_012": "0", "L05_013": null, "L05_014": "999", "L05_015": null }, "geometry": { "type": "MultiPolygon", "coordinates": [ [ [ [ 144.25624789, 43.00325399 ], [ 144.256082709999987, 43.00314007 ], [ 144.2556897, 43.0031059 ], [ 144.255399219999987, 43.00306033 ], [ 144.25510304, 43.00292363 ], [ 144.25483535, 43.00288376 ], [ 144.25445373, 43.00298629 ], [ 144.25421451, 43.0031002 ], [ 144.25411546, 43.00321523 ], [ 144.254089209999989, 43.00344195 ], [ 144.25461321, 43.00410265 ], [ 144.25504039, 43.00452983 ], [ 144.255871969999987, 43.00478044 ], [ 144.25714212, 43.0050994 ], [ 144.25680607000001, 43.00562341 ], [ 144.25920966000001, 43.00646638 ], [ 144.26111773, 43.00716125 ], [ 144.26245053, 43.00743465 ], [ 144.26239927, 43.00724669 ], [ 144.262125880000013, 43.00703025 ], [ 144.26296315, 43.00682521 ], [ 144.263259330000011, 43.00671699 ], [ 144.26431304, 43.00700177 ], [ 144.26450669, 43.00674547 ], [ 144.26464339, 43.0067056 ], [ 144.26558888, 43.0058968 ], [ 144.26385738, 43.00545823 ], [ 144.264632, 43.00366408 ], [ 144.26312263, 43.00344195 ], [ 144.26246192, 43.00325399 ], [ 144.26175565, 43.00319133 ], [ 144.26112343, 43.00322551 ], [ 144.26067916, 43.0032369 ], [ 144.260531070000013, 43.00331094 ], [ 144.26051474, 43.0035662 ], [ 144.2606336, 43.00367547 ], [ 144.26127721, 43.00368117 ], [ 144.26104369, 43.00424504 ], [ 144.26001846, 43.00397734 ], [ 144.25999567, 43.00383495 ], [ 144.260225670000011, 43.0033494 ], [ 144.259893150000011, 43.00328246 ], [ 144.25934636, 43.00334512 ], [ 144.25864009, 43.00333373 ], [ 144.25843505, 43.00327677 ], [ 144.25826417, 43.00313438 ], [ 144.25780851, 43.00309451 ], [ 144.25736425, 43.00392608 ], [ 144.25614267, 43.00358427 ], [ 144.25625358, 43.00341916 ], [ 144.25624789, 43.00325399 ] ] ] ] } },
{ "type": "Feature", "properties": { "L05_001": "0158100", "L05_002": "西港臨海", "L05_003": "01206", "L05_004": "釧路市", "L05_005": "1", "L05_006": null, "L05_007": null, "L05_008": "釧路市", "L05_009": "1981", "L05_010": "279.9", "L05_011": "213.7", "L05_012": "48.8", "L05_013": "1", "L05_014": "101", "L05_015": "北市,共立テクニクス㈱,㈱美奈味,三商コンクリート工場㈱,北海道日東㈱,日本タルク㈱" }, "geometry": { "type": "MultiPolygon", "coordinates": [ [ [ [ 144.34419057, 43.0033692 ], [ 144.34345439, 43.00213651 ], [ 144.34830808000001, 43.00106647 ], [ 144.35138124, 43.00021044 ], [ 144.34965205, 42.99863534 ], [ 144.34934388, 42.99826725 ], [ 144.34982326, 42.99789916 ], [ 144.34841081, 42.99655519 ], [ 144.34792275, 42.99555915 ], [ 144.34453298, 42.99668359 ], [ 144.34061236, 42.99395285 ], [ 144.337402239999989, 42.99447503 ], [ 144.34023571, 42.99921744 ], [ 144.33700847, 42.99961978 ], [ 144.334551659999988, 42.99569059 ], [ 144.32887617, 42.99642678 ], [ 144.33127306, 43.00036453 ], [ 144.32873064, 43.00065558 ], [ 144.326333760000011, 42.99674351 ], [ 144.322755550000011, 42.99713729 ], [ 144.3237143, 43.00122912 ], [ 144.32017033, 43.00147737 ], [ 144.31955399, 42.99906336 ], [ 144.319031810000013, 42.99719721 ], [ 144.31512831, 42.99711161 ], [ 144.31510946, 42.99765895 ], [ 144.31442418, 42.99765895 ], [ 144.31436707, 43.00057141 ], [ 144.314366439999986, 43.00266725 ], [ 144.3143322, 43.00508982 ], [ 144.310300289999986, 43.00547503 ], [ 144.31007772000001, 43.00544079 ], [ 144.31000924, 43.00519254 ], [ 144.309401830000013, 43.005099 ], [ 144.302750089999989, 43.00495286 ], [ 144.29993375, 43.00469605 ], [ 144.29993375, 43.00637387 ], [ 144.29986526, 43.00804313 ], [ 144.2998567, 43.00960111 ], [ 144.302313520000013, 43.00977231 ], [ 144.303837249999987, 43.00999488 ], [ 144.30812597, 43.01073963 ], [ 144.309127530000012, 43.01089371 ], [ 144.31036021, 43.01092795 ], [ 144.31226916, 43.011005 ], [ 144.31535943, 43.01148438 ], [ 144.31858121, 43.01200697 ], [ 144.322361769999986, 43.01258009 ], [ 144.32477228, 43.01293435 ], [ 144.32877345, 43.01358165 ], [ 144.33065672, 43.01388982 ], [ 144.33224037, 43.01376142 ], [ 144.33397129, 43.01141102 ], [ 144.334662939999987, 43.01044858 ], [ 144.33561314, 43.00921589 ], [ 144.335732979999989, 43.00878788 ], [ 144.33559602, 43.00712718 ], [ 144.33546761, 43.00546647 ], [ 144.336460609999989, 43.00535519 ], [ 144.33781314, 43.00504702 ], [ 144.34044115, 43.00437075 ], [ 144.34298357, 43.00369449 ], [ 144.34419057, 43.0033692 ] ] ] ] } },
{ "type": "Feature", "properties": { "L05_001": "0158400", "L05_002": "釧路内陸標茶", "L05_003": "01664", "L05_004": "標茶町", "L05_005": "2", "L05_006": null, "L05_007": null, "L05_008": "標茶町", "L05_009": null, "L05_010": "13.3", "L05_011": "9.1", "L05_012": "1.7", "L05_013": "2", "L05_014": "999", "L05_015": "ホクトヤンマー㈱,北海フォードトラクター㈱,MSK東急機械㈱" }, "geometry": { "type": "MultiPolygon", "coordinates": [ [ [ [ 144.6142503, 43.29751295 ], [ 144.61366744, 43.29718939 ], [ 144.61328494, 43.29718948 ], [ 144.61270582, 43.29745641 ], [ 144.6118643, 43.29772335 ], [ 144.611303279999987, 43.29642487 ], [ 144.60954784, 43.29705827 ], [ 144.610229370000013, 43.29861633 ], [ 144.61075316, 43.29982899 ], [ 144.611658369999986, 43.29963333 ], [ 144.611805370000013, 43.29995433 ], [ 144.612746539999989, 43.29978192 ], [ 144.61308134, 43.30053296 ], [ 144.611267090000013, 43.30094015 ], [ 144.61157022, 43.30162784 ], [ 144.61354735, 43.30118899 ], [ 144.614900119999987, 43.30084061 ], [ 144.61384143, 43.29837033 ], [ 144.61434363, 43.29766453 ], [ 144.6142503, 43.29751295 ] ] ] ] } },
{ "type": "Feature", "properties": { "L05_001": "0158000", "L05_002": "釧路・白糠団地", "L05_003": "01206", "L05_004": "釧路市", "L05_005": "2", "L05_006": null, "L05_007": null, "L05_008": "独立行政法人中小企業基盤整備機構", "L05_009": "2001", "L05_010": "340.3", "L05_011": "248.8", "L05_012": "62.3", "L05_013": "1,2", "L05_014": "13", "L05_015": "㈱釧路丸水,㈱マルサ笹谷商店,神明畜産㈱" }, "geometry": { "type": "MultiPolygon", "coordinates": [ [ [ [ 144.232512539999988, 43.00044513 ], [ 144.22225257, 42.9984858 ], [ 144.21118185, 42.99628516 ], [ 144.202929469999987, 42.99463469 ], [ 144.19520795, 42.99308073 ], [ 144.19148232, 42.99220241 ], [ 144.18520859, 42.99057124 ], [ 144.18304656, 42.99001143 ], [ 144.17913886, 42.98897194 ], [ 144.17845947, 42.99060651 ], [ 144.17841365000001, 42.99076428 ], [ 144.17694656, 42.99038785 ], [ 144.17502583000001, 42.98989561 ], [ 144.17047979, 42.98864086 ], [ 144.16786413, 42.98799418 ], [ 144.16412578, 42.98725197 ], [ 144.16193786, 42.98689387 ], [ 144.160982319999988, 42.98952884 ], [ 144.16738153, 42.9911214 ], [ 144.172950680000014, 42.9924244 ], [ 144.17522853, 42.99275257 ], [ 144.17787646, 42.99335258 ], [ 144.18017882, 42.99386592 ], [ 144.196781210000012, 42.99770399 ], [ 144.19733137, 42.99784877 ], [ 144.198586119999987, 42.9985051 ], [ 144.199242450000014, 42.99884292 ], [ 144.19992306, 42.99902897 ], [ 144.21189609000001, 43.00178675 ], [ 144.213903679999987, 43.00250099 ], [ 144.22218501, 43.00516491 ], [ 144.224856390000014, 43.00601646 ], [ 144.2274646, 43.00684434 ], [ 144.22920194, 43.0073945 ], [ 144.230263650000012, 43.00770336 ], [ 144.230582160000012, 43.00549307 ], [ 144.23186586, 43.0058695 ], [ 144.23257045, 43.00261681 ], [ 144.23208786, 43.00244307 ], [ 144.232512539999988, 43.00044513 ] ] ] ] } },
{ "type": "Feature", "properties": { "L05_001": "0107800", "L05_002": "西庶路軽工業", "L05_003": "01668", "L05_004": "白糠町", "L05_005": "2", "L05_006": "全て分譲済み", "L05_007": null, "L05_008": "町振興公社", "L05_009": "1974", "L05_010": "22.7", "L05_011": "17.9", "L05_012": "0", "L05_013": "2", "L05_014": "6", "L05_015": "㈱白糠チップセンター,白糠生コン㈱,児玉木材工業㈱,世紀東急工業㈱" }, "geometry": { "type": "MultiPolygon", "coordinates": [ [ [ [ 144.11955409, 42.97005845 ], [ 144.11816166, 42.97161884 ], [ 144.11707805, 42.97282164 ], [ 144.118440740000011, 42.97346822 ], [ 144.12114157, 42.97482089 ], [ 144.121723159999988, 42.97512288 ], [ 144.121331199999986, 42.97551982 ], [ 144.1208815, 42.97601286 ], [ 144.12120658, 42.97626751 ], [ 144.12196511, 42.9766251 ], [ 144.12269654, 42.9757257 ], [ 144.1228049, 42.9754548 ], [ 144.125188830000013, 42.97276746 ], [ 144.1224148, 42.97150507 ], [ 144.11955409, 42.97005845 ] ] ] ] } },
{ "type": "Feature", "properties": { "L05_001": "0107700", "L05_002": "コイトイ", "L05_003": "01668", "L05_004": "白糠町", "L05_005": "2", "L05_006": "１社により全用地取得済み", "L05_007": null, "L05_008": "地域振興整備公団", "L05_009": "1969", "L05_010": "22.9", "L05_011": "22.9", "L05_012": "0", "L05_013": "2", "L05_014": "999", "L05_015": "札鶴ベニヤ㈱コイトイ工場" }, "geometry": { "type": "MultiPolygon", "coordinates": [ [ [ [ 144.17913886, 42.98897194 ], [ 144.17492126, 42.98783513 ], [ 144.17116779, 42.98684632 ], [ 144.16850519, 42.98625026 ], [ 144.16458984, 42.98551938 ], [ 144.1639501, 42.98708848 ], [ 144.16520798, 42.98731718 ], [ 144.167043299999989, 42.98765924 ], [ 144.16902199, 42.98808402 ], [ 144.171039979999989, 42.9886087 ], [ 144.17235168, 42.98899212 ], [ 144.175055789999988, 42.98968496 ], [ 144.17845947, 42.99060651 ], [ 144.17913886, 42.98897194 ] ] ] ] } },
{ "type": "Feature", "properties": { "L05_001": "0154900", "L05_002": "道央砂川", "L05_003": "01226", "L05_004": "砂川市", "L05_005": "2", "L05_006": null, "L05_007": null, "L05_008": "砂川市土地開発公社", "L05_009": "1984", "L05_010": "99.6", "L05_011": "74.8", "L05_012": "24.4", "L05_013": "2", "L05_014": "25", "L05_015": "㈱ホリ,㈱ほくやく,丸一運輸㈱,北海産業㈱,㈱北海道スイコー" }, "geometry": { "type": "MultiPolygon", "coordinates": [ [ [ [ 141.914749879999988, 43.51806084 ], [ 141.91133262, 43.5185745 ], [ 141.91089114, 43.51864242 ], [ 141.91070435, 43.5187443 ], [ 141.91067464, 43.51919427 ], [ 141.910182209999988, 43.51957208 ], [ 141.90989779, 43.51989895 ], [ 141.910101559999987, 43.52043807 ], [ 141.910339279999988, 43.52124888 ], [ 141.90859457, 43.52137623 ], [ 141.90795781, 43.52194082 ], [ 141.90740595, 43.52245447 ], [ 141.90835684000001, 43.52582504 ], [ 141.910093069999988, 43.52552788 ], [ 141.91030107, 43.52627077 ], [ 141.91686816, 43.52523498 ], [ 141.91578992, 43.52165216 ], [ 141.914749879999988, 43.51806084 ] ] ] ] } },
{ "type": "Feature", "properties": { "L05_001": "0155300", "L05_002": "沼田団地", "L05_003": "01438", "L05_004": "沼田町", "L05_005": "2", "L05_006": null, "L05_007": null, "L05_008": "独立行政法人中小企業基盤整備機構", "L05_009": "1975", "L05_010": "12.7", "L05_011": "10.8", "L05_012": "2.2", "L05_013": null, "L05_014": "999", "L05_015": "㈱正和" }, "geometry": { "type": "MultiPolygon", "coordinates": [ [ [ [ 141.904907869999988, 43.80496932 ], [ 141.89894718, 43.80434785 ], [ 141.89877933, 43.80516438 ], [ 141.898502619999988, 43.80675662 ], [ 141.904989519999987, 43.80741892 ], [ 141.90532067, 43.80581761 ], [ 141.90490333, 43.80576771 ], [ 141.904907869999988, 43.80496932 ] ] ] ] } },
{ "type": "Feature", "properties": { "L05_001": "0102700", "L05_002": "奈井江", "L05_003": "01424", "L05_004": "奈井江町", "L05_005": "2", "L05_006": "苫小牧東部開発、石狩湾新港と合わせ内陸型中核工業団地として、北海道の三大開発プロジェクトと称されている。工業用切削用工具、電線、蓄熱暖房器や光ファイバーコネクター付きコードなどが製造されている。", "L05_007": null, "L05_008": "地域振興整備公団", "L05_009": "1980", "L05_010": "28.4", "L05_011": "28", "L05_012": "9.5", "L05_013": "1", "L05_014": "4", "L05_015": "北海道住電精密㈱,北海道電機㈱,日研ツール㈱北海道工場,㈱太田精器宮村工場" }, "geometry": { "type": "MultiPolygon", "coordinates": [ [ [ [ 141.89234646, 43.42804285 ], [ 141.89072843, 43.42836408 ], [ 141.89166832, 43.43142169 ], [ 141.89615219, 43.43074861 ], [ 141.90308973, 43.42968468 ], [ 141.902137939999989, 43.42643671 ], [ 141.89934208, 43.42690071 ], [ 141.89733143, 43.42721004 ], [ 141.89580858, 43.42749557 ], [ 141.89234646, 43.42804285 ] ] ] ] } },
{ "type": "Feature", "properties": { "L05_001": "0156100", "L05_002": "旭川リサーチパーク", "L05_003": "01204", "L05_004": "旭川市", "L05_005": "2", "L05_006": null, "L05_007": null, "L05_008": "独立行政法人中小企業基盤整備機構", "L05_009": "1994", "L05_010": "17.3", "L05_011": "13.5", "L05_012": "5.7", "L05_013": "3", "L05_014": "999", "L05_015": "コンピュータ・ビジネス,ベスト・ユニバーサル,道立北方建築総合研究所" }, "geometry": { "type": "MultiPolygon", "coordinates": [ [ [ [ 142.3911062, 43.72273556 ], [ 142.38906939, 43.72638849 ], [ 142.38993993, 43.72690081 ], [ 142.39047308, 43.72736732 ], [ 142.39068968, 43.72777552 ], [ 142.39154241, 43.72747675 ], [ 142.39221416, 43.7272257 ], [ 142.392639010000011, 43.72723403 ], [ 142.39304721, 43.72711324 ], [ 142.393626180000012, 43.72685083 ], [ 142.393613679999987, 43.72666756 ], [ 142.3933721, 43.72619272 ], [ 142.393334610000011, 43.725872 ], [ 142.39340289, 43.72553061 ], [ 142.39357741, 43.72531275 ], [ 142.39377196, 43.72515974 ], [ 142.39400341000001, 43.72503875 ], [ 142.39462584, 43.72478903 ], [ 142.39529228, 43.72449746 ], [ 142.39550054, 43.72429337 ], [ 142.395379749999989, 43.72416008 ], [ 142.395104839999988, 43.72401013 ], [ 142.3911062, 43.72273556 ] ] ] ] } },
{ "type": "Feature", "properties": { "L05_001": "0156200", "L05_002": "東神楽", "L05_003": "01453", "L05_004": "東神楽町", "L05_005": "2", "L05_006": "旭川空港所在地として、東京、大阪、名古屋の3大都市圏への即日アクセスが可能。また、旭川市が道北エリアの中心都市となるため、JR、高速道路、主要幹線国道等の交通網は充実している。本町からは、これらの交通ネットワークへ容易に乗り入れられる。", "L05_007": null, "L05_008": "東神楽町土地開発公社", "L05_009": "1983", "L05_010": "23.3", "L05_011": "18.8", "L05_012": "0.4", "L05_013": "2", "L05_014": "999", "L05_015": "㈱秋山板金工場,エス・ティ・コンクリート㈱,㈱サンエス旭川支店,㈱清水大理石工業,㈱大和パッケージ,ヒロセ㈱旭川営業所,㈱ホーブ東神楽物流センター,㈱北海道健誠社東神楽工場,山源山下食品㈱,ワイズシステム創建㈱" }, "geometry": { "type": "MultiPolygon", "coordinates": [ [ [ [ 142.448359720000013, 43.70058055 ], [ 142.44305788, 43.70363497 ], [ 142.44645012, 43.70665186 ], [ 142.45170035000001, 43.70357397 ], [ 142.448359720000013, 43.70058055 ] ] ] ] } },
{ "type": "Feature", "properties": { "L05_001": "0155500", "L05_002": "広里", "L05_003": "01228", "L05_004": "深川市", "L05_005": "2", "L05_006": null, "L05_007": null, "L05_008": "深川市土地開発公社", "L05_009": null, "L05_010": "71", "L05_011": "49.2", "L05_012": "24.6", "L05_013": "2", "L05_014": "999", "L05_015": "深川油脂工業㈱,㈱ホクシン,すぐる食品㈱,㈱ホッコン" }, "geometry": { "type": "MultiPolygon", "coordinates": [ [ [ [ 142.052726220000011, 43.70853876 ], [ 142.05333382, 43.70959277 ], [ 142.05366242, 43.70987176 ], [ 142.05372442, 43.71024377 ], [ 142.05410262, 43.71017557 ], [ 142.054505619999986, 43.71013837 ], [ 142.05469782, 43.71055377 ], [ 142.054635819999987, 43.71081417 ], [ 142.05448702000001, 43.71113657 ], [ 142.05428862, 43.71144657 ], [ 142.05446222, 43.71214717 ], [ 142.05704762, 43.71232077 ], [ 142.05896342, 43.71242617 ], [ 142.05984382, 43.71237037 ], [ 142.060525829999989, 43.71228357 ], [ 142.061896030000014, 43.71189917 ], [ 142.062770230000012, 43.71142177 ], [ 142.06405983, 43.71046697 ], [ 142.06613063, 43.70880536 ], [ 142.06830063000001, 43.70704456 ], [ 142.06639723, 43.70277896 ], [ 142.06460091, 43.70375049 ], [ 142.06346463, 43.70436616 ], [ 142.06225563000001, 43.70506676 ], [ 142.06148063, 43.70545116 ], [ 142.061015630000014, 43.70556276 ], [ 142.05856662, 43.70641836 ], [ 142.055808719999987, 43.70732201 ], [ 142.053383419999989, 43.70811096 ], [ 142.052726220000011, 43.70853876 ] ] ] ] } },
{ "type": "Feature", "properties": { "L05_001": "0102100", "L05_002": "赤平", "L05_003": "01218", "L05_004": "赤平市", "L05_005": "2", "L05_006": "昨年、大手ガラス製造企業が経営統合による撤退、また、材木企業の倒産など本団地は大変厳しい状況にある。", "L05_007": null, "L05_008": "地域振興整備公団", "L05_009": "1976", "L05_010": "28.8", "L05_011": "24", "L05_012": "0", "L05_013": "1", "L05_014": "999", "L05_015": "赤平製紙㈱,むらかみ建設㈱,岡田水産北海道㈱,㈱川本鉄工所,北食㈱,藤田運輸㈱,空知炭礦㈱" }, "geometry": { "type": "MultiPolygon", "coordinates": [ [ [ [ 141.99111409, 43.57777123 ], [ 142.004459489999988, 43.5792084 ], [ 142.00469744, 43.57513953 ], [ 141.99839187, 43.57604372 ], [ 141.99571305, 43.57648362 ], [ 141.99492841, 43.57652711 ], [ 141.994371910000012, 43.57654506 ], [ 141.99139489, 43.57634143 ], [ 141.99111409, 43.57777123 ] ] ] ] } },
{ "type": "Feature", "properties": { "L05_001": "0102200", "L05_002": "茂尻", "L05_003": "01218", "L05_004": "赤平市", "L05_005": "2", "L05_006": "スーツケース製造大手企業、プラスチック金型製造企業など、当市を代表する企業が立地している。", "L05_007": null, "L05_008": "市", "L05_009": "1980", "L05_010": "16.2", "L05_011": "13.4", "L05_012": "0", "L05_013": "1", "L05_014": "999", "L05_015": "エースラゲージ㈱北海道赤平工場,トルク精密工業㈱,㈲ゼニアテックス,㈱北海道レザークラフト工房" }, "geometry": { "type": "MultiPolygon", "coordinates": [ [ [ [ 142.0909648, 43.5337726 ], [ 142.09129041, 43.53510606 ], [ 142.09145722, 43.53509006 ], [ 142.093701180000011, 43.53486715 ], [ 142.09383351, 43.53518614 ], [ 142.09586649, 43.53491474 ], [ 142.09586951, 43.53461614 ], [ 142.09584351, 43.53429314 ], [ 142.09586951, 43.53378114 ], [ 142.09573851, 43.53349614 ], [ 142.09563451, 43.53324914 ], [ 142.095699919999987, 43.53255907 ], [ 142.09532951, 43.53287494 ], [ 142.09497368000001, 43.53304804 ], [ 142.09338689, 43.5334808 ], [ 142.09243482, 43.53362506 ], [ 142.0909648, 43.5337726 ] ] ] ] } },
{ "type": "Feature", "properties": { "L05_001": "0154800", "L05_002": "赤平第2", "L05_003": "01218", "L05_004": "赤平市", "L05_005": "2", "L05_006": null, "L05_007": null, "L05_008": "独立行政法人中小企業基盤整備機構", "L05_009": null, "L05_010": "23.1", "L05_011": "15.9", "L05_012": "13.2", "L05_013": "2", "L05_014": "999", "L05_015": "空知オートパーツ,植松電機" }, "geometry": { "type": "MultiPolygon", "coordinates": [ [ [ [ 142.004569839999988, 43.57938639 ], [ 142.001294660000013, 43.5790783 ], [ 141.99670182, 43.57857589 ], [ 141.99473007, 43.5783152 ], [ 141.99324178, 43.57818249 ], [ 141.992938439999989, 43.58058081 ], [ 141.99714262, 43.58093155 ], [ 141.99743648, 43.58112114 ], [ 142.00399633, 43.58178945 ], [ 142.004569839999988, 43.57938639 ] ] ] ] } },
{ "type": "Feature", "properties": { "L05_001": "0102400", "L05_002": "芦別", "L05_003": "01216", "L05_004": "芦別市", "L05_005": "2", "L05_006": null, "L05_007": null, "L05_008": "地域振興整備公団", "L05_009": "1977", "L05_010": "32.6", "L05_011": "27.6", "L05_012": "0", "L05_013": "3", "L05_014": "999", "L05_015": "北日本精機,北日本大旺" }, "geometry": { "type": "MultiPolygon", "coordinates": [ [ [ [ 142.184477609999988, 43.49486841 ], [ 142.185179549999987, 43.49596296 ], [ 142.185500780000012, 43.4962366 ], [ 142.185501030000012, 43.49640308 ], [ 142.18538214, 43.49647128 ], [ 142.18437054, 43.49641506 ], [ 142.18422614, 43.49789469 ], [ 142.18462408, 43.49827713 ], [ 142.18488212, 43.49867555 ], [ 142.185358009999987, 43.49883021 ], [ 142.18582201000001, 43.49878262 ], [ 142.1863098, 43.4988659 ], [ 142.187273479999988, 43.49922282 ], [ 142.18771368, 43.49919903 ], [ 142.188397079999987, 43.49901813 ], [ 142.18889151, 43.49893729 ], [ 142.189287080000014, 43.49895713 ], [ 142.18947448, 43.49863986 ], [ 142.189736219999986, 43.49686716 ], [ 142.18866546000001, 43.49678388 ], [ 142.189391199999989, 43.49194167 ], [ 142.18855839, 43.49170373 ], [ 142.18841341000001, 43.49150274 ], [ 142.1884068, 43.49131554 ], [ 142.18604779, 43.48994248 ], [ 142.18560854, 43.48991936 ], [ 142.18504938, 43.48988993 ], [ 142.18475161, 43.4898549 ], [ 142.18404931, 43.48975257 ], [ 142.18429568, 43.49104246 ], [ 142.18445408, 43.49176213 ], [ 142.18449708, 43.49284313 ], [ 142.184477609999988, 43.49486841 ] ] ] ] } },
{ "type": "Feature", "properties": { "L05_001": "0154200", "L05_002": "芦別緑泉団地", "L05_003": "01216", "L05_004": "芦別市", "L05_005": "2", "L05_006": null, "L05_007": null, "L05_008": "独立行政法人中小企業基盤整備機構", "L05_009": null, "L05_010": "25.6", "L05_011": "20.4", "L05_012": "20.4", "L05_013": null, "L05_014": "999", "L05_015": null }, "geometry": { "type": "MultiPolygon", "coordinates": [ [ [ [ 142.17388276, 43.46944866 ], [ 142.175780800000013, 43.46876347 ], [ 142.1757493, 43.46833031 ], [ 142.1752295, 43.46690481 ], [ 142.17362287, 43.46472325 ], [ 142.172031980000014, 43.46279371 ], [ 142.171236529999987, 43.4621164 ], [ 142.170827, 43.46176987 ], [ 142.167802740000013, 43.4633135 ], [ 142.1708768, 43.46645791 ], [ 142.17388276, 43.46944866 ] ] ] ] } },
{ "type": "Feature", "properties": { "L05_001": "0156800", "L05_002": "北見", "L05_003": "01208", "L05_004": "北見市", "L05_005": "2", "L05_006": "北見駅から南西に約4㎞、無加川と訓子府川に挟まれた豊地地区に昭和49年に造成された北見工業団地は、道路はすべて舗装済みで上下水道も完備。緑豊かな工業専用地域として注目されている。現在4区画（1区画あたりの分譲面積約1,500m2～5,000m2）を分譲中。", "L05_007": null, "L05_008": "北見市", "L05_009": null, "L05_010": "67.2", "L05_011": "51.4", "L05_012": "1.4", "L05_013": "1", "L05_014": "999", "L05_015": "京セラ㈱,北見東京電波㈱,NIXX㈱" }, "geometry": { "type": "MultiPolygon", "coordinates": [ [ [ [ 143.858804240000012, 43.7834152 ], [ 143.85747487, 43.7834785 ], [ 143.856613939999988, 43.78342786 ], [ 143.856354399999987, 43.78318731 ], [ 143.8558502, 43.78332206 ], [ 143.85528457, 43.78342153 ], [ 143.85458823, 43.78334556 ], [ 143.853847589999987, 43.78326327 ], [ 143.85308795, 43.78329492 ], [ 143.852265, 43.78351015 ], [ 143.851720199999988, 43.78374506 ], [ 143.85116352, 43.78405456 ], [ 143.850346910000013, 43.78439007 ], [ 143.84969489, 43.78442172 ], [ 143.84916947, 43.78422548 ], [ 143.8486757, 43.78407355 ], [ 143.84817561, 43.78407988 ], [ 143.84775147, 43.78427612 ], [ 143.84730202, 43.78452301 ], [ 143.84699183, 43.78716909 ], [ 143.844643280000014, 43.78701716 ], [ 143.84428245, 43.79013168 ], [ 143.84489016, 43.79014434 ], [ 143.84611192, 43.79026462 ], [ 143.84744762, 43.79047985 ], [ 143.848302210000014, 43.79068875 ], [ 143.84905552, 43.79096729 ], [ 143.84916314, 43.79040389 ], [ 143.849517639999988, 43.78980251 ], [ 143.85249922, 43.78997975 ], [ 143.852974, 43.78946067 ], [ 143.8552276, 43.7896126 ], [ 143.85516429, 43.79013801 ], [ 143.85795597, 43.79036591 ], [ 143.85805726000001, 43.78949232 ], [ 143.8579623, 43.78930241 ], [ 143.8581079, 43.78796038 ], [ 143.85824084, 43.78772616 ], [ 143.858804240000012, 43.7834152 ] ] ] ] } },
{ "type": "Feature", "properties": { "L05_001": "0100600", "L05_002": "徳田", "L05_003": "01221", "L05_004": "名寄市", "L05_005": "2", "L05_006": null, "L05_007": null, "L05_008": "市土地開発公社", "L05_009": "1974", "L05_010": "12.6", "L05_011": "11.8", "L05_012": "2.5", "L05_013": "2", "L05_014": "11", "L05_015": "北海紙管,王子板紙㈱名寄工場" }, "geometry": { "type": "MultiPolygon", "coordinates": [ [ [ [ 142.45732967, 44.34115616 ], [ 142.46413041, 44.34119077 ], [ 142.46414772, 44.33632815 ], [ 142.45736428, 44.33636276 ], [ 142.45732967, 44.34115616 ] ] ] ] } },
{ "type": "Feature", "properties": { "L05_001": "0100300", "L05_002": "川北", "L05_003": "01484", "L05_004": "羽幌町", "L05_005": "1", "L05_006": null, "L05_007": null, "L05_008": "町", "L05_009": "1981", "L05_010": "19.2", "L05_011": "14.9", "L05_012": "11.3", "L05_013": "2", "L05_014": "5", "L05_015": "㈱ホッコン" }, "geometry": { "type": "MultiPolygon", "coordinates": [ [ [ [ 141.70723428, 44.37645286 ], [ 141.70929647, 44.37552861 ], [ 141.71033825, 44.37500505 ], [ 141.71022072, 44.37456697 ], [ 141.71013016, 44.37374344 ], [ 141.70919702, 44.3738795 ], [ 141.70891877, 44.3739908 ], [ 141.708473559999987, 44.37426905 ], [ 141.70820253, 44.37414551 ], [ 141.707894790000012, 44.3739908 ], [ 141.707736469999986, 44.3745456 ], [ 141.70723428, 44.37645286 ] ] ] ] } },
{ "type": "Feature", "properties": { "L05_001": "0157000", "L05_002": "能取", "L05_003": "01211", "L05_004": "網走市", "L05_005": "1", "L05_006": "能取漁港の背後地を埋め立てて造成した工業団地で、ホタテやカレイなどが水揚げされる能取湖に面しており、国道39号線及び238号線まで約4㎞、網走駅まで約7㎞、網走港まで約9㎞、女満別空港まで約18㎞。平成14年に「レイクサイドパーク・のとろ」がオープンした。", "L05_007": null, "L05_008": "網走市", "L05_009": "1981", "L05_010": "66.9", "L05_011": "49.4", "L05_012": "22.2", "L05_013": null, "L05_014": "6", "L05_015": "網走市水産科学センター,㈲松木商店,網走第一水産加工工業協同組合,網走水産飼料加工協同組合,日本ホワイトファーム㈱" }, "geometry": { "type": "MultiPolygon", "coordinates": [ [ [ [ 144.18188419, 44.03323479 ], [ 144.17769332, 44.0356492 ], [ 144.18023532, 44.03789676 ], [ 144.18138364, 44.03894693 ], [ 144.18237492, 44.04046821 ], [ 144.1835625, 44.042333 ], [ 144.18480896, 44.04433519 ], [ 144.18626154, 44.04386409 ], [ 144.18494637, 44.04184226 ], [ 144.18607506, 44.04144968 ], [ 144.18740985, 44.04348131 ], [ 144.18958871000001, 44.04284336 ], [ 144.18855817, 44.04055654 ], [ 144.18846984000001, 44.04029154 ], [ 144.18855817, 44.04003636 ], [ 144.18722337, 44.03848564 ], [ 144.18578062, 44.03695455 ], [ 144.18235529, 44.03352923 ], [ 144.18188419, 44.03323479 ] ] ] ] } },
{ "type": "Feature", "properties": { "L05_001": "0156600", "L05_002": "浜頓別", "L05_003": "01512", "L05_004": "浜頓別町", "L05_005": "2", "L05_006": null, "L05_007": null, "L05_008": "浜頓別町", "L05_009": "1981", "L05_010": "24.2", "L05_011": "20", "L05_012": "2.7", "L05_013": "2", "L05_014": "999", "L05_015": "北興運輸㈱,あすなろ道路㈱,北武コンクリート工業㈱,岡本工業㈱,北海道オリオン㈱,㈱つうけん" }, "geometry": { "type": "MultiPolygon", "coordinates": [ [ [ [ 142.3697952, 45.13592105 ], [ 142.36463028, 45.13254456 ], [ 142.36391788, 45.13566874 ], [ 142.36353942, 45.1370045 ], [ 142.3679103, 45.13746459 ], [ 142.3697952, 45.13592105 ] ] ] ] } },
{ "type": "Feature", "properties": { "L05_001": "0100200", "L05_002": "頓別水産加工", "L05_003": "01512", "L05_004": "浜頓別町", "L05_005": "2", "L05_006": null, "L05_007": null, "L05_008": "町", "L05_009": "1983", "L05_010": "19.1", "L05_011": "11.1", "L05_012": "9.4", "L05_013": "2", "L05_014": "999", "L05_015": "㈲菅原水産,菅原佃煮工業,㈱細谷建設" }, "geometry": { "type": "MultiPolygon", "coordinates": [ [ [ [ 142.387390110000013, 45.12809201 ], [ 142.38786711, 45.12962733 ], [ 142.38800126000001, 45.13080491 ], [ 142.388378859999989, 45.13096386 ], [ 142.38909216, 45.13118027 ], [ 142.389788470000013, 45.13112015 ], [ 142.390484789999988, 45.13099993 ], [ 142.39122097, 45.13079746 ], [ 142.39165325, 45.13055896 ], [ 142.39301824, 45.12974142 ], [ 142.39400387, 45.1290277 ], [ 142.39352481, 45.12863149 ], [ 142.393236089999988, 45.12854733 ], [ 142.392593409999989, 45.12838194 ], [ 142.39198864, 45.12801748 ], [ 142.38997529, 45.12669586 ], [ 142.38922869000001, 45.12608782 ], [ 142.38853171, 45.12622699 ], [ 142.38759762, 45.12638328 ], [ 142.3866299, 45.12660885 ], [ 142.387390110000013, 45.12809201 ] ] ] ] } },
{ "type": "Feature", "properties": { "L05_001": "0109400", "L05_002": "大黒町臨海", "L05_003": "01214", "L05_004": "稚内市", "L05_005": "1", "L05_006": null, "L05_007": null, "L05_008": "市", "L05_009": "1978", "L05_010": "36.1", "L05_011": "20.1", "L05_012": "19.3", "L05_013": null, "L05_014": "3", "L05_015": "岩田水産㈱,稚内港湾施設㈱,稚内加工センター漁業㈱" }, "geometry": { "type": "MultiPolygon", "coordinates": [ [ [ [ 141.68200823, 45.40945895 ], [ 141.68212832, 45.40411894 ], [ 141.68000272, 45.40533586 ], [ 141.67960242, 45.40581622 ], [ 141.67924215, 45.40616047 ], [ 141.67893792000001, 45.40649272 ], [ 141.67889789, 45.40943894 ], [ 141.68200823, 45.40945895 ] ] ] ] } },
{ "type": "Feature", "properties": { "L05_001": "0156700", "L05_002": "天北臨海", "L05_003": "01214", "L05_004": "稚内市", "L05_005": "1", "L05_006": null, "L05_007": null, "L05_008": "稚内市", "L05_009": "1980", "L05_010": "58.3", "L05_011": "25.1", "L05_012": "6.1", "L05_013": "1", "L05_014": "8", "L05_015": "北麺冷凍食品" }, "geometry": { "type": "MultiPolygon", "coordinates": [ [ [ [ 141.694542039999988, 45.4000825 ], [ 141.69455102, 45.39862826 ], [ 141.69175922, 45.39863723 ], [ 141.69199262, 45.4015188 ], [ 141.69275565, 45.40150982 ], [ 141.69276463, 45.40198559 ], [ 141.694182970000014, 45.40197662 ], [ 141.69491907, 45.4049659 ], [ 141.696292519999986, 45.40493897 ], [ 141.697271, 45.40256909 ], [ 141.700017910000014, 45.40262295 ], [ 141.69999098, 45.40212922 ], [ 141.701328530000012, 45.4021382 ], [ 141.701310580000012, 45.40147391 ], [ 141.70461405, 45.40144698 ], [ 141.70462303, 45.40034283 ], [ 141.70625682, 45.40035181 ], [ 141.70626579, 45.39634814 ], [ 141.70159784, 45.39677005 ], [ 141.696469760000014, 45.39731037 ], [ 141.69745054, 45.39829611 ], [ 141.70129738, 45.39829919 ], [ 141.701310580000012, 45.39924766 ], [ 141.70063731, 45.39924766 ], [ 141.700636550000013, 45.40013335 ], [ 141.69930874, 45.40015432 ], [ 141.699301389999988, 45.39921627 ], [ 141.69811482, 45.39924766 ], [ 141.69813278, 45.40036078 ], [ 141.69863548, 45.40036078 ], [ 141.69861752, 45.4008994 ], [ 141.69811482, 45.4008994 ], [ 141.69814175, 45.40199457 ], [ 141.69443432, 45.40196764 ], [ 141.69404831, 45.40032488 ], [ 141.69400343, 45.40009148 ], [ 141.694542039999988, 45.4000825 ] ] ] ] } },
{ "type": "Feature", "properties": { "L05_001": "0154000", "L05_002": "三笠第2", "L05_003": "01222", "L05_004": "三笠市", "L05_005": "2", "L05_006": "道央自動車道三笠ICまで約1.5㎞で札幌へ30分、千歳へ60分。札幌経済圏に含まれ、周辺は自然環境豊富な水資源、道内では比較的気候も安定しているため、道央生産・物流の拠点となる工業団地として注目されている。平成20年度より無償貸与の制度を開始。（4.5ha）", "L05_007": null, "L05_008": "三笠工業団地開発㈱", "L05_009": null, "L05_010": "31.9", "L05_011": "27.4", "L05_012": "9", "L05_013": "1,3", "L05_014": "999", "L05_015": "積水樹脂㈱,㈱北陽,㈱サンワールド,北海道福山通運㈱,IBL三笠研究所" }, "geometry": { "type": "MultiPolygon", "coordinates": [ [ [ [ 141.803417520000011, 43.23780437 ], [ 141.801901679999986, 43.23798051 ], [ 141.80260786, 43.24134898 ], [ 141.803598959999988, 43.24120636 ], [ 141.804309749999987, 43.2410877 ], [ 141.80550319, 43.24011317 ], [ 141.80825751, 43.2420937 ], [ 141.80827599, 43.24320288 ], [ 141.80886755, 43.24298104 ], [ 141.81083483, 43.24249299 ], [ 141.811529580000013, 43.24220462 ], [ 141.81227543, 43.24171619 ], [ 141.81284009, 43.24116995 ], [ 141.80741805, 43.23773627 ], [ 141.804598919999989, 43.23596412 ], [ 141.803361599999988, 43.23760595 ], [ 141.803417520000011, 43.23780437 ] ] ] ] } },
{ "type": "Feature", "properties": { "L05_001": "0100700", "L05_002": "豊里", "L05_003": "01221", "L05_004": "名寄市", "L05_005": "2", "L05_006": null, "L05_007": null, "L05_008": "町", "L05_009": "1981", "L05_010": "13.1", "L05_011": "10.7", "L05_012": "10.7", "L05_013": null, "L05_014": "999", "L05_015": null }, "geometry": { "type": "MultiPolygon", "coordinates": [ [ [ [ 142.42923524, 44.31368764 ], [ 142.4292252, 44.3112684 ], [ 142.42696657, 44.31124832 ], [ 142.42697661, 44.30869858 ], [ 142.42247942, 44.30865843 ], [ 142.42245935, 44.3111379 ], [ 142.42470794, 44.31116802 ], [ 142.42470794, 44.31369768 ], [ 142.42699668, 44.31367761 ], [ 142.42923524, 44.31368764 ] ] ] ] } },
{ "type": "Feature", "properties": { "L05_001": "0156400", "L05_002": "士別市駅南", "L05_003": "01220", "L05_004": "士別市", "L05_005": "2", "L05_006": null, "L05_007": null, "L05_008": "士別市土地開発公社", "L05_009": null, "L05_010": "9.3", "L05_011": "7.8", "L05_012": "1.4", "L05_013": "2", "L05_014": "999", "L05_015": "旭一旭川卸売市場,士別地区林産協同組合,㈱高田鉄工所,日本舗道㈱,北海道日通プロパン販売㈱,㈲寺本資材,ホクトヤンマー㈱" }, "geometry": { "type": "MultiPolygon", "coordinates": [ [ [ [ 142.38027344, 44.16666045 ], [ 142.38058277, 44.16585144 ], [ 142.38141558, 44.16605369 ], [ 142.3817606, 44.16493534 ], [ 142.38205803, 44.16403115 ], [ 142.382343569999989, 44.16394787 ], [ 142.38295033, 44.16403115 ], [ 142.38311689, 44.16356716 ], [ 142.38340243, 44.16253209 ], [ 142.38349761, 44.16211568 ], [ 142.383568989999986, 44.16167548 ], [ 142.384259039999989, 44.16165169 ], [ 142.38404488, 44.16093785 ], [ 142.38365227, 44.16110441 ], [ 142.38328346, 44.16043816 ], [ 142.38271239, 44.1607118 ], [ 142.3822008, 44.16097354 ], [ 142.381772500000011, 44.16135426 ], [ 142.381427480000013, 44.16172307 ], [ 142.38114194, 44.16235363 ], [ 142.38071364000001, 44.16322213 ], [ 142.380225849999988, 44.16412633 ], [ 142.3795834, 44.16530416 ], [ 142.37904802, 44.16631543 ], [ 142.38027344, 44.16666045 ] ] ] ] } },
{ "type": "Feature", "properties": { "L05_001": "0101400", "L05_002": "学田", "L05_003": "01229", "L05_004": "富良野市", "L05_005": "2", "L05_006": null, "L05_007": null, "L05_008": "富良野振興公社", "L05_009": "1974", "L05_010": "0", "L05_011": "42.1", "L05_012": "24", "L05_013": null, "L05_014": "18", "L05_015": null }, "geometry": { "type": "MultiPolygon", "coordinates": [ [ [ [ 142.366254520000012, 43.35174786 ], [ 142.36711112, 43.35193822 ], [ 142.367860650000011, 43.35204529 ], [ 142.36846742, 43.35221186 ], [ 142.36868157, 43.35193822 ], [ 142.368931409999988, 43.35173596 ], [ 142.36916936, 43.3515575 ], [ 142.369454889999986, 43.35137905 ], [ 142.36972853, 43.351153 ], [ 142.369788019999987, 43.35102213 ], [ 142.369074180000013, 43.35081987 ], [ 142.36990699, 43.34923753 ], [ 142.36777737, 43.34845231 ], [ 142.36807481, 43.34788124 ], [ 142.36853880000001, 43.34710791 ], [ 142.36605226, 43.34639407 ], [ 142.36580242, 43.3467391 ], [ 142.36517186, 43.34792883 ], [ 142.36442233, 43.3493565 ], [ 142.3632207, 43.34898769 ], [ 142.362756710000014, 43.34898769 ], [ 142.362756710000014, 43.34976101 ], [ 142.36266153, 43.34996327 ], [ 142.36306604, 43.35004655 ], [ 142.36405352, 43.35014173 ], [ 142.363672799999989, 43.35101023 ], [ 142.36560017, 43.3515575 ], [ 142.366254520000012, 43.35174786 ] ] ] ] } },
{ "type": "Feature", "properties": { "L05_001": "0150600", "L05_002": "江別RTNパーク", "L05_003": "01217", "L05_004": "江別市", "L05_005": "2", "L05_006": "道立自然公園野幌森林公園（約2050ha）を背景にした緑豊かなエリアで、新千歳空港、札幌との地の利を活かした先端産業研究開発型の企業が集積している。2009年春から食品産業の集積も目指しているが、自然環境を大切に考えている。", "L05_007": null, "L05_008": "江別市土地開発公社", "L05_009": null, "L05_010": "96.4", "L05_011": "42.8", "L05_012": "7.4", "L05_013": "3", "L05_014": "999", "L05_015": "ファナック㈱北海道支社,㈱日本デジタル研究所札幌研究開発センター,㈱協和エクシオ北海道支店札幌技術センター,雪印種苗㈱技術研究所,㈱北海道情報技術研究所,北海道情報大学,㈱セロテック研究所,京セラキンセキ北海道㈱,国際交流センター" }, "geometry": { "type": "MultiPolygon", "coordinates": [ [ [ [ 141.542890660000012, 43.07019109 ], [ 141.542843080000011, 43.07092873 ], [ 141.54364733, 43.07099535 ], [ 141.54377582, 43.07027199 ], [ 141.54399473, 43.07027199 ], [ 141.54453249, 43.0674452 ], [ 141.54365209, 43.06733574 ], [ 141.54386148, 43.06625547 ], [ 141.544018529999988, 43.06521802 ], [ 141.54106418, 43.06489695 ], [ 141.54070156, 43.0648492 ], [ 141.54059448000001, 43.0652894 ], [ 141.54018998, 43.06522992 ], [ 141.54002193, 43.06614237 ], [ 141.53953562, 43.06865634 ], [ 141.539507070000013, 43.06984845 ], [ 141.54091571, 43.06996504 ], [ 141.542890660000012, 43.07019109 ] ] ] ] } },
{ "type": "Feature", "properties": { "L05_001": "0156300", "L05_002": "和寒", "L05_003": "01464", "L05_004": "和寒町", "L05_005": "2", "L05_006": "高速自動車道和寒インターの至近距離にあり、大消費地との交通アクセスが容易となります。また、価格も安い。", "L05_007": null, "L05_008": "和寒町土地開発公社", "L05_009": "1977", "L05_010": "15.8", "L05_011": "15.2", "L05_012": "1.6", "L05_013": null, "L05_014": "999", "L05_015": "和寒コンクリート㈱,山田ブロック工業㈱,北海道環境㈱,北日本床土㈱,藤原ボデー工業,オートショップサイトウ,㈱片岡鋼業,㈱レック北海道,㈲オートパーツエクスポート" }, "geometry": { "type": "MultiPolygon", "coordinates": [ [ [ [ 142.42693116, 44.0118275 ], [ 142.42716911, 44.01189888 ], [ 142.42746416, 44.01149437 ], [ 142.427702110000013, 44.01114221 ], [ 142.428473059999988, 44.00975737 ], [ 142.42883949, 44.00917202 ], [ 142.42912979, 44.00880082 ], [ 142.429819830000014, 44.00818692 ], [ 142.430781130000014, 44.00741122 ], [ 142.43137124, 44.0069496 ], [ 142.43336523, 44.00783952 ], [ 142.4348976, 44.00852005 ], [ 142.435935050000012, 44.00684491 ], [ 142.43570662, 44.00678304 ], [ 142.43613492, 44.00603589 ], [ 142.435078440000012, 44.00571704 ], [ 142.435654269999986, 44.00478905 ], [ 142.43495471, 44.00456538 ], [ 142.43451213, 44.00441786 ], [ 142.432737049999986, 44.00583601 ], [ 142.42966755, 44.00479381 ], [ 142.42936297, 44.00539819 ], [ 142.42911075, 44.00592643 ], [ 142.42876335, 44.00646895 ], [ 142.42831125, 44.00716851 ], [ 142.427645, 44.00726845 ], [ 142.42674557, 44.00743501 ], [ 142.425960339999989, 44.00755399 ], [ 142.425746190000012, 44.00755874 ], [ 142.42539879, 44.00743501 ], [ 142.42515133, 44.00781573 ], [ 142.425803300000013, 44.00810602 ], [ 142.42699303, 44.00873896 ], [ 142.42707869, 44.00881986 ], [ 142.427097730000014, 44.0090578 ], [ 142.4271358, 44.00923864 ], [ 142.42826366, 44.0096146 ], [ 142.42804475, 44.01000007 ], [ 142.4277497, 44.00991917 ], [ 142.42732616, 44.00987158 ], [ 142.42696448, 44.00994296 ], [ 142.42672177, 44.01004766 ], [ 142.42658852, 44.01019043 ], [ 142.42636009, 44.01060445 ], [ 142.42614118, 44.01099945 ], [ 142.425912759999989, 44.01142299 ], [ 142.42605076000001, 44.01146582 ], [ 142.426407680000011, 44.01163238 ], [ 142.42693116, 44.0118275 ] ] ] ] } },
{ "type": "Feature", "properties": { "L05_001": "0157700", "L05_002": "池田北", "L05_003": "01644", "L05_004": "池田町", "L05_005": "2", "L05_006": null, "L05_007": null, "L05_008": "池田町", "L05_009": null, "L05_010": "14", "L05_011": "11.6", "L05_012": "4.1", "L05_013": "2", "L05_014": "999", "L05_015": "十勝池田食品㈱,十勝ハンナン㈱,コアックス㈱,イエローファイブ㈱,丸藤シートバイル㈱" }, "geometry": { "type": "MultiPolygon", "coordinates": [ [ [ [ 143.44116724, 42.93857146 ], [ 143.441324290000011, 42.93866188 ], [ 143.44153368, 42.93873327 ], [ 143.44198578000001, 42.93880465 ], [ 143.442337939999987, 42.93881417 ], [ 143.44527419, 42.9390188 ], [ 143.448058159999988, 42.9392044 ], [ 143.448034369999988, 42.93893314 ], [ 143.44807244, 42.93856194 ], [ 143.44798678, 42.93814316 ], [ 143.44791539, 42.93667741 ], [ 143.447867800000012, 42.93641091 ], [ 143.44702548, 42.93635856 ], [ 143.44663524, 42.93631097 ], [ 143.4467209, 42.93577322 ], [ 143.44476499000001, 42.93563045 ], [ 143.444403310000013, 42.93635856 ], [ 143.4430137, 42.93629194 ], [ 143.441794859999987, 42.93622841 ], [ 143.44195517, 42.93679636 ], [ 143.4419715, 42.93724372 ], [ 143.441681210000013, 42.93806226 ], [ 143.44149085, 42.9383002 ], [ 143.44116724, 42.93857146 ] ] ] ] } },
{ "type": "Feature", "properties": { "L05_001": "0157800", "L05_002": "布伏内", "L05_003": "01206", "L05_004": "釧路市", "L05_005": "2", "L05_006": null, "L05_007": null, "L05_008": "阿寒町", "L05_009": null, "L05_010": "16.7", "L05_011": "11.3", "L05_012": "4.6", "L05_013": null, "L05_014": "999", "L05_015": "㈱アイシン,㈱カルテックコーワ研究所,㈲アール・ビー・エフ" }, "geometry": { "type": "MultiPolygon", "coordinates": [ [ [ [ 144.08710523, 43.18417347 ], [ 144.08792139, 43.18482783 ], [ 144.089346690000013, 43.18401643 ], [ 144.08829258, 43.18324786 ], [ 144.08883272, 43.18284574 ], [ 144.08990824, 43.18377848 ], [ 144.09029609000001, 43.18366189 ], [ 144.091471539999986, 43.18343822 ], [ 144.09222821, 43.18330021 ], [ 144.09270411, 43.18318124 ], [ 144.09313241000001, 43.18295757 ], [ 144.093265659999986, 43.18287667 ], [ 144.0927384, 43.182503 ], [ 144.09381897, 43.18173774 ], [ 144.09261844, 43.18074467 ], [ 144.09209972, 43.18038775 ], [ 144.09156672, 43.18077798 ], [ 144.09101945, 43.18024023 ], [ 144.09071963, 43.18045914 ], [ 144.09045789000001, 43.18024023 ], [ 144.09033892, 43.18076847 ], [ 144.09078388, 43.18111825 ], [ 144.08974881, 43.18190347 ], [ 144.08852339, 43.18093979 ], [ 144.087179, 43.18201054 ], [ 144.08518025, 43.18060666 ], [ 144.083978620000011, 43.18149896 ], [ 144.086132029999987, 43.1830694 ], [ 144.08651275, 43.18276007 ], [ 144.087719130000011, 43.18367379 ], [ 144.08710523, 43.18417347 ] ] ] ] } },
{ "type": "Feature", "properties": { "L05_001": "0160200", "L05_002": "第三清水川", "L05_003": "01236", "L05_004": "北斗市", "L05_005": "2", "L05_006": null, "L05_007": null, "L05_008": null, "L05_009": null, "L05_010": "8", "L05_011": "6.2", "L05_012": "0.8", "L05_013": null, "L05_014": "999", "L05_015": null }, "geometry": { "type": "MultiPolygon", "coordinates": [ [ [ [ 140.665289, 41.85879 ], [ 140.65908, 41.864577 ], [ 140.658544, 41.865484 ], [ 140.658152, 41.866444 ], [ 140.658223, 41.866871 ], [ 140.657545, 41.867724 ], [ 140.65701, 41.868071 ], [ 140.656546, 41.868204 ], [ 140.656546, 41.869991 ], [ 140.656796, 41.869617 ], [ 140.65726, 41.869191 ], [ 140.657545, 41.868977 ], [ 140.658687, 41.867937 ], [ 140.659972, 41.866817 ], [ 140.661114, 41.865617 ], [ 140.663076, 41.863724 ], [ 140.666573, 41.860484 ], [ 140.666359, 41.859884 ], [ 140.666323, 41.85935 ], [ 140.665289, 41.85879 ] ] ] ] } },
{ "type": "Feature", "properties": { "L05_001": "0190100", "L05_002": "追分地区農工団地・テクノポリス函館上磯工業団地", "L05_003": "01236", "L05_004": "北斗市", "L05_005": "2", "L05_006": null, "L05_007": null, "L05_008": null, "L05_009": null, "L05_010": "0", "L05_011": "0", "L05_012": "0", "L05_013": null, "L05_014": "999", "L05_015": null }, "geometry": { "type": "MultiPolygon", "coordinates": [ [ [ [ 140.69398, 41.8226 ], [ 140.690063110000011, 41.82396784 ], [ 140.69263467, 41.83025083 ], [ 140.69786897, 41.82904712 ], [ 140.69889029, 41.82804403 ], [ 140.697267110000013, 41.8253904 ], [ 140.69638769, 41.82401007 ], [ 140.69472185, 41.82456535 ], [ 140.69398, 41.8226 ] ] ] ] } },
{ "type": "Feature", "properties": { "L05_001": "0190200", "L05_002": "七飯町農村地域工業等導入地区", "L05_003": "01337", "L05_004": "七飯町", "L05_005": "2", "L05_006": null, "L05_007": null, "L05_008": null, "L05_009": null, "L05_010": "0", "L05_011": "0", "L05_012": "0", "L05_013": null, "L05_014": "999", "L05_015": null }, "geometry": { "type": "MultiPolygon", "coordinates": [ [ [ [ 140.70857978, 41.86592196 ], [ 140.707506489999986, 41.86717973 ], [ 140.70696145, 41.86681498 ], [ 140.706466729999988, 41.8665215 ], [ 140.70555275000001, 41.86753191 ], [ 140.70528443, 41.86778765 ], [ 140.70520896, 41.86864294 ], [ 140.70580431, 41.86874356 ], [ 140.70617744, 41.86880645 ], [ 140.70663443, 41.86890707 ], [ 140.70696565, 41.86898253 ], [ 140.707444470000013, 41.86904552 ], [ 140.70804733, 41.86912089 ], [ 140.708391119999987, 41.86917539 ], [ 140.708810379999989, 41.86922151 ], [ 140.70927156, 41.86936406 ], [ 140.71000526, 41.86836203 ], [ 140.710550289999986, 41.86756964 ], [ 140.70998849, 41.86739355 ], [ 140.71063414, 41.86664727 ], [ 140.709571, 41.866257 ], [ 140.70857978, 41.86592196 ] ] ] ] } },
{ "type": "Feature", "properties": { "L05_001": "0151900", "L05_002": "苫小牧西部工業基地", "L05_003": "01213", "L05_004": "苫小牧市", "L05_005": "1", "L05_006": null, "L05_007": null, "L05_008": "苫小牧港開発㈱", "L05_009": "1975", "L05_010": "1720.6", "L05_011": "1155.5", "L05_012": "55.7", "L05_013": "1,2", "L05_014": "78", "L05_015": "北海道曹達㈱,石油資源開発,清水鋼鐡,出光興産㈱,日本軽金属㈱,雪印種苗㈱,トヨタ自動車北海道㈱" }, "geometry": { "type": "MultiPolygon", "coordinates": [ [ [ [ 141.687917129999988, 42.6506031 ], [ 141.69027308, 42.64986301 ], [ 141.6905535, 42.6499257 ], [ 141.69142259, 42.64844592 ], [ 141.69164848, 42.64750251 ], [ 141.69384091, 42.64382188 ], [ 141.69446542, 42.64294491 ], [ 141.6998783, 42.636617 ], [ 141.69934192, 42.62972389 ], [ 141.69728236, 42.62993649 ], [ 141.69664456000001, 42.62993649 ], [ 141.695648, 42.63048127 ], [ 141.68630692, 42.6308799 ], [ 141.6805003, 42.63110579 ], [ 141.67931557, 42.63056582 ], [ 141.67890581, 42.63026868 ], [ 141.67890581, 42.63061415 ], [ 141.67406917, 42.63085332 ], [ 141.671890029999986, 42.63085332 ], [ 141.66274826, 42.63081346 ], [ 141.66051597, 42.63073374 ], [ 141.658164090000014, 42.63070716 ], [ 141.656941640000014, 42.63052114 ], [ 141.65516112, 42.63050785 ], [ 141.65343375, 42.6304547 ], [ 141.65183926, 42.6302421 ], [ 141.64902232, 42.63004279 ], [ 141.64760056, 42.62987005 ], [ 141.6462851, 42.62979033 ], [ 141.64524631, 42.62964958 ], [ 141.64528854, 42.62948472 ], [ 141.64510252, 42.62931198 ], [ 141.634525700000012, 42.62828884 ], [ 141.63101781, 42.62800981 ], [ 141.63386133, 42.6299232 ], [ 141.63610258, 42.63146336 ], [ 141.638777940000011, 42.6311344 ], [ 141.63880989, 42.63134436 ], [ 141.63908831, 42.63131241 ], [ 141.63909744, 42.63111614 ], [ 141.63986424, 42.6310568 ], [ 141.64010413, 42.63146336 ], [ 141.640590300000014, 42.63208043 ], [ 141.640590300000014, 42.6324357 ], [ 141.639392679999986, 42.63257297 ], [ 141.638242420000012, 42.63269271 ], [ 141.638750429999988, 42.63305557 ], [ 141.63969386, 42.63370871 ], [ 141.63960677, 42.6337958 ], [ 141.63950154, 42.63373048 ], [ 141.6394072, 42.63382846 ], [ 141.63965031, 42.633999 ], [ 141.6398644, 42.6338212 ], [ 141.64028531, 42.63405706 ], [ 141.64155477, 42.63465354 ], [ 141.641607920000013, 42.63493257 ], [ 141.6420464, 42.63514517 ], [ 141.64249817000001, 42.6351186 ], [ 141.648357940000011, 42.63785581 ], [ 141.65323167, 42.63948901 ], [ 141.66557849, 42.64364914 ], [ 141.66779749, 42.64265259 ], [ 141.67348067, 42.64453501 ], [ 141.67391447, 42.64469885 ], [ 141.67332602, 42.64607031 ], [ 141.67352059000001, 42.64615573 ], [ 141.673606009999986, 42.6464547 ], [ 141.674151740000013, 42.64664926 ], [ 141.67411378, 42.64674892 ], [ 141.67777637, 42.64794099 ], [ 141.677935819999988, 42.64776826 ], [ 141.67820157, 42.64770182 ], [ 141.678241430000014, 42.64794099 ], [ 141.68104509, 42.64887111 ], [ 141.684364249999987, 42.6499752 ], [ 141.68464599, 42.65029287 ], [ 141.685815280000014, 42.65065163 ], [ 141.68670161, 42.65098494 ], [ 141.687917129999988, 42.6506031 ] ] ] ] } },
{ "type": "Feature", "properties": { "L05_001": "0151900", "L05_002": "苫小牧西部工業基地", "L05_003": "01213", "L05_004": "苫小牧市", "L05_005": "1", "L05_006": null, "L05_007": null, "L05_008": "苫小牧港開発㈱", "L05_009": "1975", "L05_010": "1720.6", "L05_011": "1155.5", "L05_012": "55.7", "L05_013": "1,2", "L05_014": "78", "L05_015": "北海道曹達㈱,石油資源開発,清水鋼鐡,出光興産㈱,日本軽金属㈱,雪印種苗㈱,トヨタ自動車北海道㈱" }, "geometry": { "type": "MultiPolygon", "coordinates": [ [ [ [ 141.67830787, 42.65163491 ], [ 141.66795694000001, 42.64808716 ], [ 141.66777092, 42.64829975 ], [ 141.66709326, 42.64849907 ], [ 141.66645546, 42.64949563 ], [ 141.6655652, 42.65102368 ], [ 141.66312987, 42.6502337 ], [ 141.665020410000011, 42.6470906 ], [ 141.66194194, 42.64609208 ], [ 141.65990474, 42.64536323 ], [ 141.65981173, 42.64548281 ], [ 141.65799449, 42.64485675 ], [ 141.65786828, 42.64467443 ], [ 141.65432017, 42.64349641 ], [ 141.65181268, 42.64261272 ], [ 141.64563924, 42.64059341 ], [ 141.645414859999988, 42.64073365 ], [ 141.64457102, 42.64044687 ], [ 141.644637460000013, 42.64022098 ], [ 141.64244503, 42.63950346 ], [ 141.6423576, 42.6396538 ], [ 141.639342410000012, 42.63868613 ], [ 141.63911803, 42.63840565 ], [ 141.638627179999986, 42.63823736 ], [ 141.6383467, 42.63850382 ], [ 141.63670588, 42.63759225 ], [ 141.63655207, 42.63758727 ], [ 141.6364254, 42.63780261 ], [ 141.63579142, 42.63756263 ], [ 141.634020779999986, 42.63689912 ], [ 141.63386133, 42.63717815 ], [ 141.633396190000013, 42.63703129 ], [ 141.63102611, 42.63644227 ], [ 141.63018466, 42.63631606 ], [ 141.630176229999989, 42.63633984 ], [ 141.63003040000001, 42.6367508 ], [ 141.629795370000011, 42.63665994 ], [ 141.62717774, 42.64096508 ], [ 141.626215839999986, 42.64245862 ], [ 141.625211189999987, 42.64419393 ], [ 141.62434751, 42.64572199 ], [ 141.63457885, 42.64915015 ], [ 141.64823836, 42.65377419 ], [ 141.65943968, 42.65750796 ], [ 141.67040183, 42.66121516 ], [ 141.677842809999987, 42.66369992 ], [ 141.67902539, 42.66405868 ], [ 141.694638160000011, 42.66241103 ], [ 141.69544869, 42.66132146 ], [ 141.696431960000012, 42.65976683 ], [ 141.697455100000013, 42.65807932 ], [ 141.691596229999988, 42.65608575 ], [ 141.67830787, 42.65163491 ] ] ] ] } },
{ "type": "Feature", "properties": { "L05_001": "0152100", "L05_002": "ウトナイ住宅・商工業団地", "L05_003": "01213", "L05_004": "苫小牧市", "L05_005": "2", "L05_006": null, "L05_007": null, "L05_008": "苫小牧港開発㈱", "L05_009": null, "L05_010": "125.8", "L05_011": "65.8", "L05_012": "58.8", "L05_013": "3", "L05_014": "999", "L05_015": "(財)貨物自動車運送事業振興センター,㈱アクティオ" }, "geometry": { "type": "MultiPolygon", "coordinates": [ [ [ [ 141.693491599999987, 42.68012912 ], [ 141.692856760000012, 42.6795923 ], [ 141.691792459999988, 42.68010111 ], [ 141.69238062, 42.68073595 ], [ 141.693491599999987, 42.68012912 ] ] ] ] } },
{ "type": "Feature", "properties": { "L05_001": "0152100", "L05_002": "ウトナイ住宅・商工業団地", "L05_003": "01213", "L05_004": "苫小牧市", "L05_005": "2", "L05_006": null, "L05_007": null, "L05_008": "苫小牧港開発㈱", "L05_009": null, "L05_010": "125.8", "L05_011": "65.8", "L05_012": "58.8", "L05_013": "3", "L05_014": "999", "L05_015": "(財)貨物自動車運送事業振興センター,㈱アクティオ" }, "geometry": { "type": "MultiPolygon", "coordinates": [ [ [ [ 141.684496630000012, 42.68297671 ], [ 141.68374802, 42.68228187 ], [ 141.68206195, 42.68316573 ], [ 141.68232615, 42.6835164 ], [ 141.682888170000012, 42.68387667 ], [ 141.68355587, 42.68408802 ], [ 141.68394496, 42.68421292 ], [ 141.68436288, 42.68420331 ], [ 141.685083420000012, 42.68383824 ], [ 141.68475963, 42.68331671 ], [ 141.684496630000012, 42.68297671 ] ] ] ] } },
{ "type": "Feature", "properties": { "L05_001": "0152100", "L05_002": "ウトナイ住宅・商工業団地", "L05_003": "01213", "L05_004": "苫小牧市", "L05_005": "2", "L05_006": null, "L05_007": null, "L05_008": "苫小牧港開発㈱", "L05_009": null, "L05_010": "125.8", "L05_011": "65.8", "L05_012": "58.8", "L05_013": "3", "L05_014": "999", "L05_015": "(財)貨物自動車運送事業振興センター,㈱アクティオ" }, "geometry": { "type": "MultiPolygon", "coordinates": [ [ [ [ 141.68979811, 42.69591514 ], [ 141.690376179999987, 42.69565728 ], [ 141.690589640000013, 42.69587651 ], [ 141.69373957, 42.69362078 ], [ 141.69566611, 42.69270614 ], [ 141.701138109999988, 42.68964314 ], [ 141.70034711, 42.68901114 ], [ 141.702061109999988, 42.68813614 ], [ 141.69909511, 42.68551014 ], [ 141.69793372, 42.68608055 ], [ 141.69675682, 42.68492673 ], [ 141.6949107, 42.6860344 ], [ 141.695920300000012, 42.68714207 ], [ 141.69404534, 42.68817474 ], [ 141.69305305, 42.6871536 ], [ 141.68940697, 42.68912664 ], [ 141.68664356, 42.69052277 ], [ 141.6811629, 42.68432674 ], [ 141.6806956, 42.68381329 ], [ 141.68015331, 42.68415943 ], [ 141.6798937, 42.68459789 ], [ 141.67992254, 42.68493826 ], [ 141.68543782, 42.69109391 ], [ 141.687353159999986, 42.69321118 ], [ 141.68979811, 42.69591514 ] ] ] ] } },
{ "type": "Feature", "properties": { "L05_001": "0154100", "L05_002": "空知中核団地", "L05_003": "01215", "L05_004": "美唄市", "L05_005": "2", "L05_006": null, "L05_007": null, "L05_008": "独立行政法人中小企業基盤整備機構", "L05_009": "2001", "L05_010": "276.6", "L05_011": "247.3", "L05_012": "110.3", "L05_013": "2,4", "L05_014": "999", "L05_015": "アルペン,伊藤機工" }, "geometry": { "type": "MultiPolygon", "coordinates": [ [ [ [ 141.87642234, 43.39400087 ], [ 141.87602572, 43.39251049 ], [ 141.87082586, 43.39331267 ], [ 141.862360020000011, 43.39459678 ], [ 141.86457608, 43.40212339 ], [ 141.865224930000011, 43.40214336 ], [ 141.86604347, 43.40225316 ], [ 141.8669818, 43.40240289 ], [ 141.867999989999987, 43.40259256 ], [ 141.86902816, 43.40264247 ], [ 141.87021605000001, 43.40254265 ], [ 141.87123424, 43.40225316 ], [ 141.872112679999987, 43.40174407 ], [ 141.873280599999987, 43.40142463 ], [ 141.87293122, 43.40021678 ], [ 141.87578614, 43.39970769 ], [ 141.875386850000012, 43.39827024 ], [ 141.877413249999989, 43.39799074 ], [ 141.87703392, 43.39642353 ], [ 141.87642234, 43.39400087 ] ] ] ] } },
{ "type": "Feature", "properties": { "L05_001": "0154100", "L05_002": "空知中核団地", "L05_003": "01215", "L05_004": "美唄市", "L05_005": "2", "L05_006": null, "L05_007": null, "L05_008": "独立行政法人中小企業基盤整備機構", "L05_009": "2001", "L05_010": "276.6", "L05_011": "247.3", "L05_012": "110.3", "L05_013": "2,4", "L05_014": "999", "L05_015": "アルペン,伊藤機工" }, "geometry": { "type": "MultiPolygon", "coordinates": [ [ [ [ 141.8800286, 43.40651558 ], [ 141.878820749999988, 43.40247277 ], [ 141.874188980000014, 43.40319149 ], [ 141.87006632, 43.40385032 ], [ 141.86531477, 43.40457902 ], [ 141.86684205, 43.41002933 ], [ 141.868209619999988, 43.41013913 ], [ 141.86969761, 43.41000677 ], [ 141.8703558, 43.40984965 ], [ 141.87074861, 43.40965577 ], [ 141.87100465, 43.40902112 ], [ 141.87137399, 43.40852201 ], [ 141.8720428, 43.40831238 ], [ 141.87571627, 43.40758368 ], [ 141.87670451, 43.40703466 ], [ 141.8800286, 43.40651558 ] ] ] ] } },
{ "type": "Feature", "properties": { "L05_001": "0155000", "L05_002": "滝川中央", "L05_003": "01225", "L05_004": "滝川市", "L05_005": "2", "L05_006": "JR滝川駅から北東約5㎞、札幌～旭川を結ぶ、国道12号が縦断し高速自動車道、滝川ICまで約10分の極めて交通条件に恵まれた団地です。また、運動公園・住宅団地も隣接しており、自然環境も整った場所にあります。", "L05_007": null, "L05_008": "滝川市土地開発公社", "L05_009": "1981", "L05_010": "27.5", "L05_011": "24.1", "L05_012": "4", "L05_013": "2", "L05_014": "999", "L05_015": "北興化学工業㈱,㈱栃木精密,㈲真晃鍍研,北海道フォンク電子㈱,㈱カナモト,エア・ウォーター物流㈱,㈱三裕" }, "geometry": { "type": "MultiPolygon", "coordinates": [ [ [ [ 141.93589031, 43.59840488 ], [ 141.935069950000013, 43.59686326 ], [ 141.93395227, 43.5972872 ], [ 141.93286212000001, 43.59768913 ], [ 141.931276450000013, 43.59819015 ], [ 141.930720369999989, 43.59827825 ], [ 141.93023586000001, 43.59817914 ], [ 141.92983944, 43.59795891 ], [ 141.92920077, 43.59821218 ], [ 141.928529059999988, 43.59837735 ], [ 141.9300872, 43.60163678 ], [ 141.930588230000012, 43.60190656 ], [ 141.93524613, 43.60069529 ], [ 141.93461847, 43.59942345 ], [ 141.93613807, 43.59907108 ], [ 141.93748699, 43.59877377 ], [ 141.93741541, 43.59856455 ], [ 141.93589031, 43.59840488 ] ] ] ] } },
{ "type": "Feature", "properties": { "L05_001": "0155000", "L05_002": "滝川中央", "L05_003": "01225", "L05_004": "滝川市", "L05_005": "2", "L05_006": "JR滝川駅から北東約5㎞、札幌～旭川を結ぶ、国道12号が縦断し高速自動車道、滝川ICまで約10分の極めて交通条件に恵まれた団地です。また、運動公園・住宅団地も隣接しており、自然環境も整った場所にあります。", "L05_007": null, "L05_008": "滝川市土地開発公社", "L05_009": "1981", "L05_010": "27.5", "L05_011": "24.1", "L05_012": "4", "L05_013": "2", "L05_014": "999", "L05_015": "北興化学工業㈱,㈱栃木精密,㈲真晃鍍研,北海道フォンク電子㈱,㈱カナモト,エア・ウォーター物流㈱,㈱三裕" }, "geometry": { "type": "MultiPolygon", "coordinates": [ [ [ [ 141.93007619, 43.60262232 ], [ 141.92949808, 43.60139453 ], [ 141.92691586, 43.6021268 ], [ 141.926640569999989, 43.60153217 ], [ 141.92375554, 43.60225343 ], [ 141.92492277, 43.60463744 ], [ 141.92759308, 43.60397124 ], [ 141.92743891, 43.60364089 ], [ 141.92738434, 43.60332614 ], [ 141.93007619, 43.60262232 ] ] ] ] } },
{ "type": "Feature", "properties": { "L05_001": "0157300", "L05_002": "芽室東第5", "L05_003": "01637", "L05_004": "芽室町", "L05_005": "2", "L05_006": null, "L05_007": null, "L05_008": "芽室町", "L05_009": null, "L05_010": "19.2", "L05_011": "14.6", "L05_012": "2.8", "L05_013": "1", "L05_014": "999", "L05_015": "㈱マテック,ニチロ畜産㈱,横浜冷凍㈱,明治乳業㈱" }, "geometry": { "type": "MultiPolygon", "coordinates": [ [ [ [ 143.09310462, 42.92916915 ], [ 143.08175351, 42.92833878 ], [ 143.08164065, 42.92909659 ], [ 143.082108229999989, 42.92918528 ], [ 143.082487140000012, 42.92937876 ], [ 143.083035349999989, 42.92956418 ], [ 143.08383347, 42.92967705 ], [ 143.08467997, 42.92987053 ], [ 143.08547003000001, 42.92995921 ], [ 143.08632459, 42.93019301 ], [ 143.086961480000014, 42.93047517 ], [ 143.087009849999987, 42.93082183 ], [ 143.08688086, 42.93113625 ], [ 143.08694535, 42.93137004 ], [ 143.08715141, 42.93152349 ], [ 143.087904720000012, 42.93181344 ], [ 143.089057559999986, 42.93207949 ], [ 143.0895574, 42.93213592 ], [ 143.09012173, 42.93213592 ], [ 143.091500309999986, 42.93203111 ], [ 143.09284664, 42.93177313 ], [ 143.09310462, 42.92916915 ] ] ] ] } },
{ "type": "Feature", "properties": { "L05_001": "0157300", "L05_002": "芽室東第5", "L05_003": "01637", "L05_004": "芽室町", "L05_005": "2", "L05_006": null, "L05_007": null, "L05_008": "芽室町", "L05_009": null, "L05_010": "19.2", "L05_011": "14.6", "L05_012": "2.8", "L05_013": "1", "L05_014": "999", "L05_015": "㈱マテック,ニチロ畜産㈱,横浜冷凍㈱,明治乳業㈱" }, "geometry": { "type": "MultiPolygon", "coordinates": [ [ [ [ 143.098883120000011, 42.93227212 ], [ 143.09910265, 42.93215204 ], [ 143.09937675, 42.93191825 ], [ 143.09970729, 42.93180538 ], [ 143.10013457, 42.93177313 ], [ 143.10078612, 42.93169412 ], [ 143.10121486, 42.93170864 ], [ 143.10159377, 42.93163608 ], [ 143.10181144, 42.92980604 ], [ 143.095047529999988, 42.92931427 ], [ 143.09472506, 42.93167639 ], [ 143.09636968, 42.9323294 ], [ 143.09663572, 42.93225685 ], [ 143.09705494, 42.93228103 ], [ 143.09794312, 42.93230412 ], [ 143.098602809999988, 42.93237777 ], [ 143.098883120000011, 42.93227212 ] ] ] ] } },
{ "type": "Feature", "properties": { "L05_001": "0157900", "L05_002": "音別", "L05_003": "01206", "L05_004": "釧路市", "L05_005": "2", "L05_006": null, "L05_007": null, "L05_008": "音別町", "L05_009": null, "L05_010": "61.8", "L05_011": "0", "L05_012": "1.9", "L05_013": null, "L05_014": "999", "L05_015": "カネヤ精鋼㈱,㈱大塚製薬工場,大塚食品㈱,日本山村硝子㈱,北海道電力㈱" }, "geometry": { "type": "MultiPolygon", "coordinates": [ [ [ [ 143.937849089999986, 42.88867143 ], [ 143.93845883, 42.88770939 ], [ 143.93699797, 42.88700243 ], [ 143.936318019999987, 42.88803782 ], [ 143.93562651, 42.88785603 ], [ 143.93462351, 42.88759403 ], [ 143.93368451, 42.88699903 ], [ 143.93305734, 42.88670109 ], [ 143.93260919, 42.88757421 ], [ 143.932176489999989, 42.88847824 ], [ 143.933714110000011, 42.88884912 ], [ 143.93399227, 42.88888776 ], [ 143.93708297, 42.88959862 ], [ 143.93902451, 42.88926003 ], [ 143.938311520000013, 42.88873322 ], [ 143.937849089999986, 42.88867143 ] ] ] ] } },
{ "type": "Feature", "properties": { "L05_001": "0157900", "L05_002": "音別", "L05_003": "01206", "L05_004": "釧路市", "L05_005": "2", "L05_006": null, "L05_007": null, "L05_008": "音別町", "L05_009": null, "L05_010": "61.8", "L05_011": "0", "L05_012": "1.9", "L05_013": null, "L05_014": "999", "L05_015": "カネヤ精鋼㈱,㈱大塚製薬工場,大塚食品㈱,日本山村硝子㈱,北海道電力㈱" }, "geometry": { "type": "MultiPolygon", "coordinates": [ [ [ [ 143.94202035, 42.89286702 ], [ 143.941804, 42.8923107 ], [ 143.94142539, 42.8913294 ], [ 143.936294839999988, 42.89044856 ], [ 143.93651892, 42.89110533 ], [ 143.93505084, 42.89144531 ], [ 143.93550671, 42.89259659 ], [ 143.936387559999986, 42.8924266 ], [ 143.9373225, 42.89484507 ], [ 143.940034849999989, 42.89426666 ], [ 143.941348119999986, 42.8939874 ], [ 143.9414563, 42.89357788 ], [ 143.94168037, 42.89321473 ], [ 143.94202035, 42.89286702 ] ] ] ] } },
{ "type": "Feature", "properties": { "L05_001": "0157900", "L05_002": "音別", "L05_003": "01206", "L05_004": "釧路市", "L05_005": "2", "L05_006": null, "L05_007": null, "L05_008": "音別町", "L05_009": null, "L05_010": "61.8", "L05_011": "0", "L05_012": "1.9", "L05_013": null, "L05_014": "999", "L05_015": "カネヤ精鋼㈱,㈱大塚製薬工場,大塚食品㈱,日本山村硝子㈱,北海道電力㈱" }, "geometry": { "type": "MultiPolygon", "coordinates": [ [ [ [ 143.94062954, 42.89928021 ], [ 143.93975642, 42.89707809 ], [ 143.935676699999988, 42.89789713 ], [ 143.93655755, 42.90016879 ], [ 143.93873649, 42.899682 ], [ 143.94062954, 42.89928021 ] ] ] ] } },
{ "type": "Feature", "properties": { "L05_001": "0153400", "L05_002": "上幌向", "L05_003": "01210", "L05_004": "岩見沢市", "L05_005": "2", "L05_006": null, "L05_007": null, "L05_008": "岩見沢市", "L05_009": "1990", "L05_010": "41.2", "L05_011": "28.9", "L05_012": "9", "L05_013": "2", "L05_014": "10", "L05_015": "日本通運㈱,共成レンテム㈱,昭和マテリアル㈱,坂田発酵食品㈱,エスケー産業㈱,アグリドリーム㈱,コンドウ生コンクリート㈱,北栄物産㈱,王子製袋㈱,㈱組合印刷" }, "geometry": { "type": "MultiPolygon", "coordinates": [ [ [ [ 141.70286418, 43.16925525 ], [ 141.69995001, 43.16781857 ], [ 141.69862006, 43.16915694 ], [ 141.69632567, 43.17158985 ], [ 141.70160709000001, 43.17431627 ], [ 141.70460289, 43.17580192 ], [ 141.705815019999989, 43.17447092 ], [ 141.7050845, 43.17408771 ], [ 141.70557428, 43.17359793 ], [ 141.70353354, 43.17254491 ], [ 141.705451829999987, 43.17057764 ], [ 141.70286418, 43.16925525 ] ] ] ] } },
{ "type": "Feature", "properties": { "L05_001": "0153400", "L05_002": "上幌向", "L05_003": "01210", "L05_004": "岩見沢市", "L05_005": "2", "L05_006": null, "L05_007": null, "L05_008": "岩見沢市", "L05_009": "1990", "L05_010": "41.2", "L05_011": "28.9", "L05_012": "9", "L05_013": "2", "L05_014": "10", "L05_015": "日本通運㈱,共成レンテム㈱,昭和マテリアル㈱,坂田発酵食品㈱,エスケー産業㈱,アグリドリーム㈱,コンドウ生コンクリート㈱,北栄物産㈱,王子製袋㈱,㈱組合印刷" }, "geometry": { "type": "MultiPolygon", "coordinates": [ [ [ [ 141.70928842, 43.17554071 ], [ 141.70742726, 43.17457748 ], [ 141.70577526, 43.17639374 ], [ 141.70759869, 43.17726309 ], [ 141.70928842, 43.17554071 ] ] ] ] } },
{ "type": "Feature", "properties": { "L05_001": "0151400", "L05_002": "千歳美々ワールド", "L05_003": "01224", "L05_004": "千歳市", "L05_005": "2", "L05_006": "生産や研究の機能の集積を目指す生産ゾーン、国際会議や見本市の開催、商談などにも利用できる交流ゾーン、自然環境を保全し、スポーツ等を楽しめる保健休養ゾーン、そして千歳科学技術大学に隣接した試験・研究施設専用の研究ゾーンなどをもつ多機能拠点。", "L05_007": null, "L05_008": "千歳市土地開発公社", "L05_009": null, "L05_010": "147.5", "L05_011": "108.4", "L05_012": "79.5", "L05_013": "2,3", "L05_014": "7", "L05_015": "セイコーエプソン㈱,ニッポンレンタカー北海道㈱,㈱トヨタレンタリース札幌,オリックス自動車㈱,㈱トヨタレンタリース新札幌,㈲札幌テイエムエス,㈲ウイングサービス" }, "geometry": { "type": "MultiPolygon", "coordinates": [ [ [ [ 141.712573670000012, 42.79220789 ], [ 141.712942989999988, 42.79142389 ], [ 141.71329935, 42.79051679 ], [ 141.71368981, 42.78974521 ], [ 141.71385009, 42.78944123 ], [ 141.71379826, 42.78887106 ], [ 141.71379826, 42.78843047 ], [ 141.71385657, 42.78809354 ], [ 141.71422589, 42.78771774 ], [ 141.714536900000013, 42.78736786 ], [ 141.71474423, 42.78690783 ], [ 141.71480255, 42.78662922 ], [ 141.714709809999988, 42.78634721 ], [ 141.71462761, 42.78611736 ], [ 141.71458873, 42.78578692 ], [ 141.71471184, 42.78565085 ], [ 141.71516539000001, 42.78564437 ], [ 141.71526258, 42.78535929 ], [ 141.7153792, 42.78486686 ], [ 141.715729079999988, 42.78441979 ], [ 141.716234469999989, 42.78388201 ], [ 141.71642885, 42.78353213 ], [ 141.71673985000001, 42.78305914 ], [ 141.716532519999987, 42.78206133 ], [ 141.71401207, 42.78289068 ], [ 141.713694589999989, 42.78313041 ], [ 141.71324752000001, 42.78359044 ], [ 141.71298187, 42.78371355 ], [ 141.71243761, 42.78370707 ], [ 141.71166009, 42.78346734 ], [ 141.71055862, 42.7834155 ], [ 141.70822608, 42.78331831 ], [ 141.70556309, 42.78326 ], [ 141.70409229, 42.78427724 ], [ 141.70278348, 42.78511307 ], [ 141.70247247, 42.78510011 ], [ 141.7012738, 42.7861044 ], [ 141.70154593, 42.78628582 ], [ 141.70118957, 42.78664218 ], [ 141.69988724000001, 42.78752337 ], [ 141.70198509, 42.78880896 ], [ 141.70448105, 42.79041961 ], [ 141.70641835, 42.79162475 ], [ 141.70756519, 42.79065286 ], [ 141.7083164, 42.79111554 ], [ 141.70860187, 42.79127487 ], [ 141.70917853, 42.79161179 ], [ 141.709696869999988, 42.79180617 ], [ 141.710156899999987, 42.79196168 ], [ 141.71064285, 42.79211718 ], [ 141.71098625, 42.79219493 ], [ 141.711375010000012, 42.79218845 ], [ 141.71196462, 42.79210422 ], [ 141.712573670000012, 42.79220789 ] ] ] ] } },
{ "type": "Feature", "properties": { "L05_001": "0151400", "L05_002": "千歳美々ワールド", "L05_003": "01224", "L05_004": "千歳市", "L05_005": "2", "L05_006": "生産や研究の機能の集積を目指す生産ゾーン、国際会議や見本市の開催、商談などにも利用できる交流ゾーン、自然環境を保全し、スポーツ等を楽しめる保健休養ゾーン、そして千歳科学技術大学に隣接した試験・研究施設専用の研究ゾーンなどをもつ多機能拠点。", "L05_007": null, "L05_008": "千歳市土地開発公社", "L05_009": null, "L05_010": "147.5", "L05_011": "108.4", "L05_012": "79.5", "L05_013": "2,3", "L05_014": "7", "L05_015": "セイコーエプソン㈱,ニッポンレンタカー北海道㈱,㈱トヨタレンタリース札幌,オリックス自動車㈱,㈱トヨタレンタリース新札幌,㈲札幌テイエムエス,㈲ウイングサービス" }, "geometry": { "type": "MultiPolygon", "coordinates": [ [ [ [ 141.70903969, 42.79798739 ], [ 141.71061738, 42.79666618 ], [ 141.7100581, 42.79636417 ], [ 141.70822225, 42.79544625 ], [ 141.707042339999987, 42.79549264 ], [ 141.705752210000014, 42.79577242 ], [ 141.702761790000011, 42.79659953 ], [ 141.70201397, 42.79671282 ], [ 141.69883529, 42.79656515 ], [ 141.69706331, 42.79656515 ], [ 141.695586670000012, 42.79682162 ], [ 141.69424159, 42.79676429 ], [ 141.69327066, 42.79651852 ], [ 141.69268778, 42.79629314 ], [ 141.69169298, 42.79578797 ], [ 141.69177847, 42.79550041 ], [ 141.69236136, 42.79538383 ], [ 141.694947680000013, 42.79488137 ], [ 141.696618769999986, 42.79448125 ], [ 141.6980892, 42.79409371 ], [ 141.698796429999987, 42.79369735 ], [ 141.69902959, 42.79383724 ], [ 141.699356, 42.79386056 ], [ 141.699573609999987, 42.79379838 ], [ 141.69992335, 42.79379838 ], [ 141.700257529999988, 42.79366626 ], [ 141.70045183, 42.79322327 ], [ 141.70021867, 42.79274919 ], [ 141.70030417000001, 42.7926637 ], [ 141.70081711, 42.79268701 ], [ 141.701835210000013, 42.79280359 ], [ 141.70356056, 42.79300566 ], [ 141.70421339, 42.79293571 ], [ 141.70364605, 42.79249272 ], [ 141.698407839999987, 42.7891042 ], [ 141.69236136, 42.79424138 ], [ 141.69176293000001, 42.79445121 ], [ 141.689610140000013, 42.79629314 ], [ 141.698524420000012, 42.80118161 ], [ 141.70071607, 42.80238625 ], [ 141.70129119, 42.80253391 ], [ 141.70195956, 42.80257277 ], [ 141.70423671, 42.80223858 ], [ 141.70903969, 42.79798739 ] ] ] ] } }
]
}
